market_id,country,city,currency,price,area_m2,transaction_date,source,gross_area_m2,rooms,floor,floors,construction_year,lat,long,property_type,neighborhood,address,building_class
us-nyc,United States,New York,USD,800000.0,84.54173,2025-02-27,nyc_dof_rolling_sales,84.54173,,,,2002,,,01 ONE FAMILY DWELLINGS,ANNADALE,4720 AMBOY ROAD,01 ONE FAMILY DWELLINGS
us-nyc,United States,New York,USD,655000.0,84.54173,2025-06-17,nyc_dof_rolling_sales,84.54173,,,,2002,,,01 ONE FAMILY DWELLINGS,ANNADALE,4718 AMBOY ROAD,01 ONE FAMILY DWELLINGS
us-nyc,United States,New York,USD,1350000.0,362.693312,2025-03-12,nyc_dof_rolling_sales,362.693312,,,,1980,,,01 ONE FAMILY DWELLINGS,ANNADALE,551 OAKDALE STREET,01 ONE FAMILY DWELLINGS
us-nyc,United States,New York,USD,1100000.0,130.807424,2025-10-17,nyc_dof_rolling_sales,130.807424,,,,1955,,,01 ONE FAMILY DWELLINGS,ANNADALE,25 EDWIN STREET,01 ONE FAMILY DWELLINGS
us-nyc,United States,New York,USD,1150000.0,201.042092,2025-10-01,nyc_dof_rolling_sales,201.042092,,,,1980,,,01 ONE FAMILY DWELLINGS,ANNADALE,28 JANSEN STREET,01 ONE FAMILY DWELLINGS
us-nyc,United States,New York,USD,1200000.0,222.9672,2025-02-18,nyc_dof_rolling_sales,222.9672,,,,2002,,,01 ONE FAMILY DWELLINGS,ANNADALE,85 NOEL STREET,01 ONE FAMILY DWELLINGS
us-nyc,United States,New York,USD,1417000.0,250.8381,2025-04-29,nyc_dof_rolling_sales,250.8381,,,,1998,,,01 ONE FAMILY DWELLINGS,ANNADALE,110 NOEL STREET,01 ONE FAMILY DWELLINGS
us-nyc,United States,New York,USD,635000.0,111.4836,2025-04-28,nyc_dof_rolling_sales,111.4836,,,,1999,,,01 ONE FAMILY DWELLINGS,ANNADALE,103 ELMBANK STREET,01 ONE FAMILY DWELLINGS
us-nyc,United States,New York,USD,683000.0,172.242162,2025-01-23,nyc_dof_rolling_sales,172.242162,,,,1986,,,01 ONE FAMILY DWELLINGS,ANNADALE,4 SEGUINE PLACE,01 ONE FAMILY DWELLINGS
us-nyc,United States,New York,USD,900000.0,231.792985,2025-10-30,nyc_dof_rolling_sales,231.792985,,,,1986,,,01 ONE FAMILY DWELLINGS,ANNADALE,22 MAY PLACE,01 ONE FAMILY DWELLINGS
us-nyc,United States,New York,USD,755500.0,169.547975,2025-07-30,nyc_dof_rolling_sales,169.547975,,,,1986,,,01 ONE FAMILY DWELLINGS,ANNADALE,39 EAGAN AVE,01 ONE FAMILY DWELLINGS
us-nyc,United States,New York,USD,630000.0,141.305463,2025-10-23,nyc_dof_rolling_sales,141.305463,,,,1986,,,01 ONE FAMILY DWELLINGS,ANNADALE,9 EAGAN AVENUE,01 ONE FAMILY DWELLINGS
us-nyc,United States,New York,USD,136956.0,141.305463,2025-06-09,nyc_dof_rolling_sales,141.305463,,,,1986,,,01 ONE FAMILY DWELLINGS,ANNADALE,102 SEGUINE PLACE,01 ONE FAMILY DWELLINGS
us-nyc,United States,New York,USD,710000.0,143.813844,2025-09-11,nyc_dof_rolling_sales,143.813844,,,,2005,,,01 ONE FAMILY DWELLINGS,ANNADALE,95 LORRAINE AVENUE,01 ONE FAMILY DWELLINGS
us-nyc,United States,New York,USD,850000.0,137.49644,2025-02-12,nyc_dof_rolling_sales,137.49644,,,,1960,,,01 ONE FAMILY DWELLINGS,ANNADALE,110 MOSELY AVENUE,01 ONE FAMILY DWELLINGS
us-nyc,United States,New York,USD,755000.0,157.9351,2025-08-01,nyc_dof_rolling_sales,157.9351,,,,2004,,,01 ONE FAMILY DWELLINGS,ANNADALE,49 ENDVIEW STREET,01 ONE FAMILY DWELLINGS
us-nyc,United States,New York,USD,785000.0,146.78674,2025-06-26,nyc_dof_rolling_sales,146.78674,,,,2004,,,01 ONE FAMILY DWELLINGS,ANNADALE,35 JEANNETTE AVENUE,01 ONE FAMILY DWELLINGS
us-nyc,United States,New York,USD,1237000.0,218.32205,2025-08-22,nyc_dof_rolling_sales,218.32205,,,,2006,,,01 ONE FAMILY DWELLINGS,ANNADALE,15 JEANNETTE AVENUE,01 ONE FAMILY DWELLINGS
us-nyc,United States,New York,USD,400000.0,89.18688,2025-09-26,nyc_dof_rolling_sales,89.18688,,,,1930,,,01 ONE FAMILY DWELLINGS,ANNADALE,34 JEANNETTE AVENUE,01 ONE FAMILY DWELLINGS
us-nyc,United States,New York,USD,660000.0,89.18688,2025-07-14,nyc_dof_rolling_sales,89.18688,,,,1960,,,01 ONE FAMILY DWELLINGS,ANNADALE,210 RENSSELAER AVENUE,01 ONE FAMILY DWELLINGS
us-nyc,United States,New York,USD,755000.0,111.4836,2025-08-26,nyc_dof_rolling_sales,111.4836,,,,1975,,,01 ONE FAMILY DWELLINGS,ANNADALE,46 MOSELY AVENUE,01 ONE FAMILY DWELLINGS
us-nyc,United States,New York,USD,363750.0,144.92867999999999,2025-10-29,nyc_dof_rolling_sales,144.92867999999999,,,,1960,,,01 ONE FAMILY DWELLINGS,ANNADALE,53 PINE TERRACE,01 ONE FAMILY DWELLINGS
us-nyc,United States,New York,USD,815000.0,93.646224,2025-01-30,nyc_dof_rolling_sales,93.646224,,,,1960,,,01 ONE FAMILY DWELLINGS,ANNADALE,18 PINE TERRACE,01 ONE FAMILY DWELLINGS
us-nyc,United States,New York,USD,1275000.0,223.338812,2025-08-26,nyc_dof_rolling_sales,223.338812,,,,1978,,,01 ONE FAMILY DWELLINGS,ANNADALE,16 FURMAN STREET,01 ONE FAMILY DWELLINGS
us-nyc,United States,New York,USD,799000.0,146.043516,2025-01-10,nyc_dof_rolling_sales,146.043516,,,,1899,,,01 ONE FAMILY DWELLINGS,ANNADALE,5031 AMBOY ROAD,01 ONE FAMILY DWELLINGS
us-nyc,United States,New York,USD,1645000.0,226.68332,2025-08-07,nyc_dof_rolling_sales,226.68332,,,,1970,,,01 ONE FAMILY DWELLINGS,ANNADALE,263 ALBEE AVENUE,01 ONE FAMILY DWELLINGS
us-nyc,United States,New York,USD,875000.0,164.252504,2025-06-23,nyc_dof_rolling_sales,164.252504,,,,1965,,,01 ONE FAMILY DWELLINGS,ANNADALE,35 ELY AVENUE,01 ONE FAMILY DWELLINGS
us-nyc,United States,New York,USD,778000.0,186.549224,2025-03-11,nyc_dof_rolling_sales,186.549224,,,,1965,,,01 ONE FAMILY DWELLINGS,ANNADALE,104 NORTH PINE TERRACE,01 ONE FAMILY DWELLINGS
us-nyc,United States,New York,USD,999800.0,214.60593,2025-08-27,nyc_dof_rolling_sales,214.60593,,,,1970,,,01 ONE FAMILY DWELLINGS,ANNADALE,257 EDGEGROVE AVENUE,01 ONE FAMILY DWELLINGS
us-nyc,United States,New York,USD,580000.0,238.574904,2025-06-10,nyc_dof_rolling_sales,238.574904,,,,2025,,,01 ONE FAMILY DWELLINGS,ANNADALE,224 RATHBUN AVENUE,01 ONE FAMILY DWELLINGS
us-nyc,United States,New York,USD,783180.0,167.2254,2025-10-10,nyc_dof_rolling_sales,167.2254,,,,1970,,,01 ONE FAMILY DWELLINGS,ANNADALE,280 CROWN AVENUE,01 ONE FAMILY DWELLINGS
us-nyc,United States,New York,USD,750000.0,215.53496,2025-02-28,nyc_dof_rolling_sales,215.53496,,,,1970,,,01 ONE FAMILY DWELLINGS,ANNADALE,353 EDGEGROVE AVENUE,01 ONE FAMILY DWELLINGS
us-nyc,United States,New York,USD,908000.0,206.24466,2025-06-25,nyc_dof_rolling_sales,206.24466,,,,1974,,,01 ONE FAMILY DWELLINGS,ANNADALE,112 RAMONA AVENUE,01 ONE FAMILY DWELLINGS
us-nyc,United States,New York,USD,800000.0,334.4508,2025-01-07,nyc_dof_rolling_sales,334.4508,,,,1992,,,01 ONE FAMILY DWELLINGS,ANNADALE,404 VINELAND AVENUE,01 ONE FAMILY DWELLINGS
us-nyc,United States,New York,USD,581400.0,160.164772,2025-06-16,nyc_dof_rolling_sales,160.164772,,,,1970,,,01 ONE FAMILY DWELLINGS,ANNADALE,66 BUFFINGTON AVENUE,01 ONE FAMILY DWELLINGS
us-nyc,United States,New York,USD,655000.0,104.515875,2025-10-28,nyc_dof_rolling_sales,104.515875,,,,1975,,,01 ONE FAMILY DWELLINGS,ANNADALE,67 ARCHWOOD AVENUE,01 ONE FAMILY DWELLINGS
us-nyc,United States,New York,USD,875000.0,162.58025,2025-12-10,nyc_dof_rolling_sales,162.58025,,,,1994,,,01 ONE FAMILY DWELLINGS,ANNADALE,456 HOLDRIDGE AVENUE,01 ONE FAMILY DWELLINGS
us-nyc,United States,New York,USD,965000.0,209.867877,2025-10-01,nyc_dof_rolling_sales,209.867877,,,,1975,,,01 ONE FAMILY DWELLINGS,ANNADALE,50 TYNDALE STREET,01 ONE FAMILY DWELLINGS
us-nyc,United States,New York,USD,1775000.0,423.63768,2025-07-09,nyc_dof_rolling_sales,423.63768,,,,1980,,,01 ONE FAMILY DWELLINGS,ANNADALE,19 LUNA CIRCLE,01 ONE FAMILY DWELLINGS
us-nyc,United States,New York,USD,985000.0,178.37376,2025-04-28,nyc_dof_rolling_sales,178.37376,,,,1970,,,01 ONE FAMILY DWELLINGS,ANNADALE,344 SHIRLEY AVENUE,01 ONE FAMILY DWELLINGS
us-nyc,United States,New York,USD,975000.0,237.088456,2025-08-18,nyc_dof_rolling_sales,237.088456,,,,1975,,,01 ONE FAMILY DWELLINGS,ANNADALE,205 NOEL STREET,01 ONE FAMILY DWELLINGS
us-nyc,United States,New York,USD,500000.0,61.966301,2025-04-03,nyc_dof_rolling_sales,61.966301,,,,1940,,,01 ONE FAMILY DWELLINGS,ANNADALE,146 FINGAL STREET,01 ONE FAMILY DWELLINGS
us-nyc,United States,New York,USD,417000.0,191.194374,2025-03-04,nyc_dof_rolling_sales,191.194374,,,,2015,,,01 ONE FAMILY DWELLINGS,ANNADALE,10 WINSLOW PLACE,01 ONE FAMILY DWELLINGS
us-nyc,United States,New York,USD,1150000.0,276.107716,2025-03-19,nyc_dof_rolling_sales,276.107716,,,,1988,,,01 ONE FAMILY DWELLINGS,ANNADALE,141 EYLANDT STREET,01 ONE FAMILY DWELLINGS
us-nyc,United States,New York,USD,425000.0,189.893732,2025-01-21,nyc_dof_rolling_sales,189.893732,,,,1945,,,01 ONE FAMILY DWELLINGS,ANNADALE,87 ALLEN PLACE,01 ONE FAMILY DWELLINGS
us-nyc,United States,New York,USD,934960.0,189.893732,2025-10-02,nyc_dof_rolling_sales,189.893732,,,,1945,,,01 ONE FAMILY DWELLINGS,ANNADALE,87 ALLEN PLACE,01 ONE FAMILY DWELLINGS
us-nyc,United States,New York,USD,1460000.0,530.197421,2025-06-26,nyc_dof_rolling_sales,530.197421,,,,1989,,,01 ONE FAMILY DWELLINGS,ANNADALE,160 NICOLOSI DRIVE,01 ONE FAMILY DWELLINGS
us-nyc,United States,New York,USD,750000.0,131.364842,2025-03-03,nyc_dof_rolling_sales,131.364842,,,,2011,,,01 ONE FAMILY DWELLINGS,ANNADALE,343 ARBUTUS AVENUE,01 ONE FAMILY DWELLINGS
us-nyc,United States,New York,USD,865000.0,131.364842,2025-09-18,nyc_dof_rolling_sales,131.364842,,,,2011,,,01 ONE FAMILY DWELLINGS,ANNADALE,5198 HYLAN BOULEVARD,01 ONE FAMILY DWELLINGS
us-nyc,United States,New York,USD,1450000.0,352.10237,2025-07-15,nyc_dof_rolling_sales,352.10237,,,,1985,,,01 ONE FAMILY DWELLINGS,ANNADALE,30 ARBUTUS WAY,01 ONE FAMILY DWELLINGS
us-nyc,United States,New York,USD,800000.0,220.644625,2025-08-27,nyc_dof_rolling_sales,220.644625,,,,1956,,,02 TWO FAMILY DWELLINGS,ANNADALE,11 OCEAN DRIVEWAY,02 TWO FAMILY DWELLINGS
us-nyc,United States,New York,USD,960000.0,167.597012,2025-09-19,nyc_dof_rolling_sales,167.597012,,,,1986,,,02 TWO FAMILY DWELLINGS,ANNADALE,11 SEGUINE PLACE,02 TWO FAMILY DWELLINGS
us-nyc,United States,New York,USD,705642.0,203.829182,2025-02-27,nyc_dof_rolling_sales,203.829182,,,,1983,,,02 TWO FAMILY DWELLINGS,ANNADALE,170 DETROIT AVENUE,02 TWO FAMILY DWELLINGS
us-nyc,United States,New York,USD,1130000.0,215.53496,2025-06-23,nyc_dof_rolling_sales,215.53496,,,,2004,,,02 TWO FAMILY DWELLINGS,ANNADALE,936 CARLTON BOULEVARD,02 TWO FAMILY DWELLINGS
us-nyc,United States,New York,USD,1250000.0,226.962029,2025-12-04,nyc_dof_rolling_sales,226.962029,,,,2019,,,02 TWO FAMILY DWELLINGS,ANNADALE,162 EDGEGROVE AVENUE,02 TWO FAMILY DWELLINGS
us-nyc,United States,New York,USD,930000.0,198.347905,2025-04-23,nyc_dof_rolling_sales,198.347905,,,,1965,,,02 TWO FAMILY DWELLINGS,ANNADALE,215 SHELDON AVENUE,02 TWO FAMILY DWELLINGS
us-nyc,United States,New York,USD,990000.0,207.17369,2025-01-10,nyc_dof_rolling_sales,207.17369,,,,2004,,,02 TWO FAMILY DWELLINGS,ANNADALE,199 VINELAND AVENUE,02 TWO FAMILY DWELLINGS
us-nyc,United States,New York,USD,1500000.0,225.568484,2025-01-15,nyc_dof_rolling_sales,225.568484,,,,2012,,,02 TWO FAMILY DWELLINGS,ANNADALE,227 VINELAND AVENUE,02 TWO FAMILY DWELLINGS
us-nyc,United States,New York,USD,850000.0,183.94794,2025-08-28,nyc_dof_rolling_sales,183.94794,,,,1975,,,02 TWO FAMILY DWELLINGS,ANNADALE,184 BARCLAY AVENUE,02 TWO FAMILY DWELLINGS
us-nyc,United States,New York,USD,1494282.0,309.459893,2025-05-07,nyc_dof_rolling_sales,309.459893,,,,2024,,,02 TWO FAMILY DWELLINGS,ANNADALE,3 POILLON AVENUE,02 TWO FAMILY DWELLINGS
us-nyc,United States,New York,USD,1550000.0,309.459893,2025-05-15,nyc_dof_rolling_sales,309.459893,,,,2024,,,02 TWO FAMILY DWELLINGS,ANNADALE,N/A POILLON AVENUE,02 TWO FAMILY DWELLINGS
us-nyc,United States,New York,USD,10.0,271.648372,2025-04-04,nyc_dof_rolling_sales,271.648372,,,,1975,,,02 TWO FAMILY DWELLINGS,ANNADALE,9 EAST TENAFLY AVENUE,02 TWO FAMILY DWELLINGS
us-nyc,United States,New York,USD,1350000.0,221.016237,2025-04-25,nyc_dof_rolling_sales,221.016237,,,,2014,,,02 TWO FAMILY DWELLINGS,ANNADALE,55 TENAFLY PLACE,02 TWO FAMILY DWELLINGS
us-nyc,United States,New York,USD,1150000.0,207.638205,2025-03-13,nyc_dof_rolling_sales,207.638205,,,,2014,,,02 TWO FAMILY DWELLINGS,ANNADALE,77 TENAFLY PLACE,02 TWO FAMILY DWELLINGS
us-nyc,United States,New York,USD,320000.0,137.49644,2025-03-12,nyc_dof_rolling_sales,137.49644,,,,1986,,,02 TWO FAMILY DWELLINGS,ANNADALE,25 DOWNES AVENUE,02 TWO FAMILY DWELLINGS
us-nyc,United States,New York,USD,1250000.0,222.9672,2025-01-09,nyc_dof_rolling_sales,222.9672,,,,2013,,,02 TWO FAMILY DWELLINGS,ANNADALE,225 DETROIT AVENUE,02 TWO FAMILY DWELLINGS
us-nyc,United States,New York,USD,1190000.0,234.580075,2025-07-28,nyc_dof_rolling_sales,234.580075,,,,2019,,,02 TWO FAMILY DWELLINGS,ANNADALE,245 IONIA AVENUE,02 TWO FAMILY DWELLINGS
us-nyc,United States,New York,USD,999000.0,182.833104,2025-08-19,nyc_dof_rolling_sales,182.833104,,,,1930,,,02 TWO FAMILY DWELLINGS,ANNADALE,264 RATHBUN AVENUE,02 TWO FAMILY DWELLINGS
us-nyc,United States,New York,USD,1650000.0,378.672628,2025-03-27,nyc_dof_rolling_sales,378.672628,,,,2004,,,02 TWO FAMILY DWELLINGS,ANNADALE,204 RATHBUN AVENUE,02 TWO FAMILY DWELLINGS
us-nyc,United States,New York,USD,1350000.0,250.8381,2025-12-12,nyc_dof_rolling_sales,250.8381,,,,2025,,,02 TWO FAMILY DWELLINGS,ANNADALE,N/A SHELDON AVENUE,02 TWO FAMILY DWELLINGS
us-nyc,United States,New York,USD,1350000.0,250.8381,2025-10-01,nyc_dof_rolling_sales,250.8381,,,,2025,,,02 TWO FAMILY DWELLINGS,ANNADALE,304 SHELDON AVENUE,02 TWO FAMILY DWELLINGS
us-nyc,United States,New York,USD,880000.0,144.92867999999999,2025-07-30,nyc_dof_rolling_sales,144.92867999999999,,,,2002,,,02 TWO FAMILY DWELLINGS,ANNADALE,321 SHELDON AVENUE,02 TWO FAMILY DWELLINGS
us-nyc,United States,New York,USD,800000.0,144.92867999999999,2025-04-24,nyc_dof_rolling_sales,144.92867999999999,,,,2002,,,02 TWO FAMILY DWELLINGS,ANNADALE,323 SHELDON AVENUE,02 TWO FAMILY DWELLINGS
us-nyc,United States,New York,USD,1486645.0,290.972196,2025-04-08,nyc_dof_rolling_sales,290.972196,,,,2024,,,02 TWO FAMILY DWELLINGS,ANNADALE,415 EDGEGROVE AVENUE,02 TWO FAMILY DWELLINGS
us-nyc,United States,New York,USD,1486645.0,290.972196,2025-03-13,nyc_dof_rolling_sales,290.972196,,,,2024,,,02 TWO FAMILY DWELLINGS,ANNADALE,419 EDGEGROVE AVENUE,02 TWO FAMILY DWELLINGS
us-nyc,United States,New York,USD,1909219.0,375.792635,2025-01-31,nyc_dof_rolling_sales,375.792635,,,,2023,,,02 TWO FAMILY DWELLINGS,ANNADALE,N/A STAFFORD AVENUE,02 TWO FAMILY DWELLINGS
us-nyc,United States,New York,USD,1500000.0,481.609152,2025-01-21,nyc_dof_rolling_sales,481.609152,,,,1984,,,02 TWO FAMILY DWELLINGS,ANNADALE,120 BENNETT PLACE,02 TWO FAMILY DWELLINGS
us-nyc,United States,New York,USD,990000.0,195.09629999999999,2025-10-27,nyc_dof_rolling_sales,195.09629999999999,,,,2006,,,02 TWO FAMILY DWELLINGS,ANNADALE,4796 HYLAN BLVD.,02 TWO FAMILY DWELLINGS
us-nyc,United States,New York,USD,1125000.0,185.806,2025-08-04,nyc_dof_rolling_sales,185.806,,,,1990,,,02 TWO FAMILY DWELLINGS,ANNADALE,427 HOLDRIDGE AVENUE,02 TWO FAMILY DWELLINGS
us-nyc,United States,New York,USD,1400000.0,202.52854,2025-08-26,nyc_dof_rolling_sales,202.52854,,,,1985,,,02 TWO FAMILY DWELLINGS,ANNADALE,64 RYAN PLACE,02 TWO FAMILY DWELLINGS
us-nyc,United States,New York,USD,1103783.0,397.62484,2025-08-28,nyc_dof_rolling_sales,397.62484,,,,1989,,,02 TWO FAMILY DWELLINGS,ANNADALE,161 BOARDWALK AVENUE,02 TWO FAMILY DWELLINGS
us-nyc,United States,New York,USD,1250000.0,240.990382,2025-02-20,nyc_dof_rolling_sales,240.990382,,,,2023,,,02 TWO FAMILY DWELLINGS,ANNADALE,43 DOLE STREET,02 TWO FAMILY DWELLINGS
us-nyc,United States,New York,USD,1308451.0,241.083285,2025-07-21,nyc_dof_rolling_sales,241.083285,,,,2023,,,02 TWO FAMILY DWELLINGS,ANNADALE,N/A DOLE STREET,02 TWO FAMILY DWELLINGS
us-nyc,United States,New York,USD,1272813.0,241.083285,2025-04-22,nyc_dof_rolling_sales,241.083285,,,,2023,,,02 TWO FAMILY DWELLINGS,ANNADALE,18 DOLE STREET,02 TWO FAMILY DWELLINGS
us-nyc,United States,New York,USD,1312411.0,238.76071,2025-07-29,nyc_dof_rolling_sales,238.76071,,,,2024,,,02 TWO FAMILY DWELLINGS,ANNADALE,30 NEWTON STREET,02 TWO FAMILY DWELLINGS
us-nyc,United States,New York,USD,1350000.0,679.678348,2025-12-15,nyc_dof_rolling_sales,679.678348,,,,1960,,,02 TWO FAMILY DWELLINGS,ANNADALE,59 NEWTON STREET,02 TWO FAMILY DWELLINGS
us-nyc,United States,New York,USD,1288086.0,239.411031,2025-12-22,nyc_dof_rolling_sales,239.411031,,,,2024,,,02 TWO FAMILY DWELLINGS,ANNADALE,N/A PHILIP AVENUE,02 TWO FAMILY DWELLINGS
us-nyc,United States,New York,USD,1450000.0,395.395168,2025-03-19,nyc_dof_rolling_sales,395.395168,,,,1985,,,02 TWO FAMILY DWELLINGS,ANNADALE,485 JANSEN STREET,02 TWO FAMILY DWELLINGS
us-nyc,United States,New York,USD,810000.0,nan,2025-01-06,nyc_dof_rolling_sales,nan,,,,2012,,,04 TAX CLASS 1 CONDOS,ANNADALE,"740 ANNADALE ROAD, B",04 TAX CLASS 1 CONDOS
us-nyc,United States,New York,USD,310000.0,18.5806,2025-04-30,nyc_dof_rolling_sales,18.5806,,,,1995,,,06 TAX CLASS 1 - OTHER,ANNADALE,1050 DRUMGOOLE ROAD WEST,06 TAX CLASS 1 - OTHER
us-nyc,United States,New York,USD,1275500.0,334.4508,2025-05-09,nyc_dof_rolling_sales,334.4508,,,,1965,,,07 RENTALS - WALKUP APARTMENTS,ANNADALE,98A DISCALA LANE,07 RENTALS - WALKUP APARTMENTS
us-nyc,United States,New York,USD,710000.0,142.699008,2025-10-24,nyc_dof_rolling_sales,142.699008,,,,2000,,,01 ONE FAMILY DWELLINGS,ARDEN HEIGHTS,111 GARY STREET,01 ONE FAMILY DWELLINGS
us-nyc,United States,New York,USD,865000.0,144.92867999999999,2025-11-17,nyc_dof_rolling_sales,144.92867999999999,,,,2001,,,01 ONE FAMILY DWELLINGS,ARDEN HEIGHTS,46 BILLINGS STREET,01 ONE FAMILY DWELLINGS
us-nyc,United States,New York,USD,890000.0,140.28353,2025-08-04,nyc_dof_rolling_sales,140.28353,,,,2014,,,01 ONE FAMILY DWELLINGS,ARDEN HEIGHTS,37 BILLINGS STREET,01 ONE FAMILY DWELLINGS
us-nyc,United States,New York,USD,547500.0,178.37376,2025-04-08,nyc_dof_rolling_sales,178.37376,,,,2000,,,01 ONE FAMILY DWELLINGS,ARDEN HEIGHTS,12 WINSTON STREET,01 ONE FAMILY DWELLINGS
us-nyc,United States,New York,USD,715000.0,178.37376,2025-08-08,nyc_dof_rolling_sales,178.37376,,,,2000,,,01 ONE FAMILY DWELLINGS,ARDEN HEIGHTS,12 WINSTON STREET,01 ONE FAMILY DWELLINGS
us-nyc,United States,New York,USD,680000.0,104.05136,2025-07-23,nyc_dof_rolling_sales,104.05136,,,,1997,,,01 ONE FAMILY DWELLINGS,ARDEN HEIGHTS,23 CHATHAM STREET,01 ONE FAMILY DWELLINGS
us-nyc,United States,New York,USD,835000.0,153.847368,2025-06-09,nyc_dof_rolling_sales,153.847368,,,,2003,,,01 ONE FAMILY DWELLINGS,ARDEN HEIGHTS,58 HINTON STREET,01 ONE FAMILY DWELLINGS
us-nyc,United States,New York,USD,725000.0,143.07062,2025-02-19,nyc_dof_rolling_sales,143.07062,,,,1995,,,01 ONE FAMILY DWELLINGS,ARDEN HEIGHTS,84 KENILWORTH AVENUE,01 ONE FAMILY DWELLINGS
us-nyc,United States,New York,USD,20000.0,143.07062,2025-04-11,nyc_dof_rolling_sales,143.07062,,,,1995,,,01 ONE FAMILY DWELLINGS,ARDEN HEIGHTS,94 KENILWORTH AVENUE,01 ONE FAMILY DWELLINGS
us-nyc,United States,New York,USD,655000.0,98.47718,2025-08-22,nyc_dof_rolling_sales,98.47718,,,,1998,,,01 ONE FAMILY DWELLINGS,ARDEN HEIGHTS,150 KENILWORTH AVENUE,01 ONE FAMILY DWELLINGS
us-nyc,United States,New York,USD,899888.0,126.905498,2025-11-25,nyc_dof_rolling_sales,126.905498,,,,1970,,,01 ONE FAMILY DWELLINGS,ARDEN HEIGHTS,383 WOODROW ROAD,01 ONE FAMILY DWELLINGS
us-nyc,United States,New York,USD,823000.0,144.185456,2025-10-22,nyc_dof_rolling_sales,144.185456,,,,2011,,,01 ONE FAMILY DWELLINGS,ARDEN HEIGHTS,104 PRESENTATION CIRCLE,01 ONE FAMILY DWELLINGS
us-nyc,United States,New York,USD,780000.0,144.185456,2025-09-04,nyc_dof_rolling_sales,144.185456,,,,2011,,,01 ONE FAMILY DWELLINGS,ARDEN HEIGHTS,84 PRESENTATION CIRCLE,01 ONE FAMILY DWELLINGS
us-nyc,United States,New York,USD,737500.0,144.185456,2025-08-04,nyc_dof_rolling_sales,144.185456,,,,2011,,,01 ONE FAMILY DWELLINGS,ARDEN HEIGHTS,121 PRESENTATION CIRCLE,01 ONE FAMILY DWELLINGS
us-nyc,United States,New York,USD,580000.0,144.278359,2025-12-02,nyc_dof_rolling_sales,144.278359,,,,1996,,,01 ONE FAMILY DWELLINGS,ARDEN HEIGHTS,45 ILYSSA WAY,01 ONE FAMILY DWELLINGS
us-nyc,United States,New York,USD,509000.0,125.790662,2025-03-28,nyc_dof_rolling_sales,125.790662,,,,1996,,,01 ONE FAMILY DWELLINGS,ARDEN HEIGHTS,47 ILYSSA WAY,01 ONE FAMILY DWELLINGS
us-nyc,United States,New York,USD,575000.0,140.28353,2025-07-30,nyc_dof_rolling_sales,140.28353,,,,1996,,,01 ONE FAMILY DWELLINGS,ARDEN HEIGHTS,67 ILYSSA WAY,01 ONE FAMILY DWELLINGS
us-nyc,United States,New York,USD,505000.0,125.790662,2025-06-20,nyc_dof_rolling_sales,125.790662,,,,1996,,,01 ONE FAMILY DWELLINGS,ARDEN HEIGHTS,83 ILYSSA WAY,01 ONE FAMILY DWELLINGS
us-nyc,United States,New York,USD,485000.0,125.790662,2025-05-28,nyc_dof_rolling_sales,125.790662,,,,2000,,,01 ONE FAMILY DWELLINGS,ARDEN HEIGHTS,305 ASPEN KNOLLS WAY,01 ONE FAMILY DWELLINGS
us-nyc,United States,New York,USD,530000.0,125.790662,2025-09-10,nyc_dof_rolling_sales,125.790662,,,,2000,,,01 ONE FAMILY DWELLINGS,ARDEN HEIGHTS,159 ASPEN KNOLLS WAY,01 ONE FAMILY DWELLINGS
us-nyc,United States,New York,USD,150000.0,125.790662,2025-04-08,nyc_dof_rolling_sales,125.790662,,,,2000,,,01 ONE FAMILY DWELLINGS,ARDEN HEIGHTS,173 ASPEN KNOLLS WAY,01 ONE FAMILY DWELLINGS
us-nyc,United States,New York,USD,425000.0,125.790662,2025-11-20,nyc_dof_rolling_sales,125.790662,,,,2000,,,01 ONE FAMILY DWELLINGS,ARDEN HEIGHTS,185 ASPEN KNOLLS WAY,01 ONE FAMILY DWELLINGS
us-nyc,United States,New York,USD,570000.0,140.28353,2025-02-21,nyc_dof_rolling_sales,140.28353,,,,2001,,,01 ONE FAMILY DWELLINGS,ARDEN HEIGHTS,83 ASPEN KNOLLS WAY,01 ONE FAMILY DWELLINGS
us-nyc,United States,New York,USD,632950.0,140.28353,2025-06-04,nyc_dof_rolling_sales,140.28353,,,,2004,,,01 ONE FAMILY DWELLINGS,ARDEN HEIGHTS,46 BIANCA COURT,01 ONE FAMILY DWELLINGS
us-nyc,United States,New York,USD,565000.0,144.278359,2025-04-29,nyc_dof_rolling_sales,144.278359,,,,2004,,,01 ONE FAMILY DWELLINGS,ARDEN HEIGHTS,48 BIANCA COURT,01 ONE FAMILY DWELLINGS
us-nyc,United States,New York,USD,500000.0,125.790662,2025-01-22,nyc_dof_rolling_sales,125.790662,,,,1996,,,01 ONE FAMILY DWELLINGS,ARDEN HEIGHTS,128 ILYSSA WAY,01 ONE FAMILY DWELLINGS
us-nyc,United States,New York,USD,492400.0,125.790662,2025-10-09,nyc_dof_rolling_sales,125.790662,,,,1996,,,01 ONE FAMILY DWELLINGS,ARDEN HEIGHTS,150 ILYSSA WAY,01 ONE FAMILY DWELLINGS
us-nyc,United States,New York,USD,535000.0,140.28353,2025-03-07,nyc_dof_rolling_sales,140.28353,,,,1996,,,01 ONE FAMILY DWELLINGS,ARDEN HEIGHTS,208 ILYSSA WAY,01 ONE FAMILY DWELLINGS
us-nyc,United States,New York,USD,485000.0,125.790662,2025-03-28,nyc_dof_rolling_sales,125.790662,,,,1996,,,01 ONE FAMILY DWELLINGS,ARDEN HEIGHTS,574 ILYSSA WAY,01 ONE FAMILY DWELLINGS
us-nyc,United States,New York,USD,503500.0,125.790662,2025-08-20,nyc_dof_rolling_sales,125.790662,,,,1996,,,01 ONE FAMILY DWELLINGS,ARDEN HEIGHTS,614 ILYSSA WAY,01 ONE FAMILY DWELLINGS
us-nyc,United States,New York,USD,499999.0,125.790662,2025-06-16,nyc_dof_rolling_sales,125.790662,,,,1996,,,01 ONE FAMILY DWELLINGS,ARDEN HEIGHTS,694 ILYSSA WAY,01 ONE FAMILY DWELLINGS
us-nyc,United States,New York,USD,537000.0,144.278359,2025-08-27,nyc_dof_rolling_sales,144.278359,,,,2000,,,01 ONE FAMILY DWELLINGS,ARDEN HEIGHTS,246 ASPEN KNOLLS WAY,01 ONE FAMILY DWELLINGS
us-nyc,United States,New York,USD,60000.0,144.278359,2025-06-22,nyc_dof_rolling_sales,144.278359,,,,2000,,,01 ONE FAMILY DWELLINGS,ARDEN HEIGHTS,270 ASPEN KNOLLS WAY,01 ONE FAMILY DWELLINGS
us-nyc,United States,New York,USD,540000.0,140.28353,2025-07-11,nyc_dof_rolling_sales,140.28353,,,,1999,,,01 ONE FAMILY DWELLINGS,ARDEN HEIGHTS,354 ASPEN KNOLLS WAY,01 ONE FAMILY DWELLINGS
us-nyc,United States,New York,USD,498000.0,125.790662,2025-04-30,nyc_dof_rolling_sales,125.790662,,,,1999,,,01 ONE FAMILY DWELLINGS,ARDEN HEIGHTS,366 ASPEN KNOLLS WAY,01 ONE FAMILY DWELLINGS
us-nyc,United States,New York,USD,385000.0,86.306887,2025-11-24,nyc_dof_rolling_sales,86.306887,,,,1999,,,01 ONE FAMILY DWELLINGS,ARDEN HEIGHTS,384 ASPEN KNOLLS WAY,01 ONE FAMILY DWELLINGS
us-nyc,United States,New York,USD,310700.0,144.278359,2025-08-21,nyc_dof_rolling_sales,144.278359,,,,1999,,,01 ONE FAMILY DWELLINGS,ARDEN HEIGHTS,246 JAMIE LANE,01 ONE FAMILY DWELLINGS
us-nyc,United States,New York,USD,440000.0,125.790662,2025-10-28,nyc_dof_rolling_sales,125.790662,,,,1999,,,01 ONE FAMILY DWELLINGS,ARDEN HEIGHTS,192 JAMIE LANE,01 ONE FAMILY DWELLINGS
us-nyc,United States,New York,USD,510000.0,125.790662,2025-06-24,nyc_dof_rolling_sales,125.790662,,,,1999,,,01 ONE FAMILY DWELLINGS,ARDEN HEIGHTS,168 JAMIE LANE,01 ONE FAMILY DWELLINGS
us-nyc,United States,New York,USD,515000.0,125.790662,2025-07-21,nyc_dof_rolling_sales,125.790662,,,,2000,,,01 ONE FAMILY DWELLINGS,ARDEN HEIGHTS,224 ASPEN KNOLLS WAY,01 ONE FAMILY DWELLINGS
us-nyc,United States,New York,USD,580000.0,144.278359,2025-07-29,nyc_dof_rolling_sales,144.278359,,,,1999,,,01 ONE FAMILY DWELLINGS,ARDEN HEIGHTS,130 JAMIE LANE,01 ONE FAMILY DWELLINGS
us-nyc,United States,New York,USD,356888.0,86.306887,2025-09-24,nyc_dof_rolling_sales,86.306887,,,,1996,,,01 ONE FAMILY DWELLINGS,ARDEN HEIGHTS,603 ILYSSA WAY,01 ONE FAMILY DWELLINGS
us-nyc,United States,New York,USD,460800.0,125.790662,2025-07-07,nyc_dof_rolling_sales,125.790662,,,,1996,,,01 ONE FAMILY DWELLINGS,ARDEN HEIGHTS,223 EMILY LANE,01 ONE FAMILY DWELLINGS
us-nyc,United States,New York,USD,535000.0,125.790662,2025-07-15,nyc_dof_rolling_sales,125.790662,,,,1996,,,01 ONE FAMILY DWELLINGS,ARDEN HEIGHTS,81 EMILY LANE,01 ONE FAMILY DWELLINGS
us-nyc,United States,New York,USD,505000.0,125.790662,2025-01-27,nyc_dof_rolling_sales,125.790662,,,,1996,,,01 ONE FAMILY DWELLINGS,ARDEN HEIGHTS,77 EMILY LANE,01 ONE FAMILY DWELLINGS
us-nyc,United States,New York,USD,365000.0,86.306887,2025-09-12,nyc_dof_rolling_sales,86.306887,,,,1996,,,01 ONE FAMILY DWELLINGS,ARDEN HEIGHTS,71 EMILY LANE,01 ONE FAMILY DWELLINGS
us-nyc,United States,New York,USD,540000.0,125.790662,2025-06-11,nyc_dof_rolling_sales,125.790662,,,,1996,,,01 ONE FAMILY DWELLINGS,ARDEN HEIGHTS,51 EMILY LANE,01 ONE FAMILY DWELLINGS
us-nyc,United States,New York,USD,490000.0,125.790662,2025-02-06,nyc_dof_rolling_sales,125.790662,,,,1996,,,01 ONE FAMILY DWELLINGS,ARDEN HEIGHTS,95 JAMIE LANE,01 ONE FAMILY DWELLINGS
us-nyc,United States,New York,USD,470000.0,125.790662,2025-08-20,nyc_dof_rolling_sales,125.790662,,,,1996,,,01 ONE FAMILY DWELLINGS,ARDEN HEIGHTS,83 JAMIE LANE,01 ONE FAMILY DWELLINGS
us-nyc,United States,New York,USD,585000.0,125.790662,2025-10-31,nyc_dof_rolling_sales,125.790662,,,,2002,,,01 ONE FAMILY DWELLINGS,ARDEN HEIGHTS,26 ASPEN KNOLLS WAY,01 ONE FAMILY DWELLINGS
us-nyc,United States,New York,USD,400000.0,86.306887,2025-11-03,nyc_dof_rolling_sales,86.306887,,,,2002,,,01 ONE FAMILY DWELLINGS,ARDEN HEIGHTS,78 AMANDA COURT,01 ONE FAMILY DWELLINGS
us-nyc,United States,New York,USD,465000.0,120.7739,2025-06-05,nyc_dof_rolling_sales,120.7739,,,,2003,,,01 ONE FAMILY DWELLINGS,ARDEN HEIGHTS,16 AMANDA COURT,01 ONE FAMILY DWELLINGS
us-nyc,United States,New York,USD,498000.0,125.790662,2025-06-18,nyc_dof_rolling_sales,125.790662,,,,1996,,,01 ONE FAMILY DWELLINGS,ARDEN HEIGHTS,481 ILYSSA WAY,01 ONE FAMILY DWELLINGS
us-nyc,United States,New York,USD,559000.0,144.278359,2025-03-03,nyc_dof_rolling_sales,144.278359,,,,1996,,,01 ONE FAMILY DWELLINGS,ARDEN HEIGHTS,449 ILYSSA WAY,01 ONE FAMILY DWELLINGS
us-nyc,United States,New York,USD,425000.0,125.790662,2025-10-28,nyc_dof_rolling_sales,125.790662,,,,1996,,,01 ONE FAMILY DWELLINGS,ARDEN HEIGHTS,247 ILYSSA WAY,01 ONE FAMILY DWELLINGS
us-nyc,United States,New York,USD,460000.0,125.790662,2025-08-01,nyc_dof_rolling_sales,125.790662,,,,1996,,,01 ONE FAMILY DWELLINGS,ARDEN HEIGHTS,80 EMILY LANE,01 ONE FAMILY DWELLINGS
us-nyc,United States,New York,USD,500000.0,125.790662,2025-03-19,nyc_dof_rolling_sales,125.790662,,,,1996,,,01 ONE FAMILY DWELLINGS,ARDEN HEIGHTS,144 EMILY LANE,01 ONE FAMILY DWELLINGS
us-nyc,United States,New York,USD,575000.0,140.28353,2025-07-25,nyc_dof_rolling_sales,140.28353,,,,1996,,,01 ONE FAMILY DWELLINGS,ARDEN HEIGHTS,174 EMILY LANE,01 ONE FAMILY DWELLINGS
us-nyc,United States,New York,USD,950000.0,125.41905,2025-07-28,nyc_dof_rolling_sales,125.41905,,,,1935,,,01 ONE FAMILY DWELLINGS,ARDEN HEIGHTS,1566 ARTHUR KILL ROAD,01 ONE FAMILY DWELLINGS
us-nyc,United States,New York,USD,940000.0,279.266418,2025-03-14,nyc_dof_rolling_sales,279.266418,,,,1980,,,01 ONE FAMILY DWELLINGS,ARDEN HEIGHTS,485 WOODROW ROAD,01 ONE FAMILY DWELLINGS
us-nyc,United States,New York,USD,590000.0,157.00607,2025-10-30,nyc_dof_rolling_sales,157.00607,,,,1989,,,01 ONE FAMILY DWELLINGS,ARDEN HEIGHTS,24 REGINA LANE,01 ONE FAMILY DWELLINGS
us-nyc,United States,New York,USD,215000.0,157.00607,2025-02-02,nyc_dof_rolling_sales,157.00607,,,,1993,,,01 ONE FAMILY DWELLINGS,ARDEN HEIGHTS,27 HALPIN AVENUE,01 ONE FAMILY DWELLINGS
us-nyc,United States,New York,USD,582500.0,157.00607,2025-09-03,nyc_dof_rolling_sales,157.00607,,,,1993,,,01 ONE FAMILY DWELLINGS,ARDEN HEIGHTS,20 LINDA LANE,01 ONE FAMILY DWELLINGS
us-nyc,United States,New York,USD,750000.0,163.50928,2025-06-10,nyc_dof_rolling_sales,163.50928,,,,1940,,,01 ONE FAMILY DWELLINGS,ARDEN HEIGHTS,1666 ARTHUR KILL ROAD,01 ONE FAMILY DWELLINGS
us-nyc,United States,New York,USD,1050000.0,197.325972,2025-04-09,nyc_dof_rolling_sales,197.325972,,,,1945,,,01 ONE FAMILY DWELLINGS,ARDEN HEIGHTS,50 ALMOND STREET,01 ONE FAMILY DWELLINGS
us-nyc,United States,New York,USD,625000.0,138.982888,2025-10-02,nyc_dof_rolling_sales,138.982888,,,,1973,,,01 ONE FAMILY DWELLINGS,ARDEN HEIGHTS,73 HAMPTON GREEN,01 ONE FAMILY DWELLINGS
us-nyc,United States,New York,USD,658000.0,137.49644,2025-09-23,nyc_dof_rolling_sales,137.49644,,,,1973,,,01 ONE FAMILY DWELLINGS,ARDEN HEIGHTS,111 HAMPTON GREEN,01 ONE FAMILY DWELLINGS
us-nyc,United States,New York,USD,625000.0,138.982888,2025-12-01,nyc_dof_rolling_sales,138.982888,,,,1973,,,01 ONE FAMILY DWELLINGS,ARDEN HEIGHTS,163 HAMPTON GREEN,01 ONE FAMILY DWELLINGS
us-nyc,United States,New York,USD,628000.0,101.078464,2025-08-11,nyc_dof_rolling_sales,101.078464,,,,1973,,,01 ONE FAMILY DWELLINGS,ARDEN HEIGHTS,177 HAMPTON GREEN,01 ONE FAMILY DWELLINGS
us-nyc,United States,New York,USD,685000.0,137.49644,2025-09-03,nyc_dof_rolling_sales,137.49644,,,,1975,,,01 ONE FAMILY DWELLINGS,ARDEN HEIGHTS,26 HAMPTON GREEN,01 ONE FAMILY DWELLINGS
us-nyc,United States,New York,USD,675000.0,137.49644,2025-04-21,nyc_dof_rolling_sales,137.49644,,,,1975,,,01 ONE FAMILY DWELLINGS,ARDEN HEIGHTS,284 HAMPTON GREEN,01 ONE FAMILY DWELLINGS
us-nyc,United States,New York,USD,574999.0,137.49644,2025-02-18,nyc_dof_rolling_sales,137.49644,,,,1970,,,01 ONE FAMILY DWELLINGS,ARDEN HEIGHTS,175 FOREST GREEN,01 ONE FAMILY DWELLINGS
us-nyc,United States,New York,USD,720000.0,161.279608,2025-09-22,nyc_dof_rolling_sales,161.279608,,,,1970,,,01 ONE FAMILY DWELLINGS,ARDEN HEIGHTS,214 FOREST GREEN,01 ONE FAMILY DWELLINGS
us-nyc,United States,New York,USD,635000.0,101.078464,2025-03-19,nyc_dof_rolling_sales,101.078464,,,,1970,,,01 ONE FAMILY DWELLINGS,ARDEN HEIGHTS,269 DOVER GREEN,01 ONE FAMILY DWELLINGS
us-nyc,United States,New York,USD,595000.0,137.49644,2025-05-02,nyc_dof_rolling_sales,137.49644,,,,1970,,,01 ONE FAMILY DWELLINGS,ARDEN HEIGHTS,45 DOVER GREEN,01 ONE FAMILY DWELLINGS
us-nyc,United States,New York,USD,630000.0,103.308136,2025-03-20,nyc_dof_rolling_sales,103.308136,,,,1970,,,01 ONE FAMILY DWELLINGS,ARDEN HEIGHTS,53 DOVER GREEN,01 ONE FAMILY DWELLINGS
us-nyc,United States,New York,USD,650000.0,137.49644,2025-08-14,nyc_dof_rolling_sales,137.49644,,,,1970,,,01 ONE FAMILY DWELLINGS,ARDEN HEIGHTS,75 DOVER GREEN,01 ONE FAMILY DWELLINGS
us-nyc,United States,New York,USD,700000.0,161.65122,2025-04-30,nyc_dof_rolling_sales,161.65122,,,,1970,,,01 ONE FAMILY DWELLINGS,ARDEN HEIGHTS,77 DOVER GREEN,01 ONE FAMILY DWELLINGS
us-nyc,United States,New York,USD,595000.0,103.308136,2025-05-28,nyc_dof_rolling_sales,103.308136,,,,1970,,,01 ONE FAMILY DWELLINGS,ARDEN HEIGHTS,81 DOVER GREEN,01 ONE FAMILY DWELLINGS
us-nyc,United States,New York,USD,635000.0,101.078464,2025-07-09,nyc_dof_rolling_sales,101.078464,,,,1970,,,01 ONE FAMILY DWELLINGS,ARDEN HEIGHTS,143 DOVER GREEN,01 ONE FAMILY DWELLINGS
us-nyc,United States,New York,USD,645000.0,161.65122,2025-09-30,nyc_dof_rolling_sales,161.65122,,,,1975,,,01 ONE FAMILY DWELLINGS,ARDEN HEIGHTS,187 DOVER GREEN,01 ONE FAMILY DWELLINGS
us-nyc,United States,New York,USD,560000.0,142.699008,2025-09-26,nyc_dof_rolling_sales,142.699008,,,,1975,,,01 ONE FAMILY DWELLINGS,ARDEN HEIGHTS,203 DOVER GREEN,01 ONE FAMILY DWELLINGS
us-nyc,United States,New York,USD,660000.0,137.49644,2025-09-23,nyc_dof_rolling_sales,137.49644,,,,1975,,,01 ONE FAMILY DWELLINGS,ARDEN HEIGHTS,211 DOVER GREEN,01 ONE FAMILY DWELLINGS
us-nyc,United States,New York,USD,730000.0,125.976468,2025-07-10,nyc_dof_rolling_sales,125.976468,,,,1975,,,01 ONE FAMILY DWELLINGS,ARDEN HEIGHTS,37 KYLE COURT,01 ONE FAMILY DWELLINGS
us-nyc,United States,New York,USD,775000.0,161.65122,2025-07-23,nyc_dof_rolling_sales,161.65122,,,,1975,,,01 ONE FAMILY DWELLINGS,ARDEN HEIGHTS,40 KYLE COURT,01 ONE FAMILY DWELLINGS
us-nyc,United States,New York,USD,675000.0,140.840948,2025-06-16,nyc_dof_rolling_sales,140.840948,,,,1970,,,01 ONE FAMILY DWELLINGS,ARDEN HEIGHTS,44 CHESTNUT CIRCLE,01 ONE FAMILY DWELLINGS
us-nyc,United States,New York,USD,690000.0,127.834528,2025-10-23,nyc_dof_rolling_sales,127.834528,,,,1970,,,01 ONE FAMILY DWELLINGS,ARDEN HEIGHTS,164 DOVER GREEN,01 ONE FAMILY DWELLINGS
us-nyc,United States,New York,USD,640000.0,133.78032,2025-06-27,nyc_dof_rolling_sales,133.78032,,,,1980,,,01 ONE FAMILY DWELLINGS,ARDEN HEIGHTS,81 CARLYLE GREEN,01 ONE FAMILY DWELLINGS
us-nyc,United States,New York,USD,715000.0,168.711848,2025-04-21,nyc_dof_rolling_sales,168.711848,,,,1992,,,01 ONE FAMILY DWELLINGS,ARDEN HEIGHTS,143 CARLYLE GREEN,01 ONE FAMILY DWELLINGS
us-nyc,United States,New York,USD,620000.0,120.7739,2025-09-17,nyc_dof_rolling_sales,120.7739,,,,1975,,,01 ONE FAMILY DWELLINGS,ARDEN HEIGHTS,153 CARLYLE GREEN,01 ONE FAMILY DWELLINGS
us-nyc,United States,New York,USD,690000.0,145.300292,2025-03-26,nyc_dof_rolling_sales,145.300292,,,,1975,,,01 ONE FAMILY DWELLINGS,ARDEN HEIGHTS,68 CARLYLE GREEN,01 ONE FAMILY DWELLINGS
us-nyc,United States,New York,USD,650000.0,115.19972,2025-03-24,nyc_dof_rolling_sales,115.19972,,,,1987,,,01 ONE FAMILY DWELLINGS,ARDEN HEIGHTS,250 CARLYLE GREEN,01 ONE FAMILY DWELLINGS
us-nyc,United States,New York,USD,560000.0,110.55457,2025-07-22,nyc_dof_rolling_sales,110.55457,,,,1982,,,01 ONE FAMILY DWELLINGS,ARDEN HEIGHTS,6 DAFFODIL COURT,01 ONE FAMILY DWELLINGS
us-nyc,United States,New York,USD,640000.0,124.397117,2025-07-21,nyc_dof_rolling_sales,124.397117,,,,1982,,,01 ONE FAMILY DWELLINGS,ARDEN HEIGHTS,36 DAFFODIL COURT,01 ONE FAMILY DWELLINGS
us-nyc,United States,New York,USD,657000.0,124.397117,2025-10-15,nyc_dof_rolling_sales,124.397117,,,,1984,,,01 ONE FAMILY DWELLINGS,ARDEN HEIGHTS,15 MIMOSA LANE,01 ONE FAMILY DWELLINGS
us-nyc,United States,New York,USD,616000.0,128.020334,2025-07-31,nyc_dof_rolling_sales,128.020334,,,,1980,,,01 ONE FAMILY DWELLINGS,ARDEN HEIGHTS,115 MIMOSA LANE,01 ONE FAMILY DWELLINGS
us-nyc,United States,New York,USD,725000.0,169.640878,2025-06-26,nyc_dof_rolling_sales,169.640878,,,,1983,,,01 ONE FAMILY DWELLINGS,ARDEN HEIGHTS,4 RUSSEK DRIVE,01 ONE FAMILY DWELLINGS
us-nyc,United States,New York,USD,563000.0,128.020334,2025-01-06,nyc_dof_rolling_sales,128.020334,,,,1980,,,01 ONE FAMILY DWELLINGS,ARDEN HEIGHTS,24 ASHTON DRIVE,01 ONE FAMILY DWELLINGS
us-nyc,United States,New York,USD,699000.0,176.5157,2025-06-30,nyc_dof_rolling_sales,176.5157,,,,1975,,,01 ONE FAMILY DWELLINGS,ARDEN HEIGHTS,48 ASHTON DRIVE,01 ONE FAMILY DWELLINGS
us-nyc,United States,New York,USD,638888.0,128.020334,2025-03-05,nyc_dof_rolling_sales,128.020334,,,,1980,,,01 ONE FAMILY DWELLINGS,ARDEN HEIGHTS,20 YUCCA DRIVE,01 ONE FAMILY DWELLINGS
us-nyc,United States,New York,USD,770000.0,99.963628,2025-09-19,nyc_dof_rolling_sales,99.963628,,,,1980,,,01 ONE FAMILY DWELLINGS,ARDEN HEIGHTS,298 GREEN VALLEY ROAD,01 ONE FAMILY DWELLINGS
us-nyc,United States,New York,USD,713500.0,149.94544199999999,2025-01-14,nyc_dof_rolling_sales,149.94544199999999,,,,1980,,,01 ONE FAMILY DWELLINGS,ARDEN HEIGHTS,10 MANCHESTER DRIVE,01 ONE FAMILY DWELLINGS
us-nyc,United States,New York,USD,634000.0,128.020334,2025-09-29,nyc_dof_rolling_sales,128.020334,,,,1980,,,01 ONE FAMILY DWELLINGS,ARDEN HEIGHTS,15 LISA LANE,01 ONE FAMILY DWELLINGS
us-nyc,United States,New York,USD,825000.0,222.223976,2025-06-30,nyc_dof_rolling_sales,222.223976,,,,1980,,,01 ONE FAMILY DWELLINGS,ARDEN HEIGHTS,78 STACK DRIVE,01 ONE FAMILY DWELLINGS
us-nyc,United States,New York,USD,1.0,99.034598,2025-07-03,nyc_dof_rolling_sales,99.034598,,,,1980,,,01 ONE FAMILY DWELLINGS,ARDEN HEIGHTS,29 HAMMOCK LN,01 ONE FAMILY DWELLINGS
us-nyc,United States,New York,USD,1.0,150.50286,2025-02-25,nyc_dof_rolling_sales,150.50286,,,,1995,,,01 ONE FAMILY DWELLINGS,ARDEN HEIGHTS,168 CODY PLACE,01 ONE FAMILY DWELLINGS
us-nyc,United States,New York,USD,661500.0,150.50286,2025-01-17,nyc_dof_rolling_sales,150.50286,,,,1995,,,01 ONE FAMILY DWELLINGS,ARDEN HEIGHTS,128 CODY PLACE,01 ONE FAMILY DWELLINGS
us-nyc,United States,New York,USD,640000.0,122.63195999999999,2025-03-05,nyc_dof_rolling_sales,122.63195999999999,,,,1995,,,01 ONE FAMILY DWELLINGS,ARDEN HEIGHTS,60 CODY PLACE,01 ONE FAMILY DWELLINGS
us-nyc,United States,New York,USD,499999.0,93.646224,2025-08-06,nyc_dof_rolling_sales,93.646224,,,,1990,,,01 ONE FAMILY DWELLINGS,ARDEN HEIGHTS,1942 ARTHUR KILL ROAD,01 ONE FAMILY DWELLINGS
us-nyc,United States,New York,USD,569999.0,107.024256,2025-10-17,nyc_dof_rolling_sales,107.024256,,,,1990,,,01 ONE FAMILY DWELLINGS,ARDEN HEIGHTS,17 COUNTRY LANE,01 ONE FAMILY DWELLINGS
us-nyc,United States,New York,USD,620000.0,106.652644,2025-10-01,nyc_dof_rolling_sales,106.652644,,,,1990,,,01 ONE FAMILY DWELLINGS,ARDEN HEIGHTS,20 COUNTRY LANE,01 ONE FAMILY DWELLINGS
us-nyc,United States,New York,USD,460000.0,93.646224,2025-06-30,nyc_dof_rolling_sales,93.646224,,,,1987,,,01 ONE FAMILY DWELLINGS,ARDEN HEIGHTS,33A LOMBARD COURT,01 ONE FAMILY DWELLINGS
us-nyc,United States,New York,USD,250000.0,107.024256,2025-11-24,nyc_dof_rolling_sales,107.024256,,,,1986,,,01 ONE FAMILY DWELLINGS,ARDEN HEIGHTS,125 RAILY COURT,01 ONE FAMILY DWELLINGS
us-nyc,United States,New York,USD,455000.0,91.04494,2025-06-18,nyc_dof_rolling_sales,91.04494,,,,1986,,,01 ONE FAMILY DWELLINGS,ARDEN HEIGHTS,18 BUNNELL COURT,01 ONE FAMILY DWELLINGS
us-nyc,United States,New York,USD,450000.0,91.04494,2025-05-27,nyc_dof_rolling_sales,91.04494,,,,1986,,,01 ONE FAMILY DWELLINGS,ARDEN HEIGHTS,12 BUNNELL COURT,01 ONE FAMILY DWELLINGS
us-nyc,United States,New York,USD,478000.0,93.646224,2025-11-21,nyc_dof_rolling_sales,93.646224,,,,1987,,,01 ONE FAMILY DWELLINGS,ARDEN HEIGHTS,12A ALCOTT STREET,01 ONE FAMILY DWELLINGS
us-nyc,United States,New York,USD,455000.0,91.04494,2025-05-21,nyc_dof_rolling_sales,91.04494,,,,1987,,,01 ONE FAMILY DWELLINGS,ARDEN HEIGHTS,10 ALCOTT ST,01 ONE FAMILY DWELLINGS
us-nyc,United States,New York,USD,525000.0,107.024256,2025-11-25,nyc_dof_rolling_sales,107.024256,,,,1987,,,01 ONE FAMILY DWELLINGS,ARDEN HEIGHTS,28 ALCOTT STREET,01 ONE FAMILY DWELLINGS
us-nyc,United States,New York,USD,549000.0,107.024256,2025-04-08,nyc_dof_rolling_sales,107.024256,,,,1987,,,01 ONE FAMILY DWELLINGS,ARDEN HEIGHTS,39 BUNNELL COURT,01 ONE FAMILY DWELLINGS
us-nyc,United States,New York,USD,595000.0,93.646224,2025-10-30,nyc_dof_rolling_sales,93.646224,,,,1989,,,01 ONE FAMILY DWELLINGS,ARDEN HEIGHTS,225 ROSEDALE AVENUE,01 ONE FAMILY DWELLINGS
us-nyc,United States,New York,USD,628000.0,132.57258099999999,2025-08-13,nyc_dof_rolling_sales,132.57258099999999,,,,1990,,,01 ONE FAMILY DWELLINGS,ARDEN HEIGHTS,3E DELMAR AVENUE,01 ONE FAMILY DWELLINGS
us-nyc,United States,New York,USD,680000.0,122.539057,2025-07-18,nyc_dof_rolling_sales,122.539057,,,,1990,,,01 ONE FAMILY DWELLINGS,ARDEN HEIGHTS,74 SPERRY PLACE,01 ONE FAMILY DWELLINGS
us-nyc,United States,New York,USD,754000.0,176.5157,2025-10-30,nyc_dof_rolling_sales,176.5157,,,,1996,,,01 ONE FAMILY DWELLINGS,ARDEN HEIGHTS,9 SPERRY PLACE,01 ONE FAMILY DWELLINGS
us-nyc,United States,New York,USD,835000.0,106.83845,2025-11-03,nyc_dof_rolling_sales,106.83845,,,,1965,,,01 ONE FAMILY DWELLINGS,ARDEN HEIGHTS,875 WOODROW ROAD,01 ONE FAMILY DWELLINGS
us-nyc,United States,New York,USD,732500.0,191.008568,2025-10-15,nyc_dof_rolling_sales,191.008568,,,,1989,,,01 ONE FAMILY DWELLINGS,ARDEN HEIGHTS,117 BOULDER STREET,01 ONE FAMILY DWELLINGS
us-nyc,United States,New York,USD,690000.0,136.846119,2025-04-02,nyc_dof_rolling_sales,136.846119,,,,1987,,,01 ONE FAMILY DWELLINGS,ARDEN HEIGHTS,114 BOULDER STREET,01 ONE FAMILY DWELLINGS
us-nyc,United States,New York,USD,512000.0,82.126252,2025-01-24,nyc_dof_rolling_sales,82.126252,,,,1989,,,01 ONE FAMILY DWELLINGS,ARDEN HEIGHTS,359 HUGUENOT AVENUE,01 ONE FAMILY DWELLINGS
us-nyc,United States,New York,USD,346788.0,82.126252,2025-10-30,nyc_dof_rolling_sales,82.126252,,,,1989,,,01 ONE FAMILY DWELLINGS,ARDEN HEIGHTS,70 ROSEDALE AVENUE,01 ONE FAMILY DWELLINGS
us-nyc,United States,New York,USD,515000.0,93.646224,2025-10-20,nyc_dof_rolling_sales,93.646224,,,,1988,,,01 ONE FAMILY DWELLINGS,ARDEN HEIGHTS,120 ROSEDALE AVENUE,01 ONE FAMILY DWELLINGS
us-nyc,United States,New York,USD,597000.0,93.646224,2025-09-03,nyc_dof_rolling_sales,93.646224,,,,1988,,,01 ONE FAMILY DWELLINGS,ARDEN HEIGHTS,164 ROSEDALE AVENUE,01 ONE FAMILY DWELLINGS
us-nyc,United States,New York,USD,590000.0,93.646224,2025-04-30,nyc_dof_rolling_sales,93.646224,,,,1988,,,01 ONE FAMILY DWELLINGS,ARDEN HEIGHTS,168 ROSEDALE AVENUE,01 ONE FAMILY DWELLINGS
us-nyc,United States,New York,USD,641000.0,130.0642,2025-09-18,nyc_dof_rolling_sales,130.0642,,,,1988,,,01 ONE FAMILY DWELLINGS,ARDEN HEIGHTS,172 ROSEDALE AVENUE,01 ONE FAMILY DWELLINGS
us-nyc,United States,New York,USD,565000.0,93.646224,2025-09-09,nyc_dof_rolling_sales,93.646224,,,,1988,,,01 ONE FAMILY DWELLINGS,ARDEN HEIGHTS,206 ROSEDALE AVENUE,01 ONE FAMILY DWELLINGS
us-nyc,United States,New York,USD,825000.0,212.283355,2025-08-15,nyc_dof_rolling_sales,212.283355,,,,2001,,,02 TWO FAMILY DWELLINGS,ARDEN HEIGHTS,51 ERIKA LOOP,02 TWO FAMILY DWELLINGS
us-nyc,United States,New York,USD,825000.0,212.283355,2025-08-19,nyc_dof_rolling_sales,212.283355,,,,2000,,,02 TWO FAMILY DWELLINGS,ARDEN HEIGHTS,48 ERIKA LOOP,02 TWO FAMILY DWELLINGS
us-nyc,United States,New York,USD,899900.0,99.592016,2025-11-25,nyc_dof_rolling_sales,99.592016,,,,1965,,,02 TWO FAMILY DWELLINGS,ARDEN HEIGHTS,357 WOODROW ROAD,02 TWO FAMILY DWELLINGS
us-nyc,United States,New York,USD,1770000.0,309.181184,2025-11-26,nyc_dof_rolling_sales,309.181184,,,,1992,,,02 TWO FAMILY DWELLINGS,ARDEN HEIGHTS,62 RUXTON,02 TWO FAMILY DWELLINGS
us-nyc,United States,New York,USD,1050000.0,260.1284,2025-05-09,nyc_dof_rolling_sales,260.1284,,,,1970,,,02 TWO FAMILY DWELLINGS,ARDEN HEIGHTS,701 WOODROW ROAD,02 TWO FAMILY DWELLINGS
us-nyc,United States,New York,USD,1330000.0,244.799405,2025-05-01,nyc_dof_rolling_sales,244.799405,,,,2022,,,02 TWO FAMILY DWELLINGS,ARDEN HEIGHTS,63 HOLCOMB AVENUE,02 TWO FAMILY DWELLINGS
us-nyc,United States,New York,USD,1282995.0,211.725937,2025-02-12,nyc_dof_rolling_sales,211.725937,,,,2023,,,02 TWO FAMILY DWELLINGS,ARDEN HEIGHTS,N/A CANTON AVENUE,02 TWO FAMILY DWELLINGS
us-nyc,United States,New York,USD,995000.0,323.30244,2025-01-21,nyc_dof_rolling_sales,323.30244,,,,1965,,,02 TWO FAMILY DWELLINGS,ARDEN HEIGHTS,17 EVERTON AVENUE,02 TWO FAMILY DWELLINGS
us-nyc,United States,New York,USD,1100000.0,204.3866,2025-11-12,nyc_dof_rolling_sales,204.3866,,,,2000,,,02 TWO FAMILY DWELLINGS,ARDEN HEIGHTS,43 EVERTON AVENUE,02 TWO FAMILY DWELLINGS
us-nyc,United States,New York,USD,840000.0,242.291024,2025-10-02,nyc_dof_rolling_sales,242.291024,,,,1980,,,02 TWO FAMILY DWELLINGS,ARDEN HEIGHTS,51 ASHTON DRIVE,02 TWO FAMILY DWELLINGS
us-nyc,United States,New York,USD,850000.0,242.291024,2025-05-19,nyc_dof_rolling_sales,242.291024,,,,1980,,,02 TWO FAMILY DWELLINGS,ARDEN HEIGHTS,41 YUCCA DRIVE,02 TWO FAMILY DWELLINGS
us-nyc,United States,New York,USD,829000.0,208.845944,2025-02-12,nyc_dof_rolling_sales,208.845944,,,,1983,,,02 TWO FAMILY DWELLINGS,ARDEN HEIGHTS,91 GREEN VALLEY ROAD,02 TWO FAMILY DWELLINGS
us-nyc,United States,New York,USD,842000.0,208.845944,2025-10-08,nyc_dof_rolling_sales,208.845944,,,,1983,,,02 TWO FAMILY DWELLINGS,ARDEN HEIGHTS,101 GREEN VALLEY ROAD,02 TWO FAMILY DWELLINGS
us-nyc,United States,New York,USD,680000.0,173.914416,2025-06-30,nyc_dof_rolling_sales,173.914416,,,,1980,,,02 TWO FAMILY DWELLINGS,ARDEN HEIGHTS,70 MANCHESTER DRIVE,02 TWO FAMILY DWELLINGS
us-nyc,United States,New York,USD,519308.0,122.260348,2025-07-11,nyc_dof_rolling_sales,122.260348,,,,1975,,,02 TWO FAMILY DWELLINGS,ARDEN HEIGHTS,25 GEYSER DRIVE,02 TWO FAMILY DWELLINGS
us-nyc,United States,New York,USD,720000.0,122.260348,2025-12-02,nyc_dof_rolling_sales,122.260348,,,,1975,,,02 TWO FAMILY DWELLINGS,ARDEN HEIGHTS,25 GEYSER DRIVE,02 TWO FAMILY DWELLINGS
us-nyc,United States,New York,USD,720000.0,222.223976,2025-11-21,nyc_dof_rolling_sales,222.223976,,,,1980,,,02 TWO FAMILY DWELLINGS,ARDEN HEIGHTS,33 EBEY LANE,02 TWO FAMILY DWELLINGS
us-nyc,United States,New York,USD,795000.0,222.223976,2025-08-12,nyc_dof_rolling_sales,222.223976,,,,1980,,,02 TWO FAMILY DWELLINGS,ARDEN HEIGHTS,4 LISA LANE,02 TWO FAMILY DWELLINGS
us-nyc,United States,New York,USD,10.0,nan,2025-08-05,nyc_dof_rolling_sales,nan,,,,1979,,,04 TAX CLASS 1 CONDOS,ARDEN HEIGHTS,70 ROLLING HILL GREEN,04 TAX CLASS 1 CONDOS
us-nyc,United States,New York,USD,625000.0,nan,2025-02-10,nyc_dof_rolling_sales,nan,,,,1979,,,04 TAX CLASS 1 CONDOS,ARDEN HEIGHTS,217 ROLLING HILL GREEN,04 TAX CLASS 1 CONDOS
us-nyc,United States,New York,USD,565000.0,nan,2025-07-11,nyc_dof_rolling_sales,nan,,,,1979,,,04 TAX CLASS 1 CONDOS,ARDEN HEIGHTS,148 ROLLING HILL GREEN,04 TAX CLASS 1 CONDOS
us-nyc,United States,New York,USD,675000.0,nan,2025-11-14,nyc_dof_rolling_sales,nan,,,,1980,,,04 TAX CLASS 1 CONDOS,ARDEN HEIGHTS,309 ROLLING HILL GREEN,04 TAX CLASS 1 CONDOS
us-nyc,United States,New York,USD,650000.0,nan,2025-08-15,nyc_dof_rolling_sales,nan,,,,1980,,,04 TAX CLASS 1 CONDOS,ARDEN HEIGHTS,9 ROLLING HILL GREEN,04 TAX CLASS 1 CONDOS
us-nyc,United States,New York,USD,485000.0,nan,2025-03-12,nyc_dof_rolling_sales,nan,,,,1980,,,04 TAX CLASS 1 CONDOS,ARDEN HEIGHTS,352 ROLLING HILL GREEN,04 TAX CLASS 1 CONDOS
us-nyc,United States,New York,USD,640000.0,nan,2025-09-22,nyc_dof_rolling_sales,nan,,,,1980,,,04 TAX CLASS 1 CONDOS,ARDEN HEIGHTS,378 ROLLING HILL GREEN,04 TAX CLASS 1 CONDOS
us-nyc,United States,New York,USD,10.0,nan,2025-08-05,nyc_dof_rolling_sales,nan,,,,1980,,,04 TAX CLASS 1 CONDOS,ARDEN HEIGHTS,44 ROLLING HILL GREEN,04 TAX CLASS 1 CONDOS
us-nyc,United States,New York,USD,580000.0,nan,2025-03-28,nyc_dof_rolling_sales,nan,,,,1979,,,04 TAX CLASS 1 CONDOS,ARDEN HEIGHTS,49 HAMMOCK LANE,04 TAX CLASS 1 CONDOS
us-nyc,United States,New York,USD,625000.0,nan,2025-07-02,nyc_dof_rolling_sales,nan,,,,1981,,,04 TAX CLASS 1 CONDOS,ARDEN HEIGHTS,165 RUSSEK DRIVE,04 TAX CLASS 1 CONDOS
us-nyc,United States,New York,USD,409900.0,nan,2025-03-11,nyc_dof_rolling_sales,nan,,,,,,,04 TAX CLASS 1 CONDOS,ARDEN HEIGHTS,93 STACK DR,04 TAX CLASS 1 CONDOS
us-nyc,United States,New York,USD,695000.0,94.76106,2025-02-18,nyc_dof_rolling_sales,94.76106,,,,1950,,,01 ONE FAMILY DWELLINGS,ARROCHAR,116 WADSWORTH AVENUE,01 ONE FAMILY DWELLINGS
us-nyc,United States,New York,USD,1188000.0,164.159601,2025-09-23,nyc_dof_rolling_sales,164.159601,,,,1970,,,01 ONE FAMILY DWELLINGS,ARROCHAR,1 MACFARLAND AVENUE,01 ONE FAMILY DWELLINGS
us-nyc,United States,New York,USD,920000.0,209.96078,2025-02-27,nyc_dof_rolling_sales,209.96078,,,,1935,,,01 ONE FAMILY DWELLINGS,ARROCHAR,34 MACFARLAND AVENUE,01 ONE FAMILY DWELLINGS
us-nyc,United States,New York,USD,1300000.0,325.1605,2025-02-07,nyc_dof_rolling_sales,325.1605,,,,1997,,,01 ONE FAMILY DWELLINGS,ARROCHAR,30 KNAUTH PLACE,01 ONE FAMILY DWELLINGS
us-nyc,United States,New York,USD,635000.0,109.253928,2025-03-25,nyc_dof_rolling_sales,109.253928,,,,1997,,,01 ONE FAMILY DWELLINGS,ARROCHAR,23 SAVO LANE,01 ONE FAMILY DWELLINGS
us-nyc,United States,New York,USD,643000.0,109.253928,2025-09-30,nyc_dof_rolling_sales,109.253928,,,,1997,,,01 ONE FAMILY DWELLINGS,ARROCHAR,47 SAVO LANE,01 ONE FAMILY DWELLINGS
us-nyc,United States,New York,USD,1450000.0,347.828832,2025-02-04,nyc_dof_rolling_sales,347.828832,,,,1960,,,01 ONE FAMILY DWELLINGS,ARROCHAR,83 HASTINGS STREET,01 ONE FAMILY DWELLINGS
us-nyc,United States,New York,USD,10.0,207.359496,2025-06-23,nyc_dof_rolling_sales,207.359496,,,,1931,,,01 ONE FAMILY DWELLINGS,ARROCHAR,161 LILY POND AVENUE,01 ONE FAMILY DWELLINGS
us-nyc,United States,New York,USD,10.0,77.666908,2025-06-12,nyc_dof_rolling_sales,77.666908,,,,1950,,,01 ONE FAMILY DWELLINGS,ARROCHAR,22 CONGER STREET,01 ONE FAMILY DWELLINGS
us-nyc,United States,New York,USD,860000.0,136.56741,2025-10-10,nyc_dof_rolling_sales,136.56741,,,,1998,,,02 TWO FAMILY DWELLINGS,ARROCHAR,18 PEBBLE LANE,02 TWO FAMILY DWELLINGS
us-nyc,United States,New York,USD,720000.0,187.292448,2025-12-16,nyc_dof_rolling_sales,187.292448,,,,1899,,,02 TWO FAMILY DWELLINGS,ARROCHAR,104 DUER AVENUE,02 TWO FAMILY DWELLINGS
us-nyc,United States,New York,USD,960000.0,141.491269,2025-06-04,nyc_dof_rolling_sales,141.491269,,,,1920,,,02 TWO FAMILY DWELLINGS,ARROCHAR,38 ARTHUR AVENUE,02 TWO FAMILY DWELLINGS
us-nyc,United States,New York,USD,925000.0,178.187954,2025-06-02,nyc_dof_rolling_sales,178.187954,,,,1925,,,02 TWO FAMILY DWELLINGS,ARROCHAR,174 MC CLEAN AVENUE,02 TWO FAMILY DWELLINGS
us-nyc,United States,New York,USD,850000.0,141.491269,2025-11-07,nyc_dof_rolling_sales,141.491269,,,,1920,,,03 THREE FAMILY DWELLINGS,ARROCHAR,36 ARTHUR AVENUE,03 THREE FAMILY DWELLINGS
us-nyc,United States,New York,USD,675000.0,118.172616,2025-08-25,nyc_dof_rolling_sales,118.172616,,,,1915,,,03 THREE FAMILY DWELLINGS,ARROCHAR,158 MCCLEAN AVENUE,03 THREE FAMILY DWELLINGS
us-nyc,United States,New York,USD,975000.0,278.709,2025-03-17,nyc_dof_rolling_sales,278.709,,,,2007,,,21 OFFICE BUILDINGS,ARROCHAR,144 MCCLEAN AVENUE,21 OFFICE BUILDINGS
us-nyc,United States,New York,USD,590000.0,144.92867999999999,2025-09-16,nyc_dof_rolling_sales,144.92867999999999,,,,1901,,,01 ONE FAMILY DWELLINGS,ARROCHAR-SHORE ACRES,1245 BAY STREET,01 ONE FAMILY DWELLINGS
us-nyc,United States,New York,USD,730000.0,187.292448,2025-01-14,nyc_dof_rolling_sales,187.292448,,,,1910,,,01 ONE FAMILY DWELLINGS,ARROCHAR-SHORE ACRES,1233 BAY STREET,01 ONE FAMILY DWELLINGS
us-nyc,United States,New York,USD,930000.0,157.191876,2025-04-30,nyc_dof_rolling_sales,157.191876,,,,1901,,,01 ONE FAMILY DWELLINGS,ARROCHAR-SHORE ACRES,45 SCARBORO AVENUE,01 ONE FAMILY DWELLINGS
us-nyc,United States,New York,USD,810000.0,235.04459,2025-02-28,nyc_dof_rolling_sales,235.04459,,,,2004,,,01 ONE FAMILY DWELLINGS,ARROCHAR-SHORE ACRES,35 NEW LANE,01 ONE FAMILY DWELLINGS
us-nyc,United States,New York,USD,1400000.0,215.53496,2025-01-30,nyc_dof_rolling_sales,215.53496,,,,1935,,,01 ONE FAMILY DWELLINGS,ARROCHAR-SHORE ACRES,21 NEW LANE,01 ONE FAMILY DWELLINGS
us-nyc,United States,New York,USD,850000.0,173.914416,2025-09-25,nyc_dof_rolling_sales,173.914416,,,,1930,,,01 ONE FAMILY DWELLINGS,ARROCHAR-SHORE ACRES,1453 BAY STREET,01 ONE FAMILY DWELLINGS
us-nyc,United States,New York,USD,885000.0,144.092553,2025-04-14,nyc_dof_rolling_sales,144.092553,,,,1920,,,01 ONE FAMILY DWELLINGS,ARROCHAR-SHORE ACRES,55 WADSWORTH ROAD,01 ONE FAMILY DWELLINGS
us-nyc,United States,New York,USD,680000.0,86.864305,2025-08-29,nyc_dof_rolling_sales,86.864305,,,,1940,,,01 ONE FAMILY DWELLINGS,ARROCHAR-SHORE ACRES,25 SHORE ACRES ROAD,01 ONE FAMILY DWELLINGS
us-nyc,United States,New York,USD,2150000.0,431.99895,2025-04-07,nyc_dof_rolling_sales,431.99895,,,,1925,,,01 ONE FAMILY DWELLINGS,ARROCHAR-SHORE ACRES,51 SEA GATE ROAD,01 ONE FAMILY DWELLINGS
us-nyc,United States,New York,USD,970000.0,244.149084,2025-04-10,nyc_dof_rolling_sales,244.149084,,,,1901,,,02 TWO FAMILY DWELLINGS,ARROCHAR-SHORE ACRES,78 MARYLAND AVENUE,02 TWO FAMILY DWELLINGS
us-nyc,United States,New York,USD,980000.0,247.214883,2025-11-19,nyc_dof_rolling_sales,247.214883,,,,1901,,,02 TWO FAMILY DWELLINGS,ARROCHAR-SHORE ACRES,72 MARYLAND AVENUE,02 TWO FAMILY DWELLINGS
us-nyc,United States,New York,USD,800000.0,114.456496,2025-03-14,nyc_dof_rolling_sales,114.456496,,,,1996,,,02 TWO FAMILY DWELLINGS,ARROCHAR-SHORE ACRES,25 WATERVIEW COURT,02 TWO FAMILY DWELLINGS
us-nyc,United States,New York,USD,375000.0,145.393195,2025-07-21,nyc_dof_rolling_sales,145.393195,,,,1910,,,02 TWO FAMILY DWELLINGS,ARROCHAR-SHORE ACRES,65 SCARBORO AVE,02 TWO FAMILY DWELLINGS
us-nyc,United States,New York,USD,270000.0,nan,2025-10-15,nyc_dof_rolling_sales,nan,,,,1964,,,10 COOPS - ELEVATOR APARTMENTS,ARROCHAR-SHORE ACRES,"20 CLIFF STREET, 2H",10 COOPS - ELEVATOR APARTMENTS
us-nyc,United States,New York,USD,208500.0,nan,2025-04-02,nyc_dof_rolling_sales,nan,,,,1964,,,10 COOPS - ELEVATOR APARTMENTS,ARROCHAR-SHORE ACRES,"20 CLIFF STREET, 3K",10 COOPS - ELEVATOR APARTMENTS
us-nyc,United States,New York,USD,150000.0,nan,2025-07-01,nyc_dof_rolling_sales,nan,,,,1964,,,10 COOPS - ELEVATOR APARTMENTS,ARROCHAR-SHORE ACRES,"20 CLIFF STREET, 3R",10 COOPS - ELEVATOR APARTMENTS
us-nyc,United States,New York,USD,262500.0,nan,2025-06-16,nyc_dof_rolling_sales,nan,,,,1964,,,10 COOPS - ELEVATOR APARTMENTS,ARROCHAR-SHORE ACRES,"20 CLIFF STREET, 4F",10 COOPS - ELEVATOR APARTMENTS
us-nyc,United States,New York,USD,340000.0,nan,2025-12-15,nyc_dof_rolling_sales,nan,,,,1964,,,10 COOPS - ELEVATOR APARTMENTS,ARROCHAR-SHORE ACRES,"20 CLIFF STREET, 4M",10 COOPS - ELEVATOR APARTMENTS
us-nyc,United States,New York,USD,220000.0,nan,2025-12-11,nyc_dof_rolling_sales,nan,,,,1964,,,10 COOPS - ELEVATOR APARTMENTS,ARROCHAR-SHORE ACRES,"20 CLIFF STREET, 5A",10 COOPS - ELEVATOR APARTMENTS
us-nyc,United States,New York,USD,205000.0,nan,2025-11-10,nyc_dof_rolling_sales,nan,,,,1964,,,10 COOPS - ELEVATOR APARTMENTS,ARROCHAR-SHORE ACRES,"20 CLIFF STREET, 5C",10 COOPS - ELEVATOR APARTMENTS
us-nyc,United States,New York,USD,262500.0,nan,2025-06-16,nyc_dof_rolling_sales,nan,,,,1964,,,10 COOPS - ELEVATOR APARTMENTS,ARROCHAR-SHORE ACRES,"20 CLIFF STREET, 5F",10 COOPS - ELEVATOR APARTMENTS
us-nyc,United States,New York,USD,334000.0,nan,2025-01-02,nyc_dof_rolling_sales,nan,,,,1964,,,10 COOPS - ELEVATOR APARTMENTS,ARROCHAR-SHORE ACRES,"20 CLIFF STREET, 5N",10 COOPS - ELEVATOR APARTMENTS
us-nyc,United States,New York,USD,258000.0,nan,2025-01-09,nyc_dof_rolling_sales,nan,,,,1964,,,10 COOPS - ELEVATOR APARTMENTS,ARROCHAR-SHORE ACRES,"20 CLIFF STREET, 6O",10 COOPS - ELEVATOR APARTMENTS
us-nyc,United States,New York,USD,20.0,nan,2025-06-26,nyc_dof_rolling_sales,nan,,,,1964,,,10 COOPS - ELEVATOR APARTMENTS,ARROCHAR-SHORE ACRES,"20 CLIFF STREET, 7P",10 COOPS - ELEVATOR APARTMENTS
us-nyc,United States,New York,USD,20.0,nan,2025-06-26,nyc_dof_rolling_sales,nan,,,,1964,,,10 COOPS - ELEVATOR APARTMENTS,ARROCHAR-SHORE ACRES,"20 CLIFF STREET, 7R",10 COOPS - ELEVATOR APARTMENTS
us-nyc,United States,New York,USD,10.0,nan,2025-07-09,nyc_dof_rolling_sales,nan,,,,1964,,,10 COOPS - ELEVATOR APARTMENTS,ARROCHAR-SHORE ACRES,"20 CLIFF STREET, 9J",10 COOPS - ELEVATOR APARTMENTS
us-nyc,United States,New York,USD,395000.0,nan,2025-05-12,nyc_dof_rolling_sales,nan,,,,1987,,,13 CONDOS - ELEVATOR APARTMENTS,ARROCHAR-SHORE ACRES,"6 NEW LANE, 6H",13 CONDOS - ELEVATOR APARTMENTS
us-nyc,United States,New York,USD,629000.0,124.861632,2025-06-04,nyc_dof_rolling_sales,124.861632,,,,1975,,,01 ONE FAMILY DWELLINGS,BULLS HEAD,410 WILLOW ROAD WEST,01 ONE FAMILY DWELLINGS
us-nyc,United States,New York,USD,620000.0,124.861632,2025-10-20,nyc_dof_rolling_sales,124.861632,,,,1975,,,01 ONE FAMILY DWELLINGS,BULLS HEAD,418 WILLOW ROAD WEST,01 ONE FAMILY DWELLINGS
us-nyc,United States,New York,USD,560000.0,116.12875,2025-06-02,nyc_dof_rolling_sales,116.12875,,,,1984,,,01 ONE FAMILY DWELLINGS,BULLS HEAD,31 GREENTREE LANE,01 ONE FAMILY DWELLINGS
us-nyc,United States,New York,USD,650000.0,118.172616,2025-04-23,nyc_dof_rolling_sales,118.172616,,,,2005,,,01 ONE FAMILY DWELLINGS,BULLS HEAD,18 CALCAGNO COURT,01 ONE FAMILY DWELLINGS
us-nyc,United States,New York,USD,939999.0,177.258924,2025-04-04,nyc_dof_rolling_sales,177.258924,,,,1970,,,01 ONE FAMILY DWELLINGS,BULLS HEAD,27 NADAL PLACE,01 ONE FAMILY DWELLINGS
us-nyc,United States,New York,USD,575000.0,133.78032,2025-09-18,nyc_dof_rolling_sales,133.78032,,,,1970,,,01 ONE FAMILY DWELLINGS,BULLS HEAD,11 NADAL PLACE,01 ONE FAMILY DWELLINGS
us-nyc,United States,New York,USD,400000.0,197.140166,2025-08-04,nyc_dof_rolling_sales,197.140166,,,,1970,,,01 ONE FAMILY DWELLINGS,BULLS HEAD,3 NADAL PLACE,01 ONE FAMILY DWELLINGS
us-nyc,United States,New York,USD,694300.0,148.6448,2025-02-19,nyc_dof_rolling_sales,148.6448,,,,1988,,,01 ONE FAMILY DWELLINGS,BULLS HEAD,64 LEGGETT PLACE,01 ONE FAMILY DWELLINGS
us-nyc,United States,New York,USD,725000.0,166.110564,2025-11-13,nyc_dof_rolling_sales,166.110564,,,,1970,,,01 ONE FAMILY DWELLINGS,BULLS HEAD,31 FIELDSTONE ROAD,01 ONE FAMILY DWELLINGS
us-nyc,United States,New York,USD,760000.0,134.151932,2025-06-27,nyc_dof_rolling_sales,134.151932,,,,1995,,,01 ONE FAMILY DWELLINGS,BULLS HEAD,276 LANDER AVENUE,01 ONE FAMILY DWELLINGS
us-nyc,United States,New York,USD,549855.0,134.151932,2025-08-08,nyc_dof_rolling_sales,134.151932,,,,1995,,,01 ONE FAMILY DWELLINGS,BULLS HEAD,264 LANDER AVENUE,01 ONE FAMILY DWELLINGS
us-nyc,United States,New York,USD,641000.0,130.99323,2025-05-23,nyc_dof_rolling_sales,130.99323,,,,1995,,,01 ONE FAMILY DWELLINGS,BULLS HEAD,66 HIRSCH LANE,01 ONE FAMILY DWELLINGS
us-nyc,United States,New York,USD,635000.0,115.942944,2025-10-22,nyc_dof_rolling_sales,115.942944,,,,1975,,,01 ONE FAMILY DWELLINGS,BULLS HEAD,38 KIRSHON AVENUE,01 ONE FAMILY DWELLINGS
us-nyc,United States,New York,USD,748000.0,148.6448,2025-10-20,nyc_dof_rolling_sales,148.6448,,,,1997,,,01 ONE FAMILY DWELLINGS,BULLS HEAD,453 HILLMAN AVENUE,01 ONE FAMILY DWELLINGS
us-nyc,United States,New York,USD,860000.0,208.660138,2025-10-06,nyc_dof_rolling_sales,208.660138,,,,1950,,,01 ONE FAMILY DWELLINGS,BULLS HEAD,134 KIRSHON AVENUE,01 ONE FAMILY DWELLINGS
us-nyc,United States,New York,USD,660000.0,129.320976,2025-12-09,nyc_dof_rolling_sales,129.320976,,,,1970,,,01 ONE FAMILY DWELLINGS,BULLS HEAD,333 HILLMAN AVENUE,01 ONE FAMILY DWELLINGS
us-nyc,United States,New York,USD,780000.0,199.74145,2025-12-03,nyc_dof_rolling_sales,199.74145,,,,1965,,,01 ONE FAMILY DWELLINGS,BULLS HEAD,164 KIRSHON AVENUE,01 ONE FAMILY DWELLINGS
us-nyc,United States,New York,USD,795000.0,109.811346,2025-03-06,nyc_dof_rolling_sales,109.811346,,,,1965,,,01 ONE FAMILY DWELLINGS,BULLS HEAD,188 LANDER AVENUE,01 ONE FAMILY DWELLINGS
us-nyc,United States,New York,USD,765000.0,137.868052,2025-07-03,nyc_dof_rolling_sales,137.868052,,,,2015,,,01 ONE FAMILY DWELLINGS,BULLS HEAD,143 ROMAN AVENUE,01 ONE FAMILY DWELLINGS
us-nyc,United States,New York,USD,750000.0,137.868052,2025-12-15,nyc_dof_rolling_sales,137.868052,,,,2015,,,01 ONE FAMILY DWELLINGS,BULLS HEAD,148 ROMAN AVENUE,01 ONE FAMILY DWELLINGS
us-nyc,United States,New York,USD,748800.0,137.868052,2025-04-17,nyc_dof_rolling_sales,137.868052,,,,2015,,,01 ONE FAMILY DWELLINGS,BULLS HEAD,154 ROMAN AVENUE,01 ONE FAMILY DWELLINGS
us-nyc,United States,New York,USD,775000.0,121.145512,2025-07-29,nyc_dof_rolling_sales,121.145512,,,,1965,,,01 ONE FAMILY DWELLINGS,BULLS HEAD,140 ROMAN AVENUE,01 ONE FAMILY DWELLINGS
us-nyc,United States,New York,USD,10.0,114.27069,2025-02-05,nyc_dof_rolling_sales,114.27069,,,,1950,,,01 ONE FAMILY DWELLINGS,BULLS HEAD,10 ROMAN AVENUE,01 ONE FAMILY DWELLINGS
us-nyc,United States,New York,USD,695000.0,101.078464,2025-10-21,nyc_dof_rolling_sales,101.078464,,,,1975,,,01 ONE FAMILY DWELLINGS,BULLS HEAD,16 ASTOR AVENUE,01 ONE FAMILY DWELLINGS
us-nyc,United States,New York,USD,730000.0,117.05778,2025-09-12,nyc_dof_rolling_sales,117.05778,,,,1995,,,01 ONE FAMILY DWELLINGS,BULLS HEAD,24 ASTOR AVENUE,01 ONE FAMILY DWELLINGS
us-nyc,United States,New York,USD,95000.0,167.2254,2025-06-04,nyc_dof_rolling_sales,167.2254,,,,1986,,,01 ONE FAMILY DWELLINGS,BULLS HEAD,88 ELSON STREET,01 ONE FAMILY DWELLINGS
us-nyc,United States,New York,USD,690000.0,135.266768,2025-10-03,nyc_dof_rolling_sales,135.266768,,,,1975,,,01 ONE FAMILY DWELLINGS,BULLS HEAD,39 LONGDALE STREET,01 ONE FAMILY DWELLINGS
us-nyc,United States,New York,USD,640000.0,123.189378,2025-08-12,nyc_dof_rolling_sales,123.189378,,,,1981,,,01 ONE FAMILY DWELLINGS,BULLS HEAD,70 LONGDALE STREET,01 ONE FAMILY DWELLINGS
us-nyc,United States,New York,USD,700000.0,190.636956,2025-02-26,nyc_dof_rolling_sales,190.636956,,,,1987,,,01 ONE FAMILY DWELLINGS,BULLS HEAD,57 CASWELL LANE,01 ONE FAMILY DWELLINGS
us-nyc,United States,New York,USD,588000.0,100.33524,2025-03-07,nyc_dof_rolling_sales,100.33524,,,,1987,,,01 ONE FAMILY DWELLINGS,BULLS HEAD,120 GAULDY AVENUE,01 ONE FAMILY DWELLINGS
us-nyc,United States,New York,USD,750000.0,153.847368,2025-01-06,nyc_dof_rolling_sales,153.847368,,,,1975,,,01 ONE FAMILY DWELLINGS,BULLS HEAD,7 GAULDY AVENUE,01 ONE FAMILY DWELLINGS
us-nyc,United States,New York,USD,680000.0,185.620194,2025-07-24,nyc_dof_rolling_sales,185.620194,,,,1987,,,01 ONE FAMILY DWELLINGS,BULLS HEAD,129 GAULDY AVENUE,01 ONE FAMILY DWELLINGS
us-nyc,United States,New York,USD,635000.0,133.687417,2025-11-24,nyc_dof_rolling_sales,133.687417,,,,1975,,,01 ONE FAMILY DWELLINGS,BULLS HEAD,151 REGIS DRIVE,01 ONE FAMILY DWELLINGS
us-nyc,United States,New York,USD,600000.0,139.540306,2025-01-22,nyc_dof_rolling_sales,139.540306,,,,1950,,,01 ONE FAMILY DWELLINGS,BULLS HEAD,169 JULES DRIVE,01 ONE FAMILY DWELLINGS
us-nyc,United States,New York,USD,560000.0,139.540306,2025-08-21,nyc_dof_rolling_sales,139.540306,,,,1950,,,01 ONE FAMILY DWELLINGS,BULLS HEAD,185 JULES DRIVE,01 ONE FAMILY DWELLINGS
us-nyc,United States,New York,USD,380000.0,114.456496,2025-02-14,nyc_dof_rolling_sales,114.456496,,,,1970,,,01 ONE FAMILY DWELLINGS,BULLS HEAD,140 ADA DRIVE,01 ONE FAMILY DWELLINGS
us-nyc,United States,New York,USD,640000.0,114.456496,2025-07-08,nyc_dof_rolling_sales,114.456496,,,,1970,,,01 ONE FAMILY DWELLINGS,BULLS HEAD,140 ADA DRIVE,01 ONE FAMILY DWELLINGS
us-nyc,United States,New York,USD,570000.0,143.99965,2025-03-25,nyc_dof_rolling_sales,143.99965,,,,1960,,,01 ONE FAMILY DWELLINGS,BULLS HEAD,119 JULES DRIVE,01 ONE FAMILY DWELLINGS
us-nyc,United States,New York,USD,588880.0,155.14801,2025-01-23,nyc_dof_rolling_sales,155.14801,,,,1984,,,01 ONE FAMILY DWELLINGS,BULLS HEAD,30 ANDREA PLACE,01 ONE FAMILY DWELLINGS
us-nyc,United States,New York,USD,625400.0,127.834528,2025-05-30,nyc_dof_rolling_sales,127.834528,,,,1975,,,01 ONE FAMILY DWELLINGS,BULLS HEAD,36 AMADOR STREET,01 ONE FAMILY DWELLINGS
us-nyc,United States,New York,USD,618000.0,133.78032,2025-04-07,nyc_dof_rolling_sales,133.78032,,,,1970,,,01 ONE FAMILY DWELLINGS,BULLS HEAD,84 BIRCH ROAD,01 ONE FAMILY DWELLINGS
us-nyc,United States,New York,USD,742000.0,167.2254,2025-01-09,nyc_dof_rolling_sales,167.2254,,,,2000,,,01 ONE FAMILY DWELLINGS,BULLS HEAD,54 LUDWIG LANE,01 ONE FAMILY DWELLINGS
us-nyc,United States,New York,USD,450000.0,167.2254,2025-06-06,nyc_dof_rolling_sales,167.2254,,,,2000,,,01 ONE FAMILY DWELLINGS,BULLS HEAD,3B LUDWIG LANE,01 ONE FAMILY DWELLINGS
us-nyc,United States,New York,USD,585000.0,167.2254,2025-12-02,nyc_dof_rolling_sales,167.2254,,,,2000,,,01 ONE FAMILY DWELLINGS,BULLS HEAD,15 LUDWIG LANE,01 ONE FAMILY DWELLINGS
us-nyc,United States,New York,USD,475500.0,260.778721,2025-07-30,nyc_dof_rolling_sales,260.778721,,,,1999,,,01 ONE FAMILY DWELLINGS,BULLS HEAD,33 LUDWIG LANE,01 ONE FAMILY DWELLINGS
us-nyc,United States,New York,USD,600000.0,260.778721,2025-04-03,nyc_dof_rolling_sales,260.778721,,,,1999,,,01 ONE FAMILY DWELLINGS,BULLS HEAD,43 LUDWIG LANE,01 ONE FAMILY DWELLINGS
us-nyc,United States,New York,USD,700000.0,110.368764,2025-09-24,nyc_dof_rolling_sales,110.368764,,,,1975,,,01 ONE FAMILY DWELLINGS,BULLS HEAD,65 LUDWIG LANE,01 ONE FAMILY DWELLINGS
us-nyc,United States,New York,USD,470000.0,88.536559,2025-03-17,nyc_dof_rolling_sales,88.536559,,,,1988,,,01 ONE FAMILY DWELLINGS,BULLS HEAD,77 AMITY PLACE,01 ONE FAMILY DWELLINGS
us-nyc,United States,New York,USD,525000.0,123.003572,2025-01-31,nyc_dof_rolling_sales,123.003572,,,,1988,,,01 ONE FAMILY DWELLINGS,BULLS HEAD,424 WILCOX STREET,01 ONE FAMILY DWELLINGS
us-nyc,United States,New York,USD,495000.0,88.536559,2025-03-24,nyc_dof_rolling_sales,88.536559,,,,1988,,,01 ONE FAMILY DWELLINGS,BULLS HEAD,14 FRANCESCA LANE,01 ONE FAMILY DWELLINGS
us-nyc,United States,New York,USD,550000.0,123.003572,2025-12-03,nyc_dof_rolling_sales,123.003572,,,,1988,,,01 ONE FAMILY DWELLINGS,BULLS HEAD,21 CAROL PLACE,01 ONE FAMILY DWELLINGS
us-nyc,United States,New York,USD,550000.0,107.674577,2025-01-22,nyc_dof_rolling_sales,107.674577,,,,1988,,,01 ONE FAMILY DWELLINGS,BULLS HEAD,24 CAROL PLACE,01 ONE FAMILY DWELLINGS
us-nyc,United States,New York,USD,600000.0,148.180285,2025-01-10,nyc_dof_rolling_sales,148.180285,,,,1988,,,01 ONE FAMILY DWELLINGS,BULLS HEAD,67 DOREEN DRIVE,01 ONE FAMILY DWELLINGS
us-nyc,United States,New York,USD,478000.0,88.536559,2025-11-21,nyc_dof_rolling_sales,88.536559,,,,1988,,,01 ONE FAMILY DWELLINGS,BULLS HEAD,12 DOREEN DRIVE,01 ONE FAMILY DWELLINGS
us-nyc,United States,New York,USD,620000.0,148.180285,2025-03-05,nyc_dof_rolling_sales,148.180285,,,,1988,,,01 ONE FAMILY DWELLINGS,BULLS HEAD,52 ELEANOR PLACE,01 ONE FAMILY DWELLINGS
us-nyc,United States,New York,USD,1000.0,107.674577,2025-03-25,nyc_dof_rolling_sales,107.674577,,,,1988,,,01 ONE FAMILY DWELLINGS,BULLS HEAD,38 ELEANOR PLACE,01 ONE FAMILY DWELLINGS
us-nyc,United States,New York,USD,530400.0,107.674577,2025-11-24,nyc_dof_rolling_sales,107.674577,,,,1993,,,01 ONE FAMILY DWELLINGS,BULLS HEAD,51 ADRIANNE LANE,01 ONE FAMILY DWELLINGS
us-nyc,United States,New York,USD,550000.0,107.674577,2025-06-30,nyc_dof_rolling_sales,107.674577,,,,1992,,,01 ONE FAMILY DWELLINGS,BULLS HEAD,66 ADRIANNE LANE,01 ONE FAMILY DWELLINGS
us-nyc,United States,New York,USD,650000.0,136.753216,2025-02-03,nyc_dof_rolling_sales,136.753216,,,,1978,,,01 ONE FAMILY DWELLINGS,BULLS HEAD,65 EUNICE PLACE,01 ONE FAMILY DWELLINGS
us-nyc,United States,New York,USD,640000.0,144.185456,2025-06-12,nyc_dof_rolling_sales,144.185456,,,,1975,,,01 ONE FAMILY DWELLINGS,BULLS HEAD,21 ETON PLACE,01 ONE FAMILY DWELLINGS
us-nyc,United States,New York,USD,680000.0,133.78032,2025-10-16,nyc_dof_rolling_sales,133.78032,,,,1980,,,01 ONE FAMILY DWELLINGS,BULLS HEAD,59 SAYBROOK ST,01 ONE FAMILY DWELLINGS
us-nyc,United States,New York,USD,645000.0,107.024256,2025-12-15,nyc_dof_rolling_sales,107.024256,,,,1980,,,01 ONE FAMILY DWELLINGS,BULLS HEAD,14 GOLLER PLACE,01 ONE FAMILY DWELLINGS
us-nyc,United States,New York,USD,745000.0,144.185456,2025-05-16,nyc_dof_rolling_sales,144.185456,,,,1980,,,01 ONE FAMILY DWELLINGS,BULLS HEAD,64 GOLLER PLACE,01 ONE FAMILY DWELLINGS
us-nyc,United States,New York,USD,990000.0,251.023906,2025-09-16,nyc_dof_rolling_sales,251.023906,,,,1965,,,01 ONE FAMILY DWELLINGS,BULLS HEAD,119 AMSTERDAM AVENUE,01 ONE FAMILY DWELLINGS
us-nyc,United States,New York,USD,725000.0,141.955784,2025-08-06,nyc_dof_rolling_sales,141.955784,,,,1988,,,01 ONE FAMILY DWELLINGS,BULLS HEAD,66 FOREST STREET,01 ONE FAMILY DWELLINGS
us-nyc,United States,New York,USD,910000.0,228.912992,2025-05-02,nyc_dof_rolling_sales,228.912992,,,,1970,,,01 ONE FAMILY DWELLINGS,BULLS HEAD,23 JONES STREET,01 ONE FAMILY DWELLINGS
us-nyc,United States,New York,USD,688000.0,111.4836,2025-01-17,nyc_dof_rolling_sales,111.4836,,,,1995,,,01 ONE FAMILY DWELLINGS,BULLS HEAD,43 SIDEVIEW AVENUE,01 ONE FAMILY DWELLINGS
us-nyc,United States,New York,USD,970000.0,272.763208,2025-08-06,nyc_dof_rolling_sales,272.763208,,,,1970,,,01 ONE FAMILY DWELLINGS,BULLS HEAD,338 ARLENE STREET,01 ONE FAMILY DWELLINGS
us-nyc,United States,New York,USD,965000.0,185.806,2025-11-12,nyc_dof_rolling_sales,185.806,,,,1970,,,01 ONE FAMILY DWELLINGS,BULLS HEAD,15 BERGLUND AVENUE,01 ONE FAMILY DWELLINGS
us-nyc,United States,New York,USD,995000.0,232.629112,2025-03-21,nyc_dof_rolling_sales,232.629112,,,,1970,,,02 TWO FAMILY DWELLINGS,BULLS HEAD,458 WILLOW ROAD WEST,02 TWO FAMILY DWELLINGS
us-nyc,United States,New York,USD,980000.0,232.629112,2025-08-28,nyc_dof_rolling_sales,232.629112,,,,1970,,,02 TWO FAMILY DWELLINGS,BULLS HEAD,476 WILLOW ROAD WEST,02 TWO FAMILY DWELLINGS
us-nyc,United States,New York,USD,630000.0,111.4836,2025-06-09,nyc_dof_rolling_sales,111.4836,,,,1915,,,02 TWO FAMILY DWELLINGS,BULLS HEAD,81 SUMNER AVENUE,02 TWO FAMILY DWELLINGS
us-nyc,United States,New York,USD,925000.0,191.008568,2025-08-22,nyc_dof_rolling_sales,191.008568,,,,1970,,,02 TWO FAMILY DWELLINGS,BULLS HEAD,76 GRAHAM AVENUE,02 TWO FAMILY DWELLINGS
us-nyc,United States,New York,USD,760000.0,178.745372,2025-08-21,nyc_dof_rolling_sales,178.745372,,,,1970,,,02 TWO FAMILY DWELLINGS,BULLS HEAD,39 COMMERCE STREET,02 TWO FAMILY DWELLINGS
us-nyc,United States,New York,USD,892000.0,191.008568,2025-04-30,nyc_dof_rolling_sales,191.008568,,,,1970,,,02 TWO FAMILY DWELLINGS,BULLS HEAD,59 COMMERCE STREET,02 TWO FAMILY DWELLINGS
us-nyc,United States,New York,USD,475000.0,222.9672,2025-05-16,nyc_dof_rolling_sales,222.9672,,,,1970,,,02 TWO FAMILY DWELLINGS,BULLS HEAD,112 FIELDSTONE ROAD,02 TWO FAMILY DWELLINGS
us-nyc,United States,New York,USD,865000.0,133.78032,2025-02-21,nyc_dof_rolling_sales,133.78032,,,,1970,,,02 TWO FAMILY DWELLINGS,BULLS HEAD,44 OLIVER PLACE,02 TWO FAMILY DWELLINGS
us-nyc,United States,New York,USD,970000.0,173.542804,2025-10-15,nyc_dof_rolling_sales,173.542804,,,,1970,,,02 TWO FAMILY DWELLINGS,BULLS HEAD,8 NADAL PLACE,02 TWO FAMILY DWELLINGS
us-nyc,United States,New York,USD,720000.0,187.849866,2025-12-02,nyc_dof_rolling_sales,187.849866,,,,1970,,,02 TWO FAMILY DWELLINGS,BULLS HEAD,24 NADAL PLACE,02 TWO FAMILY DWELLINGS
us-nyc,United States,New York,USD,990000.0,144.92867999999999,2025-06-18,nyc_dof_rolling_sales,144.92867999999999,,,,1975,,,02 TWO FAMILY DWELLINGS,BULLS HEAD,6 LEGGETT PLACE,02 TWO FAMILY DWELLINGS
us-nyc,United States,New York,USD,745000.0,133.78032,2025-08-22,nyc_dof_rolling_sales,133.78032,,,,1978,,,02 TWO FAMILY DWELLINGS,BULLS HEAD,47 MORGAN LANE,02 TWO FAMILY DWELLINGS
us-nyc,United States,New York,USD,375000.0,236.345232,2025-02-28,nyc_dof_rolling_sales,236.345232,,,,1970,,,02 TWO FAMILY DWELLINGS,BULLS HEAD,36 MORGAN LANE,02 TWO FAMILY DWELLINGS
us-nyc,United States,New York,USD,950000.0,190.265344,2025-01-06,nyc_dof_rolling_sales,190.265344,,,,1978,,,02 TWO FAMILY DWELLINGS,BULLS HEAD,405 HILLMAN AVENUE,02 TWO FAMILY DWELLINGS
us-nyc,United States,New York,USD,880000.0,208.474332,2025-10-03,nyc_dof_rolling_sales,208.474332,,,,1965,,,02 TWO FAMILY DWELLINGS,BULLS HEAD,281 ARLENE STREET,02 TWO FAMILY DWELLINGS
us-nyc,United States,New York,USD,970000.0,208.474332,2025-08-06,nyc_dof_rolling_sales,208.474332,,,,1970,,,02 TWO FAMILY DWELLINGS,BULLS HEAD,273 ARLENE STREET,02 TWO FAMILY DWELLINGS
us-nyc,United States,New York,USD,1349181.0,215.906572,2025-11-21,nyc_dof_rolling_sales,215.906572,,,,2025,,,02 TWO FAMILY DWELLINGS,BULLS HEAD,161 LANDER AVENUE,02 TWO FAMILY DWELLINGS
us-nyc,United States,New York,USD,999999.0,225.847193,2025-01-29,nyc_dof_rolling_sales,225.847193,,,,1970,,,02 TWO FAMILY DWELLINGS,BULLS HEAD,208 ARLENE STREET,02 TWO FAMILY DWELLINGS
us-nyc,United States,New York,USD,990000.0,196.396942,2025-10-20,nyc_dof_rolling_sales,196.396942,,,,2006,,,02 TWO FAMILY DWELLINGS,BULLS HEAD,147 KIRSHON AVENUE,02 TWO FAMILY DWELLINGS
us-nyc,United States,New York,USD,755000.0,136.56741,2025-02-19,nyc_dof_rolling_sales,136.56741,,,,1981,,,02 TWO FAMILY DWELLINGS,BULLS HEAD,7 ELSON STREET,02 TWO FAMILY DWELLINGS
us-nyc,United States,New York,USD,10.0,153.847368,2025-03-04,nyc_dof_rolling_sales,153.847368,,,,1975,,,02 TWO FAMILY DWELLINGS,BULLS HEAD,134 FAHY AVENUE,02 TWO FAMILY DWELLINGS
us-nyc,United States,New York,USD,748000.0,173.542804,2025-04-15,nyc_dof_rolling_sales,173.542804,,,,1970,,,02 TWO FAMILY DWELLINGS,BULLS HEAD,8 ZECK COURT,02 TWO FAMILY DWELLINGS
us-nyc,United States,New York,USD,730000.0,157.9351,2025-12-05,nyc_dof_rolling_sales,157.9351,,,,1970,,,02 TWO FAMILY DWELLINGS,BULLS HEAD,61 COMSTOCK AVENUE,02 TWO FAMILY DWELLINGS
us-nyc,United States,New York,USD,850000.0,177.630536,2025-01-07,nyc_dof_rolling_sales,177.630536,,,,1975,,,02 TWO FAMILY DWELLINGS,BULLS HEAD,179 REGIS DRIVE,02 TWO FAMILY DWELLINGS
us-nyc,United States,New York,USD,838000.0,176.144088,2025-10-08,nyc_dof_rolling_sales,176.144088,,,,1970,,,02 TWO FAMILY DWELLINGS,BULLS HEAD,95 REGIS DRIVE,02 TWO FAMILY DWELLINGS
us-nyc,United States,New York,USD,850000.0,197.047263,2025-09-19,nyc_dof_rolling_sales,197.047263,,,,1983,,,02 TWO FAMILY DWELLINGS,BULLS HEAD,235 ADA DRIVE,02 TWO FAMILY DWELLINGS
us-nyc,United States,New York,USD,705000.0,200.67048,2025-06-04,nyc_dof_rolling_sales,200.67048,,,,1985,,,02 TWO FAMILY DWELLINGS,BULLS HEAD,52 ADA DRIVE,02 TWO FAMILY DWELLINGS
us-nyc,United States,New York,USD,750000.0,224.453648,2025-02-07,nyc_dof_rolling_sales,224.453648,,,,1980,,,02 TWO FAMILY DWELLINGS,BULLS HEAD,15 SPARTAN AVENUE,02 TWO FAMILY DWELLINGS
us-nyc,United States,New York,USD,1015000.0,171.684744,2025-06-16,nyc_dof_rolling_sales,171.684744,,,,1975,,,02 TWO FAMILY DWELLINGS,BULLS HEAD,52 AMADOR STREET,02 TWO FAMILY DWELLINGS
us-nyc,United States,New York,USD,815000.0,209.589168,2025-10-09,nyc_dof_rolling_sales,209.589168,,,,1973,,,02 TWO FAMILY DWELLINGS,BULLS HEAD,95 BIRCH ROAD,02 TWO FAMILY DWELLINGS
us-nyc,United States,New York,USD,615000.0,196.768554,2025-12-11,nyc_dof_rolling_sales,196.768554,,,,1970,,,02 TWO FAMILY DWELLINGS,BULLS HEAD,36 WOODCREST ROAD,02 TWO FAMILY DWELLINGS
us-nyc,United States,New York,USD,996000.0,195.09629999999999,2025-10-22,nyc_dof_rolling_sales,195.09629999999999,,,,1970,,,02 TWO FAMILY DWELLINGS,BULLS HEAD,15 BIRCH ROAD,02 TWO FAMILY DWELLINGS
us-nyc,United States,New York,USD,10.0,195.09629999999999,2025-11-25,nyc_dof_rolling_sales,195.09629999999999,,,,1970,,,02 TWO FAMILY DWELLINGS,BULLS HEAD,18 ALBERT COURT,02 TWO FAMILY DWELLINGS
us-nyc,United States,New York,USD,600000.0,195.09629999999999,2025-09-24,nyc_dof_rolling_sales,195.09629999999999,,,,1970,,,02 TWO FAMILY DWELLINGS,BULLS HEAD,18 ALBERT COURT,02 TWO FAMILY DWELLINGS
us-nyc,United States,New York,USD,747000.0,156.07704,2025-08-19,nyc_dof_rolling_sales,156.07704,,,,1991,,,02 TWO FAMILY DWELLINGS,BULLS HEAD,151 AMITY PLACE,02 TWO FAMILY DWELLINGS
us-nyc,United States,New York,USD,940000.0,186.73503,2025-04-30,nyc_dof_rolling_sales,186.73503,,,,1970,,,02 TWO FAMILY DWELLINGS,BULLS HEAD,140 DAWSON CIRCLE,02 TWO FAMILY DWELLINGS
us-nyc,United States,New York,USD,988000.0,218.972371,2025-09-10,nyc_dof_rolling_sales,218.972371,,,,1970,,,02 TWO FAMILY DWELLINGS,BULLS HEAD,107 DAWSON CIRCLE,02 TWO FAMILY DWELLINGS
us-nyc,United States,New York,USD,1030000.0,218.972371,2025-08-26,nyc_dof_rolling_sales,218.972371,,,,1970,,,02 TWO FAMILY DWELLINGS,BULLS HEAD,246 AMSTERDAM AVENUE,02 TWO FAMILY DWELLINGS
us-nyc,United States,New York,USD,990000.0,186.177612,2025-10-15,nyc_dof_rolling_sales,186.177612,,,,1970,,,02 TWO FAMILY DWELLINGS,BULLS HEAD,96 AMSTERDAM AVENUE,02 TWO FAMILY DWELLINGS
us-nyc,United States,New York,USD,1050000.0,201.227898,2025-06-30,nyc_dof_rolling_sales,201.227898,,,,1970,,,02 TWO FAMILY DWELLINGS,BULLS HEAD,461 ARLENE STREET,02 TWO FAMILY DWELLINGS
us-nyc,United States,New York,USD,848400.0,217.300117,2025-02-27,nyc_dof_rolling_sales,217.300117,,,,1970,,,02 TWO FAMILY DWELLINGS,BULLS HEAD,457 ARLENE STREET,02 TWO FAMILY DWELLINGS
us-nyc,United States,New York,USD,1252448.0,244.799405,2025-06-12,nyc_dof_rolling_sales,244.799405,,,,2024,,,02 TWO FAMILY DWELLINGS,BULLS HEAD,18 CLIFTON STREET,02 TWO FAMILY DWELLINGS
us-nyc,United States,New York,USD,1257539.0,244.799405,2025-07-31,nyc_dof_rolling_sales,244.799405,,,,2024,,,02 TWO FAMILY DWELLINGS,BULLS HEAD,16 CLIFTON STREET,02 TWO FAMILY DWELLINGS
us-nyc,United States,New York,USD,739900.0,195.09629999999999,2025-04-07,nyc_dof_rolling_sales,195.09629999999999,,,,1920,,,02 TWO FAMILY DWELLINGS,BULLS HEAD,41 CLIFTON STREET,02 TWO FAMILY DWELLINGS
us-nyc,United States,New York,USD,1150000.0,270.905148,2025-07-18,nyc_dof_rolling_sales,270.905148,,,,1970,,,02 TWO FAMILY DWELLINGS,BULLS HEAD,441 ARLENE STREET,02 TWO FAMILY DWELLINGS
us-nyc,United States,New York,USD,940000.0,248.608428,2025-08-21,nyc_dof_rolling_sales,248.608428,,,,1970,,,02 TWO FAMILY DWELLINGS,BULLS HEAD,437 ARLENE STREET,02 TWO FAMILY DWELLINGS
us-nyc,United States,New York,USD,980000.0,248.608428,2025-08-29,nyc_dof_rolling_sales,248.608428,,,,1970,,,02 TWO FAMILY DWELLINGS,BULLS HEAD,433 ARLENE STREET,02 TWO FAMILY DWELLINGS
us-nyc,United States,New York,USD,1191353.0,196.396942,2025-06-30,nyc_dof_rolling_sales,196.396942,,,,2024,,,02 TWO FAMILY DWELLINGS,BULLS HEAD,137 SOMMER AVENUE,02 TWO FAMILY DWELLINGS
us-nyc,United States,New York,USD,1181170.0,196.396942,2025-07-17,nyc_dof_rolling_sales,196.396942,,,,2024,,,02 TWO FAMILY DWELLINGS,BULLS HEAD,N/A SOMMER AVENUE,02 TWO FAMILY DWELLINGS
us-nyc,United States,New York,USD,955000.0,208.567235,2025-03-27,nyc_dof_rolling_sales,208.567235,,,,1970,,,02 TWO FAMILY DWELLINGS,BULLS HEAD,41 FIRTH ROAD,02 TWO FAMILY DWELLINGS
us-nyc,United States,New York,USD,890000.0,192.123404,2025-04-09,nyc_dof_rolling_sales,192.123404,,,,1980,,,03 THREE FAMILY DWELLINGS,BULLS HEAD,5 LEONA STREET,03 THREE FAMILY DWELLINGS
us-nyc,United States,New York,USD,485000.0,nan,2025-10-23,nyc_dof_rolling_sales,nan,,,,1981,,,04 TAX CLASS 1 CONDOS,BULLS HEAD,42 VEDDER AVENUE,04 TAX CLASS 1 CONDOS
us-nyc,United States,New York,USD,485000.0,nan,2025-07-10,nyc_dof_rolling_sales,nan,,,,1981,,,04 TAX CLASS 1 CONDOS,BULLS HEAD,252 WILLOW ROAD WEST,04 TAX CLASS 1 CONDOS
us-nyc,United States,New York,USD,460000.0,nan,2025-01-24,nyc_dof_rolling_sales,nan,,,,1986,,,04 TAX CLASS 1 CONDOS,BULLS HEAD,28 HOLIDAY WAY,04 TAX CLASS 1 CONDOS
us-nyc,United States,New York,USD,510000.0,nan,2025-09-25,nyc_dof_rolling_sales,nan,,,,1986,,,04 TAX CLASS 1 CONDOS,BULLS HEAD,"31A LEO STREET, 56",04 TAX CLASS 1 CONDOS
us-nyc,United States,New York,USD,469600.0,nan,2025-06-12,nyc_dof_rolling_sales,nan,,,,1986,,,04 TAX CLASS 1 CONDOS,BULLS HEAD,"35 MELISSA STREET, 91",04 TAX CLASS 1 CONDOS
us-nyc,United States,New York,USD,425250.0,nan,2025-04-23,nyc_dof_rolling_sales,nan,,,,1986,,,04 TAX CLASS 1 CONDOS,BULLS HEAD,19A MARC STREET,04 TAX CLASS 1 CONDOS
us-nyc,United States,New York,USD,485000.0,nan,2025-01-27,nyc_dof_rolling_sales,nan,,,,1986,,,04 TAX CLASS 1 CONDOS,BULLS HEAD,17 ANITA STREET,04 TAX CLASS 1 CONDOS
us-nyc,United States,New York,USD,487425.0,nan,2025-01-30,nyc_dof_rolling_sales,nan,,,,1989,,,04 TAX CLASS 1 CONDOS,BULLS HEAD,"44 DEBBIE STREET, 12A",04 TAX CLASS 1 CONDOS
us-nyc,United States,New York,USD,550000.0,nan,2025-01-14,nyc_dof_rolling_sales,nan,,,,1998,,,04 TAX CLASS 1 CONDOS,BULLS HEAD,"56 JENNIFER PLACE, 12B",04 TAX CLASS 1 CONDOS
us-nyc,United States,New York,USD,530000.0,nan,2025-10-28,nyc_dof_rolling_sales,nan,,,,1980,,,04 TAX CLASS 1 CONDOS,BULLS HEAD,40 PARKVIEW LOOP,04 TAX CLASS 1 CONDOS
us-nyc,United States,New York,USD,413000.0,nan,2025-08-21,nyc_dof_rolling_sales,nan,,,,1980,,,04 TAX CLASS 1 CONDOS,BULLS HEAD,126 PARKVIEW LOOP,04 TAX CLASS 1 CONDOS
us-nyc,United States,New York,USD,428000.0,nan,2025-06-19,nyc_dof_rolling_sales,nan,,,,1980,,,04 TAX CLASS 1 CONDOS,BULLS HEAD,167 PARKVIEW LOOP,04 TAX CLASS 1 CONDOS
us-nyc,United States,New York,USD,499500.0,nan,2025-03-26,nyc_dof_rolling_sales,nan,,,,1980,,,04 TAX CLASS 1 CONDOS,BULLS HEAD,99 DEBBIE STREET,04 TAX CLASS 1 CONDOS
us-nyc,United States,New York,USD,490000.0,nan,2025-09-08,nyc_dof_rolling_sales,nan,,,,1983,,,04 TAX CLASS 1 CONDOS,BULLS HEAD,6 JULES DRIVE,04 TAX CLASS 1 CONDOS
us-nyc,United States,New York,USD,510000.0,nan,2025-04-30,nyc_dof_rolling_sales,nan,,,,1984,,,04 TAX CLASS 1 CONDOS,BULLS HEAD,18 JULES DRIVE,04 TAX CLASS 1 CONDOS
us-nyc,United States,New York,USD,425000.0,nan,2025-02-06,nyc_dof_rolling_sales,nan,,,,1984,,,04 TAX CLASS 1 CONDOS,BULLS HEAD,1250A RICHMOND AVENUE,04 TAX CLASS 1 CONDOS
us-nyc,United States,New York,USD,590000.0,nan,2025-07-29,nyc_dof_rolling_sales,nan,,,,1988,,,04 TAX CLASS 1 CONDOS,BULLS HEAD,"49 WOLKOFF LANE, 38",04 TAX CLASS 1 CONDOS
us-nyc,United States,New York,USD,608400.0,nan,2025-06-27,nyc_dof_rolling_sales,nan,,,,1988,,,04 TAX CLASS 1 CONDOS,BULLS HEAD,"68 REGAL WALK, 48",04 TAX CLASS 1 CONDOS
us-nyc,United States,New York,USD,368000.0,nan,2025-04-04,nyc_dof_rolling_sales,nan,,,,1988,,,04 TAX CLASS 1 CONDOS,BULLS HEAD,"54 FARRAGUT AVENUE, 61",04 TAX CLASS 1 CONDOS
us-nyc,United States,New York,USD,540000.0,nan,2025-11-07,nyc_dof_rolling_sales,nan,,,,1988,,,04 TAX CLASS 1 CONDOS,BULLS HEAD,"85 REGAL WALK, 100",04 TAX CLASS 1 CONDOS
us-nyc,United States,New York,USD,349755.0,nan,2025-05-05,nyc_dof_rolling_sales,nan,,,,1988,,,04 TAX CLASS 1 CONDOS,BULLS HEAD,47 REGAL WALK,04 TAX CLASS 1 CONDOS
us-nyc,United States,New York,USD,580000.0,nan,2025-09-22,nyc_dof_rolling_sales,nan,,,,1988,,,04 TAX CLASS 1 CONDOS,BULLS HEAD,"977 GOETHALS ROAD NORTH, 153",04 TAX CLASS 1 CONDOS
us-nyc,United States,New York,USD,510000.0,nan,2025-09-23,nyc_dof_rolling_sales,nan,,,,1983,,,04 TAX CLASS 1 CONDOS,BULLS HEAD,"30 REGIS DRIVE, 76",04 TAX CLASS 1 CONDOS
us-nyc,United States,New York,USD,550000.0,nan,2025-04-30,nyc_dof_rolling_sales,nan,,,,1983,,,04 TAX CLASS 1 CONDOS,BULLS HEAD,"11 JULES DRIVE, 83",04 TAX CLASS 1 CONDOS
us-nyc,United States,New York,USD,119619.0,nan,2025-03-06,nyc_dof_rolling_sales,nan,,,,1983,,,04 TAX CLASS 1 CONDOS,BULLS HEAD,"7 JULES DRIVE, 86",04 TAX CLASS 1 CONDOS
us-nyc,United States,New York,USD,425000.0,nan,2025-05-13,nyc_dof_rolling_sales,nan,,,,1983,,,04 TAX CLASS 1 CONDOS,BULLS HEAD,492 LISK AVENUE,04 TAX CLASS 1 CONDOS
us-nyc,United States,New York,USD,455000.0,nan,2025-04-22,nyc_dof_rolling_sales,nan,,,,1983,,,04 TAX CLASS 1 CONDOS,BULLS HEAD,93A SELVIN LOOP,04 TAX CLASS 1 CONDOS
us-nyc,United States,New York,USD,480000.0,nan,2025-07-08,nyc_dof_rolling_sales,nan,,,,1983,,,04 TAX CLASS 1 CONDOS,BULLS HEAD,"91 SELVIN LOOP, 127",04 TAX CLASS 1 CONDOS
us-nyc,United States,New York,USD,227895.0,nan,2025-04-22,nyc_dof_rolling_sales,nan,,,,1985,,,04 TAX CLASS 1 CONDOS,BULLS HEAD,"94 WOLKOFF LANE, 21",04 TAX CLASS 1 CONDOS
us-nyc,United States,New York,USD,335000.0,nan,2025-07-08,nyc_dof_rolling_sales,nan,,,,1985,,,04 TAX CLASS 1 CONDOS,BULLS HEAD,"94 WOLKOFF LANE, 21",04 TAX CLASS 1 CONDOS
us-nyc,United States,New York,USD,445000.0,nan,2025-11-21,nyc_dof_rolling_sales,nan,,,,1985,,,04 TAX CLASS 1 CONDOS,BULLS HEAD,"94 WOLKOFF LANE, 21",04 TAX CLASS 1 CONDOS
us-nyc,United States,New York,USD,475000.0,nan,2025-02-27,nyc_dof_rolling_sales,nan,,,,1985,,,04 TAX CLASS 1 CONDOS,BULLS HEAD,80 WOLKOFF LANE,04 TAX CLASS 1 CONDOS
us-nyc,United States,New York,USD,400000.0,nan,2025-01-13,nyc_dof_rolling_sales,nan,,,,1990,,,04 TAX CLASS 1 CONDOS,BULLS HEAD,"270 BRUCKNER AVENUE, 270",04 TAX CLASS 1 CONDOS
us-nyc,United States,New York,USD,388000.0,nan,2025-06-05,nyc_dof_rolling_sales,nan,,,,1990,,,04 TAX CLASS 1 CONDOS,BULLS HEAD,"271A BRUCKNER AVENUE, 271A",04 TAX CLASS 1 CONDOS
us-nyc,United States,New York,USD,450000.0,nan,2025-02-27,nyc_dof_rolling_sales,nan,,,,1990,,,04 TAX CLASS 1 CONDOS,BULLS HEAD,"10A HEANEY AVENUE, 10A",04 TAX CLASS 1 CONDOS
us-nyc,United States,New York,USD,555000.0,nan,2025-01-23,nyc_dof_rolling_sales,nan,,,,1977,,,04 TAX CLASS 1 CONDOS,BULLS HEAD,21D SIGNS ROAD,04 TAX CLASS 1 CONDOS
us-nyc,United States,New York,USD,550000.0,nan,2025-03-06,nyc_dof_rolling_sales,nan,,,,1977,,,04 TAX CLASS 1 CONDOS,BULLS HEAD,21C SIGNS ROAD,04 TAX CLASS 1 CONDOS
us-nyc,United States,New York,USD,547000.0,nan,2025-03-07,nyc_dof_rolling_sales,nan,,,,1977,,,04 TAX CLASS 1 CONDOS,BULLS HEAD,17G SIGNS ROAD,04 TAX CLASS 1 CONDOS
us-nyc,United States,New York,USD,575000.0,nan,2025-03-17,nyc_dof_rolling_sales,nan,,,,1977,,,04 TAX CLASS 1 CONDOS,BULLS HEAD,3C SIGNS ROAD,04 TAX CLASS 1 CONDOS
us-nyc,United States,New York,USD,749000.0,137.49644,2025-02-21,nyc_dof_rolling_sales,137.49644,,,,1955,,,21 OFFICE BUILDINGS,BULLS HEAD,156 LAMBERTS LANE,21 OFFICE BUILDINGS
us-nyc,United States,New York,USD,471880.0,140.469336,2025-09-02,nyc_dof_rolling_sales,140.469336,,,,1988,,,21 OFFICE BUILDINGS,BULLS HEAD,1775 RICHMOND AVENUE,21 OFFICE BUILDINGS
us-nyc,United States,New York,USD,1775000.0,183.390522,2025-08-05,nyc_dof_rolling_sales,183.390522,,,,2004,,,22 STORE BUILDINGS,BULLS HEAD,2230 FOREST AVENUE,22 STORE BUILDINGS
us-nyc,United States,New York,USD,2000000.0,349.31528,2025-11-06,nyc_dof_rolling_sales,349.31528,,,,1931,,,29 COMMERCIAL GARAGES,BULLS HEAD,3118 VICTORY BOULEVARD,29 COMMERCIAL GARAGES
us-nyc,United States,New York,USD,6000000.0,10124.661843,2025-11-10,nyc_dof_rolling_sales,10124.661843,,,,1975,,,32 HOSPITAL AND HEALTH FACILITIES,BULLS HEAD,1415 RICHMOND AVENUE,32 HOSPITAL AND HEALTH FACILITIES
us-nyc,United States,New York,USD,875000.0,98.105568,2025-09-18,nyc_dof_rolling_sales,98.105568,,,,1955,,,01 ONE FAMILY DWELLINGS,CASTLETON CORNERS,81 MANOR ROAD,01 ONE FAMILY DWELLINGS
us-nyc,United States,New York,USD,795000.0,141.398366,2025-09-10,nyc_dof_rolling_sales,141.398366,,,,1925,,,01 ONE FAMILY DWELLINGS,CASTLETON CORNERS,801 CURTIS AVENUE,01 ONE FAMILY DWELLINGS
us-nyc,United States,New York,USD,1275000.0,297.010891,2025-03-10,nyc_dof_rolling_sales,297.010891,,,,2024,,,01 ONE FAMILY DWELLINGS,CASTLETON CORNERS,59 ALPINE COURT,01 ONE FAMILY DWELLINGS
us-nyc,United States,New York,USD,700000.0,103.679748,2025-10-27,nyc_dof_rolling_sales,103.679748,,,,1925,,,01 ONE FAMILY DWELLINGS,CASTLETON CORNERS,2 FAIRVIEW AVENUE,01 ONE FAMILY DWELLINGS
us-nyc,United States,New York,USD,645000.0,126.34808,2025-10-28,nyc_dof_rolling_sales,126.34808,,,,1940,,,01 ONE FAMILY DWELLINGS,CASTLETON CORNERS,185 UTTER AVENUE,01 ONE FAMILY DWELLINGS
us-nyc,United States,New York,USD,700000.0,132.293872,2025-10-29,nyc_dof_rolling_sales,132.293872,,,,1920,,,01 ONE FAMILY DWELLINGS,CASTLETON CORNERS,204 UTTER AVENUE,01 ONE FAMILY DWELLINGS
us-nyc,United States,New York,USD,770000.0,133.037096,2025-05-21,nyc_dof_rolling_sales,133.037096,,,,1920,,,01 ONE FAMILY DWELLINGS,CASTLETON CORNERS,190 UTTER AVENUE,01 ONE FAMILY DWELLINGS
us-nyc,United States,New York,USD,700000.0,127.834528,2025-11-07,nyc_dof_rolling_sales,127.834528,,,,1920,,,01 ONE FAMILY DWELLINGS,CASTLETON CORNERS,254 RICE AVENUE,01 ONE FAMILY DWELLINGS
us-nyc,United States,New York,USD,695000.0,93.088806,2025-09-17,nyc_dof_rolling_sales,93.088806,,,,1925,,,01 ONE FAMILY DWELLINGS,CASTLETON CORNERS,262 UTTER AVENUE,01 ONE FAMILY DWELLINGS
us-nyc,United States,New York,USD,925000.0,153.28995,2025-10-27,nyc_dof_rolling_sales,153.28995,,,,1935,,,01 ONE FAMILY DWELLINGS,CASTLETON CORNERS,125 FAIRVIEW AVENUE,01 ONE FAMILY DWELLINGS
us-nyc,United States,New York,USD,1524000.0,179.116984,2025-11-25,nyc_dof_rolling_sales,179.116984,,,,1950,,,01 ONE FAMILY DWELLINGS,CASTLETON CORNERS,100 KNOX PLACE,01 ONE FAMILY DWELLINGS
us-nyc,United States,New York,USD,820000.0,135.63838,2025-06-25,nyc_dof_rolling_sales,135.63838,,,,1930,,,01 ONE FAMILY DWELLINGS,CASTLETON CORNERS,195 FAIRVIEW AVENUE,01 ONE FAMILY DWELLINGS
us-nyc,United States,New York,USD,1050000.0,152.36092,2025-07-25,nyc_dof_rolling_sales,152.36092,,,,1925,,,01 ONE FAMILY DWELLINGS,CASTLETON CORNERS,200 POTTER AVENUE,01 ONE FAMILY DWELLINGS
us-nyc,United States,New York,USD,732000.0,75.808848,2025-04-25,nyc_dof_rolling_sales,75.808848,,,,1950,,,01 ONE FAMILY DWELLINGS,CASTLETON CORNERS,106 FAIRVIEW AVENUE,01 ONE FAMILY DWELLINGS
us-nyc,United States,New York,USD,809000.0,140.28353,2025-01-07,nyc_dof_rolling_sales,140.28353,,,,1920,,,01 ONE FAMILY DWELLINGS,CASTLETON CORNERS,122 FAIRVIEW AVENUE,01 ONE FAMILY DWELLINGS
us-nyc,United States,New York,USD,635000.0,89.18688,2025-04-25,nyc_dof_rolling_sales,89.18688,,,,1950,,,01 ONE FAMILY DWELLINGS,CASTLETON CORNERS,119 STURGES STREET,01 ONE FAMILY DWELLINGS
us-nyc,United States,New York,USD,825000.0,111.4836,2025-05-19,nyc_dof_rolling_sales,111.4836,,,,1950,,,01 ONE FAMILY DWELLINGS,CASTLETON CORNERS,67 GOVERNOR ROAD,01 ONE FAMILY DWELLINGS
us-nyc,United States,New York,USD,770000.0,170.198296,2025-06-30,nyc_dof_rolling_sales,170.198296,,,,1960,,,01 ONE FAMILY DWELLINGS,CASTLETON CORNERS,531 JEWETT AVENUE,01 ONE FAMILY DWELLINGS
us-nyc,United States,New York,USD,675000.0,159.79316,2025-04-03,nyc_dof_rolling_sales,159.79316,,,,1940,,,01 ONE FAMILY DWELLINGS,CASTLETON CORNERS,230 EGBERT AVENUE,01 ONE FAMILY DWELLINGS
us-nyc,United States,New York,USD,880000.0,178.838275,2025-10-02,nyc_dof_rolling_sales,178.838275,,,,1960,,,01 ONE FAMILY DWELLINGS,CASTLETON CORNERS,161 RAVENHURST AVENUE,01 ONE FAMILY DWELLINGS
us-nyc,United States,New York,USD,750000.0,260.1284,2025-01-21,nyc_dof_rolling_sales,260.1284,,,,1970,,,01 ONE FAMILY DWELLINGS,CASTLETON CORNERS,182 BENEDICT AVENUE,01 ONE FAMILY DWELLINGS
us-nyc,United States,New York,USD,1435000.0,260.1284,2025-11-07,nyc_dof_rolling_sales,260.1284,,,,1970,,,01 ONE FAMILY DWELLINGS,CASTLETON CORNERS,182 BENEDICT AVENUE,01 ONE FAMILY DWELLINGS
us-nyc,United States,New York,USD,820000.0,101.450076,2025-01-30,nyc_dof_rolling_sales,101.450076,,,,1960,,,01 ONE FAMILY DWELLINGS,CASTLETON CORNERS,82 RAVENHURST AVENUE,01 ONE FAMILY DWELLINGS
us-nyc,United States,New York,USD,790000.0,101.450076,2025-03-13,nyc_dof_rolling_sales,101.450076,,,,1960,,,01 ONE FAMILY DWELLINGS,CASTLETON CORNERS,74 RAVENHURST AVENUE,01 ONE FAMILY DWELLINGS
us-nyc,United States,New York,USD,805000.0,124.49002,2025-09-17,nyc_dof_rolling_sales,124.49002,,,,1970,,,01 ONE FAMILY DWELLINGS,CASTLETON CORNERS,183 BENEDICT AVENUE,01 ONE FAMILY DWELLINGS
us-nyc,United States,New York,USD,1260000.0,225.19687199999998,2025-06-23,nyc_dof_rolling_sales,225.19687199999998,,,,1905,,,01 ONE FAMILY DWELLINGS,CASTLETON CORNERS,269 COLLEGE AVENUE,01 ONE FAMILY DWELLINGS
us-nyc,United States,New York,USD,875000.0,125.233244,2025-04-07,nyc_dof_rolling_sales,125.233244,,,,1915,,,01 ONE FAMILY DWELLINGS,CASTLETON CORNERS,145 MAINE AVENUE,01 ONE FAMILY DWELLINGS
us-nyc,United States,New York,USD,844400.0,147.344158,2025-12-04,nyc_dof_rolling_sales,147.344158,,,,1965,,,01 ONE FAMILY DWELLINGS,CASTLETON CORNERS,138 KINGSLEY AVENUE,01 ONE FAMILY DWELLINGS
us-nyc,United States,New York,USD,742304.0,190.07953799999999,2025-11-14,nyc_dof_rolling_sales,190.07953799999999,,,,1975,,,01 ONE FAMILY DWELLINGS,CASTLETON CORNERS,11 DELAWARE PLACE,01 ONE FAMILY DWELLINGS
us-nyc,United States,New York,USD,705000.0,85.099148,2025-02-07,nyc_dof_rolling_sales,85.099148,,,,1945,,,01 ONE FAMILY DWELLINGS,CASTLETON CORNERS,39 KEIBER COURT,01 ONE FAMILY DWELLINGS
us-nyc,United States,New York,USD,870000.0,96.247508,2025-06-30,nyc_dof_rolling_sales,96.247508,,,,1955,,,01 ONE FAMILY DWELLINGS,CASTLETON CORNERS,19 MARGARETTA COURT,01 ONE FAMILY DWELLINGS
us-nyc,United States,New York,USD,850000.0,217.207214,2025-07-11,nyc_dof_rolling_sales,217.207214,,,,1940,,,01 ONE FAMILY DWELLINGS,CASTLETON CORNERS,396 MANOR ROAD,01 ONE FAMILY DWELLINGS
us-nyc,United States,New York,USD,540000.0,237.088456,2025-08-28,nyc_dof_rolling_sales,237.088456,,,,1950,,,01 ONE FAMILY DWELLINGS,CASTLETON CORNERS,30 SAWYER AVENUE,01 ONE FAMILY DWELLINGS
us-nyc,United States,New York,USD,878000.0,107.302965,2025-09-04,nyc_dof_rolling_sales,107.302965,,,,1940,,,01 ONE FAMILY DWELLINGS,CASTLETON CORNERS,79 GOODWIN AVENUE,01 ONE FAMILY DWELLINGS
us-nyc,United States,New York,USD,631000.0,104.608778,2025-11-18,nyc_dof_rolling_sales,104.608778,,,,1950,,,01 ONE FAMILY DWELLINGS,CASTLETON CORNERS,36 SAWYER AVENUE,01 ONE FAMILY DWELLINGS
us-nyc,United States,New York,USD,825000.0,142.699008,2025-10-09,nyc_dof_rolling_sales,142.699008,,,,1950,,,01 ONE FAMILY DWELLINGS,CASTLETON CORNERS,56 GOODWIN AVENUE,01 ONE FAMILY DWELLINGS
us-nyc,United States,New York,USD,655000.0,103.679748,2025-02-27,nyc_dof_rolling_sales,103.679748,,,,1960,,,01 ONE FAMILY DWELLINGS,CASTLETON CORNERS,47 RAYMOND AVENUE,01 ONE FAMILY DWELLINGS
us-nyc,United States,New York,USD,525000.0,89.18688,2025-02-14,nyc_dof_rolling_sales,89.18688,,,,1950,,,01 ONE FAMILY DWELLINGS,CASTLETON CORNERS,1863 VICTORY BOULEVARD,01 ONE FAMILY DWELLINGS
us-nyc,United States,New York,USD,528000.0,81.75464,2025-04-08,nyc_dof_rolling_sales,81.75464,,,,1950,,,01 ONE FAMILY DWELLINGS,CASTLETON CORNERS,28 COALE AVENUE,01 ONE FAMILY DWELLINGS
us-nyc,United States,New York,USD,490000.0,81.75464,2025-05-06,nyc_dof_rolling_sales,81.75464,,,,1950,,,01 ONE FAMILY DWELLINGS,CASTLETON CORNERS,4 COALE AVENUE,01 ONE FAMILY DWELLINGS
us-nyc,United States,New York,USD,375000.0,81.75464,2025-11-24,nyc_dof_rolling_sales,81.75464,,,,1940,,,01 ONE FAMILY DWELLINGS,CASTLETON CORNERS,95 CHANDLER AVENUE,01 ONE FAMILY DWELLINGS
us-nyc,United States,New York,USD,300000.0,125.41905,2025-11-06,nyc_dof_rolling_sales,125.41905,,,,1955,,,01 ONE FAMILY DWELLINGS,CASTLETON CORNERS,111 CHANDLER AVENUE,01 ONE FAMILY DWELLINGS
us-nyc,United States,New York,USD,822000.0,135.266768,2025-01-31,nyc_dof_rolling_sales,135.266768,,,,1965,,,01 ONE FAMILY DWELLINGS,CASTLETON CORNERS,118 MAINE AVENUE,01 ONE FAMILY DWELLINGS
us-nyc,United States,New York,USD,240445.0,105.537808,2025-09-25,nyc_dof_rolling_sales,105.537808,,,,1945,,,01 ONE FAMILY DWELLINGS,CASTLETON CORNERS,99 CONSTANT AVENUE,01 ONE FAMILY DWELLINGS
us-nyc,United States,New York,USD,800000.0,141.21256,2025-07-28,nyc_dof_rolling_sales,141.21256,,,,1935,,,01 ONE FAMILY DWELLINGS,CASTLETON CORNERS,111 MARGARETTA COURT,01 ONE FAMILY DWELLINGS
us-nyc,United States,New York,USD,730000.0,150.967375,2025-05-30,nyc_dof_rolling_sales,150.967375,,,,1925,,,01 ONE FAMILY DWELLINGS,CASTLETON CORNERS,174 KEIBER COURT,01 ONE FAMILY DWELLINGS
us-nyc,United States,New York,USD,830000.0,161.372511,2025-07-03,nyc_dof_rolling_sales,161.372511,,,,1935,,,01 ONE FAMILY DWELLINGS,CASTLETON CORNERS,171 KEIBER COURT,01 ONE FAMILY DWELLINGS
us-nyc,United States,New York,USD,625000.0,149.295121,2025-07-21,nyc_dof_rolling_sales,149.295121,,,,1941,,,01 ONE FAMILY DWELLINGS,CASTLETON CORNERS,184 CONSTANT AVENUE,01 ONE FAMILY DWELLINGS
us-nyc,United States,New York,USD,970000.0,93.739127,2025-01-16,nyc_dof_rolling_sales,93.739127,,,,1935,,,01 ONE FAMILY DWELLINGS,CASTLETON CORNERS,142 GOODWIN AVENUE,01 ONE FAMILY DWELLINGS
us-nyc,United States,New York,USD,730000.0,142.977717,2025-10-22,nyc_dof_rolling_sales,142.977717,,,,1950,,,01 ONE FAMILY DWELLINGS,CASTLETON CORNERS,183 GOODWIN AVENUE,01 ONE FAMILY DWELLINGS
us-nyc,United States,New York,USD,10.0,113.713272,2025-05-14,nyc_dof_rolling_sales,113.713272,,,,1950,,,01 ONE FAMILY DWELLINGS,CASTLETON CORNERS,76 MARGARETTA COURT,01 ONE FAMILY DWELLINGS
us-nyc,United States,New York,USD,776000.0,126.626789,2025-04-18,nyc_dof_rolling_sales,126.626789,,,,1950,,,01 ONE FAMILY DWELLINGS,CASTLETON CORNERS,108 WESTCOTT BOULEVARD,01 ONE FAMILY DWELLINGS
us-nyc,United States,New York,USD,995000.0,165.274437,2025-08-11,nyc_dof_rolling_sales,165.274437,,,,1950,,,01 ONE FAMILY DWELLINGS,CASTLETON CORNERS,92 SAWYER AVENUE,01 ONE FAMILY DWELLINGS
us-nyc,United States,New York,USD,875000.0,137.49644,2025-10-31,nyc_dof_rolling_sales,137.49644,,,,1945,,,01 ONE FAMILY DWELLINGS,CASTLETON CORNERS,160 WESTCOTT BOULEVARD,01 ONE FAMILY DWELLINGS
us-nyc,United States,New York,USD,1300000.0,166.389273,2025-08-05,nyc_dof_rolling_sales,166.389273,,,,1950,,,01 ONE FAMILY DWELLINGS,CASTLETON CORNERS,132 CROWELL AVENUE,01 ONE FAMILY DWELLINGS
us-nyc,United States,New York,USD,708000.0,148.551897,2025-06-06,nyc_dof_rolling_sales,148.551897,,,,1950,,,01 ONE FAMILY DWELLINGS,CASTLETON CORNERS,130 COALE AVENUE,01 ONE FAMILY DWELLINGS
us-nyc,United States,New York,USD,10.0,148.6448,2025-06-12,nyc_dof_rolling_sales,148.6448,,,,1955,,,01 ONE FAMILY DWELLINGS,CASTLETON CORNERS,111 COALE AVENUE,01 ONE FAMILY DWELLINGS
us-nyc,United States,New York,USD,620000.0,91.97397,2025-03-13,nyc_dof_rolling_sales,91.97397,,,,1920,,,01 ONE FAMILY DWELLINGS,CASTLETON CORNERS,80 WINTHROP PLACE,01 ONE FAMILY DWELLINGS
us-nyc,United States,New York,USD,900000.0,98.105568,2025-11-05,nyc_dof_rolling_sales,98.105568,,,,1915,,,01 ONE FAMILY DWELLINGS,CASTLETON CORNERS,27 SOMMERS LANE,01 ONE FAMILY DWELLINGS
us-nyc,United States,New York,USD,785000.0,162.858959,2025-06-12,nyc_dof_rolling_sales,162.858959,,,,1925,,,01 ONE FAMILY DWELLINGS,CASTLETON CORNERS,41 JOSEPHINE STREET,01 ONE FAMILY DWELLINGS
us-nyc,United States,New York,USD,705000.0,110.740376,2025-02-19,nyc_dof_rolling_sales,110.740376,,,,1995,,,01 ONE FAMILY DWELLINGS,CASTLETON CORNERS,35 GARDEN STREET,01 ONE FAMILY DWELLINGS
us-nyc,United States,New York,USD,510000.0,76.644975,2025-10-10,nyc_dof_rolling_sales,76.644975,,,,1960,,,01 ONE FAMILY DWELLINGS,CASTLETON CORNERS,83A NORTH GANNON AVENUE,01 ONE FAMILY DWELLINGS
us-nyc,United States,New York,USD,482500.0,75.808848,2025-01-22,nyc_dof_rolling_sales,75.808848,,,,1955,,,01 ONE FAMILY DWELLINGS,CASTLETON CORNERS,52 CLERMONT PLACE,01 ONE FAMILY DWELLINGS
us-nyc,United States,New York,USD,755000.0,139.726112,2025-04-11,nyc_dof_rolling_sales,139.726112,,,,1930,,,01 ONE FAMILY DWELLINGS,CASTLETON CORNERS,111 GANSEVOORT BOULEVARD,01 ONE FAMILY DWELLINGS
us-nyc,United States,New York,USD,690000.0,98.47718,2025-05-08,nyc_dof_rolling_sales,98.47718,,,,1940,,,01 ONE FAMILY DWELLINGS,CASTLETON CORNERS,109 QUINLAN AVENUE,01 ONE FAMILY DWELLINGS
us-nyc,United States,New York,USD,720000.0,87.700432,2025-08-12,nyc_dof_rolling_sales,87.700432,,,,1925,,,01 ONE FAMILY DWELLINGS,CASTLETON CORNERS,38 QUINLAN AVENUE,01 ONE FAMILY DWELLINGS
us-nyc,United States,New York,USD,936790.0,175.58667,2025-10-09,nyc_dof_rolling_sales,175.58667,,,,2024,,,01 ONE FAMILY DWELLINGS,CASTLETON CORNERS,N/A PERRY AVENUE,01 ONE FAMILY DWELLINGS
us-nyc,United States,New York,USD,740000.0,101.450076,2025-12-10,nyc_dof_rolling_sales,101.450076,,,,1960,,,01 ONE FAMILY DWELLINGS,CASTLETON CORNERS,127 BRADLEY AVENUE,01 ONE FAMILY DWELLINGS
us-nyc,United States,New York,USD,738000.0,96.61912,2025-02-26,nyc_dof_rolling_sales,96.61912,,,,1960,,,01 ONE FAMILY DWELLINGS,CASTLETON CORNERS,105 BRADLEY AVENUE,01 ONE FAMILY DWELLINGS
us-nyc,United States,New York,USD,53000.0,116.12875,2025-10-09,nyc_dof_rolling_sales,116.12875,,,,1955,,,01 ONE FAMILY DWELLINGS,CASTLETON CORNERS,152 PURDY AVENUE,01 ONE FAMILY DWELLINGS
us-nyc,United States,New York,USD,730000.0,116.12875,2025-08-07,nyc_dof_rolling_sales,116.12875,,,,1955,,,01 ONE FAMILY DWELLINGS,CASTLETON CORNERS,144 PURDY AVENUE,01 ONE FAMILY DWELLINGS
us-nyc,United States,New York,USD,715000.0,111.948115,2025-03-06,nyc_dof_rolling_sales,111.948115,,,,1950,,,02 TWO FAMILY DWELLINGS,CASTLETON CORNERS,46 KINGSLEY AVENUE,02 TWO FAMILY DWELLINGS
us-nyc,United States,New York,USD,500000.0,178.931178,2025-08-08,nyc_dof_rolling_sales,178.931178,,,,1915,,,02 TWO FAMILY DWELLINGS,CASTLETON CORNERS,289 POTTER AVENUE,02 TWO FAMILY DWELLINGS
us-nyc,United States,New York,USD,940000.0,224.453648,2025-06-26,nyc_dof_rolling_sales,224.453648,,,,1920,,,02 TWO FAMILY DWELLINGS,CASTLETON CORNERS,291 POTTER AVE,02 TWO FAMILY DWELLINGS
us-nyc,United States,New York,USD,700000.0,164.99572799999999,2025-03-28,nyc_dof_rolling_sales,164.99572799999999,,,,1942,,,02 TWO FAMILY DWELLINGS,CASTLETON CORNERS,67 DONGAN AVENUE,02 TWO FAMILY DWELLINGS
us-nyc,United States,New York,USD,701000.0,164.99572799999999,2025-06-27,nyc_dof_rolling_sales,164.99572799999999,,,,1950,,,02 TWO FAMILY DWELLINGS,CASTLETON CORNERS,79 DONGAN AVENUE,02 TWO FAMILY DWELLINGS
us-nyc,United States,New York,USD,660000.0,160.536384,2025-01-22,nyc_dof_rolling_sales,160.536384,,,,1950,,,02 TWO FAMILY DWELLINGS,CASTLETON CORNERS,31 HODGES PLACE,02 TWO FAMILY DWELLINGS
us-nyc,United States,New York,USD,650000.0,156.07704,2025-01-27,nyc_dof_rolling_sales,156.07704,,,,1950,,,02 TWO FAMILY DWELLINGS,CASTLETON CORNERS,12 HODGES PLACE,02 TWO FAMILY DWELLINGS
us-nyc,United States,New York,USD,955000.0,192.495016,2025-07-07,nyc_dof_rolling_sales,192.495016,,,,1970,,,02 TWO FAMILY DWELLINGS,CASTLETON CORNERS,36 KAREN COURT,02 TWO FAMILY DWELLINGS
us-nyc,United States,New York,USD,805000.0,105.537808,2025-03-06,nyc_dof_rolling_sales,105.537808,,,,1955,,,02 TWO FAMILY DWELLINGS,CASTLETON CORNERS,17 SOUTH GREENLEAF AVENUE,02 TWO FAMILY DWELLINGS
us-nyc,United States,New York,USD,575000.0,135.266768,2025-06-25,nyc_dof_rolling_sales,135.266768,,,,1920,,,02 TWO FAMILY DWELLINGS,CASTLETON CORNERS,305 COLLEGE AVENUE,02 TWO FAMILY DWELLINGS
us-nyc,United States,New York,USD,1120000.0,165.738952,2025-05-07,nyc_dof_rolling_sales,165.738952,,,,1915,,,02 TWO FAMILY DWELLINGS,CASTLETON CORNERS,278 COLLEGE AVENUE,02 TWO FAMILY DWELLINGS
us-nyc,United States,New York,USD,90000.0,160.536384,2025-02-06,nyc_dof_rolling_sales,160.536384,,,,1920,,,02 TWO FAMILY DWELLINGS,CASTLETON CORNERS,122 KINGSLEY AVENUE,02 TWO FAMILY DWELLINGS
us-nyc,United States,New York,USD,1680112.0,387.591316,2025-03-31,nyc_dof_rolling_sales,387.591316,,,,2024,,,02 TWO FAMILY DWELLINGS,CASTLETON CORNERS,340 MANOR ROAD,02 TWO FAMILY DWELLINGS
us-nyc,United States,New York,USD,753000.0,151.617696,2025-02-21,nyc_dof_rolling_sales,151.617696,,,,1950,,,02 TWO FAMILY DWELLINGS,CASTLETON CORNERS,45 SAWYER AVENUE,02 TWO FAMILY DWELLINGS
us-nyc,United States,New York,USD,999000.0,304.350228,2025-01-30,nyc_dof_rolling_sales,304.350228,,,,1970,,,02 TWO FAMILY DWELLINGS,CASTLETON CORNERS,109 WESTCOTT BOULEVARD,02 TWO FAMILY DWELLINGS
us-nyc,United States,New York,USD,785000.0,169.08346,2025-03-05,nyc_dof_rolling_sales,169.08346,,,,1965,,,02 TWO FAMILY DWELLINGS,CASTLETON CORNERS,349 SOUTH GREENLEAF AVE,02 TWO FAMILY DWELLINGS
us-nyc,United States,New York,USD,910000.0,228.912992,2025-09-16,nyc_dof_rolling_sales,228.912992,,,,1925,,,02 TWO FAMILY DWELLINGS,CASTLETON CORNERS,14 JOAN PLACE,02 TWO FAMILY DWELLINGS
us-nyc,United States,New York,USD,920000.0,190.915665,2025-07-02,nyc_dof_rolling_sales,190.915665,,,,1950,,,02 TWO FAMILY DWELLINGS,CASTLETON CORNERS,149 CHANDLER AVENUE,02 TWO FAMILY DWELLINGS
us-nyc,United States,New York,USD,822500.0,170.94152,2025-09-22,nyc_dof_rolling_sales,170.94152,,,,1920,,,02 TWO FAMILY DWELLINGS,CASTLETON CORNERS,188 CHANDLER AVENUE,02 TWO FAMILY DWELLINGS
us-nyc,United States,New York,USD,1313543.0,313.547625,2025-01-28,nyc_dof_rolling_sales,313.547625,,,,2024,,,02 TWO FAMILY DWELLINGS,CASTLETON CORNERS,97 QUINLAN AVENUE,02 TWO FAMILY DWELLINGS
us-nyc,United States,New York,USD,980066.0,236.90265,2025-10-16,nyc_dof_rolling_sales,236.90265,,,,2024,,,02 TWO FAMILY DWELLINGS,CASTLETON CORNERS,107 PERRY AVENUE,02 TWO FAMILY DWELLINGS
us-nyc,United States,New York,USD,1200000.0,200.67048,2025-01-23,nyc_dof_rolling_sales,200.67048,,,,1920,,,03 THREE FAMILY DWELLINGS,CASTLETON CORNERS,1124 FOREST AVENUE,03 THREE FAMILY DWELLINGS
us-nyc,United States,New York,USD,484500.0,nan,2025-02-24,nyc_dof_rolling_sales,nan,,,,1915,,,04 TAX CLASS 1 CONDOS,CASTLETON CORNERS,"172 GREENLEAF AVENUE, 2B",04 TAX CLASS 1 CONDOS
us-nyc,United States,New York,USD,975000.0,247.493592,2025-08-26,nyc_dof_rolling_sales,247.493592,,,,1949,,,21 OFFICE BUILDINGS,CASTLETON CORNERS,482 MANOR ROAD,21 OFFICE BUILDINGS
us-nyc,United States,New York,USD,950000.0,429.21186,2025-11-06,nyc_dof_rolling_sales,429.21186,,,,1935,,,22 STORE BUILDINGS,CASTLETON CORNERS,1749 VICTORY BOULEVARD,22 STORE BUILDINGS
us-nyc,United States,New York,USD,900000.0,144.557068,2025-08-07,nyc_dof_rolling_sales,144.557068,,,,1960,,,01 ONE FAMILY DWELLINGS,CLOVE LAKES,21 CHESHIRE PLACE,01 ONE FAMILY DWELLINGS
us-nyc,United States,New York,USD,975000.0,126.626789,2025-03-28,nyc_dof_rolling_sales,126.626789,,,,1950,,,01 ONE FAMILY DWELLINGS,CLOVE LAKES,117 BEVERLY AVENUE,01 ONE FAMILY DWELLINGS
us-nyc,United States,New York,USD,629000.0,101.450076,2025-06-23,nyc_dof_rolling_sales,101.450076,,,,1955,,,01 ONE FAMILY DWELLINGS,CLOVE LAKES,126 WALDRON AVENUE,01 ONE FAMILY DWELLINGS
us-nyc,United States,New York,USD,917500.0,217.764632,2025-11-18,nyc_dof_rolling_sales,217.764632,,,,1986,,,01 ONE FAMILY DWELLINGS,CLOVE LAKES,967 BARD AVENUE,01 ONE FAMILY DWELLINGS
us-nyc,United States,New York,USD,675000.0,116.871974,2025-09-09,nyc_dof_rolling_sales,116.871974,,,,1993,,,01 ONE FAMILY DWELLINGS,CLOVE LAKES,540 PELTON AVENUE,01 ONE FAMILY DWELLINGS
us-nyc,United States,New York,USD,820000.0,98.291374,2025-06-25,nyc_dof_rolling_sales,98.291374,,,,1950,,,01 ONE FAMILY DWELLINGS,CLOVE LAKES,553 OAKLAND AVENUE,01 ONE FAMILY DWELLINGS
us-nyc,United States,New York,USD,605000.0,115.942944,2025-04-25,nyc_dof_rolling_sales,115.942944,,,,1993,,,01 ONE FAMILY DWELLINGS,CLOVE LAKES,520 OAKLAND AVENUE,01 ONE FAMILY DWELLINGS
us-nyc,United States,New York,USD,770000.0,101.635882,2025-09-17,nyc_dof_rolling_sales,101.635882,,,,1940,,,01 ONE FAMILY DWELLINGS,CLOVE LAKES,575 BEMENT AVENUE,01 ONE FAMILY DWELLINGS
us-nyc,United States,New York,USD,590000.0,119.659064,2025-08-08,nyc_dof_rolling_sales,119.659064,,,,1925,,,01 ONE FAMILY DWELLINGS,CLOVE LAKES,6 GREEN STREET,01 ONE FAMILY DWELLINGS
us-nyc,United States,New York,USD,950000.0,144.92867999999999,2025-05-28,nyc_dof_rolling_sales,144.92867999999999,,,,1945,,,01 ONE FAMILY DWELLINGS,CLOVE LAKES,673 PELTON AVENUE,01 ONE FAMILY DWELLINGS
us-nyc,United States,New York,USD,960000.0,96.61912,2025-07-17,nyc_dof_rolling_sales,96.61912,,,,1950,,,01 ONE FAMILY DWELLINGS,CLOVE LAKES,708 PELTON AVENUE,01 ONE FAMILY DWELLINGS
us-nyc,United States,New York,USD,860000.0,121.888736,2025-11-25,nyc_dof_rolling_sales,121.888736,,,,1935,,,01 ONE FAMILY DWELLINGS,CLOVE LAKES,152 HARVEST AVENUE,01 ONE FAMILY DWELLINGS
us-nyc,United States,New York,USD,550000.0,112.59843599999999,2025-03-05,nyc_dof_rolling_sales,112.59843599999999,,,,1935,,,01 ONE FAMILY DWELLINGS,CLOVE LAKES,689 BEMENT AVENUE,01 ONE FAMILY DWELLINGS
us-nyc,United States,New York,USD,590000.0,185.806,2025-07-03,nyc_dof_rolling_sales,185.806,,,,1935,,,01 ONE FAMILY DWELLINGS,CLOVE LAKES,677 BEMENT AVENUE,01 ONE FAMILY DWELLINGS
us-nyc,United States,New York,USD,1298269.0,283.911568,2025-06-11,nyc_dof_rolling_sales,283.911568,,,,2024,,,01 ONE FAMILY DWELLINGS,CLOVE LAKES,N/A OAKLAND AVENUE,01 ONE FAMILY DWELLINGS
us-nyc,United States,New York,USD,940000.0,78.03852,2025-06-27,nyc_dof_rolling_sales,78.03852,,,,1945,,,01 ONE FAMILY DWELLINGS,CLOVE LAKES,710 OAKLAND AVENUE,01 ONE FAMILY DWELLINGS
us-nyc,United States,New York,USD,960000.0,130.807424,2025-08-26,nyc_dof_rolling_sales,130.807424,,,,1940,,,01 ONE FAMILY DWELLINGS,CLOVE LAKES,718 OAKLAND AVENUE,01 ONE FAMILY DWELLINGS
us-nyc,United States,New York,USD,850000.0,169.455072,2025-09-19,nyc_dof_rolling_sales,169.455072,,,,1950,,,01 ONE FAMILY DWELLINGS,CLOVE LAKES,38 STARR AVENUE,01 ONE FAMILY DWELLINGS
us-nyc,United States,New York,USD,725000.0,126.34808,2025-07-29,nyc_dof_rolling_sales,126.34808,,,,1955,,,01 ONE FAMILY DWELLINGS,CLOVE LAKES,274 MORRISON AVENUE,01 ONE FAMILY DWELLINGS
us-nyc,United States,New York,USD,715000.0,163.787989,2025-09-29,nyc_dof_rolling_sales,163.787989,,,,1935,,,01 ONE FAMILY DWELLINGS,CLOVE LAKES,187 HARVEST AVENUE,01 ONE FAMILY DWELLINGS
us-nyc,United States,New York,USD,715000.0,151.989308,2025-01-21,nyc_dof_rolling_sales,151.989308,,,,1920,,,01 ONE FAMILY DWELLINGS,CLOVE LAKES,244 HARVEST AVENUE,01 ONE FAMILY DWELLINGS
us-nyc,United States,New York,USD,900000.0,232.722015,2025-11-04,nyc_dof_rolling_sales,232.722015,,,,1920,,,01 ONE FAMILY DWELLINGS,CLOVE LAKES,43 COLONIAL COURT,01 ONE FAMILY DWELLINGS
us-nyc,United States,New York,USD,762000.0,109.997152,2025-05-23,nyc_dof_rolling_sales,109.997152,,,,1950,,,01 ONE FAMILY DWELLINGS,CLOVE LAKES,16 HOWE STREET,01 ONE FAMILY DWELLINGS
us-nyc,United States,New York,USD,10.0,113.620369,2025-05-24,nyc_dof_rolling_sales,113.620369,,,,1960,,,01 ONE FAMILY DWELLINGS,CLOVE LAKES,924 FOREST AVENUE,01 ONE FAMILY DWELLINGS
us-nyc,United States,New York,USD,629000.0,77.295296,2025-01-17,nyc_dof_rolling_sales,77.295296,,,,1955,,,01 ONE FAMILY DWELLINGS,CLOVE LAKES,785 CLOVE ROAD,01 ONE FAMILY DWELLINGS
us-nyc,United States,New York,USD,825000.0,172.79958,2025-10-14,nyc_dof_rolling_sales,172.79958,,,,1955,,,01 ONE FAMILY DWELLINGS,CLOVE LAKES,17 BROOKS POND PLACE,01 ONE FAMILY DWELLINGS
us-nyc,United States,New York,USD,736000.0,104.515875,2025-08-04,nyc_dof_rolling_sales,104.515875,,,,1950,,,01 ONE FAMILY DWELLINGS,CLOVE LAKES,41 POTTER AVENUE,01 ONE FAMILY DWELLINGS
us-nyc,United States,New York,USD,775000.0,106.652644,2025-01-06,nyc_dof_rolling_sales,106.652644,,,,1955,,,01 ONE FAMILY DWELLINGS,CLOVE LAKES,65 LAKELAND ROAD,01 ONE FAMILY DWELLINGS
us-nyc,United States,New York,USD,578123.0,137.682246,2025-03-31,nyc_dof_rolling_sales,137.682246,,,,1960,,,01 ONE FAMILY DWELLINGS,CLOVE LAKES,954 CLOVE ROAD,01 ONE FAMILY DWELLINGS
us-nyc,United States,New York,USD,850000.0,153.011241,2025-10-30,nyc_dof_rolling_sales,153.011241,,,,1950,,,01 ONE FAMILY DWELLINGS,CLOVE LAKES,249 SLOSSON AVENUE,01 ONE FAMILY DWELLINGS
us-nyc,United States,New York,USD,825000.0,105.537808,2025-12-05,nyc_dof_rolling_sales,105.537808,,,,1955,,,01 ONE FAMILY DWELLINGS,CLOVE LAKES,35 BRENTON PLACE,01 ONE FAMILY DWELLINGS
us-nyc,United States,New York,USD,930000.0,151.617696,2025-09-19,nyc_dof_rolling_sales,151.617696,,,,1960,,,02 TWO FAMILY DWELLINGS,CLOVE LAKES,1055 VICTORY BOULEVARD,02 TWO FAMILY DWELLINGS
us-nyc,United States,New York,USD,965000.0,132.293872,2025-02-28,nyc_dof_rolling_sales,132.293872,,,,1930,,,02 TWO FAMILY DWELLINGS,CLOVE LAKES,572 DAVIS AVENUE,02 TWO FAMILY DWELLINGS
us-nyc,United States,New York,USD,816000.0,195.09629999999999,2025-11-12,nyc_dof_rolling_sales,195.09629999999999,,,,1925,,,02 TWO FAMILY DWELLINGS,CLOVE LAKES,54 PURCELL STREET,02 TWO FAMILY DWELLINGS
us-nyc,United States,New York,USD,1310000.0,327.01856,2025-02-06,nyc_dof_rolling_sales,327.01856,,,,1931,,,07 RENTALS - WALKUP APARTMENTS,CLOVE LAKES,55-57 PURCELL STREET,07 RENTALS - WALKUP APARTMENTS
us-nyc,United States,New York,USD,117000.0,nan,2025-02-20,nyc_dof_rolling_sales,nan,,,,1966,,,10 COOPS - ELEVATOR APARTMENTS,CLOVE LAKES,"1000 CLOVE RD, 4K",10 COOPS - ELEVATOR APARTMENTS
us-nyc,United States,New York,USD,152500.0,nan,2025-11-24,nyc_dof_rolling_sales,nan,,,,1966,,,10 COOPS - ELEVATOR APARTMENTS,CLOVE LAKES,"1000 CLOVE ROAD, 5D",10 COOPS - ELEVATOR APARTMENTS
us-nyc,United States,New York,USD,150000.0,nan,2025-06-04,nyc_dof_rolling_sales,nan,,,,1966,,,10 COOPS - ELEVATOR APARTMENTS,CLOVE LAKES,"1000 CLOVE ROAD, 5P",10 COOPS - ELEVATOR APARTMENTS
us-nyc,United States,New York,USD,270000.0,nan,2025-11-24,nyc_dof_rolling_sales,nan,,,,1966,,,10 COOPS - ELEVATOR APARTMENTS,CLOVE LAKES,"1000 CLOVE ROAD, 8C",10 COOPS - ELEVATOR APARTMENTS
us-nyc,United States,New York,USD,115000.0,nan,2025-10-08,nyc_dof_rolling_sales,nan,,,,1966,,,10 COOPS - ELEVATOR APARTMENTS,CLOVE LAKES,"1000 CLOVE ROAD, 8E",10 COOPS - ELEVATOR APARTMENTS
us-nyc,United States,New York,USD,112500.0,nan,2025-10-15,nyc_dof_rolling_sales,nan,,,,1966,,,10 COOPS - ELEVATOR APARTMENTS,CLOVE LAKES,"1000 CLOVE ROAD, 9K",10 COOPS - ELEVATOR APARTMENTS
us-nyc,United States,New York,USD,80000.0,nan,2025-05-14,nyc_dof_rolling_sales,nan,,,,1967,,,10 COOPS - ELEVATOR APARTMENTS,CLOVE LAKES,"1100 CLOVE RD, 5-F",10 COOPS - ELEVATOR APARTMENTS
us-nyc,United States,New York,USD,250000.0,nan,2025-04-16,nyc_dof_rolling_sales,nan,,,,1967,,,10 COOPS - ELEVATOR APARTMENTS,CLOVE LAKES,"1100 CLOVE ROAD, 10B",10 COOPS - ELEVATOR APARTMENTS
us-nyc,United States,New York,USD,155000.0,nan,2025-07-02,nyc_dof_rolling_sales,nan,,,,1967,,,10 COOPS - ELEVATOR APARTMENTS,CLOVE LAKES,"1100 CLOVE ROAD, 10G",10 COOPS - ELEVATOR APARTMENTS
us-nyc,United States,New York,USD,195000.0,nan,2025-03-10,nyc_dof_rolling_sales,nan,,,,1967,,,10 COOPS - ELEVATOR APARTMENTS,CLOVE LAKES,"1100 CLOVE ROAD, 2M",10 COOPS - ELEVATOR APARTMENTS
us-nyc,United States,New York,USD,175000.0,nan,2025-07-30,nyc_dof_rolling_sales,nan,,,,1967,,,10 COOPS - ELEVATOR APARTMENTS,CLOVE LAKES,"1100 CLOVE ROAD, 3D",10 COOPS - ELEVATOR APARTMENTS
us-nyc,United States,New York,USD,243000.0,nan,2025-02-18,nyc_dof_rolling_sales,nan,,,,1967,,,10 COOPS - ELEVATOR APARTMENTS,CLOVE LAKES,"1100 CLOVE ROAD, 4C",10 COOPS - ELEVATOR APARTMENTS
us-nyc,United States,New York,USD,175000.0,nan,2025-04-02,nyc_dof_rolling_sales,nan,,,,1967,,,10 COOPS - ELEVATOR APARTMENTS,CLOVE LAKES,"1100 CLOVE ROAD, 5B",10 COOPS - ELEVATOR APARTMENTS
us-nyc,United States,New York,USD,240000.0,nan,2025-10-01,nyc_dof_rolling_sales,nan,,,,1967,,,10 COOPS - ELEVATOR APARTMENTS,CLOVE LAKES,"1100 CLOVE ROAD, 7E",10 COOPS - ELEVATOR APARTMENTS
us-nyc,United States,New York,USD,110000.0,nan,2025-10-20,nyc_dof_rolling_sales,nan,,,,1967,,,10 COOPS - ELEVATOR APARTMENTS,CLOVE LAKES,"1100 CLOVE ROAD, 9E",10 COOPS - ELEVATOR APARTMENTS
us-nyc,United States,New York,USD,125000.0,nan,2025-03-17,nyc_dof_rolling_sales,nan,,,,1967,,,10 COOPS - ELEVATOR APARTMENTS,CLOVE LAKES,"1100 CLOVE ROAD, GL",10 COOPS - ELEVATOR APARTMENTS
us-nyc,United States,New York,USD,905000.0,300.07669,2025-07-30,nyc_dof_rolling_sales,300.07669,,,,1940,,,21 OFFICE BUILDINGS,CLOVE LAKES,129 SLOSSON AVENUE,21 OFFICE BUILDINGS
us-nyc,United States,New York,USD,252500.0,95.132672,2025-06-18,nyc_dof_rolling_sales,95.132672,,,,1935,,,01 ONE FAMILY DWELLINGS,CONCORD,94 LAUREL AVENUE,01 ONE FAMILY DWELLINGS
us-nyc,United States,New York,USD,562979.0,103.679748,2025-04-02,nyc_dof_rolling_sales,103.679748,,,,1901,,,01 ONE FAMILY DWELLINGS,CONCORD,58 LAUREL AVENUE,01 ONE FAMILY DWELLINGS
us-nyc,United States,New York,USD,490000.0,85.284954,2025-04-29,nyc_dof_rolling_sales,85.284954,,,,1920,,,01 ONE FAMILY DWELLINGS,CONCORD,14 LONGVIEW ROAD,01 ONE FAMILY DWELLINGS
us-nyc,United States,New York,USD,353500.0,109.253928,2025-05-30,nyc_dof_rolling_sales,109.253928,,,,1930,,,01 ONE FAMILY DWELLINGS,CONCORD,44 PRINCE STREET,01 ONE FAMILY DWELLINGS
us-nyc,United States,New York,USD,522000.0,96.433314,2025-07-23,nyc_dof_rolling_sales,96.433314,,,,1920,,,01 ONE FAMILY DWELLINGS,CONCORD,56 WAVERLY PLACE,01 ONE FAMILY DWELLINGS
us-nyc,United States,New York,USD,437000.0,99.684919,2025-02-25,nyc_dof_rolling_sales,99.684919,,,,1920,,,01 ONE FAMILY DWELLINGS,CONCORD,851 VAN DUZER STREET,01 ONE FAMILY DWELLINGS
us-nyc,United States,New York,USD,385000.0,115.942944,2025-01-15,nyc_dof_rolling_sales,115.942944,,,,1930,,,01 ONE FAMILY DWELLINGS,CONCORD,67 ROFF STREET,01 ONE FAMILY DWELLINGS
us-nyc,United States,New York,USD,628000.0,115.942944,2025-06-24,nyc_dof_rolling_sales,115.942944,,,,1930,,,01 ONE FAMILY DWELLINGS,CONCORD,67 ROFF STREET,01 ONE FAMILY DWELLINGS
us-nyc,United States,New York,USD,550000.0,176.887312,2025-07-31,nyc_dof_rolling_sales,176.887312,,,,1910,,,01 ONE FAMILY DWELLINGS,CONCORD,27 METCALFE STREET,01 ONE FAMILY DWELLINGS
us-nyc,United States,New York,USD,225000.0,131.550648,2025-03-25,nyc_dof_rolling_sales,131.550648,,,,1915,,,01 ONE FAMILY DWELLINGS,CONCORD,26 METCALFE STREET,01 ONE FAMILY DWELLINGS
us-nyc,United States,New York,USD,595000.0,130.0642,2025-02-27,nyc_dof_rolling_sales,130.0642,,,,2000,,,01 ONE FAMILY DWELLINGS,CONCORD,59 HAMILTON STREET,01 ONE FAMILY DWELLINGS
us-nyc,United States,New York,USD,371200.0,96.990732,2025-08-04,nyc_dof_rolling_sales,96.990732,,,,1899,,,01 ONE FAMILY DWELLINGS,CONCORD,24 HAMILTON STREET,01 ONE FAMILY DWELLINGS
us-nyc,United States,New York,USD,675000.0,126.533886,2025-07-11,nyc_dof_rolling_sales,126.533886,,,,1925,,,01 ONE FAMILY DWELLINGS,CONCORD,49 MARY STREET,01 ONE FAMILY DWELLINGS
us-nyc,United States,New York,USD,600000.0,111.4836,2025-06-10,nyc_dof_rolling_sales,111.4836,,,,2003,,,01 ONE FAMILY DWELLINGS,CONCORD,39 DEIRDRE COURT,01 ONE FAMILY DWELLINGS
us-nyc,United States,New York,USD,275000.0,220.737528,2025-07-01,nyc_dof_rolling_sales,220.737528,,,,1951,,,01 ONE FAMILY DWELLINGS,CONCORD,612 RICHMOND ROAD,01 ONE FAMILY DWELLINGS
us-nyc,United States,New York,USD,534000.0,89.18688,2025-10-21,nyc_dof_rolling_sales,89.18688,,,,2004,,,01 ONE FAMILY DWELLINGS,CONCORD,87 STEUBEN STREET,01 ONE FAMILY DWELLINGS
us-nyc,United States,New York,USD,748414.0,191.287277,2025-04-17,nyc_dof_rolling_sales,191.287277,,,,2020,,,01 ONE FAMILY DWELLINGS,CONCORD,155 STEUBEN STREET,01 ONE FAMILY DWELLINGS
us-nyc,United States,New York,USD,590000.0,115.942944,2025-07-08,nyc_dof_rolling_sales,115.942944,,,,1986,,,01 ONE FAMILY DWELLINGS,CONCORD,179A PIERCE STREET,01 ONE FAMILY DWELLINGS
us-nyc,United States,New York,USD,430000.0,115.942944,2025-04-03,nyc_dof_rolling_sales,115.942944,,,,1986,,,01 ONE FAMILY DWELLINGS,CONCORD,404A WESER AVENUE,01 ONE FAMILY DWELLINGS
us-nyc,United States,New York,USD,499000.0,115.942944,2025-10-23,nyc_dof_rolling_sales,115.942944,,,,1987,,,01 ONE FAMILY DWELLINGS,CONCORD,166 PIERCE STREET,01 ONE FAMILY DWELLINGS
us-nyc,United States,New York,USD,550000.0,115.942944,2025-05-27,nyc_dof_rolling_sales,115.942944,,,,1987,,,01 ONE FAMILY DWELLINGS,CONCORD,708A ELBE AVENUE,01 ONE FAMILY DWELLINGS
us-nyc,United States,New York,USD,520000.0,115.942944,2025-07-15,nyc_dof_rolling_sales,115.942944,,,,1987,,,01 ONE FAMILY DWELLINGS,CONCORD,694A ELBE AVENUE,01 ONE FAMILY DWELLINGS
us-nyc,United States,New York,USD,526000.0,115.942944,2025-05-23,nyc_dof_rolling_sales,115.942944,,,,1987,,,01 ONE FAMILY DWELLINGS,CONCORD,687 ELBE AVENUE,01 ONE FAMILY DWELLINGS
us-nyc,United States,New York,USD,344760.0,65.0321,2025-09-26,nyc_dof_rolling_sales,65.0321,,,,1995,,,01 ONE FAMILY DWELLINGS,CONCORD,233 MOSEL AVENUE,01 ONE FAMILY DWELLINGS
us-nyc,United States,New York,USD,638000.0,78.03852,2025-03-12,nyc_dof_rolling_sales,78.03852,,,,1996,,,01 ONE FAMILY DWELLINGS,CONCORD,195 MOSEL AVENUE,01 ONE FAMILY DWELLINGS
us-nyc,United States,New York,USD,586000.0,111.4836,2025-09-17,nyc_dof_rolling_sales,111.4836,,,,1988,,,01 ONE FAMILY DWELLINGS,CONCORD,284 STEUBEN STREET,01 ONE FAMILY DWELLINGS
us-nyc,United States,New York,USD,690000.0,104.05136,2025-04-15,nyc_dof_rolling_sales,104.05136,,,,1920,,,01 ONE FAMILY DWELLINGS,CONCORD,322 ODER AVENUE,01 ONE FAMILY DWELLINGS
us-nyc,United States,New York,USD,360000.0,102.56491199999999,2025-05-15,nyc_dof_rolling_sales,102.56491199999999,,,,1920,,,01 ONE FAMILY DWELLINGS,CONCORD,315 ODER AVENUE,01 ONE FAMILY DWELLINGS
us-nyc,United States,New York,USD,885000.0,156.262846,2025-10-07,nyc_dof_rolling_sales,156.262846,,,,1925,,,01 ONE FAMILY DWELLINGS,CONCORD,432 NECKAR AVENUE,01 ONE FAMILY DWELLINGS
us-nyc,United States,New York,USD,290000.0,118.91584,2025-01-15,nyc_dof_rolling_sales,118.91584,,,,1999,,,01 ONE FAMILY DWELLINGS,CONCORD,23 KANSAS AVENUE,01 ONE FAMILY DWELLINGS
us-nyc,United States,New York,USD,425000.0,194.724688,2025-05-13,nyc_dof_rolling_sales,194.724688,,,,1935,,,02 TWO FAMILY DWELLINGS,CONCORD,97 OSGOOD AVENUE,02 TWO FAMILY DWELLINGS
us-nyc,United States,New York,USD,775000.0,248.236816,2025-11-26,nyc_dof_rolling_sales,248.236816,,,,1940,,,02 TWO FAMILY DWELLINGS,CONCORD,91 OSGOOD AVENUE,02 TWO FAMILY DWELLINGS
us-nyc,United States,New York,USD,50000.0,108.510704,2025-07-01,nyc_dof_rolling_sales,108.510704,,,,1940,,,02 TWO FAMILY DWELLINGS,CONCORD,85 OSGOOD AVENUE,02 TWO FAMILY DWELLINGS
us-nyc,United States,New York,USD,665000.0,160.536384,2025-10-31,nyc_dof_rolling_sales,160.536384,,,,1975,,,02 TWO FAMILY DWELLINGS,CONCORD,53 CEDAR TERRACE,02 TWO FAMILY DWELLINGS
us-nyc,United States,New York,USD,680000.0,171.684744,2025-04-16,nyc_dof_rolling_sales,171.684744,,,,1920,,,02 TWO FAMILY DWELLINGS,CONCORD,54 IRVING PLACE,02 TWO FAMILY DWELLINGS
us-nyc,United States,New York,USD,635000.0,185.620194,2025-04-04,nyc_dof_rolling_sales,185.620194,,,,1930,,,02 TWO FAMILY DWELLINGS,CONCORD,64 IRVING PLACE,02 TWO FAMILY DWELLINGS
us-nyc,United States,New York,USD,525000.0,135.266768,2025-09-08,nyc_dof_rolling_sales,135.266768,,,,1899,,,02 TWO FAMILY DWELLINGS,CONCORD,45 HAMILTON STREET,02 TWO FAMILY DWELLINGS
us-nyc,United States,New York,USD,710000.0,192.495016,2025-12-19,nyc_dof_rolling_sales,192.495016,,,,1915,,,02 TWO FAMILY DWELLINGS,CONCORD,1033 VAN DUZER STREET,02 TWO FAMILY DWELLINGS
us-nyc,United States,New York,USD,620000.0,209.03175,2025-06-18,nyc_dof_rolling_sales,209.03175,,,,1951,,,02 TWO FAMILY DWELLINGS,CONCORD,578 RICHMOND ROAD,02 TWO FAMILY DWELLINGS
us-nyc,United States,New York,USD,950000.0,232.2575,2025-11-07,nyc_dof_rolling_sales,232.2575,,,,1920,,,03 THREE FAMILY DWELLINGS,CONCORD,422 HANOVER AVENUE,03 THREE FAMILY DWELLINGS
us-nyc,United States,New York,USD,1275000.0,293.201868,2025-11-24,nyc_dof_rolling_sales,293.201868,,,,1925,,,07 RENTALS - WALKUP APARTMENTS,CONCORD,310 HILLSIDE AVENUE,07 RENTALS - WALKUP APARTMENTS
us-nyc,United States,New York,USD,215000.0,97.083635,2025-09-30,nyc_dof_rolling_sales,97.083635,,,,1931,,,22 STORE BUILDINGS,CONCORD,74 OSGOOD AVENUE,22 STORE BUILDINGS
us-nyc,United States,New York,USD,582000.0,86.957208,2025-08-13,nyc_dof_rolling_sales,86.957208,,,,1992,,,01 ONE FAMILY DWELLINGS,CONCORD-FOX HILLS,38 SKYLINE DRIVE,01 ONE FAMILY DWELLINGS
us-nyc,United States,New York,USD,483000.0,87.143014,2025-01-03,nyc_dof_rolling_sales,87.143014,,,,1992,,,01 ONE FAMILY DWELLINGS,CONCORD-FOX HILLS,54 SKYLINE DRIVE,01 ONE FAMILY DWELLINGS
us-nyc,United States,New York,USD,558999.0,160.257675,2025-10-07,nyc_dof_rolling_sales,160.257675,,,,1994,,,01 ONE FAMILY DWELLINGS,CONCORD-FOX HILLS,78 STAGE LANE,01 ONE FAMILY DWELLINGS
us-nyc,United States,New York,USD,580000.0,139.911918,2025-04-08,nyc_dof_rolling_sales,139.911918,,,,1994,,,01 ONE FAMILY DWELLINGS,CONCORD-FOX HILLS,111 LONG POND LANE,01 ONE FAMILY DWELLINGS
us-nyc,United States,New York,USD,600000.0,126.812595,2025-09-17,nyc_dof_rolling_sales,126.812595,,,,1998,,,01 ONE FAMILY DWELLINGS,CONCORD-FOX HILLS,38 STUDIO LANE,01 ONE FAMILY DWELLINGS
us-nyc,United States,New York,USD,295074.0,84.54173,2025-07-18,nyc_dof_rolling_sales,84.54173,,,,1998,,,01 ONE FAMILY DWELLINGS,CONCORD-FOX HILLS,48 STUDIO LANE,01 ONE FAMILY DWELLINGS
us-nyc,United States,New York,USD,579900.0,84.54173,2025-09-25,nyc_dof_rolling_sales,84.54173,,,,2002,,,01 ONE FAMILY DWELLINGS,CONCORD-FOX HILLS,21 STUDIO LANE,01 ONE FAMILY DWELLINGS
us-nyc,United States,New York,USD,445000.0,83.6127,2025-05-22,nyc_dof_rolling_sales,83.6127,,,,2002,,,01 ONE FAMILY DWELLINGS,CONCORD-FOX HILLS,22 CELEBRATION LANE,01 ONE FAMILY DWELLINGS
us-nyc,United States,New York,USD,540000.0,83.6127,2025-06-24,nyc_dof_rolling_sales,83.6127,,,,2002,,,01 ONE FAMILY DWELLINGS,CONCORD-FOX HILLS,228 SKYLINE DRIVE,01 ONE FAMILY DWELLINGS
us-nyc,United States,New York,USD,357500.0,83.6127,2025-04-07,nyc_dof_rolling_sales,83.6127,,,,2002,,,01 ONE FAMILY DWELLINGS,CONCORD-FOX HILLS,16 SKY LANE,01 ONE FAMILY DWELLINGS
us-nyc,United States,New York,USD,470000.0,83.6127,2025-07-16,nyc_dof_rolling_sales,83.6127,,,,2002,,,01 ONE FAMILY DWELLINGS,CONCORD-FOX HILLS,16 SKY LANE,01 ONE FAMILY DWELLINGS
us-nyc,United States,New York,USD,531000.0,83.6127,2025-01-16,nyc_dof_rolling_sales,83.6127,,,,2002,,,01 ONE FAMILY DWELLINGS,CONCORD-FOX HILLS,277 SKYLINE DRIVE,01 ONE FAMILY DWELLINGS
us-nyc,United States,New York,USD,628000.0,83.6127,2025-04-17,nyc_dof_rolling_sales,83.6127,,,,2002,,,01 ONE FAMILY DWELLINGS,CONCORD-FOX HILLS,249 SKYLINE DRIVE,01 ONE FAMILY DWELLINGS
us-nyc,United States,New York,USD,580000.0,135.63838,2025-08-15,nyc_dof_rolling_sales,135.63838,,,,2001,,,01 ONE FAMILY DWELLINGS,CONCORD-FOX HILLS,260 MOSEL AVENUE,01 ONE FAMILY DWELLINGS
us-nyc,United States,New York,USD,669888.0,119.659064,2025-03-28,nyc_dof_rolling_sales,119.659064,,,,2005,,,02 TWO FAMILY DWELLINGS,CONCORD-FOX HILLS,228 OSGOOD AVENUE,02 TWO FAMILY DWELLINGS
us-nyc,United States,New York,USD,220000.0,nan,2025-09-11,nyc_dof_rolling_sales,nan,,,,2000,,,09 COOPS - WALKUP APARTMENTS,CONCORD-FOX HILLS,"330 SKYLINE DRIVE, 330F",09 COOPS - WALKUP APARTMENTS
us-nyc,United States,New York,USD,205000.0,nan,2025-11-12,nyc_dof_rolling_sales,nan,,,,2000,,,09 COOPS - WALKUP APARTMENTS,CONCORD-FOX HILLS,"330 SKYLINE DRIVE, H",09 COOPS - WALKUP APARTMENTS
us-nyc,United States,New York,USD,856000.0,156.07704,2025-01-09,nyc_dof_rolling_sales,156.07704,,,,1970,,,01 ONE FAMILY DWELLINGS,DONGAN HILLS,43 URBANA STREET,01 ONE FAMILY DWELLINGS
us-nyc,United States,New York,USD,1298000.0,175.679573,2025-08-06,nyc_dof_rolling_sales,175.679573,,,,2024,,,01 ONE FAMILY DWELLINGS,DONGAN HILLS,8 TACOMA STREET,01 ONE FAMILY DWELLINGS
us-nyc,United States,New York,USD,800000.0,135.266768,2025-01-14,nyc_dof_rolling_sales,135.266768,,,,1910,,,01 ONE FAMILY DWELLINGS,DONGAN HILLS,74 TACOMA STREET,01 ONE FAMILY DWELLINGS
us-nyc,United States,New York,USD,795000.0,170.662811,2025-12-08,nyc_dof_rolling_sales,170.662811,,,,1965,,,01 ONE FAMILY DWELLINGS,DONGAN HILLS,22 SCRANTON STREET,01 ONE FAMILY DWELLINGS
us-nyc,United States,New York,USD,830000.0,103.865554,2025-06-23,nyc_dof_rolling_sales,103.865554,,,,1965,,,01 ONE FAMILY DWELLINGS,DONGAN HILLS,1196 RICHMOND ROAD,01 ONE FAMILY DWELLINGS
us-nyc,United States,New York,USD,682228.0,93.646224,2025-09-24,nyc_dof_rolling_sales,93.646224,,,,1955,,,01 ONE FAMILY DWELLINGS,DONGAN HILLS,7 WILSON STREET,01 ONE FAMILY DWELLINGS
us-nyc,United States,New York,USD,820000.0,180.23182,2025-03-14,nyc_dof_rolling_sales,180.23182,,,,1965,,,01 ONE FAMILY DWELLINGS,DONGAN HILLS,148 PROVIDENCE STREET,01 ONE FAMILY DWELLINGS
us-nyc,United States,New York,USD,1250000.0,174.65764,2025-10-03,nyc_dof_rolling_sales,174.65764,,,,1965,,,01 ONE FAMILY DWELLINGS,DONGAN HILLS,154 PROVIDENCE STREET,01 ONE FAMILY DWELLINGS
us-nyc,United States,New York,USD,1230000.0,156.07704,2025-03-24,nyc_dof_rolling_sales,156.07704,,,,1925,,,01 ONE FAMILY DWELLINGS,DONGAN HILLS,82 GLENDALE AVENUE,01 ONE FAMILY DWELLINGS
us-nyc,United States,New York,USD,820000.0,97.54814999999999,2025-05-01,nyc_dof_rolling_sales,97.54814999999999,,,,1965,,,01 ONE FAMILY DWELLINGS,DONGAN HILLS,251 NORTH RAILROAD AVE,01 ONE FAMILY DWELLINGS
us-nyc,United States,New York,USD,870000.0,89.18688,2025-08-18,nyc_dof_rolling_sales,89.18688,,,,1950,,,01 ONE FAMILY DWELLINGS,DONGAN HILLS,65 NEWBERRY AVENUE,01 ONE FAMILY DWELLINGS
us-nyc,United States,New York,USD,830000.0,119.84487,2025-08-25,nyc_dof_rolling_sales,119.84487,,,,1925,,,01 ONE FAMILY DWELLINGS,DONGAN HILLS,53 RARITAN AVENUE,01 ONE FAMILY DWELLINGS
us-nyc,United States,New York,USD,595000.0,77.295296,2025-08-07,nyc_dof_rolling_sales,77.295296,,,,1955,,,01 ONE FAMILY DWELLINGS,DONGAN HILLS,100 ATLANTIC AVENUE,01 ONE FAMILY DWELLINGS
us-nyc,United States,New York,USD,700000.0,112.319727,2025-06-04,nyc_dof_rolling_sales,112.319727,,,,1910,,,01 ONE FAMILY DWELLINGS,DONGAN HILLS,40 DELAWARE AVENUE,01 ONE FAMILY DWELLINGS
us-nyc,United States,New York,USD,756000.0,81.104319,2025-01-16,nyc_dof_rolling_sales,81.104319,,,,1950,,,01 ONE FAMILY DWELLINGS,DONGAN HILLS,165 ATLANTIC AVENUE,01 ONE FAMILY DWELLINGS
us-nyc,United States,New York,USD,1210000.0,239.87554599999999,2025-12-11,nyc_dof_rolling_sales,239.87554599999999,,,,1950,,,01 ONE FAMILY DWELLINGS,DONGAN HILLS,34 BEAR STREET,01 ONE FAMILY DWELLINGS
us-nyc,United States,New York,USD,10.0,65.217906,2025-06-11,nyc_dof_rolling_sales,65.217906,,,,1950,,,01 ONE FAMILY DWELLINGS,DONGAN HILLS,176 ATLANTIC AVENUE,01 ONE FAMILY DWELLINGS
us-nyc,United States,New York,USD,1425000.0,240.61877,2025-08-15,nyc_dof_rolling_sales,240.61877,,,,2004,,,01 ONE FAMILY DWELLINGS,DONGAN HILLS,156 DELAWARE AVENUE,01 ONE FAMILY DWELLINGS
us-nyc,United States,New York,USD,925000.0,214.60593,2025-06-26,nyc_dof_rolling_sales,214.60593,,,,1940,,,01 ONE FAMILY DWELLINGS,DONGAN HILLS,134 CROMWELL AVENUE,01 ONE FAMILY DWELLINGS
us-nyc,United States,New York,USD,781000.0,110.368764,2025-11-06,nyc_dof_rolling_sales,110.368764,,,,1984,,,01 ONE FAMILY DWELLINGS,DONGAN HILLS,54 SOUTH RAILROAD AVE,01 ONE FAMILY DWELLINGS
us-nyc,United States,New York,USD,10.0,110.368764,2025-04-23,nyc_dof_rolling_sales,110.368764,,,,1984,,,01 ONE FAMILY DWELLINGS,DONGAN HILLS,50 SOUTH RAILROAD AVE,01 ONE FAMILY DWELLINGS
us-nyc,United States,New York,USD,370000.0,118.91584,2025-04-02,nyc_dof_rolling_sales,118.91584,,,,1995,,,01 ONE FAMILY DWELLINGS,DONGAN HILLS,134 BATH AVENUE,01 ONE FAMILY DWELLINGS
us-nyc,United States,New York,USD,300000.0,113.34166,2025-06-24,nyc_dof_rolling_sales,113.34166,,,,1964,,,01 ONE FAMILY DWELLINGS,DONGAN HILLS,97 SOUTH RAILROAD AVENUE,01 ONE FAMILY DWELLINGS
us-nyc,United States,New York,USD,650000.0,113.34166,2025-05-23,nyc_dof_rolling_sales,113.34166,,,,1960,,,01 ONE FAMILY DWELLINGS,DONGAN HILLS,14 BENTON AVENUE,01 ONE FAMILY DWELLINGS
us-nyc,United States,New York,USD,810000.0,145.85771,2025-11-18,nyc_dof_rolling_sales,145.85771,,,,1996,,,01 ONE FAMILY DWELLINGS,DONGAN HILLS,132 SOUTH RAILROAD AVENUE,01 ONE FAMILY DWELLINGS
us-nyc,United States,New York,USD,975000.0,166.017661,2025-06-03,nyc_dof_rolling_sales,166.017661,,,,1950,,,01 ONE FAMILY DWELLINGS,DONGAN HILLS,233 ATLANTIC AVENUE,01 ONE FAMILY DWELLINGS
us-nyc,United States,New York,USD,575000.0,113.713272,2025-04-23,nyc_dof_rolling_sales,113.713272,,,,1955,,,01 ONE FAMILY DWELLINGS,DONGAN HILLS,281 ALTER AVENUE,01 ONE FAMILY DWELLINGS
us-nyc,United States,New York,USD,425000.0,155.333816,2025-10-23,nyc_dof_rolling_sales,155.333816,,,,1941,,,01 ONE FAMILY DWELLINGS,DONGAN HILLS,260 GARRETSON AVENUE,01 ONE FAMILY DWELLINGS
us-nyc,United States,New York,USD,953000.0,220.737528,2025-06-17,nyc_dof_rolling_sales,220.737528,,,,1965,,,02 TWO FAMILY DWELLINGS,DONGAN HILLS,272 NORTH RAILROAD AVENUE,02 TWO FAMILY DWELLINGS
us-nyc,United States,New York,USD,772000.0,222.9672,2025-09-02,nyc_dof_rolling_sales,222.9672,,,,1915,,,02 TWO FAMILY DWELLINGS,DONGAN HILLS,1250 RICHMOND ROAD,02 TWO FAMILY DWELLINGS
us-nyc,United States,New York,USD,1.0,315.8702,2025-01-27,nyc_dof_rolling_sales,315.8702,,,,1984,,,02 TWO FAMILY DWELLINGS,DONGAN HILLS,69 REMSEN,02 TWO FAMILY DWELLINGS
us-nyc,United States,New York,USD,1486645.0,209.310459,2025-05-29,nyc_dof_rolling_sales,209.310459,,,,2024,,,02 TWO FAMILY DWELLINGS,DONGAN HILLS,70 PLATTSBURG STREET,02 TWO FAMILY DWELLINGS
us-nyc,United States,New York,USD,1476463.0,198.626614,2025-05-14,nyc_dof_rolling_sales,198.626614,,,,2024,,,02 TWO FAMILY DWELLINGS,DONGAN HILLS,N/A CROMWELL AVENUE,02 TWO FAMILY DWELLINGS
us-nyc,United States,New York,USD,825000.0,107.024256,2025-04-21,nyc_dof_rolling_sales,107.024256,,,,1915,,,02 TWO FAMILY DWELLINGS,DONGAN HILLS,64 GARRETSON AVENUE,02 TWO FAMILY DWELLINGS
us-nyc,United States,New York,USD,300000.0,193.23824,2025-08-26,nyc_dof_rolling_sales,193.23824,,,,1960,,,02 TWO FAMILY DWELLINGS,DONGAN HILLS,65 JEFFERSON STREET,02 TWO FAMILY DWELLINGS
us-nyc,United States,New York,USD,875000.0,178.37376,2025-04-08,nyc_dof_rolling_sales,178.37376,,,,1915,,,02 TWO FAMILY DWELLINGS,DONGAN HILLS,19 SEAVIEW AVENUE,02 TWO FAMILY DWELLINGS
us-nyc,United States,New York,USD,1270000.0,193.23824,2025-02-18,nyc_dof_rolling_sales,193.23824,,,,2007,,,02 TWO FAMILY DWELLINGS,DONGAN HILLS,10 CORNELIA STREET,02 TWO FAMILY DWELLINGS
us-nyc,United States,New York,USD,875000.0,183.204716,2025-04-22,nyc_dof_rolling_sales,183.204716,,,,1970,,,02 TWO FAMILY DWELLINGS,DONGAN HILLS,2 REMSEN STREET,02 TWO FAMILY DWELLINGS
us-nyc,United States,New York,USD,1075000.0,222.223976,2025-06-26,nyc_dof_rolling_sales,222.223976,,,,1960,,,02 TWO FAMILY DWELLINGS,DONGAN HILLS,186 RARITAN AVENUE,02 TWO FAMILY DWELLINGS
us-nyc,United States,New York,USD,1070000.0,195.09629999999999,2025-07-14,nyc_dof_rolling_sales,195.09629999999999,,,,1960,,,02 TWO FAMILY DWELLINGS,DONGAN HILLS,215 ATLANTIC AVENUE,02 TWO FAMILY DWELLINGS
us-nyc,United States,New York,USD,100000.0,152.36092,2025-04-17,nyc_dof_rolling_sales,152.36092,,,,1901,,,02 TWO FAMILY DWELLINGS,DONGAN HILLS,293 RARITAN AVENUE,02 TWO FAMILY DWELLINGS
us-nyc,United States,New York,USD,1060000.0,236.716844,2025-02-20,nyc_dof_rolling_sales,236.716844,,,,2020,,,02 TWO FAMILY DWELLINGS,DONGAN HILLS,244 RARITAN AVENUE,02 TWO FAMILY DWELLINGS
us-nyc,United States,New York,USD,1280000.0,248.98004,2025-11-26,nyc_dof_rolling_sales,248.98004,,,,2006,,,02 TWO FAMILY DWELLINGS,DONGAN HILLS,240 ALTER AVENUE,02 TWO FAMILY DWELLINGS
us-nyc,United States,New York,USD,950000.0,185.806,2025-08-14,nyc_dof_rolling_sales,185.806,,,,1955,,,02 TWO FAMILY DWELLINGS,DONGAN HILLS,241 CROMWELL AVENUE,02 TWO FAMILY DWELLINGS
us-nyc,United States,New York,USD,1050000.0,260.871624,2025-11-20,nyc_dof_rolling_sales,260.871624,,,,1960,,,02 TWO FAMILY DWELLINGS,DONGAN HILLS,201 SEAVIEW AVENUE,02 TWO FAMILY DWELLINGS
us-nyc,United States,New York,USD,950000.0,265.70258,2025-07-23,nyc_dof_rolling_sales,265.70258,,,,1965,,,03 THREE FAMILY DWELLINGS,DONGAN HILLS,56 WHITAKER PLACE,03 THREE FAMILY DWELLINGS
us-nyc,United States,New York,USD,950000.0,358.698483,2025-09-25,nyc_dof_rolling_sales,358.698483,,,,1975,,,03 THREE FAMILY DWELLINGS,DONGAN HILLS,545 NORTH RAILROAD AVE,03 THREE FAMILY DWELLINGS
us-nyc,United States,New York,USD,330000.0,nan,2025-03-25,nyc_dof_rolling_sales,nan,,,,1969,,,10 COOPS - ELEVATOR APARTMENTS,DONGAN HILLS,"1160 RICHMOND ROAD, 2I",10 COOPS - ELEVATOR APARTMENTS
us-nyc,United States,New York,USD,285000.0,nan,2025-11-06,nyc_dof_rolling_sales,nan,,,,1969,,,10 COOPS - ELEVATOR APARTMENTS,DONGAN HILLS,"1160 RICHMOND ROAD, 4E",10 COOPS - ELEVATOR APARTMENTS
us-nyc,United States,New York,USD,340000.0,nan,2025-12-11,nyc_dof_rolling_sales,nan,,,,1969,,,10 COOPS - ELEVATOR APARTMENTS,DONGAN HILLS,"1160 RICHMOND ROAD, 7B",10 COOPS - ELEVATOR APARTMENTS
us-nyc,United States,New York,USD,433000.0,nan,2025-03-06,nyc_dof_rolling_sales,nan,,,,1972,,,12 CONDOS - WALKUP APARTMENTS,DONGAN HILLS,"163 CROMWELL AVENUE, 2B",12 CONDOS - WALKUP APARTMENTS
us-nyc,United States,New York,USD,3516600.0,732.818864,2025-11-07,nyc_dof_rolling_sales,732.818864,,,,2004,,,29 COMMERCIAL GARAGES,DONGAN HILLS,1581 HYLAN BOULEVARD,29 COMMERCIAL GARAGES
us-nyc,United States,New York,USD,4426000.0,1324.053556,2025-11-07,nyc_dof_rolling_sales,1324.053556,,,,2002,,,29 COMMERCIAL GARAGES,DONGAN HILLS,1591 HYLAN BOULEVARD,29 COMMERCIAL GARAGES
us-nyc,United States,New York,USD,2291800.0,489.877519,2025-11-07,nyc_dof_rolling_sales,489.877519,,,,1987,,,29 COMMERCIAL GARAGES,DONGAN HILLS,1605 HYLAN BLVD,29 COMMERCIAL GARAGES
us-nyc,United States,New York,USD,10.0,81.568834,2025-10-02,nyc_dof_rolling_sales,81.568834,,,,1955,,,01 ONE FAMILY DWELLINGS,DONGAN HILLS-COLONY,53 SPRING STREET,01 ONE FAMILY DWELLINGS
us-nyc,United States,New York,USD,1880000.0,479.007868,2025-06-18,nyc_dof_rolling_sales,479.007868,,,,1985,,,01 ONE FAMILY DWELLINGS,DONGAN HILLS-COLONY,178 DOUGLAS ROAD,01 ONE FAMILY DWELLINGS
us-nyc,United States,New York,USD,1182500.0,194.445979,2025-03-19,nyc_dof_rolling_sales,194.445979,,,,1965,,,01 ONE FAMILY DWELLINGS,DONGAN HILLS-COLONY,9 WILSON TERRACE,01 ONE FAMILY DWELLINGS
us-nyc,United States,New York,USD,850000.0,142.699008,2025-08-20,nyc_dof_rolling_sales,142.699008,,,,1965,,,01 ONE FAMILY DWELLINGS,DONGAN HILLS-COLONY,33 EMERSON COURT,01 ONE FAMILY DWELLINGS
us-nyc,United States,New York,USD,1310000.0,217.857535,2025-09-15,nyc_dof_rolling_sales,217.857535,,,,1920,,,01 ONE FAMILY DWELLINGS,DONGAN HILLS-COLONY,480 OCEAN TERRACE,01 ONE FAMILY DWELLINGS
us-nyc,United States,New York,USD,965000.0,118.172616,2025-09-16,nyc_dof_rolling_sales,118.172616,,,,1955,,,01 ONE FAMILY DWELLINGS,DONGAN HILLS-COLONY,71 ELTINGE STREET,01 ONE FAMILY DWELLINGS
us-nyc,United States,New York,USD,1630000.0,354.982363,2025-06-16,nyc_dof_rolling_sales,354.982363,,,,1986,,,01 ONE FAMILY DWELLINGS,DONGAN HILLS-COLONY,21 FRANCIS PLACE,01 ONE FAMILY DWELLINGS
us-nyc,United States,New York,USD,1375000.0,419.364142,2025-06-20,nyc_dof_rolling_sales,419.364142,,,,1986,,,01 ONE FAMILY DWELLINGS,DONGAN HILLS-COLONY,40 FRANCIS PLACE,01 ONE FAMILY DWELLINGS
us-nyc,United States,New York,USD,1944000.0,546.26964,2025-01-31,nyc_dof_rolling_sales,546.26964,,,,1993,,,01 ONE FAMILY DWELLINGS,DONGAN HILLS-COLONY,64 RIDGE AVENUE,01 ONE FAMILY DWELLINGS
us-nyc,United States,New York,USD,1150000.0,153.28995,2025-03-20,nyc_dof_rolling_sales,153.28995,,,,1910,,,01 ONE FAMILY DWELLINGS,DONGAN HILLS-COLONY,19 ELTINGE STREET,01 ONE FAMILY DWELLINGS
us-nyc,United States,New York,USD,700000.0,97.54814999999999,2025-09-19,nyc_dof_rolling_sales,97.54814999999999,,,,1960,,,01 ONE FAMILY DWELLINGS,DONGAN HILLS-COLONY,33 HUNTER STREET,01 ONE FAMILY DWELLINGS
us-nyc,United States,New York,USD,1050000.0,138.611276,2025-07-24,nyc_dof_rolling_sales,138.611276,,,,1955,,,01 ONE FAMILY DWELLINGS,DONGAN HILLS-COLONY,67 SPARKILL AVENUE,01 ONE FAMILY DWELLINGS
us-nyc,United States,New York,USD,10.0,117.05778,2025-03-10,nyc_dof_rolling_sales,117.05778,,,,1955,,,01 ONE FAMILY DWELLINGS,DONGAN HILLS-COLONY,11 HOLLY STREET,01 ONE FAMILY DWELLINGS
us-nyc,United States,New York,USD,670000.0,84.727536,2025-09-16,nyc_dof_rolling_sales,84.727536,,,,1955,,,01 ONE FAMILY DWELLINGS,DONGAN HILLS-COLONY,1143 RICHMOND ROAD,01 ONE FAMILY DWELLINGS
us-nyc,United States,New York,USD,850000.0,177.537633,2025-07-16,nyc_dof_rolling_sales,177.537633,,,,1965,,,01 ONE FAMILY DWELLINGS,DONGAN HILLS-COLONY,22 DUNCAN STREET,01 ONE FAMILY DWELLINGS
us-nyc,United States,New York,USD,980000.0,249.072943,2025-09-30,nyc_dof_rolling_sales,249.072943,,,,1967,,,01 ONE FAMILY DWELLINGS,DONGAN HILLS-COLONY,15 MIDWAY PLACE,01 ONE FAMILY DWELLINGS
us-nyc,United States,New York,USD,1180000.0,228.169768,2025-05-20,nyc_dof_rolling_sales,228.169768,,,,1980,,,01 ONE FAMILY DWELLINGS,DONGAN HILLS-COLONY,179 MASON STREET,01 ONE FAMILY DWELLINGS
us-nyc,United States,New York,USD,851000.0,111.111988,2025-11-24,nyc_dof_rolling_sales,111.111988,,,,1960,,,01 ONE FAMILY DWELLINGS,DONGAN HILLS-COLONY,35 GREENPORT STREET,01 ONE FAMILY DWELLINGS
us-nyc,United States,New York,USD,1473400.0,374.956508,2025-06-10,nyc_dof_rolling_sales,374.956508,,,,1960,,,01 ONE FAMILY DWELLINGS,DONGAN HILLS-COLONY,33 OAKDALE AVENUE,01 ONE FAMILY DWELLINGS
us-nyc,United States,New York,USD,2426490.0,361.857185,2025-01-08,nyc_dof_rolling_sales,361.857185,,,,2024,,,01 ONE FAMILY DWELLINGS,DONGAN HILLS-COLONY,157 RIDGE AVENUE,01 ONE FAMILY DWELLINGS
us-nyc,United States,New York,USD,1860000.0,395.302265,2025-01-17,nyc_dof_rolling_sales,395.302265,,,,1986,,,01 ONE FAMILY DWELLINGS,DONGAN HILLS-COLONY,120 OLD FARMERS LANE,01 ONE FAMILY DWELLINGS
us-nyc,United States,New York,USD,1650000.0,232.2575,2025-12-05,nyc_dof_rolling_sales,232.2575,,,,1997,,,01 ONE FAMILY DWELLINGS,DONGAN HILLS-COLONY,17 SABRINA LANE,01 ONE FAMILY DWELLINGS
us-nyc,United States,New York,USD,750000.0,103.12233,2025-04-03,nyc_dof_rolling_sales,103.12233,,,,1955,,,01 ONE FAMILY DWELLINGS,DONGAN HILLS-COLONY,110 FOREST ROAD,01 ONE FAMILY DWELLINGS
us-nyc,United States,New York,USD,959000.0,103.12233,2025-06-17,nyc_dof_rolling_sales,103.12233,,,,1955,,,01 ONE FAMILY DWELLINGS,DONGAN HILLS-COLONY,110 FOREST ROAD,01 ONE FAMILY DWELLINGS
us-nyc,United States,New York,USD,10.0,143.813844,2025-06-04,nyc_dof_rolling_sales,143.813844,,,,1960,,,01 ONE FAMILY DWELLINGS,DONGAN HILLS-COLONY,93 DELAWARE STREET,01 ONE FAMILY DWELLINGS
us-nyc,United States,New York,USD,755000.0,146.78674,2025-10-02,nyc_dof_rolling_sales,146.78674,,,,1920,,,01 ONE FAMILY DWELLINGS,DONGAN HILLS-COLONY,22 DELAWARE STREET,01 ONE FAMILY DWELLINGS
us-nyc,United States,New York,USD,1360000.0,147.901576,2025-11-17,nyc_dof_rolling_sales,147.901576,,,,1920,,,01 ONE FAMILY DWELLINGS,DONGAN HILLS-COLONY,11 NORDEN STREET,01 ONE FAMILY DWELLINGS
us-nyc,United States,New York,USD,1068348.0,309.92440799999997,2025-11-12,nyc_dof_rolling_sales,309.92440799999997,,,,1925,,,02 TWO FAMILY DWELLINGS,DONGAN HILLS-COLONY,115 WILSON TERRACE,02 TWO FAMILY DWELLINGS
us-nyc,United States,New York,USD,1065000.0,184.319552,2025-07-07,nyc_dof_rolling_sales,184.319552,,,,1965,,,02 TWO FAMILY DWELLINGS,DONGAN HILLS-COLONY,78 MASON STREET,02 TWO FAMILY DWELLINGS
us-nyc,United States,New York,USD,1060000.0,219.158177,2025-10-27,nyc_dof_rolling_sales,219.158177,,,,1965,,,02 TWO FAMILY DWELLINGS,DONGAN HILLS-COLONY,15 DUNCAN STREET,02 TWO FAMILY DWELLINGS
us-nyc,United States,New York,USD,1200000.0,396.324198,2025-06-26,nyc_dof_rolling_sales,396.324198,,,,1980,,,02 TWO FAMILY DWELLINGS,DONGAN HILLS-COLONY,1281 RICHMOND ROAD,02 TWO FAMILY DWELLINGS
us-nyc,United States,New York,USD,995000.0,188.035672,2025-03-03,nyc_dof_rolling_sales,188.035672,,,,1965,,,02 TWO FAMILY DWELLINGS,DONGAN HILLS-COLONY,108 DUTCHESS AVENUE,02 TWO FAMILY DWELLINGS
us-nyc,United States,New York,USD,10.0,192.40211299999999,2025-07-17,nyc_dof_rolling_sales,192.40211299999999,,,,1960,,,21 OFFICE BUILDINGS,DONGAN HILLS-COLONY,1225 RICHMOND ROAD,21 OFFICE BUILDINGS
us-nyc,United States,New York,USD,805000.0,160.164772,2025-02-13,nyc_dof_rolling_sales,160.164772,,,,1980,,,01 ONE FAMILY DWELLINGS,DONGAN HILLS-OLD TOWN,25 LEDYARD PLACE,01 ONE FAMILY DWELLINGS
us-nyc,United States,New York,USD,1.0,85.842372,2025-05-01,nyc_dof_rolling_sales,85.842372,,,,1975,,,01 ONE FAMILY DWELLINGS,DONGAN HILLS-OLD TOWN,32 MCCORMICK,01 ONE FAMILY DWELLINGS
us-nyc,United States,New York,USD,940000.0,204.3866,2025-06-16,nyc_dof_rolling_sales,204.3866,,,,2001,,,02 TWO FAMILY DWELLINGS,DONGAN HILLS-OLD TOWN,40 PARKINSON AVENUE,02 TWO FAMILY DWELLINGS
us-nyc,United States,New York,USD,600000.0,210.88981,2025-10-22,nyc_dof_rolling_sales,210.88981,,,,2006,,,02 TWO FAMILY DWELLINGS,DONGAN HILLS-OLD TOWN,75 KERMIT AVENUE,02 TWO FAMILY DWELLINGS
us-nyc,United States,New York,USD,600000.0,210.88981,2025-10-22,nyc_dof_rolling_sales,210.88981,,,,2006,,,02 TWO FAMILY DWELLINGS,DONGAN HILLS-OLD TOWN,79 KERMIT AVENUE,02 TWO FAMILY DWELLINGS
us-nyc,United States,New York,USD,180000.0,27.034773,2025-11-07,nyc_dof_rolling_sales,27.034773,,,,1950,,,22 STORE BUILDINGS,DONGAN HILLS-OLD TOWN,118 PARKINSON AVENUE,22 STORE BUILDINGS
us-nyc,United States,New York,USD,5405600.0,929.03,2025-11-07,nyc_dof_rolling_sales,929.03,,,,1997,,,29 COMMERCIAL GARAGES,DONGAN HILLS-OLD TOWN,1231 HYLAN BLVD,29 COMMERCIAL GARAGES
us-nyc,United States,New York,USD,3563100.0,850.06245,2025-11-07,nyc_dof_rolling_sales,850.06245,,,,1964,,,29 COMMERCIAL GARAGES,DONGAN HILLS-OLD TOWN,1239 HYLAN BOULEVARD,29 COMMERCIAL GARAGES
us-nyc,United States,New York,USD,1956100.0,383.68939,2025-11-07,nyc_dof_rolling_sales,383.68939,,,,1965,,,29 COMMERCIAL GARAGES,DONGAN HILLS-OLD TOWN,1257 HYLAN BLVD,29 COMMERCIAL GARAGES
us-nyc,United States,New York,USD,720000.0,98.105568,2025-01-03,nyc_dof_rolling_sales,98.105568,,,,1960,,,01 ONE FAMILY DWELLINGS,ELTINGVILLE,421 OAKDALE STREET,01 ONE FAMILY DWELLINGS
us-nyc,United States,New York,USD,725000.0,91.788164,2025-02-14,nyc_dof_rolling_sales,91.788164,,,,1960,,,01 ONE FAMILY DWELLINGS,ELTINGVILLE,109 RETFORD AVENUE,01 ONE FAMILY DWELLINGS
us-nyc,United States,New York,USD,999999.0,101.450076,2025-09-10,nyc_dof_rolling_sales,101.450076,,,,1965,,,01 ONE FAMILY DWELLINGS,ELTINGVILLE,389 SYCAMORE STREET,01 ONE FAMILY DWELLINGS
us-nyc,United States,New York,USD,799998.0,91.788164,2025-02-24,nyc_dof_rolling_sales,91.788164,,,,1965,,,01 ONE FAMILY DWELLINGS,ELTINGVILLE,101 PRESTON AVENUE,01 ONE FAMILY DWELLINGS
us-nyc,United States,New York,USD,785000.0,91.788164,2025-10-02,nyc_dof_rolling_sales,91.788164,,,,1965,,,01 ONE FAMILY DWELLINGS,ELTINGVILLE,97 PRESTON AVENUE,01 ONE FAMILY DWELLINGS
us-nyc,United States,New York,USD,714000.0,89.18688,2025-03-14,nyc_dof_rolling_sales,89.18688,,,,1970,,,01 ONE FAMILY DWELLINGS,ELTINGVILLE,435 SYCAMORE ST,01 ONE FAMILY DWELLINGS
us-nyc,United States,New York,USD,662500.0,104.794584,2025-05-05,nyc_dof_rolling_sales,104.794584,,,,1970,,,01 ONE FAMILY DWELLINGS,ELTINGVILLE,4094 RICHMOND AVENUE,01 ONE FAMILY DWELLINGS
us-nyc,United States,New York,USD,331000.0,91.416552,2025-01-30,nyc_dof_rolling_sales,91.416552,,,,1962,,,01 ONE FAMILY DWELLINGS,ELTINGVILLE,172 RETFORD AVENUE,01 ONE FAMILY DWELLINGS
us-nyc,United States,New York,USD,725000.0,111.4836,2025-05-08,nyc_dof_rolling_sales,111.4836,,,,1955,,,01 ONE FAMILY DWELLINGS,ELTINGVILLE,17 SHIRLEY AVENUE,01 ONE FAMILY DWELLINGS
us-nyc,United States,New York,USD,999000.0,191.658889,2025-10-20,nyc_dof_rolling_sales,191.658889,,,,1955,,,01 ONE FAMILY DWELLINGS,ELTINGVILLE,35 HALES AVENUE,01 ONE FAMILY DWELLINGS
us-nyc,United States,New York,USD,1150000.0,203.085958,2025-10-03,nyc_dof_rolling_sales,203.085958,,,,1955,,,01 ONE FAMILY DWELLINGS,ELTINGVILLE,326 LYNDALE AVENUE,01 ONE FAMILY DWELLINGS
us-nyc,United States,New York,USD,1055000.0,255.48325,2025-11-07,nyc_dof_rolling_sales,255.48325,,,,1955,,,01 ONE FAMILY DWELLINGS,ELTINGVILLE,324 RETFORD AVENUE,01 ONE FAMILY DWELLINGS
us-nyc,United States,New York,USD,680000.0,109.997152,2025-10-28,nyc_dof_rolling_sales,109.997152,,,,1960,,,01 ONE FAMILY DWELLINGS,ELTINGVILLE,422 PRESTON AVENUE,01 ONE FAMILY DWELLINGS
us-nyc,United States,New York,USD,540000.0,92.903,2025-02-06,nyc_dof_rolling_sales,92.903,,,,1955,,,01 ONE FAMILY DWELLINGS,ELTINGVILLE,87 HALES AVENUE,01 ONE FAMILY DWELLINGS
us-nyc,United States,New York,USD,850000.0,92.903,2025-09-29,nyc_dof_rolling_sales,92.903,,,,1955,,,01 ONE FAMILY DWELLINGS,ELTINGVILLE,87 HALES AVENUE,01 ONE FAMILY DWELLINGS
us-nyc,United States,New York,USD,829874.0,141.398366,2025-01-28,nyc_dof_rolling_sales,141.398366,,,,2024,,,01 ONE FAMILY DWELLINGS,ELTINGVILLE,20 SEIDMAN AVENUE,01 ONE FAMILY DWELLINGS
us-nyc,United States,New York,USD,10.0,176.5157,2025-04-09,nyc_dof_rolling_sales,176.5157,,,,1945,,,01 ONE FAMILY DWELLINGS,ELTINGVILLE,1391 ARDEN AVENUE,01 ONE FAMILY DWELLINGS
us-nyc,United States,New York,USD,730000.0,111.111988,2025-07-16,nyc_dof_rolling_sales,111.111988,,,,1965,,,01 ONE FAMILY DWELLINGS,ELTINGVILLE,160 WOODS OF ARDEN,01 ONE FAMILY DWELLINGS
us-nyc,United States,New York,USD,735000.0,111.111988,2025-03-18,nyc_dof_rolling_sales,111.111988,,,,1965,,,01 ONE FAMILY DWELLINGS,ELTINGVILLE,188 WOODS OF ARDEN ROAD,01 ONE FAMILY DWELLINGS
us-nyc,United States,New York,USD,860000.0,106.83845,2025-11-07,nyc_dof_rolling_sales,106.83845,,,,1965,,,01 ONE FAMILY DWELLINGS,ELTINGVILLE,192 SEIDMAN AVENUE,01 ONE FAMILY DWELLINGS
us-nyc,United States,New York,USD,760000.0,98.105568,2025-06-06,nyc_dof_rolling_sales,98.105568,,,,1960,,,01 ONE FAMILY DWELLINGS,ELTINGVILLE,227 WOODS OF ARDEN ROAD,01 ONE FAMILY DWELLINGS
us-nyc,United States,New York,USD,777000.0,98.47718,2025-08-28,nyc_dof_rolling_sales,98.47718,,,,1955,,,01 ONE FAMILY DWELLINGS,ELTINGVILLE,102 HALES AVENUE,01 ONE FAMILY DWELLINGS
us-nyc,United States,New York,USD,925000.0,143.163523,2025-08-08,nyc_dof_rolling_sales,143.163523,,,,1952,,,01 ONE FAMILY DWELLINGS,ELTINGVILLE,297 WOODS OF ARDEN ROAD,01 ONE FAMILY DWELLINGS
us-nyc,United States,New York,USD,875000.0,116.221653,2025-06-17,nyc_dof_rolling_sales,116.221653,,,,1965,,,01 ONE FAMILY DWELLINGS,ELTINGVILLE,51 OSAGE LANE,01 ONE FAMILY DWELLINGS
us-nyc,United States,New York,USD,810000.0,141.026754,2025-04-04,nyc_dof_rolling_sales,141.026754,,,,1955,,,01 ONE FAMILY DWELLINGS,ELTINGVILLE,34 OSAGE LANE,01 ONE FAMILY DWELLINGS
us-nyc,United States,New York,USD,344000.0,92.903,2025-03-31,nyc_dof_rolling_sales,92.903,,,,1955,,,01 ONE FAMILY DWELLINGS,ELTINGVILLE,184 HALES AVENUE,01 ONE FAMILY DWELLINGS
us-nyc,United States,New York,USD,1510000.0,263.194199,2025-10-16,nyc_dof_rolling_sales,263.194199,,,,2018,,,01 ONE FAMILY DWELLINGS,ELTINGVILLE,500 KING STREET,01 ONE FAMILY DWELLINGS
us-nyc,United States,New York,USD,785000.0,127.091304,2025-09-18,nyc_dof_rolling_sales,127.091304,,,,1955,,,01 ONE FAMILY DWELLINGS,ELTINGVILLE,243 SEIDMAN AVENUE,01 ONE FAMILY DWELLINGS
us-nyc,United States,New York,USD,875000.0,251.209712,2025-05-27,nyc_dof_rolling_sales,251.209712,,,,1965,,,01 ONE FAMILY DWELLINGS,ELTINGVILLE,1555 ARDEN AVENUE,01 ONE FAMILY DWELLINGS
us-nyc,United States,New York,USD,1035000.0,187.292448,2025-06-12,nyc_dof_rolling_sales,187.292448,,,,1980,,,01 ONE FAMILY DWELLINGS,ELTINGVILLE,117 BATHGATE STREET,01 ONE FAMILY DWELLINGS
us-nyc,United States,New York,USD,785000.0,156.07704,2025-10-02,nyc_dof_rolling_sales,156.07704,,,,1965,,,01 ONE FAMILY DWELLINGS,ELTINGVILLE,4581 HYLAN BLVD,01 ONE FAMILY DWELLINGS
us-nyc,United States,New York,USD,685000.0,130.99323,2025-11-06,nyc_dof_rolling_sales,130.99323,,,,1975,,,01 ONE FAMILY DWELLINGS,ELTINGVILLE,439 RETFORD AVE,01 ONE FAMILY DWELLINGS
us-nyc,United States,New York,USD,795000.0,122.63195999999999,2025-03-26,nyc_dof_rolling_sales,122.63195999999999,,,,1991,,,01 ONE FAMILY DWELLINGS,ELTINGVILLE,518 TENNYSON DRIVE,01 ONE FAMILY DWELLINGS
us-nyc,United States,New York,USD,560001.0,117.05778,2025-01-06,nyc_dof_rolling_sales,117.05778,,,,1985,,,01 ONE FAMILY DWELLINGS,ELTINGVILLE,27 MAYBERRY PROMENADE,01 ONE FAMILY DWELLINGS
us-nyc,United States,New York,USD,645000.0,117.05778,2025-07-17,nyc_dof_rolling_sales,117.05778,,,,1975,,,01 ONE FAMILY DWELLINGS,ELTINGVILLE,58 MAYBERRY PROMENADE,01 ONE FAMILY DWELLINGS
us-nyc,United States,New York,USD,460000.0,117.05778,2025-07-29,nyc_dof_rolling_sales,117.05778,,,,1975,,,01 ONE FAMILY DWELLINGS,ELTINGVILLE,12 STRAWBERRY LANE,01 ONE FAMILY DWELLINGS
us-nyc,United States,New York,USD,935000.0,126.34808,2025-09-29,nyc_dof_rolling_sales,126.34808,,,,1940,,,01 ONE FAMILY DWELLINGS,ELTINGVILLE,6 WAIMER PLACE,01 ONE FAMILY DWELLINGS
us-nyc,United States,New York,USD,769000.0,130.0642,2025-10-28,nyc_dof_rolling_sales,130.0642,,,,1998,,,01 ONE FAMILY DWELLINGS,ELTINGVILLE,42 SYLVIA STREET,01 ONE FAMILY DWELLINGS
us-nyc,United States,New York,USD,390000.0,127.091304,2025-08-22,nyc_dof_rolling_sales,127.091304,,,,1992,,,01 ONE FAMILY DWELLINGS,ELTINGVILLE,69 STUYVESANT AVENUE,01 ONE FAMILY DWELLINGS
us-nyc,United States,New York,USD,915000.0,162.58025,2025-09-18,nyc_dof_rolling_sales,162.58025,,,,1970,,,01 ONE FAMILY DWELLINGS,ELTINGVILLE,49 BAMBERGER LANE,01 ONE FAMILY DWELLINGS
us-nyc,United States,New York,USD,800000.0,214.60593,2025-08-07,nyc_dof_rolling_sales,214.60593,,,,1970,,,01 ONE FAMILY DWELLINGS,ELTINGVILLE,4665 AMBOY ROAD,01 ONE FAMILY DWELLINGS
us-nyc,United States,New York,USD,730000.0,89.18688,2025-04-03,nyc_dof_rolling_sales,89.18688,,,,1970,,,01 ONE FAMILY DWELLINGS,ELTINGVILLE,4685 AMBOY ROAD,01 ONE FAMILY DWELLINGS
us-nyc,United States,New York,USD,670000.0,111.4836,2025-06-11,nyc_dof_rolling_sales,111.4836,,,,1999,,,01 ONE FAMILY DWELLINGS,ELTINGVILLE,45 VANESSA LANE,01 ONE FAMILY DWELLINGS
us-nyc,United States,New York,USD,580108.0,94.76106,2025-03-21,nyc_dof_rolling_sales,94.76106,,,,1955,,,01 ONE FAMILY DWELLINGS,ELTINGVILLE,14 BAYARD STREET,01 ONE FAMILY DWELLINGS
us-nyc,United States,New York,USD,610000.0,185.898903,2025-07-21,nyc_dof_rolling_sales,185.898903,,,,1990,,,01 ONE FAMILY DWELLINGS,ELTINGVILLE,75 CHESEBROUGH STREET,01 ONE FAMILY DWELLINGS
us-nyc,United States,New York,USD,611000.0,185.898903,2025-11-05,nyc_dof_rolling_sales,185.898903,,,,1990,,,01 ONE FAMILY DWELLINGS,ELTINGVILLE,75 CHESEBROUGH STREET,01 ONE FAMILY DWELLINGS
us-nyc,United States,New York,USD,565000.0,202.156928,2025-08-12,nyc_dof_rolling_sales,202.156928,,,,1992,,,01 ONE FAMILY DWELLINGS,ELTINGVILLE,50 CHESEBROUGH STREET,01 ONE FAMILY DWELLINGS
us-nyc,United States,New York,USD,1100000.0,190.45115,2025-05-02,nyc_dof_rolling_sales,190.45115,,,,1993,,,01 ONE FAMILY DWELLINGS,ELTINGVILLE,18 SERRELL AVENUE,01 ONE FAMILY DWELLINGS
us-nyc,United States,New York,USD,803000.0,222.9672,2025-01-27,nyc_dof_rolling_sales,222.9672,,,,1978,,,01 ONE FAMILY DWELLINGS,ELTINGVILLE,542 LAMOKA AVENUE,01 ONE FAMILY DWELLINGS
us-nyc,United States,New York,USD,795000.0,140.469336,2025-02-19,nyc_dof_rolling_sales,140.469336,,,,1975,,,01 ONE FAMILY DWELLINGS,ELTINGVILLE,6 LAREDO AVENUE,01 ONE FAMILY DWELLINGS
us-nyc,United States,New York,USD,725000.0,127.091304,2025-02-28,nyc_dof_rolling_sales,127.091304,,,,1975,,,01 ONE FAMILY DWELLINGS,ELTINGVILLE,648 KATAN AVE,01 ONE FAMILY DWELLINGS
us-nyc,United States,New York,USD,630000.0,142.699008,2025-05-30,nyc_dof_rolling_sales,142.699008,,,,1975,,,01 ONE FAMILY DWELLINGS,ELTINGVILLE,631 KATAN AVENUE,01 ONE FAMILY DWELLINGS
us-nyc,United States,New York,USD,900000.0,120.030676,2025-04-08,nyc_dof_rolling_sales,120.030676,,,,1977,,,01 ONE FAMILY DWELLINGS,ELTINGVILLE,711 KATAN AVENUE,01 ONE FAMILY DWELLINGS
us-nyc,United States,New York,USD,975922.0,120.030676,2025-10-06,nyc_dof_rolling_sales,120.030676,,,,1977,,,01 ONE FAMILY DWELLINGS,ELTINGVILLE,120 FIGUREA AVENUE,01 ONE FAMILY DWELLINGS
us-nyc,United States,New York,USD,828000.0,160.629287,2025-01-22,nyc_dof_rolling_sales,160.629287,,,,1965,,,01 ONE FAMILY DWELLINGS,ELTINGVILLE,454 GENESEE AVENUE,01 ONE FAMILY DWELLINGS
us-nyc,United States,New York,USD,1042666.0,148.273188,2025-11-19,nyc_dof_rolling_sales,148.273188,,,,1965,,,01 ONE FAMILY DWELLINGS,ELTINGVILLE,434 GENESEE AVENUE,01 ONE FAMILY DWELLINGS
us-nyc,United States,New York,USD,780000.0,98.848792,2025-08-05,nyc_dof_rolling_sales,98.848792,,,,1965,,,01 ONE FAMILY DWELLINGS,ELTINGVILLE,90 SCRANTON AVENUE,01 ONE FAMILY DWELLINGS
us-nyc,United States,New York,USD,838000.0,186.549224,2025-05-22,nyc_dof_rolling_sales,186.549224,,,,1965,,,01 ONE FAMILY DWELLINGS,ELTINGVILLE,311 WAINWRIGHT AVENUE,01 ONE FAMILY DWELLINGS
us-nyc,United States,New York,USD,890000.0,174.65764,2025-01-09,nyc_dof_rolling_sales,174.65764,,,,1965,,,01 ONE FAMILY DWELLINGS,ELTINGVILLE,84 STROUD AVENUE,01 ONE FAMILY DWELLINGS
us-nyc,United States,New York,USD,850000.0,93.646224,2025-08-29,nyc_dof_rolling_sales,93.646224,,,,1960,,,01 ONE FAMILY DWELLINGS,ELTINGVILLE,21 STROUD AVENUE,01 ONE FAMILY DWELLINGS
us-nyc,United States,New York,USD,890000.0,177.630536,2025-02-19,nyc_dof_rolling_sales,177.630536,,,,1965,,,01 ONE FAMILY DWELLINGS,ELTINGVILLE,91 STROUD AVENUE,01 ONE FAMILY DWELLINGS
us-nyc,United States,New York,USD,980000.0,183.576328,2025-05-19,nyc_dof_rolling_sales,183.576328,,,,1965,,,01 ONE FAMILY DWELLINGS,ELTINGVILLE,662 BARLOW AVENUE,01 ONE FAMILY DWELLINGS
us-nyc,United States,New York,USD,925000.0,143.07062,2025-11-04,nyc_dof_rolling_sales,143.07062,,,,1970,,,01 ONE FAMILY DWELLINGS,ELTINGVILLE,621 BARLOW AVENUE,01 ONE FAMILY DWELLINGS
us-nyc,United States,New York,USD,435000.0,128.20614,2025-01-30,nyc_dof_rolling_sales,128.20614,,,,1993,,,01 ONE FAMILY DWELLINGS,ELTINGVILLE,73 MACON AVENUE,01 ONE FAMILY DWELLINGS
us-nyc,United States,New York,USD,569900.0,100.33524,2025-01-08,nyc_dof_rolling_sales,100.33524,,,,1993,,,01 ONE FAMILY DWELLINGS,ELTINGVILLE,20 BRANDIS LANE,01 ONE FAMILY DWELLINGS
us-nyc,United States,New York,USD,910000.0,156.07704,2025-07-31,nyc_dof_rolling_sales,156.07704,,,,1970,,,01 ONE FAMILY DWELLINGS,ELTINGVILLE,19 BRANDIS AVENUE,01 ONE FAMILY DWELLINGS
us-nyc,United States,New York,USD,735000.0,156.07704,2025-04-11,nyc_dof_rolling_sales,156.07704,,,,1970,,,01 ONE FAMILY DWELLINGS,ELTINGVILLE,31 BRANDIS AVENUE,01 ONE FAMILY DWELLINGS
us-nyc,United States,New York,USD,620000.0,115.19972,2025-08-25,nyc_dof_rolling_sales,115.19972,,,,1987,,,01 ONE FAMILY DWELLINGS,ELTINGVILLE,19 DRUMGOOLE ROAD EAST,01 ONE FAMILY DWELLINGS
us-nyc,United States,New York,USD,380000.0,75.808848,2025-07-25,nyc_dof_rolling_sales,75.808848,,,,1988,,,01 ONE FAMILY DWELLINGS,ELTINGVILLE,695 BARLOW AVENUE,01 ONE FAMILY DWELLINGS
us-nyc,United States,New York,USD,350000.0,75.808848,2025-01-27,nyc_dof_rolling_sales,75.808848,,,,1988,,,01 ONE FAMILY DWELLINGS,ELTINGVILLE,697 BARLOW AVENUE,01 ONE FAMILY DWELLINGS
us-nyc,United States,New York,USD,687750.0,118.91584,2025-06-30,nyc_dof_rolling_sales,118.91584,,,,1960,,,01 ONE FAMILY DWELLINGS,ELTINGVILLE,1099 ARDEN AVENUE,01 ONE FAMILY DWELLINGS
us-nyc,United States,New York,USD,625000.0,118.91584,2025-07-22,nyc_dof_rolling_sales,118.91584,,,,1965,,,01 ONE FAMILY DWELLINGS,ELTINGVILLE,31 RAY STREET,01 ONE FAMILY DWELLINGS
us-nyc,United States,New York,USD,509253.0,118.91584,2025-09-17,nyc_dof_rolling_sales,118.91584,,,,1960,,,01 ONE FAMILY DWELLINGS,ELTINGVILLE,35 BENT STREET,01 ONE FAMILY DWELLINGS
us-nyc,United States,New York,USD,760000.0,118.91584,2025-08-22,nyc_dof_rolling_sales,118.91584,,,,1960,,,01 ONE FAMILY DWELLINGS,ELTINGVILLE,41 BENT STREET,01 ONE FAMILY DWELLINGS
us-nyc,United States,New York,USD,547500.0,118.91584,2025-06-05,nyc_dof_rolling_sales,118.91584,,,,1965,,,01 ONE FAMILY DWELLINGS,ELTINGVILLE,632 WILSON AVENUE,01 ONE FAMILY DWELLINGS
us-nyc,United States,New York,USD,650000.0,118.91584,2025-11-18,nyc_dof_rolling_sales,118.91584,,,,1965,,,01 ONE FAMILY DWELLINGS,ELTINGVILLE,632 WILSON AVENUE,01 ONE FAMILY DWELLINGS
us-nyc,United States,New York,USD,1.0,118.91584,2025-12-04,nyc_dof_rolling_sales,118.91584,,,,1965,,,01 ONE FAMILY DWELLINGS,ELTINGVILLE,622 WILSON AVENUE,01 ONE FAMILY DWELLINGS
us-nyc,United States,New York,USD,700000.0,118.91584,2025-01-30,nyc_dof_rolling_sales,118.91584,,,,1965,,,01 ONE FAMILY DWELLINGS,ELTINGVILLE,620 WILSON AVENUE,01 ONE FAMILY DWELLINGS
us-nyc,United States,New York,USD,785000.0,83.241088,2025-01-17,nyc_dof_rolling_sales,83.241088,,,,1970,,,01 ONE FAMILY DWELLINGS,ELTINGVILLE,144 RYE AVENUE,01 ONE FAMILY DWELLINGS
us-nyc,United States,New York,USD,720000.0,100.33524,2025-01-07,nyc_dof_rolling_sales,100.33524,,,,1970,,,01 ONE FAMILY DWELLINGS,ELTINGVILLE,27 ADLAI CIRCLE,01 ONE FAMILY DWELLINGS
us-nyc,United States,New York,USD,675000.0,100.33524,2025-10-21,nyc_dof_rolling_sales,100.33524,,,,1970,,,01 ONE FAMILY DWELLINGS,ELTINGVILLE,61 ADLAI CIRCLE,01 ONE FAMILY DWELLINGS
us-nyc,United States,New York,USD,1.0,119.84487,2025-07-29,nyc_dof_rolling_sales,119.84487,,,,1974,,,01 ONE FAMILY DWELLINGS,ELTINGVILLE,33 MOFFETT STREET,01 ONE FAMILY DWELLINGS
us-nyc,United States,New York,USD,665000.0,144.92867999999999,2025-01-14,nyc_dof_rolling_sales,144.92867999999999,,,,1965,,,01 ONE FAMILY DWELLINGS,ELTINGVILLE,637 WILSON AVENUE,01 ONE FAMILY DWELLINGS
us-nyc,United States,New York,USD,900000.0,167.2254,2025-01-29,nyc_dof_rolling_sales,167.2254,,,,1995,,,01 ONE FAMILY DWELLINGS,ELTINGVILLE,50 ROCHELLE PLACE,01 ONE FAMILY DWELLINGS
us-nyc,United States,New York,USD,740000.0,111.4836,2025-01-16,nyc_dof_rolling_sales,111.4836,,,,1965,,,01 ONE FAMILY DWELLINGS,ELTINGVILLE,142 SCRANTON AVENUE,01 ONE FAMILY DWELLINGS
us-nyc,United States,New York,USD,992793.0,229.842022,2025-07-09,nyc_dof_rolling_sales,229.842022,,,,1965,,,01 ONE FAMILY DWELLINGS,ELTINGVILLE,131 STROUD AVENUE,01 ONE FAMILY DWELLINGS
us-nyc,United States,New York,USD,872000.0,177.630536,2025-02-03,nyc_dof_rolling_sales,177.630536,,,,1990,,,01 ONE FAMILY DWELLINGS,ELTINGVILLE,54 MARNE AVENUE,01 ONE FAMILY DWELLINGS
us-nyc,United States,New York,USD,770000.0,177.630536,2025-09-15,nyc_dof_rolling_sales,177.630536,,,,1990,,,01 ONE FAMILY DWELLINGS,ELTINGVILLE,28 MARNE AVENUE,01 ONE FAMILY DWELLINGS
us-nyc,United States,New York,USD,1000.0,177.630536,2025-10-08,nyc_dof_rolling_sales,177.630536,,,,1991,,,01 ONE FAMILY DWELLINGS,ELTINGVILLE,14 MONTEREY AVENUE,01 ONE FAMILY DWELLINGS
us-nyc,United States,New York,USD,550000.0,136.939022,2025-06-03,nyc_dof_rolling_sales,136.939022,,,,1992,,,01 ONE FAMILY DWELLINGS,ELTINGVILLE,780 BARLOW AVENUE,01 ONE FAMILY DWELLINGS
us-nyc,United States,New York,USD,910000.0,127.091304,2025-10-03,nyc_dof_rolling_sales,127.091304,,,,1970,,,01 ONE FAMILY DWELLINGS,ELTINGVILLE,682 BARLOW AVENUE,01 ONE FAMILY DWELLINGS
us-nyc,United States,New York,USD,705000.0,159.79316,2025-09-15,nyc_dof_rolling_sales,159.79316,,,,1965,,,01 ONE FAMILY DWELLINGS,ELTINGVILLE,59 READING AVENUE,01 ONE FAMILY DWELLINGS
us-nyc,United States,New York,USD,700000.0,105.90942,2025-05-02,nyc_dof_rolling_sales,105.90942,,,,1978,,,01 ONE FAMILY DWELLINGS,ELTINGVILLE,213 CROSSFIELD AVENUE,01 ONE FAMILY DWELLINGS
us-nyc,United States,New York,USD,780000.0,129.692588,2025-07-21,nyc_dof_rolling_sales,129.692588,,,,1991,,,01 ONE FAMILY DWELLINGS,ELTINGVILLE,165 CROSSFIELD AVENUE,01 ONE FAMILY DWELLINGS
us-nyc,United States,New York,USD,560000.0,140.562239,2025-05-14,nyc_dof_rolling_sales,140.562239,,,,1991,,,01 ONE FAMILY DWELLINGS,ELTINGVILLE,536 DRUMGOOLE ROAD WEST,01 ONE FAMILY DWELLINGS
us-nyc,United States,New York,USD,880000.0,120.7739,2025-03-18,nyc_dof_rolling_sales,120.7739,,,,1979,,,01 ONE FAMILY DWELLINGS,ELTINGVILLE,46 WATKINS AVENUE,01 ONE FAMILY DWELLINGS
us-nyc,United States,New York,USD,980000.0,211.354325,2025-09-08,nyc_dof_rolling_sales,211.354325,,,,1979,,,01 ONE FAMILY DWELLINGS,ELTINGVILLE,63 DORVAL AVENUE,01 ONE FAMILY DWELLINGS
us-nyc,United States,New York,USD,850000.0,191.565986,2025-03-25,nyc_dof_rolling_sales,191.565986,,,,1978,,,01 ONE FAMILY DWELLINGS,ELTINGVILLE,80 BERRY AVENUE,01 ONE FAMILY DWELLINGS
us-nyc,United States,New York,USD,540000.0,137.49644,2025-03-14,nyc_dof_rolling_sales,137.49644,,,,1989,,,01 ONE FAMILY DWELLINGS,ELTINGVILLE,42 CHALLENGER DRIVE,01 ONE FAMILY DWELLINGS
us-nyc,United States,New York,USD,800000.0,178.37376,2025-06-30,nyc_dof_rolling_sales,178.37376,,,,1978,,,01 ONE FAMILY DWELLINGS,ELTINGVILLE,61 BERRY AVENUE,01 ONE FAMILY DWELLINGS
us-nyc,United States,New York,USD,748000.0,178.37376,2025-04-08,nyc_dof_rolling_sales,178.37376,,,,1975,,,01 ONE FAMILY DWELLINGS,ELTINGVILLE,2 TOKEN STREET,01 ONE FAMILY DWELLINGS
us-nyc,United States,New York,USD,699888.0,104.05136,2025-08-19,nyc_dof_rolling_sales,104.05136,,,,1994,,,01 ONE FAMILY DWELLINGS,ELTINGVILLE,35 FUTURITY PLACE,01 ONE FAMILY DWELLINGS
us-nyc,United States,New York,USD,800000.0,193.981464,2025-08-27,nyc_dof_rolling_sales,193.981464,,,,1970,,,01 ONE FAMILY DWELLINGS,ELTINGVILLE,18 FUTURITY PLACE,01 ONE FAMILY DWELLINGS
us-nyc,United States,New York,USD,740000.0,130.0642,2025-10-16,nyc_dof_rolling_sales,130.0642,,,,1994,,,01 ONE FAMILY DWELLINGS,ELTINGVILLE,86 WOLCOTT AVENUE,01 ONE FAMILY DWELLINGS
us-nyc,United States,New York,USD,570000.0,104.05136,2025-03-07,nyc_dof_rolling_sales,104.05136,,,,1920,,,01 ONE FAMILY DWELLINGS,ELTINGVILLE,58 WOLCOTT AVENUE,01 ONE FAMILY DWELLINGS
us-nyc,United States,New York,USD,930000.0,167.2254,2025-01-31,nyc_dof_rolling_sales,167.2254,,,,1995,,,01 ONE FAMILY DWELLINGS,ELTINGVILLE,51 WOLCOTT AVENUE,01 ONE FAMILY DWELLINGS
us-nyc,United States,New York,USD,580000.0,124.861632,2025-03-26,nyc_dof_rolling_sales,124.861632,,,,1980,,,01 ONE FAMILY DWELLINGS,ELTINGVILLE,131 NOTUS AVENUE,01 ONE FAMILY DWELLINGS
us-nyc,United States,New York,USD,725000.0,140.469336,2025-07-21,nyc_dof_rolling_sales,140.469336,,,,1980,,,01 ONE FAMILY DWELLINGS,ELTINGVILLE,75 LUDLOW STREET,01 ONE FAMILY DWELLINGS
us-nyc,United States,New York,USD,10.0,151.617696,2025-04-02,nyc_dof_rolling_sales,151.617696,,,,1982,,,01 ONE FAMILY DWELLINGS,ELTINGVILLE,180 SHOTWELL AVENUE,01 ONE FAMILY DWELLINGS
us-nyc,United States,New York,USD,605000.0,156.07704,2025-10-07,nyc_dof_rolling_sales,156.07704,,,,1980,,,01 ONE FAMILY DWELLINGS,ELTINGVILLE,260 WOEHRLE AVENUE,01 ONE FAMILY DWELLINGS
us-nyc,United States,New York,USD,848000.0,148.6448,2025-09-04,nyc_dof_rolling_sales,148.6448,,,,1978,,,01 ONE FAMILY DWELLINGS,ELTINGVILLE,85 LORING AVENUE,01 ONE FAMILY DWELLINGS
us-nyc,United States,New York,USD,999000.0,186.549224,2025-07-29,nyc_dof_rolling_sales,186.549224,,,,1975,,,01 ONE FAMILY DWELLINGS,ELTINGVILLE,135 MCARTHUR AVENUE,01 ONE FAMILY DWELLINGS
us-nyc,United States,New York,USD,10.0,143.813844,2025-02-26,nyc_dof_rolling_sales,143.813844,,,,1975,,,01 ONE FAMILY DWELLINGS,ELTINGVILLE,111 MC ARTHUR AVENUE,01 ONE FAMILY DWELLINGS
us-nyc,United States,New York,USD,752000.0,137.49644,2025-03-21,nyc_dof_rolling_sales,137.49644,,,,1975,,,01 ONE FAMILY DWELLINGS,ELTINGVILLE,26 WOEHRLE AVENUE,01 ONE FAMILY DWELLINGS
us-nyc,United States,New York,USD,750000.0,123.746796,2025-07-03,nyc_dof_rolling_sales,123.746796,,,,1980,,,01 ONE FAMILY DWELLINGS,ELTINGVILLE,28 VON BRAUN AVENUE,01 ONE FAMILY DWELLINGS
us-nyc,United States,New York,USD,700000.0,133.78032,2025-10-16,nyc_dof_rolling_sales,133.78032,,,,1980,,,01 ONE FAMILY DWELLINGS,ELTINGVILLE,28 IBSEN,01 ONE FAMILY DWELLINGS
us-nyc,United States,New York,USD,600000.0,118.91584,2025-11-06,nyc_dof_rolling_sales,118.91584,,,,1970,,,01 ONE FAMILY DWELLINGS,ELTINGVILLE,100 GOLD AVENUE,01 ONE FAMILY DWELLINGS
us-nyc,United States,New York,USD,740000.0,133.78032,2025-09-05,nyc_dof_rolling_sales,133.78032,,,,1970,,,01 ONE FAMILY DWELLINGS,ELTINGVILLE,80 GOLD AVENUE,01 ONE FAMILY DWELLINGS
us-nyc,United States,New York,USD,770000.0,174.65764,2025-11-10,nyc_dof_rolling_sales,174.65764,,,,1970,,,01 ONE FAMILY DWELLINGS,ELTINGVILLE,68 GOLD AVENUE,01 ONE FAMILY DWELLINGS
us-nyc,United States,New York,USD,640000.0,133.78032,2025-03-28,nyc_dof_rolling_sales,133.78032,,,,1970,,,01 ONE FAMILY DWELLINGS,ELTINGVILLE,15 SUNFIELD AVENUE,01 ONE FAMILY DWELLINGS
us-nyc,United States,New York,USD,521000.0,89.744298,2025-10-20,nyc_dof_rolling_sales,89.744298,,,,1975,,,01 ONE FAMILY DWELLINGS,ELTINGVILLE,216 ANNADALE ROAD,01 ONE FAMILY DWELLINGS
us-nyc,United States,New York,USD,10.0,193.981464,2025-01-08,nyc_dof_rolling_sales,193.981464,,,,1975,,,01 ONE FAMILY DWELLINGS,ELTINGVILLE,220 ANNADALE ROAD,01 ONE FAMILY DWELLINGS
us-nyc,United States,New York,USD,687000.0,142.699008,2025-12-19,nyc_dof_rolling_sales,142.699008,,,,1980,,,01 ONE FAMILY DWELLINGS,ELTINGVILLE,156 MCARTHUR AVENUE,01 ONE FAMILY DWELLINGS
us-nyc,United States,New York,USD,684619.0,127.091304,2025-04-04,nyc_dof_rolling_sales,127.091304,,,,1980,,,01 ONE FAMILY DWELLINGS,ELTINGVILLE,33 LORING AVENUE,01 ONE FAMILY DWELLINGS
us-nyc,United States,New York,USD,670000.0,111.4836,2025-09-15,nyc_dof_rolling_sales,111.4836,,,,1978,,,01 ONE FAMILY DWELLINGS,ELTINGVILLE,220 WOODROW ROAD,01 ONE FAMILY DWELLINGS
us-nyc,United States,New York,USD,665000.0,118.91584,2025-10-20,nyc_dof_rolling_sales,118.91584,,,,1973,,,01 ONE FAMILY DWELLINGS,ELTINGVILLE,16 CHERYL AVENUE,01 ONE FAMILY DWELLINGS
us-nyc,United States,New York,USD,590000.0,101.450076,2025-06-10,nyc_dof_rolling_sales,101.450076,,,,1975,,,01 ONE FAMILY DWELLINGS,ELTINGVILLE,132 ANNADALE ROAD,01 ONE FAMILY DWELLINGS
us-nyc,United States,New York,USD,750000.0,112.970048,2025-02-04,nyc_dof_rolling_sales,112.970048,,,,1974,,,01 ONE FAMILY DWELLINGS,ELTINGVILLE,90 KENMORE STREET,01 ONE FAMILY DWELLINGS
us-nyc,United States,New York,USD,805000.0,157.377682,2025-06-23,nyc_dof_rolling_sales,157.377682,,,,1975,,,01 ONE FAMILY DWELLINGS,ELTINGVILLE,25 DIERAUF STREET,01 ONE FAMILY DWELLINGS
us-nyc,United States,New York,USD,690000.0,111.4836,2025-05-09,nyc_dof_rolling_sales,111.4836,,,,1979,,,01 ONE FAMILY DWELLINGS,ELTINGVILLE,35 DIERAUF STREET,01 ONE FAMILY DWELLINGS
us-nyc,United States,New York,USD,698000.0,213.6769,2025-08-11,nyc_dof_rolling_sales,213.6769,,,,1980,,,01 ONE FAMILY DWELLINGS,ELTINGVILLE,1182 ARTHUR KILL ROAD,01 ONE FAMILY DWELLINGS
us-nyc,United States,New York,USD,330000.0,82.126252,2025-09-30,nyc_dof_rolling_sales,82.126252,,,,1976,,,01 ONE FAMILY DWELLINGS,ELTINGVILLE,1174 ARTHUR KILL ROAD,01 ONE FAMILY DWELLINGS
us-nyc,United States,New York,USD,600000.0,82.126252,2025-05-22,nyc_dof_rolling_sales,82.126252,,,,1975,,,01 ONE FAMILY DWELLINGS,ELTINGVILLE,1154 ARTHUR KILL ROAD,01 ONE FAMILY DWELLINGS
us-nyc,United States,New York,USD,900000.0,231.885888,2025-05-09,nyc_dof_rolling_sales,231.885888,,,,1981,,,01 ONE FAMILY DWELLINGS,ELTINGVILLE,420 WOODROW ROAD,01 ONE FAMILY DWELLINGS
us-nyc,United States,New York,USD,850000.0,122.260348,2025-07-02,nyc_dof_rolling_sales,122.260348,,,,1950,,,01 ONE FAMILY DWELLINGS,ELTINGVILLE,20 EDGEGROVE AVENUE,01 ONE FAMILY DWELLINGS
us-nyc,United States,New York,USD,709000.0,105.537808,2025-10-09,nyc_dof_rolling_sales,105.537808,,,,1945,,,01 ONE FAMILY DWELLINGS,ELTINGVILLE,560 DRUMGOOLE ROAD EAST,01 ONE FAMILY DWELLINGS
us-nyc,United States,New York,USD,775000.0,182.833104,2025-10-28,nyc_dof_rolling_sales,182.833104,,,,1955,,,01 ONE FAMILY DWELLINGS,ELTINGVILLE,946 DRUMGOOLE ROAD WEST,01 ONE FAMILY DWELLINGS
us-nyc,United States,New York,USD,830000.0,196.211136,2025-04-23,nyc_dof_rolling_sales,196.211136,,,,1965,,,01 ONE FAMILY DWELLINGS,ELTINGVILLE,575 CARLTON BOULEVARD,01 ONE FAMILY DWELLINGS
us-nyc,United States,New York,USD,829000.0,98.105568,2025-04-04,nyc_dof_rolling_sales,98.105568,,,,1950,,,01 ONE FAMILY DWELLINGS,ELTINGVILLE,158 VINELAND AVENUE,01 ONE FAMILY DWELLINGS
us-nyc,United States,New York,USD,697000.0,74.3224,2025-09-10,nyc_dof_rolling_sales,74.3224,,,,1950,,,01 ONE FAMILY DWELLINGS,ELTINGVILLE,119 STAFFORD AVENUE,01 ONE FAMILY DWELLINGS
us-nyc,United States,New York,USD,712800.0,115.942944,2025-10-03,nyc_dof_rolling_sales,115.942944,,,,1950,,,01 ONE FAMILY DWELLINGS,ELTINGVILLE,87 SHELDON AVENUE,01 ONE FAMILY DWELLINGS
us-nyc,United States,New York,USD,10.0,237.83168,2025-04-25,nyc_dof_rolling_sales,237.83168,,,,1975,,,01 ONE FAMILY DWELLINGS,ELTINGVILLE,72 VINELAND AVENUE,01 ONE FAMILY DWELLINGS
us-nyc,United States,New York,USD,635000.0,130.0642,2025-07-23,nyc_dof_rolling_sales,130.0642,,,,1993,,,01 ONE FAMILY DWELLINGS,ELTINGVILLE,86 DEBORAH LOOP,01 ONE FAMILY DWELLINGS
us-nyc,United States,New York,USD,525000.0,130.0642,2025-08-20,nyc_dof_rolling_sales,130.0642,,,,1993,,,01 ONE FAMILY DWELLINGS,ELTINGVILLE,19 DEBORAH LOOP,01 ONE FAMILY DWELLINGS
us-nyc,United States,New York,USD,850000.0,222.9672,2025-02-05,nyc_dof_rolling_sales,222.9672,,,,2004,,,02 TWO FAMILY DWELLINGS,ELTINGVILLE,4644 AMBOY ROAD,02 TWO FAMILY DWELLINGS
us-nyc,United States,New York,USD,910000.0,322.280507,2025-11-13,nyc_dof_rolling_sales,322.280507,,,,1980,,,02 TWO FAMILY DWELLINGS,ELTINGVILLE,28 SEIDMAN AVENUE,02 TWO FAMILY DWELLINGS
us-nyc,United States,New York,USD,987703.0,218.32205,2025-01-13,nyc_dof_rolling_sales,218.32205,,,,2024,,,02 TWO FAMILY DWELLINGS,ELTINGVILLE,22 SEIDMAN AVENUE,02 TWO FAMILY DWELLINGS
us-nyc,United States,New York,USD,949000.0,194.074367,2025-12-09,nyc_dof_rolling_sales,194.074367,,,,1975,,,02 TWO FAMILY DWELLINGS,ELTINGVILLE,4396 HYLAN BOULEVARD,02 TWO FAMILY DWELLINGS
us-nyc,United States,New York,USD,300000.0,175.58667,2025-01-24,nyc_dof_rolling_sales,175.58667,,,,1975,,,02 TWO FAMILY DWELLINGS,ELTINGVILLE,39 STRAWBERRY LANE,02 TWO FAMILY DWELLINGS
us-nyc,United States,New York,USD,400000.0,175.58667,2025-04-16,nyc_dof_rolling_sales,175.58667,,,,1975,,,02 TWO FAMILY DWELLINGS,ELTINGVILLE,39 STRAWBERRY LANE,02 TWO FAMILY DWELLINGS
us-nyc,United States,New York,USD,820000.0,167.2254,2025-03-18,nyc_dof_rolling_sales,167.2254,,,,2001,,,02 TWO FAMILY DWELLINGS,ELTINGVILLE,431 MOSELY AVENUE,02 TWO FAMILY DWELLINGS
us-nyc,United States,New York,USD,1200000.0,224.174939,2025-07-09,nyc_dof_rolling_sales,224.174939,,,,1977,,,02 TWO FAMILY DWELLINGS,ELTINGVILLE,73 SERRELL,02 TWO FAMILY DWELLINGS
us-nyc,United States,New York,USD,785000.0,213.305288,2025-11-12,nyc_dof_rolling_sales,213.305288,,,,1977,,,02 TWO FAMILY DWELLINGS,ELTINGVILLE,337 POMPEY AVENUE,02 TWO FAMILY DWELLINGS
us-nyc,United States,New York,USD,1.0,237.460068,2025-08-27,nyc_dof_rolling_sales,237.460068,,,,1993,,,02 TWO FAMILY DWELLINGS,ELTINGVILLE,43 MEMPHIS AVENUE,02 TWO FAMILY DWELLINGS
us-nyc,United States,New York,USD,925000.0,228.727186,2025-11-06,nyc_dof_rolling_sales,228.727186,,,,1975,,,02 TWO FAMILY DWELLINGS,ELTINGVILLE,696 KATAN AVENUE,02 TWO FAMILY DWELLINGS
us-nyc,United States,New York,USD,998000.0,144.92867999999999,2025-02-13,nyc_dof_rolling_sales,144.92867999999999,,,,1965,,,02 TWO FAMILY DWELLINGS,ELTINGVILLE,91 SCRANTON AVENUE,02 TWO FAMILY DWELLINGS
us-nyc,United States,New York,USD,800000.0,239.318128,2025-07-15,nyc_dof_rolling_sales,239.318128,,,,1965,,,02 TWO FAMILY DWELLINGS,ELTINGVILLE,688 LEVERETT AVENUE,02 TWO FAMILY DWELLINGS
us-nyc,United States,New York,USD,1095000.0,247.865204,2025-12-02,nyc_dof_rolling_sales,247.865204,,,,1985,,,02 TWO FAMILY DWELLINGS,ELTINGVILLE,50 READING AVENUE,02 TWO FAMILY DWELLINGS
us-nyc,United States,New York,USD,1020000.0,163.50928,2025-05-01,nyc_dof_rolling_sales,163.50928,,,,1970,,,02 TWO FAMILY DWELLINGS,ELTINGVILLE,653 BARLOW AVENUE,02 TWO FAMILY DWELLINGS
us-nyc,United States,New York,USD,815000.0,130.0642,2025-07-31,nyc_dof_rolling_sales,130.0642,,,,1996,,,02 TWO FAMILY DWELLINGS,ELTINGVILLE,75 BRANDIS AVENUE,02 TWO FAMILY DWELLINGS
us-nyc,United States,New York,USD,940000.0,225.568484,2025-07-14,nyc_dof_rolling_sales,225.568484,,,,1970,,,02 TWO FAMILY DWELLINGS,ELTINGVILLE,1061 ARDEN AVENUE,02 TWO FAMILY DWELLINGS
us-nyc,United States,New York,USD,1150000.0,213.305288,2025-09-03,nyc_dof_rolling_sales,213.305288,,,,1970,,,02 TWO FAMILY DWELLINGS,ELTINGVILLE,434 POMPEY AVENUE,02 TWO FAMILY DWELLINGS
us-nyc,United States,New York,USD,990000.0,213.305288,2025-07-02,nyc_dof_rolling_sales,213.305288,,,,1970,,,02 TWO FAMILY DWELLINGS,ELTINGVILLE,11 ADLAI CIRCLE,02 TWO FAMILY DWELLINGS
us-nyc,United States,New York,USD,750000.0,167.2254,2025-04-30,nyc_dof_rolling_sales,167.2254,,,,1965,,,02 TWO FAMILY DWELLINGS,ELTINGVILLE,709 ANNADALE ROAD,02 TWO FAMILY DWELLINGS
us-nyc,United States,New York,USD,930000.0,182.368589,2025-10-03,nyc_dof_rolling_sales,182.368589,,,,1975,,,02 TWO FAMILY DWELLINGS,ELTINGVILLE,364 POMPEY AVENUE,02 TWO FAMILY DWELLINGS
us-nyc,United States,New York,USD,950000.0,222.9672,2025-11-25,nyc_dof_rolling_sales,222.9672,,,,1970,,,02 TWO FAMILY DWELLINGS,ELTINGVILLE,788 KATAN AVENUE,02 TWO FAMILY DWELLINGS
us-nyc,United States,New York,USD,820000.0,182.08988,2025-12-01,nyc_dof_rolling_sales,182.08988,,,,1965,,,02 TWO FAMILY DWELLINGS,ELTINGVILLE,171 FIGUREA AVENUE,02 TWO FAMILY DWELLINGS
us-nyc,United States,New York,USD,999900.0,170.569908,2025-07-28,nyc_dof_rolling_sales,170.569908,,,,1975,,,02 TWO FAMILY DWELLINGS,ELTINGVILLE,166 AUGUSTA AVENUE,02 TWO FAMILY DWELLINGS
us-nyc,United States,New York,USD,1288086.0,233.18653,2025-10-23,nyc_dof_rolling_sales,233.18653,,,,2025,,,02 TWO FAMILY DWELLINGS,ELTINGVILLE,102 LOVELACE AVENUE,02 TWO FAMILY DWELLINGS
us-nyc,United States,New York,USD,1186261.0,194.260173,2025-09-30,nyc_dof_rolling_sales,194.260173,,,,2025,,,02 TWO FAMILY DWELLINGS,ELTINGVILLE,106 LOVELACE AVENUE,02 TWO FAMILY DWELLINGS
us-nyc,United States,New York,USD,1290000.0,248.98004,2025-01-16,nyc_dof_rolling_sales,248.98004,,,,1965,,,02 TWO FAMILY DWELLINGS,ELTINGVILLE,124 SCRANTON AVENUE,02 TWO FAMILY DWELLINGS
us-nyc,United States,New York,USD,740000.0,251.209712,2025-07-15,nyc_dof_rolling_sales,251.209712,,,,1991,,,02 TWO FAMILY DWELLINGS,ELTINGVILLE,79 POMPEY AVENUE,02 TWO FAMILY DWELLINGS
us-nyc,United States,New York,USD,989900.0,176.887312,2025-11-18,nyc_dof_rolling_sales,176.887312,,,,1974,,,02 TWO FAMILY DWELLINGS,ELTINGVILLE,71 READING AVENUE,02 TWO FAMILY DWELLINGS
us-nyc,United States,New York,USD,840000.0,185.806,2025-08-04,nyc_dof_rolling_sales,185.806,,,,1986,,,02 TWO FAMILY DWELLINGS,ELTINGVILLE,450 DRUMGOOLE RD WEST,02 TWO FAMILY DWELLINGS
us-nyc,United States,New York,USD,237000.0,226.68332,2025-04-24,nyc_dof_rolling_sales,226.68332,,,,1980,,,02 TWO FAMILY DWELLINGS,ELTINGVILLE,240 SHOTWELL AVENUE,02 TWO FAMILY DWELLINGS
us-nyc,United States,New York,USD,1230000.0,246.19295,2025-07-18,nyc_dof_rolling_sales,246.19295,,,,2000,,,02 TWO FAMILY DWELLINGS,ELTINGVILLE,262 SHOTWELL AVENUE,02 TWO FAMILY DWELLINGS
us-nyc,United States,New York,USD,437500.0,222.9672,2025-02-26,nyc_dof_rolling_sales,222.9672,,,,1980,,,02 TWO FAMILY DWELLINGS,ELTINGVILLE,222 WOEHRLE AVENUE,02 TWO FAMILY DWELLINGS
us-nyc,United States,New York,USD,750000.0,145.300292,2025-08-26,nyc_dof_rolling_sales,145.300292,,,,1980,,,02 TWO FAMILY DWELLINGS,ELTINGVILLE,49 SHOTWELL AVENUE,02 TWO FAMILY DWELLINGS
us-nyc,United States,New York,USD,825000.0,189.893732,2025-06-27,nyc_dof_rolling_sales,189.893732,,,,1980,,,02 TWO FAMILY DWELLINGS,ELTINGVILLE,24 VON BRAUN AVE,02 TWO FAMILY DWELLINGS
us-nyc,United States,New York,USD,900000.0,222.9672,2025-10-24,nyc_dof_rolling_sales,222.9672,,,,1970,,,02 TWO FAMILY DWELLINGS,ELTINGVILLE,126 ANNADALE ROAD,02 TWO FAMILY DWELLINGS
us-nyc,United States,New York,USD,812000.0,162.858959,2025-09-08,nyc_dof_rolling_sales,162.858959,,,,1970,,,02 TWO FAMILY DWELLINGS,ELTINGVILLE,31 TYNAN STREET,02 TWO FAMILY DWELLINGS
us-nyc,United States,New York,USD,720000.0,148.458994,2025-02-28,nyc_dof_rolling_sales,148.458994,,,,1981,,,02 TWO FAMILY DWELLINGS,ELTINGVILLE,23 ROW PLACE,02 TWO FAMILY DWELLINGS
us-nyc,United States,New York,USD,800000.0,255.48325,2025-04-03,nyc_dof_rolling_sales,255.48325,,,,1981,,,02 TWO FAMILY DWELLINGS,ELTINGVILLE,382 GRANTWOOD AVENUE,02 TWO FAMILY DWELLINGS
us-nyc,United States,New York,USD,258363.0,255.48325,2025-04-24,nyc_dof_rolling_sales,255.48325,,,,1981,,,02 TWO FAMILY DWELLINGS,ELTINGVILLE,376 GRANTWOOD AVENUE,02 TWO FAMILY DWELLINGS
us-nyc,United States,New York,USD,772000.0,200.67048,2025-06-05,nyc_dof_rolling_sales,200.67048,,,,1981,,,02 TWO FAMILY DWELLINGS,ELTINGVILLE,21 EVAN PLACE,02 TWO FAMILY DWELLINGS
us-nyc,United States,New York,USD,975000.0,243.220054,2025-01-03,nyc_dof_rolling_sales,243.220054,,,,1976,,,02 TWO FAMILY DWELLINGS,ELTINGVILLE,56 CROWN AVENUE,02 TWO FAMILY DWELLINGS
us-nyc,United States,New York,USD,990000.0,220.551722,2025-09-29,nyc_dof_rolling_sales,220.551722,,,,1970,,,02 TWO FAMILY DWELLINGS,ELTINGVILLE,75 IONIA AVENUE,02 TWO FAMILY DWELLINGS
us-nyc,United States,New York,USD,1085000.0,176.5157,2025-05-01,nyc_dof_rolling_sales,176.5157,,,,1998,,,02 TWO FAMILY DWELLINGS,ELTINGVILLE,502 DRUMGOOLE ROAD EAST,02 TWO FAMILY DWELLINGS
us-nyc,United States,New York,USD,1155000.0,204.3866,2025-01-27,nyc_dof_rolling_sales,204.3866,,,,1998,,,02 TWO FAMILY DWELLINGS,ELTINGVILLE,82 STAFFORD AVENUE,02 TWO FAMILY DWELLINGS
us-nyc,United States,New York,USD,1250000.0,204.3866,2025-07-02,nyc_dof_rolling_sales,204.3866,,,,1998,,,02 TWO FAMILY DWELLINGS,ELTINGVILLE,78 STAFFORD AVENUE,02 TWO FAMILY DWELLINGS
us-nyc,United States,New York,USD,1507010.0,266.259998,2025-02-26,nyc_dof_rolling_sales,266.259998,,,,2024,,,02 TWO FAMILY DWELLINGS,ELTINGVILLE,N/A SINCLAIR AVENUE,02 TWO FAMILY DWELLINGS
us-nyc,United States,New York,USD,400000.0,245.26391999999998,2025-06-12,nyc_dof_rolling_sales,245.26391999999998,,,,1999,,,02 TWO FAMILY DWELLINGS,ELTINGVILLE,109 VINELAND AVENUE,02 TWO FAMILY DWELLINGS
us-nyc,United States,New York,USD,6516.0,302.120556,2025-11-12,nyc_dof_rolling_sales,302.120556,,,,1985,,,02 TWO FAMILY DWELLINGS,ELTINGVILLE,169 CROWN AVENUE,02 TWO FAMILY DWELLINGS
us-nyc,United States,New York,USD,540000.0,nan,2025-08-13,nyc_dof_rolling_sales,nan,,,,1985,,,04 TAX CLASS 1 CONDOS,ELTINGVILLE,"14-B VILLAGE LANE, 3B",04 TAX CLASS 1 CONDOS
us-nyc,United States,New York,USD,525000.0,nan,2025-08-25,nyc_dof_rolling_sales,nan,,,,1985,,,04 TAX CLASS 1 CONDOS,ELTINGVILLE,"51 VILLAGE LANE, 15A",04 TAX CLASS 1 CONDOS
us-nyc,United States,New York,USD,445000.0,nan,2025-05-14,nyc_dof_rolling_sales,nan,,,,1985,,,04 TAX CLASS 1 CONDOS,ELTINGVILLE,"47B VILLAGE LANE, 17B",04 TAX CLASS 1 CONDOS
us-nyc,United States,New York,USD,2175000.0,505.39232,2025-05-20,nyc_dof_rolling_sales,505.39232,,,,1975,,,07 RENTALS - WALKUP APARTMENTS,ELTINGVILLE,651 LEVERETT AVENUE,07 RENTALS - WALKUP APARTMENTS
us-nyc,United States,New York,USD,366500.0,132.293872,2025-09-02,nyc_dof_rolling_sales,132.293872,,,,1935,,,01 ONE FAMILY DWELLINGS,EMERSON HILL,11 DIANA TRAIL,01 ONE FAMILY DWELLINGS
us-nyc,United States,New York,USD,1600000.0,288.92833,2025-08-08,nyc_dof_rolling_sales,288.92833,,,,1970,,,01 ONE FAMILY DWELLINGS,EMERSON HILL,220 DOUGLAS ROAD,01 ONE FAMILY DWELLINGS
us-nyc,United States,New York,USD,850000.0,399.4829,2025-06-25,nyc_dof_rolling_sales,399.4829,,,,2000,,,01 ONE FAMILY DWELLINGS,EMERSON HILL,224 DOUGLAS ROAD,01 ONE FAMILY DWELLINGS
us-nyc,United States,New York,USD,3800000.0,687.4822,2025-08-22,nyc_dof_rolling_sales,687.4822,,,,2016,,,01 ONE FAMILY DWELLINGS,EMERSON HILL,221 DOUGLAS ROAD,01 ONE FAMILY DWELLINGS
us-nyc,United States,New York,USD,1400000.0,222.9672,2025-06-04,nyc_dof_rolling_sales,222.9672,,,,1899,,,01 ONE FAMILY DWELLINGS,EMERSON HILL,15 DOUGLAS ROAD,01 ONE FAMILY DWELLINGS
us-nyc,United States,New York,USD,1250000.0,178.37376,2025-01-15,nyc_dof_rolling_sales,178.37376,,,,1965,,,01 ONE FAMILY DWELLINGS,EMERSON HILL,37 DOUGLAS ROAD,01 ONE FAMILY DWELLINGS
us-nyc,United States,New York,USD,1180000.0,185.991806,2025-07-29,nyc_dof_rolling_sales,185.991806,,,,1965,,,01 ONE FAMILY DWELLINGS,EMERSON HILL,44 DOUGLAS ROAD,01 ONE FAMILY DWELLINGS
us-nyc,United States,New York,USD,789900.0,136.753216,2025-01-17,nyc_dof_rolling_sales,136.753216,,,,1975,,,01 ONE FAMILY DWELLINGS,EMERSON HILL,91 HEWITT AVENUE,01 ONE FAMILY DWELLINGS
us-nyc,United States,New York,USD,825000.0,118.172616,2025-05-12,nyc_dof_rolling_sales,118.172616,,,,1975,,,01 ONE FAMILY DWELLINGS,EMERSON HILL,85 HEWITT AVENUE,01 ONE FAMILY DWELLINGS
us-nyc,United States,New York,USD,10.0,260.1284,2025-05-22,nyc_dof_rolling_sales,260.1284,,,,1997,,,01 ONE FAMILY DWELLINGS,EMERSON HILL,80 NICOLE LOOP,01 ONE FAMILY DWELLINGS
us-nyc,United States,New York,USD,1450000.0,260.1284,2025-04-03,nyc_dof_rolling_sales,260.1284,,,,2001,,,01 ONE FAMILY DWELLINGS,EMERSON HILL,42 MICHAEL LOOP,01 ONE FAMILY DWELLINGS
us-nyc,United States,New York,USD,1555000.0,459.86985,2025-11-07,nyc_dof_rolling_sales,459.86985,,,,1965,,,01 ONE FAMILY DWELLINGS,EMERSON HILL,620 OCEAN TERRACE,01 ONE FAMILY DWELLINGS
us-nyc,United States,New York,USD,1750000.0,353.124303,2025-05-14,nyc_dof_rolling_sales,353.124303,,,,1985,,,01 ONE FAMILY DWELLINGS,EMERSON HILL,200 COVERLY AVENUE,01 ONE FAMILY DWELLINGS
us-nyc,United States,New York,USD,965500.0,262.91549,2025-08-01,nyc_dof_rolling_sales,262.91549,,,,1975,,,02 TWO FAMILY DWELLINGS,EMERSON HILL,5 HEWITT AVENUE,02 TWO FAMILY DWELLINGS
us-nyc,United States,New York,USD,825000.0,267.932252,2025-01-16,nyc_dof_rolling_sales,267.932252,,,,1975,,,02 TWO FAMILY DWELLINGS,EMERSON HILL,5 ENDOR AVENUE,02 TWO FAMILY DWELLINGS
us-nyc,United States,New York,USD,898888.0,167.2254,2025-06-30,nyc_dof_rolling_sales,167.2254,,,,1935,,,01 ONE FAMILY DWELLINGS,GRANT CITY,36 FLAGG PLACE,01 ONE FAMILY DWELLINGS
us-nyc,United States,New York,USD,1800000.0,312.15408,2025-05-12,nyc_dof_rolling_sales,312.15408,,,,1980,,,01 ONE FAMILY DWELLINGS,GRANT CITY,254 FLAGG PLACE,01 ONE FAMILY DWELLINGS
us-nyc,United States,New York,USD,975000.0,471.94724,2025-06-05,nyc_dof_rolling_sales,471.94724,,,,1944,,,01 ONE FAMILY DWELLINGS,GRANT CITY,1233 TODT HILL ROAD,01 ONE FAMILY DWELLINGS
us-nyc,United States,New York,USD,735000.0,89.18688,2025-11-05,nyc_dof_rolling_sales,89.18688,,,,1965,,,01 ONE FAMILY DWELLINGS,GRANT CITY,272 SEAVIEW AVENUE,01 ONE FAMILY DWELLINGS
us-nyc,United States,New York,USD,860000.0,20.43866,2025-02-05,nyc_dof_rolling_sales,20.43866,,,,1950,,,01 ONE FAMILY DWELLINGS,GRANT CITY,20 LIBERTY AVENUE,01 ONE FAMILY DWELLINGS
us-nyc,United States,New York,USD,400000.0,50.539232,2025-04-23,nyc_dof_rolling_sales,50.539232,,,,1955,,,01 ONE FAMILY DWELLINGS,GRANT CITY,73 STOBE AVENUE,01 ONE FAMILY DWELLINGS
us-nyc,United States,New York,USD,570000.0,141.21256,2025-01-15,nyc_dof_rolling_sales,141.21256,,,,1960,,,01 ONE FAMILY DWELLINGS,GRANT CITY,13 ZOE STREET,01 ONE FAMILY DWELLINGS
us-nyc,United States,New York,USD,680000.0,100.521046,2025-03-27,nyc_dof_rolling_sales,100.521046,,,,1960,,,01 ONE FAMILY DWELLINGS,GRANT CITY,204 BUEL AVENUE,01 ONE FAMILY DWELLINGS
us-nyc,United States,New York,USD,725000.0,119.473258,2025-11-25,nyc_dof_rolling_sales,119.473258,,,,1987,,,01 ONE FAMILY DWELLINGS,GRANT CITY,67 HUSSON STREET,01 ONE FAMILY DWELLINGS
us-nyc,United States,New York,USD,805000.0,111.576503,2025-08-19,nyc_dof_rolling_sales,111.576503,,,,1960,,,01 ONE FAMILY DWELLINGS,GRANT CITY,72 HUSSON STREET,01 ONE FAMILY DWELLINGS
us-nyc,United States,New York,USD,999000.0,249.630361,2025-12-04,nyc_dof_rolling_sales,249.630361,,,,1940,,,01 ONE FAMILY DWELLINGS,GRANT CITY,84 STOBE AVENUE,01 ONE FAMILY DWELLINGS
us-nyc,United States,New York,USD,915000.0,130.807424,2025-07-30,nyc_dof_rolling_sales,130.807424,,,,2002,,,01 ONE FAMILY DWELLINGS,GRANT CITY,1882 RICHMOND ROAD,01 ONE FAMILY DWELLINGS
us-nyc,United States,New York,USD,730000.0,119.84487,2025-09-19,nyc_dof_rolling_sales,119.84487,,,,1960,,,01 ONE FAMILY DWELLINGS,GRANT CITY,118 STOBE AVENUE,01 ONE FAMILY DWELLINGS
us-nyc,United States,New York,USD,670000.0,304.350228,2025-10-09,nyc_dof_rolling_sales,304.350228,,,,2025,,,01 ONE FAMILY DWELLINGS,GRANT CITY,149 HULL AVENUE,01 ONE FAMILY DWELLINGS
us-nyc,United States,New York,USD,930000.0,160.536384,2025-07-02,nyc_dof_rolling_sales,160.536384,,,,2003,,,01 ONE FAMILY DWELLINGS,GRANT CITY,123 ADAMS AVENUE,01 ONE FAMILY DWELLINGS
us-nyc,United States,New York,USD,650000.0,89.930104,2025-11-17,nyc_dof_rolling_sales,89.930104,,,,1960,,,01 ONE FAMILY DWELLINGS,GRANT CITY,215 HULL AVENUE,01 ONE FAMILY DWELLINGS
us-nyc,United States,New York,USD,823000.0,173.914416,2025-11-24,nyc_dof_rolling_sales,173.914416,,,,1920,,,01 ONE FAMILY DWELLINGS,GRANT CITY,43 BARTON AVENUE,01 ONE FAMILY DWELLINGS
us-nyc,United States,New York,USD,1290000.0,82.126252,2025-02-25,nyc_dof_rolling_sales,82.126252,,,,1955,,,01 ONE FAMILY DWELLINGS,GRANT CITY,62 BARTON AVENUE,01 ONE FAMILY DWELLINGS
us-nyc,United States,New York,USD,888000.0,73.579176,2025-07-30,nyc_dof_rolling_sales,73.579176,,,,1915,,,01 ONE FAMILY DWELLINGS,GRANT CITY,51 HAMDEN AVENUE,01 ONE FAMILY DWELLINGS
us-nyc,United States,New York,USD,1200000.0,167.2254,2025-04-04,nyc_dof_rolling_sales,167.2254,,,,1955,,,01 ONE FAMILY DWELLINGS,GRANT CITY,46 HUNTER AVENUE,01 ONE FAMILY DWELLINGS
us-nyc,United States,New York,USD,660000.0,96.61912,2025-01-10,nyc_dof_rolling_sales,96.61912,,,,1960,,,01 ONE FAMILY DWELLINGS,GRANT CITY,1031 NORTH RAILROAD AVE,01 ONE FAMILY DWELLINGS
us-nyc,United States,New York,USD,580000.0,98.47718,2025-03-12,nyc_dof_rolling_sales,98.47718,,,,1925,,,01 ONE FAMILY DWELLINGS,GRANT CITY,66 HAMDEN AVENUE,01 ONE FAMILY DWELLINGS
us-nyc,United States,New York,USD,700000.0,69.491444,2025-09-24,nyc_dof_rolling_sales,69.491444,,,,1950,,,01 ONE FAMILY DWELLINGS,GRANT CITY,108 ADAMS AVENUE,01 ONE FAMILY DWELLINGS
us-nyc,United States,New York,USD,725000.0,118.91584,2025-09-23,nyc_dof_rolling_sales,118.91584,,,,1925,,,01 ONE FAMILY DWELLINGS,GRANT CITY,143 BEDFORD AVENUE,01 ONE FAMILY DWELLINGS
us-nyc,United States,New York,USD,625000.0,89.18688,2025-05-09,nyc_dof_rolling_sales,89.18688,,,,1950,,,01 ONE FAMILY DWELLINGS,GRANT CITY,197 HAMDEN AVENUE,01 ONE FAMILY DWELLINGS
us-nyc,United States,New York,USD,760000.0,137.868052,2025-04-02,nyc_dof_rolling_sales,137.868052,,,,1930,,,01 ONE FAMILY DWELLINGS,GRANT CITY,28 COLFAX AVENUE,01 ONE FAMILY DWELLINGS
us-nyc,United States,New York,USD,730000.0,155.333816,2025-02-24,nyc_dof_rolling_sales,155.333816,,,,1970,,,01 ONE FAMILY DWELLINGS,GRANT CITY,105 MIDLAND AVENUE,01 ONE FAMILY DWELLINGS
us-nyc,United States,New York,USD,565000.0,91.416552,2025-02-14,nyc_dof_rolling_sales,91.416552,,,,1915,,,01 ONE FAMILY DWELLINGS,GRANT CITY,46 LINCOLN AVENUE,01 ONE FAMILY DWELLINGS
us-nyc,United States,New York,USD,850000.0,156.820264,2025-02-11,nyc_dof_rolling_sales,156.820264,,,,1930,,,01 ONE FAMILY DWELLINGS,GRANT CITY,74 FREMONT AVENUE,01 ONE FAMILY DWELLINGS
us-nyc,United States,New York,USD,900000.0,205.31563,2025-05-20,nyc_dof_rolling_sales,205.31563,,,,1930,,,02 TWO FAMILY DWELLINGS,GRANT CITY,118 SEAVIEW AVENUE,02 TWO FAMILY DWELLINGS
us-nyc,United States,New York,USD,645000.0,150.874472,2025-03-31,nyc_dof_rolling_sales,150.874472,,,,1920,,,02 TWO FAMILY DWELLINGS,GRANT CITY,102 HANCOCK STREET,02 TWO FAMILY DWELLINGS
us-nyc,United States,New York,USD,860000.0,115.013914,2025-02-05,nyc_dof_rolling_sales,115.013914,,,,1930,,,02 TWO FAMILY DWELLINGS,GRANT CITY,22 LIBERTY AVENUE,02 TWO FAMILY DWELLINGS
us-nyc,United States,New York,USD,979000.0,178.37376,2025-02-12,nyc_dof_rolling_sales,178.37376,,,,1960,,,02 TWO FAMILY DWELLINGS,GRANT CITY,68 BUEL AV,02 TWO FAMILY DWELLINGS
us-nyc,United States,New York,USD,793000.0,200.67048,2025-05-06,nyc_dof_rolling_sales,200.67048,,,,1976,,,02 TWO FAMILY DWELLINGS,GRANT CITY,75 ZOE STREET,02 TWO FAMILY DWELLINGS
us-nyc,United States,New York,USD,1110000.0,169.176363,2025-10-09,nyc_dof_rolling_sales,169.176363,,,,1999,,,02 TWO FAMILY DWELLINGS,GRANT CITY,151 ADAMS AVENUE,02 TWO FAMILY DWELLINGS
us-nyc,United States,New York,USD,1471371.0,236.345232,2025-07-01,nyc_dof_rolling_sales,236.345232,,,,2024,,,02 TWO FAMILY DWELLINGS,GRANT CITY,116 HULL AVENUE,02 TWO FAMILY DWELLINGS
us-nyc,United States,New York,USD,1150000.0,277.965776,2025-03-13,nyc_dof_rolling_sales,277.965776,,,,1955,,,02 TWO FAMILY DWELLINGS,GRANT CITY,38 BARTON AVENUE,02 TWO FAMILY DWELLINGS
us-nyc,United States,New York,USD,1476463.0,275.92191,2025-02-03,nyc_dof_rolling_sales,275.92191,,,,,,,02 TWO FAMILY DWELLINGS,GRANT CITY,216 ADAMS AVENUE,02 TWO FAMILY DWELLINGS
us-nyc,United States,New York,USD,230000.0,138.053858,2025-02-11,nyc_dof_rolling_sales,138.053858,,,,1920,,,02 TWO FAMILY DWELLINGS,GRANT CITY,194 MIDLAND AVENUE,02 TWO FAMILY DWELLINGS
us-nyc,United States,New York,USD,628000.0,142.699008,2025-03-13,nyc_dof_rolling_sales,142.699008,,,,1930,,,02 TWO FAMILY DWELLINGS,GRANT CITY,39 HYLAN PLACE,02 TWO FAMILY DWELLINGS
us-nyc,United States,New York,USD,10.0,188.59309,2025-04-25,nyc_dof_rolling_sales,188.59309,,,,1935,,,03 THREE FAMILY DWELLINGS,GRANT CITY,141 FREMONT AVENUE,03 THREE FAMILY DWELLINGS
us-nyc,United States,New York,USD,1500000.0,208.10272,2025-06-27,nyc_dof_rolling_sales,208.10272,,,,1930,,,07 RENTALS - WALKUP APARTMENTS,GRANT CITY,1910 RICHMOND ROAD,07 RENTALS - WALKUP APARTMENTS
us-nyc,United States,New York,USD,150000.0,nan,2025-11-20,nyc_dof_rolling_sales,nan,,,,1969,,,09 COOPS - WALKUP APARTMENTS,GRANT CITY,"27 VERA STREET, C",09 COOPS - WALKUP APARTMENTS
us-nyc,United States,New York,USD,290000.0,nan,2025-03-21,nyc_dof_rolling_sales,nan,,,,1969,,,09 COOPS - WALKUP APARTMENTS,GRANT CITY,"55 VERA STREET, 49E",09 COOPS - WALKUP APARTMENTS
us-nyc,United States,New York,USD,140000.0,nan,2025-12-09,nyc_dof_rolling_sales,nan,,,,1969,,,09 COOPS - WALKUP APARTMENTS,GRANT CITY,"55 VERA STREET, A",09 COOPS - WALKUP APARTMENTS
us-nyc,United States,New York,USD,312000.0,nan,2025-12-15,nyc_dof_rolling_sales,nan,,,,1969,,,09 COOPS - WALKUP APARTMENTS,GRANT CITY,"65 VERA STREET, 65",09 COOPS - WALKUP APARTMENTS
us-nyc,United States,New York,USD,260000.0,nan,2025-05-30,nyc_dof_rolling_sales,nan,,,,1969,,,09 COOPS - WALKUP APARTMENTS,GRANT CITY,"21 VERA STREET, #C",09 COOPS - WALKUP APARTMENTS
us-nyc,United States,New York,USD,250000.0,nan,2025-02-04,nyc_dof_rolling_sales,nan,,,,1986,,,13 CONDOS - ELEVATOR APARTMENTS,GRANT CITY,"175 ZOE STREET, 5I",13 CONDOS - ELEVATOR APARTMENTS
us-nyc,United States,New York,USD,230000.0,nan,2025-07-02,nyc_dof_rolling_sales,nan,,,,1986,,,13 CONDOS - ELEVATOR APARTMENTS,GRANT CITY,"175 ZOE STREET, 5Q",13 CONDOS - ELEVATOR APARTMENTS
us-nyc,United States,New York,USD,426000.0,nan,2025-05-07,nyc_dof_rolling_sales,nan,,,,1961,,,13 CONDOS - ELEVATOR APARTMENTS,GRANT CITY,"100 COLFAX AVENUE, 3D",13 CONDOS - ELEVATOR APARTMENTS
us-nyc,United States,New York,USD,10.0,nan,2025-06-12,nyc_dof_rolling_sales,nan,,,,1961,,,13 CONDOS - ELEVATOR APARTMENTS,GRANT CITY,"100 COLFAX AVENUE, 2E",13 CONDOS - ELEVATOR APARTMENTS
us-nyc,United States,New York,USD,302000.0,nan,2025-03-12,nyc_dof_rolling_sales,nan,,,,1961,,,13 CONDOS - ELEVATOR APARTMENTS,GRANT CITY,"100 COLFAX AVENUE, 3F",13 CONDOS - ELEVATOR APARTMENTS
us-nyc,United States,New York,USD,307500.0,nan,2025-07-29,nyc_dof_rolling_sales,nan,,,,1961,,,13 CONDOS - ELEVATOR APARTMENTS,GRANT CITY,"100 COLFAX AVENUE, 7G",13 CONDOS - ELEVATOR APARTMENTS
us-nyc,United States,New York,USD,365000.0,nan,2025-04-21,nyc_dof_rolling_sales,nan,,,,1961,,,13 CONDOS - ELEVATOR APARTMENTS,GRANT CITY,"100 COLFAX AVENUE, 5L",13 CONDOS - ELEVATOR APARTMENTS
us-nyc,United States,New York,USD,290000.0,nan,2025-11-13,nyc_dof_rolling_sales,nan,,,,1961,,,13 CONDOS - ELEVATOR APARTMENTS,GRANT CITY,"100 COLFAX AVENUE, 1N",13 CONDOS - ELEVATOR APARTMENTS
us-nyc,United States,New York,USD,370000.0,nan,2025-11-18,nyc_dof_rolling_sales,nan,,,,1961,,,13 CONDOS - ELEVATOR APARTMENTS,GRANT CITY,"100 COLFAX AVENUE, 2N",13 CONDOS - ELEVATOR APARTMENTS
us-nyc,United States,New York,USD,238000.0,nan,2025-07-15,nyc_dof_rolling_sales,nan,,,,1961,,,13 CONDOS - ELEVATOR APARTMENTS,GRANT CITY,"100 COLFAX AVENUE, 6P",13 CONDOS - ELEVATOR APARTMENTS
us-nyc,United States,New York,USD,393432.0,nan,2025-10-01,nyc_dof_rolling_sales,nan,,,,1988,,,13 CONDOS - ELEVATOR APARTMENTS,GRANT CITY,"145 LINCOLN AVENUE, 4E",13 CONDOS - ELEVATOR APARTMENTS
us-nyc,United States,New York,USD,300000.0,nan,2025-07-25,nyc_dof_rolling_sales,nan,,,,1988,,,13 CONDOS - ELEVATOR APARTMENTS,GRANT CITY,"145 LINCOLN AVENUE, 2H",13 CONDOS - ELEVATOR APARTMENTS
us-nyc,United States,New York,USD,345000.0,nan,2025-05-20,nyc_dof_rolling_sales,nan,,,,1988,,,13 CONDOS - ELEVATOR APARTMENTS,GRANT CITY,"145 LINCOLN AVENUE, 4H",13 CONDOS - ELEVATOR APARTMENTS
us-nyc,United States,New York,USD,350000.0,nan,2025-11-07,nyc_dof_rolling_sales,nan,,,,1988,,,13 CONDOS - ELEVATOR APARTMENTS,GRANT CITY,"145 LINCOLN AVENUE, 5H",13 CONDOS - ELEVATOR APARTMENTS
us-nyc,United States,New York,USD,384000.0,nan,2025-05-20,nyc_dof_rolling_sales,nan,,,,1988,,,13 CONDOS - ELEVATOR APARTMENTS,GRANT CITY,"145 LINCOLN AVENUE, 1J",13 CONDOS - ELEVATOR APARTMENTS
us-nyc,United States,New York,USD,395000.0,nan,2025-10-08,nyc_dof_rolling_sales,nan,,,,1988,,,13 CONDOS - ELEVATOR APARTMENTS,GRANT CITY,"145 LINCOLN AVENUE, 1K",13 CONDOS - ELEVATOR APARTMENTS
us-nyc,United States,New York,USD,262500.0,nan,2025-11-13,nyc_dof_rolling_sales,nan,,,,1988,,,13 CONDOS - ELEVATOR APARTMENTS,GRANT CITY,"145 LINCOLN AVENUE, 1P",13 CONDOS - ELEVATOR APARTMENTS
us-nyc,United States,New York,USD,340000.0,nan,2025-12-05,nyc_dof_rolling_sales,nan,,,,1988,,,13 CONDOS - ELEVATOR APARTMENTS,GRANT CITY,"145 LINCOLN AVENUE, 1V",13 CONDOS - ELEVATOR APARTMENTS
us-nyc,United States,New York,USD,1625000.0,222.9672,2025-08-01,nyc_dof_rolling_sales,222.9672,,,,1980,,,22 STORE BUILDINGS,GRANT CITY,97 LINCOLN AVENUE,22 STORE BUILDINGS
us-nyc,United States,New York,USD,1625000.0,222.9672,2025-08-01,nyc_dof_rolling_sales,222.9672,,,,1980,,,22 STORE BUILDINGS,GRANT CITY,95 LINCOLN AVENUE,22 STORE BUILDINGS
us-nyc,United States,New York,USD,965000.0,99.40621,2025-03-25,nyc_dof_rolling_sales,99.40621,,,,1945,,,01 ONE FAMILY DWELLINGS,GRASMERE,98 WINDERMERE ROAD,01 ONE FAMILY DWELLINGS
us-nyc,United States,New York,USD,999999.0,132.665484,2025-01-16,nyc_dof_rolling_sales,132.665484,,,,1965,,,01 ONE FAMILY DWELLINGS,GRASMERE,540 STEUBEN STREET,01 ONE FAMILY DWELLINGS
us-nyc,United States,New York,USD,990000.0,115.942944,2025-04-16,nyc_dof_rolling_sales,115.942944,,,,1950,,,01 ONE FAMILY DWELLINGS,GRASMERE,490 STEUBEN STREET,01 ONE FAMILY DWELLINGS
us-nyc,United States,New York,USD,930000.0,114.456496,2025-09-29,nyc_dof_rolling_sales,114.456496,,,,1955,,,01 ONE FAMILY DWELLINGS,GRASMERE,46 DELPHINE TERRACE,01 ONE FAMILY DWELLINGS
us-nyc,United States,New York,USD,1231500.0,133.78032,2025-07-09,nyc_dof_rolling_sales,133.78032,,,,1998,,,01 ONE FAMILY DWELLINGS,GRASMERE,820 RICHMOND ROAD,01 ONE FAMILY DWELLINGS
us-nyc,United States,New York,USD,725000.0,114.084884,2025-06-13,nyc_dof_rolling_sales,114.084884,,,,1997,,,01 ONE FAMILY DWELLINGS,GRASMERE,786 RICHMOND ROAD,01 ONE FAMILY DWELLINGS
us-nyc,United States,New York,USD,669000.0,122.63195999999999,2025-12-01,nyc_dof_rolling_sales,122.63195999999999,,,,1901,,,01 ONE FAMILY DWELLINGS,GRASMERE,456 ODER AVENUE,01 ONE FAMILY DWELLINGS
us-nyc,United States,New York,USD,730000.0,149.57383,2025-09-30,nyc_dof_rolling_sales,149.57383,,,,1960,,,01 ONE FAMILY DWELLINGS,GRASMERE,554 BRITTON AVENUE,01 ONE FAMILY DWELLINGS
us-nyc,United States,New York,USD,846000.0,100.33524,2025-09-22,nyc_dof_rolling_sales,100.33524,,,,1920,,,01 ONE FAMILY DWELLINGS,GRASMERE,1932 CLOVE ROAD,01 ONE FAMILY DWELLINGS
us-nyc,United States,New York,USD,770000.0,106.83845,2025-06-16,nyc_dof_rolling_sales,106.83845,,,,1950,,,01 ONE FAMILY DWELLINGS,GRASMERE,568 MOSEL AVENUE,01 ONE FAMILY DWELLINGS
us-nyc,United States,New York,USD,545000.0,116.686168,2025-04-17,nyc_dof_rolling_sales,116.686168,,,,1920,,,01 ONE FAMILY DWELLINGS,GRASMERE,843 WEST FINGERBOARD RD,01 ONE FAMILY DWELLINGS
us-nyc,United States,New York,USD,335000.0,84.54173,2025-02-03,nyc_dof_rolling_sales,84.54173,,,,1901,,,01 ONE FAMILY DWELLINGS,GRASMERE,80 SHERIDAN AVENUE,01 ONE FAMILY DWELLINGS
us-nyc,United States,New York,USD,620000.0,83.426894,2025-07-14,nyc_dof_rolling_sales,83.426894,,,,1901,,,01 ONE FAMILY DWELLINGS,GRASMERE,82 SHERIDAN AVENUE,01 ONE FAMILY DWELLINGS
us-nyc,United States,New York,USD,831000.0,108.139092,2025-07-22,nyc_dof_rolling_sales,108.139092,,,,1901,,,01 ONE FAMILY DWELLINGS,GRASMERE,845 WEST FINGERBOARD RD,01 ONE FAMILY DWELLINGS
us-nyc,United States,New York,USD,370000.0,125.41905,2025-03-07,nyc_dof_rolling_sales,125.41905,,,,1986,,,01 ONE FAMILY DWELLINGS,GRASMERE,981 TARGEE STREET,01 ONE FAMILY DWELLINGS
us-nyc,United States,New York,USD,730000.0,107.024256,2025-01-03,nyc_dof_rolling_sales,107.024256,,,,1975,,,01 ONE FAMILY DWELLINGS,GRASMERE,547 ODER AVENUE,01 ONE FAMILY DWELLINGS
us-nyc,United States,New York,USD,748000.0,133.78032,2025-09-16,nyc_dof_rolling_sales,133.78032,,,,2003,,,01 ONE FAMILY DWELLINGS,GRASMERE,586 ODER AVENUE,01 ONE FAMILY DWELLINGS
us-nyc,United States,New York,USD,700000.0,130.99323,2025-05-21,nyc_dof_rolling_sales,130.99323,,,,1960,,,01 ONE FAMILY DWELLINGS,GRASMERE,646 BRITTON AVENUE,01 ONE FAMILY DWELLINGS
us-nyc,United States,New York,USD,685000.0,138.239664,2025-08-28,nyc_dof_rolling_sales,138.239664,,,,1999,,,01 ONE FAMILY DWELLINGS,GRASMERE,31 COBBLERS LANE,01 ONE FAMILY DWELLINGS
us-nyc,United States,New York,USD,10.0,86.957208,2025-11-06,nyc_dof_rolling_sales,86.957208,,,,1940,,,01 ONE FAMILY DWELLINGS,GRASMERE,77 COLUMBUS AVENUE,01 ONE FAMILY DWELLINGS
us-nyc,United States,New York,USD,610000.0,122.260348,2025-02-28,nyc_dof_rolling_sales,122.260348,,,,1990,,,01 ONE FAMILY DWELLINGS,GRASMERE,29 WINFIELD AVENUE,01 ONE FAMILY DWELLINGS
us-nyc,United States,New York,USD,650000.0,122.260348,2025-06-23,nyc_dof_rolling_sales,122.260348,,,,1990,,,01 ONE FAMILY DWELLINGS,GRASMERE,33 WINFIELD AVENUE,01 ONE FAMILY DWELLINGS
us-nyc,United States,New York,USD,1.0,118.91584,2025-02-21,nyc_dof_rolling_sales,118.91584,,,,1920,,,01 ONE FAMILY DWELLINGS,GRASMERE,2197 CLOVE ROAD,01 ONE FAMILY DWELLINGS
us-nyc,United States,New York,USD,1172000.0,111.111988,2025-04-14,nyc_dof_rolling_sales,111.111988,,,,1950,,,01 ONE FAMILY DWELLINGS,GRASMERE,702 WEST FINGERBOARD RD,01 ONE FAMILY DWELLINGS
us-nyc,United States,New York,USD,1031000.0,95.132672,2025-01-30,nyc_dof_rolling_sales,95.132672,,,,1950,,,01 ONE FAMILY DWELLINGS,GRASMERE,169 BEVERLY ROAD,01 ONE FAMILY DWELLINGS
us-nyc,United States,New York,USD,2330000.0,364.737178,2025-11-17,nyc_dof_rolling_sales,364.737178,,,,2016,,,01 ONE FAMILY DWELLINGS,GRASMERE,185 RADCLIFF ROAD,01 ONE FAMILY DWELLINGS
us-nyc,United States,New York,USD,750000.0,109.62554,2025-04-02,nyc_dof_rolling_sales,109.62554,,,,1950,,,01 ONE FAMILY DWELLINGS,GRASMERE,83 ALLENDALE ROAD,01 ONE FAMILY DWELLINGS
us-nyc,United States,New York,USD,740000.0,190.172441,2025-09-12,nyc_dof_rolling_sales,190.172441,,,,1965,,,01 ONE FAMILY DWELLINGS,GRASMERE,955 HYLAN BOULEVARD,01 ONE FAMILY DWELLINGS
us-nyc,United States,New York,USD,930000.0,335.937248,2025-06-24,nyc_dof_rolling_sales,335.937248,,,,1975,,,01 ONE FAMILY DWELLINGS,GRASMERE,979 HYLAN BOULEVARD,01 ONE FAMILY DWELLINGS
us-nyc,United States,New York,USD,909000.0,179.860208,2025-03-03,nyc_dof_rolling_sales,179.860208,,,,1970,,,01 ONE FAMILY DWELLINGS,GRASMERE,585 STEUBEN STREET,01 ONE FAMILY DWELLINGS
us-nyc,United States,New York,USD,780000.0,210.332392,2025-07-31,nyc_dof_rolling_sales,210.332392,,,,1920,,,02 TWO FAMILY DWELLINGS,GRASMERE,1905 CLOVE ROAD,02 TWO FAMILY DWELLINGS
us-nyc,United States,New York,USD,550000.0,127.091304,2025-10-23,nyc_dof_rolling_sales,127.091304,,,,1910,,,02 TWO FAMILY DWELLINGS,GRASMERE,2011 CLOVE ROAD,02 TWO FAMILY DWELLINGS
us-nyc,United States,New York,USD,930000.0,222.223976,2025-06-20,nyc_dof_rolling_sales,222.223976,,,,1975,,,02 TWO FAMILY DWELLINGS,GRASMERE,3 WINDERMERE ROAD,02 TWO FAMILY DWELLINGS
us-nyc,United States,New York,USD,900000.0,195.467912,2025-04-17,nyc_dof_rolling_sales,195.467912,,,,1975,,,02 TWO FAMILY DWELLINGS,GRASMERE,118 POUCH TERRACE,02 TWO FAMILY DWELLINGS
us-nyc,United States,New York,USD,499000.0,126.34808,2025-02-05,nyc_dof_rolling_sales,126.34808,,,,1901,,,02 TWO FAMILY DWELLINGS,GRASMERE,2014 CLOVE ROAD,02 TWO FAMILY DWELLINGS
us-nyc,United States,New York,USD,960000.0,189.52212,2025-05-09,nyc_dof_rolling_sales,189.52212,,,,1965,,,02 TWO FAMILY DWELLINGS,GRASMERE,836 RICHMOND ROAD,02 TWO FAMILY DWELLINGS
us-nyc,United States,New York,USD,1300000.0,204.014988,2025-06-04,nyc_dof_rolling_sales,204.014988,,,,1925,,,02 TWO FAMILY DWELLINGS,GRASMERE,633 BRITTON AVENUE,02 TWO FAMILY DWELLINGS
us-nyc,United States,New York,USD,10.0,143.442232,2025-07-25,nyc_dof_rolling_sales,143.442232,,,,1950,,,02 TWO FAMILY DWELLINGS,GRASMERE,1125 TARGEE STREET,02 TWO FAMILY DWELLINGS
us-nyc,United States,New York,USD,945000.0,147.158352,2025-01-23,nyc_dof_rolling_sales,147.158352,,,,1999,,,02 TWO FAMILY DWELLINGS,GRASMERE,31 MARIE STREET,02 TWO FAMILY DWELLINGS
us-nyc,United States,New York,USD,800000.0,nan,2025-02-12,nyc_dof_rolling_sales,nan,,,,1980,,,04 TAX CLASS 1 CONDOS,GRASMERE,187 STONEGATE DRIVE,04 TAX CLASS 1 CONDOS
us-nyc,United States,New York,USD,840000.0,nan,2025-03-14,nyc_dof_rolling_sales,nan,,,,1980,,,04 TAX CLASS 1 CONDOS,GRASMERE,10 ALAN LOOP,04 TAX CLASS 1 CONDOS
us-nyc,United States,New York,USD,765000.0,nan,2025-08-25,nyc_dof_rolling_sales,nan,,,,1980,,,04 TAX CLASS 1 CONDOS,GRASMERE,89 ALAN LOOP,04 TAX CLASS 1 CONDOS
us-nyc,United States,New York,USD,685000.0,nan,2025-11-20,nyc_dof_rolling_sales,nan,,,,1980,,,04 TAX CLASS 1 CONDOS,GRASMERE,69 ALAN LOOP,04 TAX CLASS 1 CONDOS
us-nyc,United States,New York,USD,705000.0,nan,2025-02-12,nyc_dof_rolling_sales,nan,,,,1980,,,04 TAX CLASS 1 CONDOS,GRASMERE,53 ALAN LOOP,04 TAX CLASS 1 CONDOS
us-nyc,United States,New York,USD,680000.0,nan,2025-05-06,nyc_dof_rolling_sales,nan,,,,1980,,,04 TAX CLASS 1 CONDOS,GRASMERE,21 ALAN LOOP,04 TAX CLASS 1 CONDOS
us-nyc,United States,New York,USD,650000.0,nan,2025-01-17,nyc_dof_rolling_sales,nan,,,,1982,,,04 TAX CLASS 1 CONDOS,GRASMERE,35 PAMELA LANE,04 TAX CLASS 1 CONDOS
us-nyc,United States,New York,USD,673000.0,nan,2025-01-15,nyc_dof_rolling_sales,nan,,,,1985,,,04 TAX CLASS 1 CONDOS,GRASMERE,35 GATEWAY DRIVE,04 TAX CLASS 1 CONDOS
us-nyc,United States,New York,USD,510000.0,nan,2025-04-28,nyc_dof_rolling_sales,nan,,,,1985,,,04 TAX CLASS 1 CONDOS,GRASMERE,91 GATEWAY DRIVE,04 TAX CLASS 1 CONDOS
us-nyc,United States,New York,USD,775000.0,nan,2025-08-15,nyc_dof_rolling_sales,nan,,,,1985,,,04 TAX CLASS 1 CONDOS,GRASMERE,131 STONEGATE DRIVE,04 TAX CLASS 1 CONDOS
us-nyc,United States,New York,USD,550000.0,nan,2025-06-26,nyc_dof_rolling_sales,nan,,,,1985,,,04 TAX CLASS 1 CONDOS,GRASMERE,119 STONEGATE DRIVE,04 TAX CLASS 1 CONDOS
us-nyc,United States,New York,USD,612000.0,nan,2025-07-02,nyc_dof_rolling_sales,nan,,,,1985,,,04 TAX CLASS 1 CONDOS,GRASMERE,"99 STONEGATE DRIVE, 226",04 TAX CLASS 1 CONDOS
us-nyc,United States,New York,USD,640000.0,nan,2025-10-14,nyc_dof_rolling_sales,nan,,,,1986,,,04 TAX CLASS 1 CONDOS,GRASMERE,35 STONEGATE DRIVE,04 TAX CLASS 1 CONDOS
us-nyc,United States,New York,USD,610000.0,nan,2025-01-14,nyc_dof_rolling_sales,nan,,,,1986,,,04 TAX CLASS 1 CONDOS,GRASMERE,983 WEST FINGERBOARD RD,04 TAX CLASS 1 CONDOS
us-nyc,United States,New York,USD,800000.0,nan,2025-08-13,nyc_dof_rolling_sales,nan,,,,1986,,,04 TAX CLASS 1 CONDOS,GRASMERE,995 WEST FINGERBOARD RD,04 TAX CLASS 1 CONDOS
us-nyc,United States,New York,USD,765000.0,nan,2025-04-25,nyc_dof_rolling_sales,nan,,,,1986,,,04 TAX CLASS 1 CONDOS,GRASMERE,32 STONEGATE DRIVE,04 TAX CLASS 1 CONDOS
us-nyc,United States,New York,USD,1231500.0,546.26964,2025-07-09,nyc_dof_rolling_sales,546.26964,,,,1998,,,07 RENTALS - WALKUP APARTMENTS,GRASMERE,820 RICHMOND ROAD,07 RENTALS - WALKUP APARTMENTS
us-nyc,United States,New York,USD,4025000.0,1200.30676,2025-10-21,nyc_dof_rolling_sales,1200.30676,,,,1960,,,21 OFFICE BUILDINGS,GRASMERE,1099 TARGEE STREET,21 OFFICE BUILDINGS
us-nyc,United States,New York,USD,2350000.0,483.0956,2025-06-13,nyc_dof_rolling_sales,483.0956,,,,1997,,,21 OFFICE BUILDINGS,GRASMERE,65 COLUMBUS AVENUE,21 OFFICE BUILDINGS
us-nyc,United States,New York,USD,460000.0,193.23824,2025-04-24,nyc_dof_rolling_sales,193.23824,,,,1992,,,22 STORE BUILDINGS,GRASMERE,2110E CLOVE ROAD,22 STORE BUILDINGS
us-nyc,United States,New York,USD,2050000.0,293.57348,2025-07-28,nyc_dof_rolling_sales,293.57348,,,,1931,,,22 STORE BUILDINGS,GRASMERE,1120 TARGEE STREET,22 STORE BUILDINGS
us-nyc,United States,New York,USD,2500000.0,445.9344,2025-01-10,nyc_dof_rolling_sales,445.9344,,,,1969,,,22 STORE BUILDINGS,GRASMERE,1151 HYLAN BOULEVARD,22 STORE BUILDINGS
us-nyc,United States,New York,USD,1100000.0,450.57955,2025-07-28,nyc_dof_rolling_sales,450.57955,,,,1976,,,30 WAREHOUSES,GRASMERE,20 COLUMBUS AVENUE,30 WAREHOUSES
us-nyc,United States,New York,USD,455000.0,107.024256,2025-04-07,nyc_dof_rolling_sales,107.024256,,,,1986,,,01 ONE FAMILY DWELLINGS,GREAT KILLS,32D FRANKLIN LANE,01 ONE FAMILY DWELLINGS
us-nyc,United States,New York,USD,252601.0,107.024256,2025-10-29,nyc_dof_rolling_sales,107.024256,,,,1986,,,01 ONE FAMILY DWELLINGS,GREAT KILLS,32C FRANKLIN LANE,01 ONE FAMILY DWELLINGS
us-nyc,United States,New York,USD,688000.0,130.0642,2025-10-15,nyc_dof_rolling_sales,130.0642,,,,2003,,,01 ONE FAMILY DWELLINGS,GREAT KILLS,55 CHESS LOOP,01 ONE FAMILY DWELLINGS
us-nyc,United States,New York,USD,684800.0,130.99323,2025-07-15,nyc_dof_rolling_sales,130.99323,,,,2003,,,01 ONE FAMILY DWELLINGS,GREAT KILLS,15 KNIGHT LOOP,01 ONE FAMILY DWELLINGS
us-nyc,United States,New York,USD,760000.0,225.75429,2025-01-09,nyc_dof_rolling_sales,225.75429,,,,1987,,,01 ONE FAMILY DWELLINGS,GREAT KILLS,56 BOYCE AVENUE,01 ONE FAMILY DWELLINGS
us-nyc,United States,New York,USD,750000.0,95.225575,2025-06-27,nyc_dof_rolling_sales,95.225575,,,,1986,,,01 ONE FAMILY DWELLINGS,GREAT KILLS,73 ILYSE COURT,01 ONE FAMILY DWELLINGS
us-nyc,United States,New York,USD,705000.0,134.70935,2025-04-08,nyc_dof_rolling_sales,134.70935,,,,1986,,,01 ONE FAMILY DWELLINGS,GREAT KILLS,22 LYLE COURT,01 ONE FAMILY DWELLINGS
us-nyc,United States,New York,USD,700000.0,178.37376,2025-05-19,nyc_dof_rolling_sales,178.37376,,,,1986,,,01 ONE FAMILY DWELLINGS,GREAT KILLS,73 CORONA AVENUE,01 ONE FAMILY DWELLINGS
us-nyc,United States,New York,USD,535000.0,106.83845,2025-05-22,nyc_dof_rolling_sales,106.83845,,,,1991,,,01 ONE FAMILY DWELLINGS,GREAT KILLS,19 HART LOOP,01 ONE FAMILY DWELLINGS
us-nyc,United States,New York,USD,460000.0,106.83845,2025-09-10,nyc_dof_rolling_sales,106.83845,,,,1991,,,01 ONE FAMILY DWELLINGS,GREAT KILLS,44 HART LOOP,01 ONE FAMILY DWELLINGS
us-nyc,United States,New York,USD,520000.0,106.83845,2025-02-20,nyc_dof_rolling_sales,106.83845,,,,1991,,,01 ONE FAMILY DWELLINGS,GREAT KILLS,165 CORONA AVE,01 ONE FAMILY DWELLINGS
us-nyc,United States,New York,USD,560000.0,125.41905,2025-11-18,nyc_dof_rolling_sales,125.41905,,,,1988,,,01 ONE FAMILY DWELLINGS,GREAT KILLS,140 CORONA AVENUE,01 ONE FAMILY DWELLINGS
us-nyc,United States,New York,USD,630000.0,143.07062,2025-07-29,nyc_dof_rolling_sales,143.07062,,,,1987,,,01 ONE FAMILY DWELLINGS,GREAT KILLS,26 LUKE COURT,01 ONE FAMILY DWELLINGS
us-nyc,United States,New York,USD,814600.0,122.63195999999999,2025-01-17,nyc_dof_rolling_sales,122.63195999999999,,,,1986,,,01 ONE FAMILY DWELLINGS,GREAT KILLS,41 LUKE COURT,01 ONE FAMILY DWELLINGS
us-nyc,United States,New York,USD,470000.0,99.220404,2025-07-25,nyc_dof_rolling_sales,99.220404,,,,1988,,,01 ONE FAMILY DWELLINGS,GREAT KILLS,186 CORONA AVENUE,01 ONE FAMILY DWELLINGS
us-nyc,United States,New York,USD,450000.0,99.220404,2025-09-11,nyc_dof_rolling_sales,99.220404,,,,1988,,,01 ONE FAMILY DWELLINGS,GREAT KILLS,17A FULLER COURT,01 ONE FAMILY DWELLINGS
us-nyc,United States,New York,USD,600000.0,86.957208,2025-10-09,nyc_dof_rolling_sales,86.957208,,,,1988,,,01 ONE FAMILY DWELLINGS,GREAT KILLS,25A FULLER COURT,01 ONE FAMILY DWELLINGS
us-nyc,United States,New York,USD,480000.0,97.54814999999999,2025-08-20,nyc_dof_rolling_sales,97.54814999999999,,,,1988,,,01 ONE FAMILY DWELLINGS,GREAT KILLS,240 CORONA AVE,01 ONE FAMILY DWELLINGS
us-nyc,United States,New York,USD,470000.0,98.105568,2025-03-03,nyc_dof_rolling_sales,98.105568,,,,1988,,,01 ONE FAMILY DWELLINGS,GREAT KILLS,278 CORONA AVENUE,01 ONE FAMILY DWELLINGS
us-nyc,United States,New York,USD,549999.0,115.19972,2025-03-28,nyc_dof_rolling_sales,115.19972,,,,1996,,,01 ONE FAMILY DWELLINGS,GREAT KILLS,66 SABLE LOOP,01 ONE FAMILY DWELLINGS
us-nyc,United States,New York,USD,530000.0,115.19972,2025-01-10,nyc_dof_rolling_sales,115.19972,,,,1996,,,01 ONE FAMILY DWELLINGS,GREAT KILLS,34 SABLE LOOP,01 ONE FAMILY DWELLINGS
us-nyc,United States,New York,USD,535000.0,176.5157,2025-02-03,nyc_dof_rolling_sales,176.5157,,,,1996,,,01 ONE FAMILY DWELLINGS,GREAT KILLS,73 LUKE COURT,01 ONE FAMILY DWELLINGS
us-nyc,United States,New York,USD,705000.0,115.942944,2025-10-10,nyc_dof_rolling_sales,115.942944,,,,1983,,,01 ONE FAMILY DWELLINGS,GREAT KILLS,51 TANGLEWOOD DRIVE,01 ONE FAMILY DWELLINGS
us-nyc,United States,New York,USD,680000.0,115.942944,2025-06-18,nyc_dof_rolling_sales,115.942944,,,,1983,,,01 ONE FAMILY DWELLINGS,GREAT KILLS,59 TANGLEWOOD DRIVE,01 ONE FAMILY DWELLINGS
us-nyc,United States,New York,USD,545000.0,144.92867999999999,2025-07-15,nyc_dof_rolling_sales,144.92867999999999,,,,1986,,,01 ONE FAMILY DWELLINGS,GREAT KILLS,175 SANDALWOOD DRIVE,01 ONE FAMILY DWELLINGS
us-nyc,United States,New York,USD,1.0,133.78032,2025-11-11,nyc_dof_rolling_sales,133.78032,,,,1986,,,01 ONE FAMILY DWELLINGS,GREAT KILLS,24 SANDALWOOD DRIVE,01 ONE FAMILY DWELLINGS
us-nyc,United States,New York,USD,640000.0,133.78032,2025-07-30,nyc_dof_rolling_sales,133.78032,,,,1985,,,01 ONE FAMILY DWELLINGS,GREAT KILLS,48 SANDALWOOD DRIVE,01 ONE FAMILY DWELLINGS
us-nyc,United States,New York,USD,630000.0,133.78032,2025-07-01,nyc_dof_rolling_sales,133.78032,,,,1985,,,01 ONE FAMILY DWELLINGS,GREAT KILLS,66 SANDALWOOD DRIVE,01 ONE FAMILY DWELLINGS
us-nyc,United States,New York,USD,575000.0,133.78032,2025-10-22,nyc_dof_rolling_sales,133.78032,,,,1980,,,01 ONE FAMILY DWELLINGS,GREAT KILLS,298 TANGLEWOOD DRIVE,01 ONE FAMILY DWELLINGS
us-nyc,United States,New York,USD,610000.0,125.41905,2025-06-23,nyc_dof_rolling_sales,125.41905,,,,1980,,,01 ONE FAMILY DWELLINGS,GREAT KILLS,300 TANGLEWOOD DRIVE,01 ONE FAMILY DWELLINGS
us-nyc,United States,New York,USD,753000.0,145.300292,2025-06-06,nyc_dof_rolling_sales,145.300292,,,,1984,,,01 ONE FAMILY DWELLINGS,GREAT KILLS,16 ASHWOOD COURT,01 ONE FAMILY DWELLINGS
us-nyc,United States,New York,USD,905000.0,157.9351,2025-06-04,nyc_dof_rolling_sales,157.9351,,,,1984,,,01 ONE FAMILY DWELLINGS,GREAT KILLS,40 ASHWOOD COURT,01 ONE FAMILY DWELLINGS
us-nyc,United States,New York,USD,955000.0,185.806,2025-05-05,nyc_dof_rolling_sales,185.806,,,,1965,,,01 ONE FAMILY DWELLINGS,GREAT KILLS,4 DEWEY AVENUE,01 ONE FAMILY DWELLINGS
us-nyc,United States,New York,USD,730850.0,157.9351,2025-02-21,nyc_dof_rolling_sales,157.9351,,,,1965,,,01 ONE FAMILY DWELLINGS,GREAT KILLS,62 DEWEY AVENUE,01 ONE FAMILY DWELLINGS
us-nyc,United States,New York,USD,844600.0,144.92867999999999,2025-09-10,nyc_dof_rolling_sales,144.92867999999999,,,,1970,,,01 ONE FAMILY DWELLINGS,GREAT KILLS,134 GREAVES AVENUE,01 ONE FAMILY DWELLINGS
us-nyc,United States,New York,USD,822500.0,89.18688,2025-04-02,nyc_dof_rolling_sales,89.18688,,,,1960,,,01 ONE FAMILY DWELLINGS,GREAT KILLS,140 HOWTON AVENUE,01 ONE FAMILY DWELLINGS
us-nyc,United States,New York,USD,705000.0,115.942944,2025-07-17,nyc_dof_rolling_sales,115.942944,,,,1965,,,01 ONE FAMILY DWELLINGS,GREAT KILLS,55 DUNBAR STREET,01 ONE FAMILY DWELLINGS
us-nyc,United States,New York,USD,790000.0,142.699008,2025-08-25,nyc_dof_rolling_sales,142.699008,,,,1998,,,01 ONE FAMILY DWELLINGS,GREAT KILLS,287 GREAVES AVENUE,01 ONE FAMILY DWELLINGS
us-nyc,United States,New York,USD,792000.0,133.78032,2025-10-01,nyc_dof_rolling_sales,133.78032,,,,2001,,,01 ONE FAMILY DWELLINGS,GREAT KILLS,15 JUMEL STREET,01 ONE FAMILY DWELLINGS
us-nyc,United States,New York,USD,820000.0,115.942944,2025-09-15,nyc_dof_rolling_sales,115.942944,,,,1999,,,01 ONE FAMILY DWELLINGS,GREAT KILLS,309 CORBIN AVE,01 ONE FAMILY DWELLINGS
us-nyc,United States,New York,USD,525000.0,140.469336,2025-10-28,nyc_dof_rolling_sales,140.469336,,,,1980,,,01 ONE FAMILY DWELLINGS,GREAT KILLS,43 COUNTRY WOODS LANE,01 ONE FAMILY DWELLINGS
us-nyc,United States,New York,USD,720000.0,178.838275,2025-11-06,nyc_dof_rolling_sales,178.838275,,,,1978,,,01 ONE FAMILY DWELLINGS,GREAT KILLS,19 NUTWOOD COURT,01 ONE FAMILY DWELLINGS
us-nyc,United States,New York,USD,710000.0,126.34808,2025-10-27,nyc_dof_rolling_sales,126.34808,,,,1981,,,01 ONE FAMILY DWELLINGS,GREAT KILLS,160 TANGLEWOOD DRIVE,01 ONE FAMILY DWELLINGS
us-nyc,United States,New York,USD,838000.0,138.982888,2025-08-20,nyc_dof_rolling_sales,138.982888,,,,1981,,,01 ONE FAMILY DWELLINGS,GREAT KILLS,118 TANGLEWOOD DRIVE,01 ONE FAMILY DWELLINGS
us-nyc,United States,New York,USD,860000.0,199.927256,2025-06-04,nyc_dof_rolling_sales,199.927256,,,,1960,,,01 ONE FAMILY DWELLINGS,GREAT KILLS,20 DALEHAM STREET,01 ONE FAMILY DWELLINGS
us-nyc,United States,New York,USD,850000.0,181.346656,2025-06-17,nyc_dof_rolling_sales,181.346656,,,,1970,,,01 ONE FAMILY DWELLINGS,GREAT KILLS,12 DALEHAM STREET,01 ONE FAMILY DWELLINGS
us-nyc,United States,New York,USD,300000.0,128.20614,2025-05-29,nyc_dof_rolling_sales,128.20614,,,,1991,,,01 ONE FAMILY DWELLINGS,GREAT KILLS,402 CORBIN AVENUE,01 ONE FAMILY DWELLINGS
us-nyc,United States,New York,USD,585000.0,128.20614,2025-01-06,nyc_dof_rolling_sales,128.20614,,,,1993,,,01 ONE FAMILY DWELLINGS,GREAT KILLS,7 ELKHART STREET,01 ONE FAMILY DWELLINGS
us-nyc,United States,New York,USD,610000.0,128.20614,2025-06-20,nyc_dof_rolling_sales,128.20614,,,,1991,,,01 ONE FAMILY DWELLINGS,GREAT KILLS,45 ELKHART STREET,01 ONE FAMILY DWELLINGS
us-nyc,United States,New York,USD,560000.0,133.594514,2025-05-12,nyc_dof_rolling_sales,133.594514,,,,1989,,,01 ONE FAMILY DWELLINGS,GREAT KILLS,342 ARTHUR KILL ROAD,01 ONE FAMILY DWELLINGS
us-nyc,United States,New York,USD,1300000.0,260.1284,2025-02-04,nyc_dof_rolling_sales,260.1284,,,,1950,,,01 ONE FAMILY DWELLINGS,GREAT KILLS,30 TROY STREET,01 ONE FAMILY DWELLINGS
us-nyc,United States,New York,USD,700000.0,97.362344,2025-10-27,nyc_dof_rolling_sales,97.362344,,,,1957,,,01 ONE FAMILY DWELLINGS,GREAT KILLS,12 TROY STREET,01 ONE FAMILY DWELLINGS
us-nyc,United States,New York,USD,627500.0,133.594514,2025-09-15,nyc_dof_rolling_sales,133.594514,,,,1990,,,01 ONE FAMILY DWELLINGS,GREAT KILLS,523 GREAVES AVENUE,01 ONE FAMILY DWELLINGS
us-nyc,United States,New York,USD,265000.0,98.848792,2025-05-22,nyc_dof_rolling_sales,98.848792,,,,1950,,,01 ONE FAMILY DWELLINGS,GREAT KILLS,73 DALEHAM STREET,01 ONE FAMILY DWELLINGS
us-nyc,United States,New York,USD,790000.0,93.646224,2025-07-08,nyc_dof_rolling_sales,93.646224,,,,1950,,,01 ONE FAMILY DWELLINGS,GREAT KILLS,89 DALEHAM STREET,01 ONE FAMILY DWELLINGS
us-nyc,United States,New York,USD,750000.0,96.061702,2025-10-09,nyc_dof_rolling_sales,96.061702,,,,1955,,,01 ONE FAMILY DWELLINGS,GREAT KILLS,68 ELKHART STREET,01 ONE FAMILY DWELLINGS
us-nyc,United States,New York,USD,448000.0,90.859134,2025-09-04,nyc_dof_rolling_sales,90.859134,,,,1985,,,01 ONE FAMILY DWELLINGS,GREAT KILLS,502 MILES AVENUE,01 ONE FAMILY DWELLINGS
us-nyc,United States,New York,USD,470000.0,102.56491199999999,2025-10-09,nyc_dof_rolling_sales,102.56491199999999,,,,1985,,,01 ONE FAMILY DWELLINGS,GREAT KILLS,414 ARTHUR KILL ROAD,01 ONE FAMILY DWELLINGS
us-nyc,United States,New York,USD,10.0,83.6127,2025-10-23,nyc_dof_rolling_sales,83.6127,,,,1950,,,01 ONE FAMILY DWELLINGS,GREAT KILLS,138 ELKHART STREET,01 ONE FAMILY DWELLINGS
us-nyc,United States,New York,USD,10.0,167.968624,2025-10-16,nyc_dof_rolling_sales,167.968624,,,,1950,,,01 ONE FAMILY DWELLINGS,GREAT KILLS,155 FAIRFIELD STREET,01 ONE FAMILY DWELLINGS
us-nyc,United States,New York,USD,750000.0,154.404786,2025-07-22,nyc_dof_rolling_sales,154.404786,,,,2003,,,01 ONE FAMILY DWELLINGS,GREAT KILLS,124 FAIRFIELD STREET,01 ONE FAMILY DWELLINGS
us-nyc,United States,New York,USD,858500.0,287.9993,2025-11-26,nyc_dof_rolling_sales,287.9993,,,,1925,,,01 ONE FAMILY DWELLINGS,GREAT KILLS,143 BARLOW AVENUE,01 ONE FAMILY DWELLINGS
us-nyc,United States,New York,USD,660000.0,111.4836,2025-05-16,nyc_dof_rolling_sales,111.4836,,,,1965,,,01 ONE FAMILY DWELLINGS,GREAT KILLS,181 JUMEL STREET,01 ONE FAMILY DWELLINGS
us-nyc,United States,New York,USD,747000.0,143.07062,2025-10-01,nyc_dof_rolling_sales,143.07062,,,,1994,,,01 ONE FAMILY DWELLINGS,GREAT KILLS,88 JUMEL STREET,01 ONE FAMILY DWELLINGS
us-nyc,United States,New York,USD,711000.0,118.91584,2025-07-29,nyc_dof_rolling_sales,118.91584,,,,1970,,,01 ONE FAMILY DWELLINGS,GREAT KILLS,98 KENNINGTON STREET,01 ONE FAMILY DWELLINGS
us-nyc,United States,New York,USD,680000.0,126.34808,2025-01-16,nyc_dof_rolling_sales,126.34808,,,,1970,,,01 ONE FAMILY DWELLINGS,GREAT KILLS,129 LEVERETT AVE,01 ONE FAMILY DWELLINGS
us-nyc,United States,New York,USD,514000.0,98.105568,2025-05-20,nyc_dof_rolling_sales,98.105568,,,,1960,,,01 ONE FAMILY DWELLINGS,GREAT KILLS,72 LEVERETT AVENUE,01 ONE FAMILY DWELLINGS
us-nyc,United States,New York,USD,828000.0,98.105568,2025-09-19,nyc_dof_rolling_sales,98.105568,,,,1960,,,01 ONE FAMILY DWELLINGS,GREAT KILLS,72 LEVERETT AVENUE,01 ONE FAMILY DWELLINGS
us-nyc,United States,New York,USD,825000.0,116.221653,2025-07-07,nyc_dof_rolling_sales,116.221653,,,,1960,,,01 ONE FAMILY DWELLINGS,GREAT KILLS,154 KENNINGTON STREET,01 ONE FAMILY DWELLINGS
us-nyc,United States,New York,USD,785000.0,147.158352,2025-08-28,nyc_dof_rolling_sales,147.158352,,,,1994,,,01 ONE FAMILY DWELLINGS,GREAT KILLS,44 LINTON PLACE,01 ONE FAMILY DWELLINGS
us-nyc,United States,New York,USD,795000.0,126.719692,2025-06-27,nyc_dof_rolling_sales,126.719692,,,,1925,,,01 ONE FAMILY DWELLINGS,GREAT KILLS,31 GIBSON AVENUE,01 ONE FAMILY DWELLINGS
us-nyc,United States,New York,USD,1374638.0,216.556893,2025-03-26,nyc_dof_rolling_sales,216.556893,,,,2022,,,01 ONE FAMILY DWELLINGS,GREAT KILLS,62 GIBSON AVENUE,01 ONE FAMILY DWELLINGS
us-nyc,United States,New York,USD,820000.0,120.402288,2025-12-05,nyc_dof_rolling_sales,120.402288,,,,1925,,,01 ONE FAMILY DWELLINGS,GREAT KILLS,66 GIBSON AVENUE,01 ONE FAMILY DWELLINGS
us-nyc,United States,New York,USD,605000.0,111.4836,2025-01-23,nyc_dof_rolling_sales,111.4836,,,,1965,,,01 ONE FAMILY DWELLINGS,GREAT KILLS,167 MILES AVENUE,01 ONE FAMILY DWELLINGS
us-nyc,United States,New York,USD,825000.0,106.83845,2025-07-07,nyc_dof_rolling_sales,106.83845,,,,1960,,,01 ONE FAMILY DWELLINGS,GREAT KILLS,153 SHAFTER AVENUE,01 ONE FAMILY DWELLINGS
us-nyc,United States,New York,USD,580000.0,100.521046,2025-09-24,nyc_dof_rolling_sales,100.521046,,,,1960,,,01 ONE FAMILY DWELLINGS,GREAT KILLS,158 EXETER STREET,01 ONE FAMILY DWELLINGS
us-nyc,United States,New York,USD,835000.0,98.105568,2025-11-05,nyc_dof_rolling_sales,98.105568,,,,1965,,,01 ONE FAMILY DWELLINGS,GREAT KILLS,83 KATAN AVENUE,01 ONE FAMILY DWELLINGS
us-nyc,United States,New York,USD,1230000.0,242.47683,2025-03-25,nyc_dof_rolling_sales,242.47683,,,,1975,,,01 ONE FAMILY DWELLINGS,GREAT KILLS,51 SAMPSON AVENUE,01 ONE FAMILY DWELLINGS
us-nyc,United States,New York,USD,750000.0,209.589168,2025-02-11,nyc_dof_rolling_sales,209.589168,,,,1945,,,01 ONE FAMILY DWELLINGS,GREAT KILLS,3891 AMBOY ROAD,01 ONE FAMILY DWELLINGS
us-nyc,United States,New York,USD,780000.0,114.177787,2025-01-14,nyc_dof_rolling_sales,114.177787,,,,1960,,,01 ONE FAMILY DWELLINGS,GREAT KILLS,80 SHAFTER AVENUE,01 ONE FAMILY DWELLINGS
us-nyc,United States,New York,USD,1350000.0,250.187779,2025-09-12,nyc_dof_rolling_sales,250.187779,,,,1960,,,01 ONE FAMILY DWELLINGS,GREAT KILLS,117 EXETER STREET,01 ONE FAMILY DWELLINGS
us-nyc,United States,New York,USD,675000.0,137.49644,2025-09-04,nyc_dof_rolling_sales,137.49644,,,,1988,,,01 ONE FAMILY DWELLINGS,GREAT KILLS,5 GREAVES AVENUE,01 ONE FAMILY DWELLINGS
us-nyc,United States,New York,USD,565000.0,105.352002,2025-04-29,nyc_dof_rolling_sales,105.352002,,,,1989,,,01 ONE FAMILY DWELLINGS,GREAT KILLS,23 STONECREST COURT,01 ONE FAMILY DWELLINGS
us-nyc,United States,New York,USD,610000.0,148.551897,2025-11-03,nyc_dof_rolling_sales,148.551897,,,,1989,,,01 ONE FAMILY DWELLINGS,GREAT KILLS,34 STERN COURT,01 ONE FAMILY DWELLINGS
us-nyc,United States,New York,USD,668000.0,168.711848,2025-10-29,nyc_dof_rolling_sales,168.711848,,,,1998,,,01 ONE FAMILY DWELLINGS,GREAT KILLS,16 FAWN LANE,01 ONE FAMILY DWELLINGS
us-nyc,United States,New York,USD,648000.0,117.05778,2025-06-03,nyc_dof_rolling_sales,117.05778,,,,1994,,,01 ONE FAMILY DWELLINGS,GREAT KILLS,49 WOODCUTTERS LANE,01 ONE FAMILY DWELLINGS
us-nyc,United States,New York,USD,562500.0,115.571332,2025-01-30,nyc_dof_rolling_sales,115.571332,,,,1994,,,01 ONE FAMILY DWELLINGS,GREAT KILLS,33 WOODCUTTERS LANE,01 ONE FAMILY DWELLINGS
us-nyc,United States,New York,USD,750000.0,114.456496,2025-11-06,nyc_dof_rolling_sales,114.456496,,,,1975,,,01 ONE FAMILY DWELLINGS,GREAT KILLS,128 DURANT AVENUE,01 ONE FAMILY DWELLINGS
us-nyc,United States,New York,USD,720000.0,114.456496,2025-07-09,nyc_dof_rolling_sales,114.456496,,,,1975,,,01 ONE FAMILY DWELLINGS,GREAT KILLS,122 DURANT AVENUE,01 ONE FAMILY DWELLINGS
us-nyc,United States,New York,USD,688000.0,114.456496,2025-03-27,nyc_dof_rolling_sales,114.456496,,,,1975,,,01 ONE FAMILY DWELLINGS,GREAT KILLS,160 SPRATT AVENUE,01 ONE FAMILY DWELLINGS
us-nyc,United States,New York,USD,665000.0,114.456496,2025-02-04,nyc_dof_rolling_sales,114.456496,,,,1965,,,01 ONE FAMILY DWELLINGS,GREAT KILLS,178 SPRATT AVENUE,01 ONE FAMILY DWELLINGS
us-nyc,United States,New York,USD,670000.0,114.456496,2025-11-25,nyc_dof_rolling_sales,114.456496,,,,1965,,,01 ONE FAMILY DWELLINGS,GREAT KILLS,39 OVIS PLACE,01 ONE FAMILY DWELLINGS
us-nyc,United States,New York,USD,725000.0,114.456496,2025-09-16,nyc_dof_rolling_sales,114.456496,,,,1965,,,01 ONE FAMILY DWELLINGS,GREAT KILLS,32 THAYER PLACE,01 ONE FAMILY DWELLINGS
us-nyc,United States,New York,USD,920000.0,97.919762,2025-06-16,nyc_dof_rolling_sales,97.919762,,,,1940,,,01 ONE FAMILY DWELLINGS,GREAT KILLS,183 BAY TERRACE,01 ONE FAMILY DWELLINGS
us-nyc,United States,New York,USD,10.0,81.290125,2025-07-10,nyc_dof_rolling_sales,81.290125,,,,1950,,,01 ONE FAMILY DWELLINGS,GREAT KILLS,162 BAY TERRACE,01 ONE FAMILY DWELLINGS
us-nyc,United States,New York,USD,690000.0,109.253928,2025-08-05,nyc_dof_rolling_sales,109.253928,,,,1970,,,01 ONE FAMILY DWELLINGS,GREAT KILLS,135 REDGRAVE AVENUE,01 ONE FAMILY DWELLINGS
us-nyc,United States,New York,USD,720000.0,109.253928,2025-10-06,nyc_dof_rolling_sales,109.253928,,,,1970,,,01 ONE FAMILY DWELLINGS,GREAT KILLS,23 GREENCROFT AVENUE,01 ONE FAMILY DWELLINGS
us-nyc,United States,New York,USD,830000.0,148.6448,2025-09-09,nyc_dof_rolling_sales,148.6448,,,,1975,,,01 ONE FAMILY DWELLINGS,GREAT KILLS,169 REDGRAVE AVENUE,01 ONE FAMILY DWELLINGS
us-nyc,United States,New York,USD,778500.0,121.888736,2025-08-26,nyc_dof_rolling_sales,121.888736,,,,1970,,,01 ONE FAMILY DWELLINGS,GREAT KILLS,3553 HYLAN BOULEVARD,01 ONE FAMILY DWELLINGS
us-nyc,United States,New York,USD,710000.0,109.253928,2025-05-27,nyc_dof_rolling_sales,109.253928,,,,1965,,,01 ONE FAMILY DWELLINGS,GREAT KILLS,110 MAYBURY AVENUE,01 ONE FAMILY DWELLINGS
us-nyc,United States,New York,USD,840000.0,159.235742,2025-11-10,nyc_dof_rolling_sales,159.235742,,,,1975,,,01 ONE FAMILY DWELLINGS,GREAT KILLS,118 GREENCROFT AVENUE,01 ONE FAMILY DWELLINGS
us-nyc,United States,New York,USD,825000.0,106.281032,2025-09-09,nyc_dof_rolling_sales,106.281032,,,,1965,,,01 ONE FAMILY DWELLINGS,GREAT KILLS,206 MAYBURY AVENUE,01 ONE FAMILY DWELLINGS
us-nyc,United States,New York,USD,1090000.0,175.02925199999999,2025-02-21,nyc_dof_rolling_sales,175.02925199999999,,,,1960,,,01 ONE FAMILY DWELLINGS,GREAT KILLS,187 GREENCROFT AVE,01 ONE FAMILY DWELLINGS
us-nyc,United States,New York,USD,626000.0,148.6448,2025-02-07,nyc_dof_rolling_sales,148.6448,,,,1980,,,01 ONE FAMILY DWELLINGS,GREAT KILLS,123 HIGHLAND ROAD,01 ONE FAMILY DWELLINGS
us-nyc,United States,New York,USD,10.0,301.93475,2025-04-16,nyc_dof_rolling_sales,301.93475,,,,2007,,,01 ONE FAMILY DWELLINGS,GREAT KILLS,96 HIGHLAND ROAD,01 ONE FAMILY DWELLINGS
us-nyc,United States,New York,USD,522365.0,123.746796,2025-07-15,nyc_dof_rolling_sales,123.746796,,,,1960,,,01 ONE FAMILY DWELLINGS,GREAT KILLS,299 GREENCROFT AVENUE,01 ONE FAMILY DWELLINGS
us-nyc,United States,New York,USD,639999.0,109.253928,2025-07-02,nyc_dof_rolling_sales,109.253928,,,,1965,,,01 ONE FAMILY DWELLINGS,GREAT KILLS,258 GREENCROFT AVENUE,01 ONE FAMILY DWELLINGS
us-nyc,United States,New York,USD,958000.0,234.11556,2025-01-28,nyc_dof_rolling_sales,234.11556,,,,1960,,,01 ONE FAMILY DWELLINGS,GREAT KILLS,37 ADRIENNE PLACE,01 ONE FAMILY DWELLINGS
us-nyc,United States,New York,USD,875000.0,117.801004,2025-09-05,nyc_dof_rolling_sales,117.801004,,,,1960,,,01 ONE FAMILY DWELLINGS,GREAT KILLS,25 RUSTIC PLACE,01 ONE FAMILY DWELLINGS
us-nyc,United States,New York,USD,870000.0,116.221653,2025-04-16,nyc_dof_rolling_sales,116.221653,,,,1950,,,01 ONE FAMILY DWELLINGS,GREAT KILLS,40 HILLSIDE TERRACE,01 ONE FAMILY DWELLINGS
us-nyc,United States,New York,USD,763000.0,135.452574,2025-05-22,nyc_dof_rolling_sales,135.452574,,,,1975,,,01 ONE FAMILY DWELLINGS,GREAT KILLS,12 GRANDVIEW TERRACE,01 ONE FAMILY DWELLINGS
us-nyc,United States,New York,USD,510000.0,106.281032,2025-10-06,nyc_dof_rolling_sales,106.281032,,,,1940,,,01 ONE FAMILY DWELLINGS,GREAT KILLS,73 WHITMAN AVENUE,01 ONE FAMILY DWELLINGS
us-nyc,United States,New York,USD,780000.0,99.220404,2025-08-21,nyc_dof_rolling_sales,99.220404,,,,1930,,,01 ONE FAMILY DWELLINGS,GREAT KILLS,64 WHITMAN AVENUE,01 ONE FAMILY DWELLINGS
us-nyc,United States,New York,USD,900000.0,210.704004,2025-06-24,nyc_dof_rolling_sales,210.704004,,,,1984,,,01 ONE FAMILY DWELLINGS,GREAT KILLS,110 MONTICELLO TERRACE,01 ONE FAMILY DWELLINGS
us-nyc,United States,New York,USD,800000.0,112.226824,2025-02-26,nyc_dof_rolling_sales,112.226824,,,,1935,,,01 ONE FAMILY DWELLINGS,GREAT KILLS,18 FLORENCE STREET,01 ONE FAMILY DWELLINGS
us-nyc,United States,New York,USD,602500.0,117.05778,2025-04-23,nyc_dof_rolling_sales,117.05778,,,,1975,,,01 ONE FAMILY DWELLINGS,GREAT KILLS,7 WATERSIDE PARKWAY,01 ONE FAMILY DWELLINGS
us-nyc,United States,New York,USD,750000.0,160.907996,2025-06-17,nyc_dof_rolling_sales,160.907996,,,,2022,,,01 ONE FAMILY DWELLINGS,GREAT KILLS,342 GREAT KILLS ROAD,01 ONE FAMILY DWELLINGS
us-nyc,United States,New York,USD,141217.0,126.998401,2025-04-16,nyc_dof_rolling_sales,126.998401,,,,1998,,,01 ONE FAMILY DWELLINGS,GREAT KILLS,292 HILLSIDE TERRACE,01 ONE FAMILY DWELLINGS
us-nyc,United States,New York,USD,705000.0,114.27069,2025-08-29,nyc_dof_rolling_sales,114.27069,,,,1998,,,01 ONE FAMILY DWELLINGS,GREAT KILLS,21 CORNISH STREET,01 ONE FAMILY DWELLINGS
us-nyc,United States,New York,USD,800000.0,114.27069,2025-02-24,nyc_dof_rolling_sales,114.27069,,,,2013,,,01 ONE FAMILY DWELLINGS,GREAT KILLS,3962 HYLAN BOULEVARD,01 ONE FAMILY DWELLINGS
us-nyc,United States,New York,USD,921516.0,118.544228,2025-03-28,nyc_dof_rolling_sales,118.544228,,,,2024,,,01 ONE FAMILY DWELLINGS,GREAT KILLS,29 HARTFORD STREET,01 ONE FAMILY DWELLINGS
us-nyc,United States,New York,USD,750000.0,99.777822,2025-03-26,nyc_dof_rolling_sales,99.777822,,,,1920,,,01 ONE FAMILY DWELLINGS,GREAT KILLS,5 MORRIS PLACE,01 ONE FAMILY DWELLINGS
us-nyc,United States,New York,USD,1175000.0,325.1605,2025-02-25,nyc_dof_rolling_sales,325.1605,,,,1955,,,01 ONE FAMILY DWELLINGS,GREAT KILLS,6 SHERWOOD PLACE,01 ONE FAMILY DWELLINGS
us-nyc,United States,New York,USD,805000.0,89.18688,2025-01-24,nyc_dof_rolling_sales,89.18688,,,,1950,,,01 ONE FAMILY DWELLINGS,GREAT KILLS,137 OAKDALE STREET,01 ONE FAMILY DWELLINGS
us-nyc,United States,New York,USD,685000.0,99.592016,2025-08-14,nyc_dof_rolling_sales,99.592016,,,,1965,,,01 ONE FAMILY DWELLINGS,GREAT KILLS,486 ARMSTRONG AVENUE,01 ONE FAMILY DWELLINGS
us-nyc,United States,New York,USD,645000.0,99.592016,2025-10-27,nyc_dof_rolling_sales,99.592016,,,,1965,,,01 ONE FAMILY DWELLINGS,GREAT KILLS,474 ARMSTRONG AVENUE,01 ONE FAMILY DWELLINGS
us-nyc,United States,New York,USD,621133.0,134.988059,2025-01-09,nyc_dof_rolling_sales,134.988059,,,,2023,,,01 ONE FAMILY DWELLINGS,GREAT KILLS,460 ROBINSON AVENUE,01 ONE FAMILY DWELLINGS
us-nyc,United States,New York,USD,850239.0,126.812595,2025-09-25,nyc_dof_rolling_sales,126.812595,,,,2024,,,01 ONE FAMILY DWELLINGS,GREAT KILLS,N/A BEACH ROAD,01 ONE FAMILY DWELLINGS
us-nyc,United States,New York,USD,829874.0,126.812595,2025-09-25,nyc_dof_rolling_sales,126.812595,,,,2024,,,01 ONE FAMILY DWELLINGS,GREAT KILLS,N/A BEACH ROAD,01 ONE FAMILY DWELLINGS
us-nyc,United States,New York,USD,850238.0,126.812595,2025-08-08,nyc_dof_rolling_sales,126.812595,,,,2024,,,01 ONE FAMILY DWELLINGS,GREAT KILLS,N/A BEACH ROAD,01 ONE FAMILY DWELLINGS
us-nyc,United States,New York,USD,740000.0,94.203642,2025-01-10,nyc_dof_rolling_sales,94.203642,,,,1940,,,01 ONE FAMILY DWELLINGS,GREAT KILLS,194 OAKDALE STREET,01 ONE FAMILY DWELLINGS
us-nyc,United States,New York,USD,620000.0,91.416552,2025-11-17,nyc_dof_rolling_sales,91.416552,,,,1950,,,01 ONE FAMILY DWELLINGS,GREAT KILLS,190 OAKDALE STREET,01 ONE FAMILY DWELLINGS
us-nyc,United States,New York,USD,519308.0,133.78032,2025-09-17,nyc_dof_rolling_sales,133.78032,,,,1965,,,01 ONE FAMILY DWELLINGS,GREAT KILLS,359 RIDGECREST AVENUE,01 ONE FAMILY DWELLINGS
us-nyc,United States,New York,USD,770000.0,133.78032,2025-08-27,nyc_dof_rolling_sales,133.78032,,,,1965,,,01 ONE FAMILY DWELLINGS,GREAT KILLS,411 RIDGECREST AVENUE,01 ONE FAMILY DWELLINGS
us-nyc,United States,New York,USD,1299000.0,230.39944,2025-10-17,nyc_dof_rolling_sales,230.39944,,,,1955,,,01 ONE FAMILY DWELLINGS,GREAT KILLS,239 SYCAMORE STREET,01 ONE FAMILY DWELLINGS
us-nyc,United States,New York,USD,645000.0,102.1933,2025-07-30,nyc_dof_rolling_sales,102.1933,,,,1960,,,01 ONE FAMILY DWELLINGS,GREAT KILLS,287 RIDGECREST AVE,01 ONE FAMILY DWELLINGS
us-nyc,United States,New York,USD,1.0,101.450076,2025-07-29,nyc_dof_rolling_sales,101.450076,,,,1960,,,01 ONE FAMILY DWELLINGS,GREAT KILLS,388 WINCHESTER AVENUE,01 ONE FAMILY DWELLINGS
us-nyc,United States,New York,USD,955000.0,232.2575,2025-02-25,nyc_dof_rolling_sales,232.2575,,,,1975,,,01 ONE FAMILY DWELLINGS,GREAT KILLS,3993 RICHMOND AVENUE,01 ONE FAMILY DWELLINGS
us-nyc,United States,New York,USD,830000.0,98.47718,2025-04-30,nyc_dof_rolling_sales,98.47718,,,,1964,,,01 ONE FAMILY DWELLINGS,GREAT KILLS,308 RIDGECREST AVENUE,01 ONE FAMILY DWELLINGS
us-nyc,United States,New York,USD,889000.0,157.9351,2025-09-22,nyc_dof_rolling_sales,157.9351,,,,1930,,,01 ONE FAMILY DWELLINGS,GREAT KILLS,5 HIGHMOUNT ROAD,01 ONE FAMILY DWELLINGS
us-nyc,United States,New York,USD,810800.0,171.684744,2025-10-09,nyc_dof_rolling_sales,171.684744,,,,1965,,,01 ONE FAMILY DWELLINGS,GREAT KILLS,18 ACACIA AVENUE,01 ONE FAMILY DWELLINGS
us-nyc,United States,New York,USD,710000.0,85.842372,2025-06-18,nyc_dof_rolling_sales,85.842372,,,,1950,,,01 ONE FAMILY DWELLINGS,GREAT KILLS,115 CLOVERDALE AVENUE,01 ONE FAMILY DWELLINGS
us-nyc,United States,New York,USD,750000.0,171.684744,2025-06-30,nyc_dof_rolling_sales,171.684744,,,,1955,,,01 ONE FAMILY DWELLINGS,GREAT KILLS,22 RAMBLEWOOD AVENUE,01 ONE FAMILY DWELLINGS
us-nyc,United States,New York,USD,1165000.0,189.800829,2025-06-10,nyc_dof_rolling_sales,189.800829,,,,1955,,,01 ONE FAMILY DWELLINGS,GREAT KILLS,45 ELMWOOD AVENUE,01 ONE FAMILY DWELLINGS
us-nyc,United States,New York,USD,620000.0,115.664235,2025-01-23,nyc_dof_rolling_sales,115.664235,,,,1960,,,01 ONE FAMILY DWELLINGS,GREAT KILLS,399 ARMSTRONG AVENUE,01 ONE FAMILY DWELLINGS
us-nyc,United States,New York,USD,700000.0,84.727536,2025-02-27,nyc_dof_rolling_sales,84.727536,,,,1950,,,01 ONE FAMILY DWELLINGS,GREAT KILLS,318 ARMSTRONG AVENUE,01 ONE FAMILY DWELLINGS
us-nyc,United States,New York,USD,450000.0,112.041018,2025-11-05,nyc_dof_rolling_sales,112.041018,,,,1950,,,01 ONE FAMILY DWELLINGS,GREAT KILLS,345 BEACH ROAD,01 ONE FAMILY DWELLINGS
us-nyc,United States,New York,USD,410000.0,115.19972,2025-10-01,nyc_dof_rolling_sales,115.19972,,,,1989,,,01 ONE FAMILY DWELLINGS,GREAT KILLS,247 PACIFIC AVE,01 ONE FAMILY DWELLINGS
us-nyc,United States,New York,USD,590000.0,137.49644,2025-05-08,nyc_dof_rolling_sales,137.49644,,,,1989,,,01 ONE FAMILY DWELLINGS,GREAT KILLS,212 SYCAMORE STREET,01 ONE FAMILY DWELLINGS
us-nyc,United States,New York,USD,1440000.0,292.830256,2025-06-20,nyc_dof_rolling_sales,292.830256,,,,1950,,,01 ONE FAMILY DWELLINGS,GREAT KILLS,344 BEACH ROAD,01 ONE FAMILY DWELLINGS
us-nyc,United States,New York,USD,1065000.0,176.5157,2025-09-12,nyc_dof_rolling_sales,176.5157,,,,1950,,,01 ONE FAMILY DWELLINGS,GREAT KILLS,318 BEACH ROAD,01 ONE FAMILY DWELLINGS
us-nyc,United States,New York,USD,875000.0,141.21256,2025-01-31,nyc_dof_rolling_sales,141.21256,,,,1940,,,01 ONE FAMILY DWELLINGS,GREAT KILLS,154 PACIFIC AVENUE,01 ONE FAMILY DWELLINGS
us-nyc,United States,New York,USD,690000.0,89.18688,2025-09-05,nyc_dof_rolling_sales,89.18688,,,,1960,,,01 ONE FAMILY DWELLINGS,GREAT KILLS,293 THORNYCROFT AVENUE,01 ONE FAMILY DWELLINGS
us-nyc,United States,New York,USD,1288000.0,220.644625,2025-08-28,nyc_dof_rolling_sales,220.644625,,,,1965,,,01 ONE FAMILY DWELLINGS,GREAT KILLS,320 THORNYCROFT AVENUE,01 ONE FAMILY DWELLINGS
us-nyc,United States,New York,USD,950000.0,167.504109,2025-10-31,nyc_dof_rolling_sales,167.504109,,,,2024,,,01 ONE FAMILY DWELLINGS,GREAT KILLS,323 WINCHESTER AVENUE,01 ONE FAMILY DWELLINGS
us-nyc,United States,New York,USD,1100000.0,179.860208,2025-11-21,nyc_dof_rolling_sales,179.860208,,,,1960,,,01 ONE FAMILY DWELLINGS,GREAT KILLS,331 WINCHESTER AVENUE,01 ONE FAMILY DWELLINGS
us-nyc,United States,New York,USD,536000.0,111.4836,2025-01-16,nyc_dof_rolling_sales,111.4836,,,,1960,,,01 ONE FAMILY DWELLINGS,GREAT KILLS,365 WINCHESTER AVENUE,01 ONE FAMILY DWELLINGS
us-nyc,United States,New York,USD,984000.0,250.8381,2025-11-05,nyc_dof_rolling_sales,250.8381,,,,2002,,,01 ONE FAMILY DWELLINGS,GREAT KILLS,4087 RICHMOND AVENUE,01 ONE FAMILY DWELLINGS
us-nyc,United States,New York,USD,505000.0,90.487522,2025-02-19,nyc_dof_rolling_sales,90.487522,,,,1945,,,01 ONE FAMILY DWELLINGS,GREAT KILLS,9 DAVID STREET,01 ONE FAMILY DWELLINGS
us-nyc,United States,New York,USD,615000.0,94.76106,2025-06-13,nyc_dof_rolling_sales,94.76106,,,,1950,,,01 ONE FAMILY DWELLINGS,GREAT KILLS,236 NELSON AVENUE,01 ONE FAMILY DWELLINGS
us-nyc,United States,New York,USD,430000.0,102.100397,2025-03-12,nyc_dof_rolling_sales,102.100397,,,,1910,,,01 ONE FAMILY DWELLINGS,GREAT KILLS,9 RUSSELL STREET,01 ONE FAMILY DWELLINGS
us-nyc,United States,New York,USD,935000.0,170.94152,2025-01-24,nyc_dof_rolling_sales,170.94152,,,,1945,,,01 ONE FAMILY DWELLINGS,GREAT KILLS,142 HILLCREST STREET,01 ONE FAMILY DWELLINGS
us-nyc,United States,New York,USD,560000.0,111.4836,2025-03-25,nyc_dof_rolling_sales,111.4836,,,,1992,,,01 ONE FAMILY DWELLINGS,GREAT KILLS,75 RUSSELL STREET,01 ONE FAMILY DWELLINGS
us-nyc,United States,New York,USD,780000.0,176.5157,2025-02-04,nyc_dof_rolling_sales,176.5157,,,,1920,,,01 ONE FAMILY DWELLINGS,GREAT KILLS,119 RUSSELL STREET,01 ONE FAMILY DWELLINGS
us-nyc,United States,New York,USD,750000.0,84.727536,2025-08-13,nyc_dof_rolling_sales,84.727536,,,,1955,,,01 ONE FAMILY DWELLINGS,GREAT KILLS,118 WILLIAM AVENUE,01 ONE FAMILY DWELLINGS
us-nyc,United States,New York,USD,538000.0,89.18688,2025-11-06,nyc_dof_rolling_sales,89.18688,,,,1965,,,01 ONE FAMILY DWELLINGS,GREAT KILLS,239 ARMSTRONG AVENUE,01 ONE FAMILY DWELLINGS
us-nyc,United States,New York,USD,613000.0,66.89016,2025-02-26,nyc_dof_rolling_sales,66.89016,,,,1955,,,01 ONE FAMILY DWELLINGS,GREAT KILLS,249 ARMSTRONG AVENUE,01 ONE FAMILY DWELLINGS
us-nyc,United States,New York,USD,725000.0,89.18688,2025-08-11,nyc_dof_rolling_sales,89.18688,,,,1955,,,01 ONE FAMILY DWELLINGS,GREAT KILLS,199 KING STREET,01 ONE FAMILY DWELLINGS
us-nyc,United States,New York,USD,725000.0,185.991806,2025-02-10,nyc_dof_rolling_sales,185.991806,,,,1975,,,01 ONE FAMILY DWELLINGS,GREAT KILLS,235 ROBINSON AVENUE,01 ONE FAMILY DWELLINGS
us-nyc,United States,New York,USD,696900.0,114.27069,2025-03-26,nyc_dof_rolling_sales,114.27069,,,,1960,,,01 ONE FAMILY DWELLINGS,GREAT KILLS,198 ROBINSON AVENUE,01 ONE FAMILY DWELLINGS
us-nyc,United States,New York,USD,875000.0,179.024081,2025-08-08,nyc_dof_rolling_sales,179.024081,,,,1940,,,01 ONE FAMILY DWELLINGS,GREAT KILLS,227 KING STREET,01 ONE FAMILY DWELLINGS
us-nyc,United States,New York,USD,815500.0,124.861632,2025-10-23,nyc_dof_rolling_sales,124.861632,,,,1940,,,01 ONE FAMILY DWELLINGS,GREAT KILLS,172 ARMSTRONG AVENUE,01 ONE FAMILY DWELLINGS
us-nyc,United States,New York,USD,790000.0,166.667982,2025-02-19,nyc_dof_rolling_sales,166.667982,,,,1960,,,01 ONE FAMILY DWELLINGS,GREAT KILLS,150 ROBINSON AVENUE,01 ONE FAMILY DWELLINGS
us-nyc,United States,New York,USD,570000.0,67.075966,2025-04-30,nyc_dof_rolling_sales,67.075966,,,,1940,,,01 ONE FAMILY DWELLINGS,GREAT KILLS,161 BEACH ROAD,01 ONE FAMILY DWELLINGS
us-nyc,United States,New York,USD,688000.0,102.1933,2025-04-22,nyc_dof_rolling_sales,102.1933,,,,1960,,,01 ONE FAMILY DWELLINGS,GREAT KILLS,76 PACIFIC AVENUE,01 ONE FAMILY DWELLINGS
us-nyc,United States,New York,USD,630000.0,78.03852,2025-06-17,nyc_dof_rolling_sales,78.03852,,,,1955,,,01 ONE FAMILY DWELLINGS,GREAT KILLS,250 THORNYCROFT AVENUE,01 ONE FAMILY DWELLINGS
us-nyc,United States,New York,USD,840000.0,156.07704,2025-06-09,nyc_dof_rolling_sales,156.07704,,,,1997,,,01 ONE FAMILY DWELLINGS,GREAT KILLS,186 THORNYCROFT AVENUE,01 ONE FAMILY DWELLINGS
us-nyc,United States,New York,USD,625000.0,148.273188,2025-01-31,nyc_dof_rolling_sales,148.273188,,,,1955,,,01 ONE FAMILY DWELLINGS,GREAT KILLS,221 WINCHESTER AVENUE,01 ONE FAMILY DWELLINGS
us-nyc,United States,New York,USD,839999.0,125.14034099999999,2025-02-24,nyc_dof_rolling_sales,125.14034099999999,,,,1955,,,01 ONE FAMILY DWELLINGS,GREAT KILLS,254 KING STREET,01 ONE FAMILY DWELLINGS
us-nyc,United States,New York,USD,1235000.0,238.574904,2025-07-28,nyc_dof_rolling_sales,238.574904,,,,1955,,,01 ONE FAMILY DWELLINGS,GREAT KILLS,164 THORNYCROFT AVENUE,01 ONE FAMILY DWELLINGS
us-nyc,United States,New York,USD,720000.0,97.54814999999999,2025-08-22,nyc_dof_rolling_sales,97.54814999999999,,,,1950,,,01 ONE FAMILY DWELLINGS,GREAT KILLS,4269 RICHMOND AVENUE,01 ONE FAMILY DWELLINGS
us-nyc,United States,New York,USD,916425.0,83.519797,2025-03-17,nyc_dof_rolling_sales,83.519797,,,,2024,,,01 ONE FAMILY DWELLINGS,GREAT KILLS,41 SWEETWATER AVENUE,01 ONE FAMILY DWELLINGS
us-nyc,United States,New York,USD,905111.0,83.519797,2025-03-06,nyc_dof_rolling_sales,83.519797,,,,2024,,,01 ONE FAMILY DWELLINGS,GREAT KILLS,43 SWEETWATER ROAD,01 ONE FAMILY DWELLINGS
us-nyc,United States,New York,USD,810000.0,154.21898,2025-04-08,nyc_dof_rolling_sales,154.21898,,,,2005,,,01 ONE FAMILY DWELLINGS,GREAT KILLS,30 DOCKSIDE LANE,01 ONE FAMILY DWELLINGS
us-nyc,United States,New York,USD,425000.0,32.701856,2025-06-27,nyc_dof_rolling_sales,32.701856,,,,1930,,,01 ONE FAMILY DWELLINGS,GREAT KILLS,197 WIMAN AVENUE,01 ONE FAMILY DWELLINGS
us-nyc,United States,New York,USD,774000.0,90.301716,2025-07-08,nyc_dof_rolling_sales,90.301716,,,,1940,,,01 ONE FAMILY DWELLINGS,GREAT KILLS,166 WIMAN AVENUE,01 ONE FAMILY DWELLINGS
us-nyc,United States,New York,USD,640000.0,98.105568,2025-08-11,nyc_dof_rolling_sales,98.105568,,,,1920,,,01 ONE FAMILY DWELLINGS,GREAT KILLS,196 WIMAN AVENUE,01 ONE FAMILY DWELLINGS
us-nyc,United States,New York,USD,792000.0,128.299043,2025-11-19,nyc_dof_rolling_sales,128.299043,,,,1940,,,01 ONE FAMILY DWELLINGS,GREAT KILLS,198 WIMAN AVENUE,01 ONE FAMILY DWELLINGS
us-nyc,United States,New York,USD,620000.0,127.741625,2025-01-08,nyc_dof_rolling_sales,127.741625,,,,1990,,,01 ONE FAMILY DWELLINGS,GREAT KILLS,204 TENNYSON DRIVE,01 ONE FAMILY DWELLINGS
us-nyc,United States,New York,USD,599999.0,127.741625,2025-04-14,nyc_dof_rolling_sales,127.741625,,,,1990,,,01 ONE FAMILY DWELLINGS,GREAT KILLS,210 TENNYSON DRIVE,01 ONE FAMILY DWELLINGS
us-nyc,United States,New York,USD,525000.0,83.6127,2025-04-16,nyc_dof_rolling_sales,83.6127,,,,1940,,,01 ONE FAMILY DWELLINGS,GREAT KILLS,95 GLOVER STREET,01 ONE FAMILY DWELLINGS
us-nyc,United States,New York,USD,501930.0,98.47718,2025-02-18,nyc_dof_rolling_sales,98.47718,,,,1930,,,01 ONE FAMILY DWELLINGS,GREAT KILLS,73 GLOVER STREET,01 ONE FAMILY DWELLINGS
us-nyc,United States,New York,USD,295000.0,46.823112,2025-07-01,nyc_dof_rolling_sales,46.823112,,,,1930,,,01 ONE FAMILY DWELLINGS,GREAT KILLS,24 GLOVER STREET,01 ONE FAMILY DWELLINGS
us-nyc,United States,New York,USD,750000.0,191.008568,2025-08-08,nyc_dof_rolling_sales,191.008568,,,,2021,,,01 ONE FAMILY DWELLINGS,GREAT KILLS,94 GLOVER STREET,01 ONE FAMILY DWELLINGS
us-nyc,United States,New York,USD,770000.0,144.92867999999999,2025-04-15,nyc_dof_rolling_sales,144.92867999999999,,,,1975,,,01 ONE FAMILY DWELLINGS,GREAT KILLS,56 HEINZ AVENUE,01 ONE FAMILY DWELLINGS
us-nyc,United States,New York,USD,1000.0,98.941695,2025-02-20,nyc_dof_rolling_sales,98.941695,,,,1990,,,01 ONE FAMILY DWELLINGS,GREAT KILLS,81 ROBINSON AVENUE,01 ONE FAMILY DWELLINGS
us-nyc,United States,New York,USD,600000.0,131.92226,2025-07-31,nyc_dof_rolling_sales,131.92226,,,,1987,,,01 ONE FAMILY DWELLINGS,GREAT KILLS,48 ROBINSON AVENUE,01 ONE FAMILY DWELLINGS
us-nyc,United States,New York,USD,137000.0,137.868052,2025-02-26,nyc_dof_rolling_sales,137.868052,,,,1920,,,01 ONE FAMILY DWELLINGS,GREAT KILLS,42 ROBINSON AVENUE,01 ONE FAMILY DWELLINGS
us-nyc,United States,New York,USD,910000.0,204.3866,2025-03-27,nyc_dof_rolling_sales,204.3866,,,,1999,,,01 ONE FAMILY DWELLINGS,GREAT KILLS,22 ROBINSON AVENUE,01 ONE FAMILY DWELLINGS
us-nyc,United States,New York,USD,873000.0,173.914416,2025-04-02,nyc_dof_rolling_sales,173.914416,,,,1970,,,01 ONE FAMILY DWELLINGS,GREAT KILLS,71 GROTON STREET,01 ONE FAMILY DWELLINGS
us-nyc,United States,New York,USD,690000.0,127.64872199999999,2025-01-23,nyc_dof_rolling_sales,127.64872199999999,,,,1975,,,01 ONE FAMILY DWELLINGS,GREAT KILLS,68 LITTLEFIELD AVENUE,01 ONE FAMILY DWELLINGS
us-nyc,United States,New York,USD,780000.0,133.78032,2025-06-25,nyc_dof_rolling_sales,133.78032,,,,1975,,,01 ONE FAMILY DWELLINGS,GREAT KILLS,61 THORNYCROFT AVENUE,01 ONE FAMILY DWELLINGS
us-nyc,United States,New York,USD,675000.0,130.0642,2025-07-28,nyc_dof_rolling_sales,130.0642,,,,1976,,,01 ONE FAMILY DWELLINGS,GREAT KILLS,43 WINCHESTER AVENUE,01 ONE FAMILY DWELLINGS
us-nyc,United States,New York,USD,890000.0,222.9672,2025-05-12,nyc_dof_rolling_sales,222.9672,,,,2003,,,01 ONE FAMILY DWELLINGS,GREAT KILLS,81 SEACREST AVENUE,01 ONE FAMILY DWELLINGS
us-nyc,United States,New York,USD,740000.0,111.4836,2025-04-28,nyc_dof_rolling_sales,111.4836,,,,2006,,,01 ONE FAMILY DWELLINGS,GREAT KILLS,48 OCEANIC AVENUE,01 ONE FAMILY DWELLINGS
us-nyc,United States,New York,USD,625000.0,123.56099,2025-10-20,nyc_dof_rolling_sales,123.56099,,,,1988,,,01 ONE FAMILY DWELLINGS,GREAT KILLS,30 OCEANIC AVE,01 ONE FAMILY DWELLINGS
us-nyc,United States,New York,USD,675000.0,138.053858,2025-07-14,nyc_dof_rolling_sales,138.053858,,,,1930,,,01 ONE FAMILY DWELLINGS,GREAT KILLS,68 MARGARET STREET,01 ONE FAMILY DWELLINGS
us-nyc,United States,New York,USD,790000.0,171.87055,2025-04-22,nyc_dof_rolling_sales,171.87055,,,,1930,,,01 ONE FAMILY DWELLINGS,GREAT KILLS,64 MARGARET STREET,01 ONE FAMILY DWELLINGS
us-nyc,United States,New York,USD,680000.0,93.646224,2025-05-13,nyc_dof_rolling_sales,93.646224,,,,1970,,,01 ONE FAMILY DWELLINGS,GREAT KILLS,336 DEWEY AVENUE,01 ONE FAMILY DWELLINGS
us-nyc,United States,New York,USD,971500.0,210.332392,2025-09-22,nyc_dof_rolling_sales,210.332392,,,,1975,,,01 ONE FAMILY DWELLINGS,GREAT KILLS,265 DEWEY AVENUE,01 ONE FAMILY DWELLINGS
us-nyc,United States,New York,USD,825000.0,143.813844,2025-11-05,nyc_dof_rolling_sales,143.813844,,,,1920,,,01 ONE FAMILY DWELLINGS,GREAT KILLS,84 WOODLAND AVENUE,01 ONE FAMILY DWELLINGS
us-nyc,United States,New York,USD,1323725.0,243.870375,2025-07-25,nyc_dof_rolling_sales,243.870375,,,,2024,,,01 ONE FAMILY DWELLINGS,GREAT KILLS,N/A WOODLAND AVE.,01 ONE FAMILY DWELLINGS
us-nyc,United States,New York,USD,1352236.0,243.870375,2025-07-30,nyc_dof_rolling_sales,243.870375,,,,2024,,,01 ONE FAMILY DWELLINGS,GREAT KILLS,N/A WOODLAND AVE.,01 ONE FAMILY DWELLINGS
us-nyc,United States,New York,USD,675000.0,129.320976,2025-02-11,nyc_dof_rolling_sales,129.320976,,,,1977,,,01 ONE FAMILY DWELLINGS,GREAT KILLS,260 DOANE AVENUE,01 ONE FAMILY DWELLINGS
us-nyc,United States,New York,USD,715000.0,136.753216,2025-07-30,nyc_dof_rolling_sales,136.753216,,,,1977,,,01 ONE FAMILY DWELLINGS,GREAT KILLS,254 DOANE AVENUE,01 ONE FAMILY DWELLINGS
us-nyc,United States,New York,USD,737000.0,129.320976,2025-02-07,nyc_dof_rolling_sales,129.320976,,,,1977,,,01 ONE FAMILY DWELLINGS,GREAT KILLS,275 DOANE AVENUE,01 ONE FAMILY DWELLINGS
us-nyc,United States,New York,USD,705000.0,136.753216,2025-09-18,nyc_dof_rolling_sales,136.753216,,,,1976,,,01 ONE FAMILY DWELLINGS,GREAT KILLS,100 STIEG AVENUE,01 ONE FAMILY DWELLINGS
us-nyc,United States,New York,USD,10.0,133.78032,2025-04-21,nyc_dof_rolling_sales,133.78032,,,,1980,,,01 ONE FAMILY DWELLINGS,GREAT KILLS,333 COLON AVENUE,01 ONE FAMILY DWELLINGS
us-nyc,United States,New York,USD,710000.0,133.78032,2025-10-17,nyc_dof_rolling_sales,133.78032,,,,1980,,,01 ONE FAMILY DWELLINGS,GREAT KILLS,345 COLON AVENUE,01 ONE FAMILY DWELLINGS
us-nyc,United States,New York,USD,768000.0,124.861632,2025-02-10,nyc_dof_rolling_sales,124.861632,,,,1980,,,01 ONE FAMILY DWELLINGS,GREAT KILLS,295 LEVERETT AVENUE,01 ONE FAMILY DWELLINGS
us-nyc,United States,New York,USD,675000.0,157.00607,2025-08-19,nyc_dof_rolling_sales,157.00607,,,,1990,,,01 ONE FAMILY DWELLINGS,GREAT KILLS,44 PEMBERTON AVENUE,01 ONE FAMILY DWELLINGS
us-nyc,United States,New York,USD,395000.0,157.00607,2025-01-31,nyc_dof_rolling_sales,157.00607,,,,1990,,,01 ONE FAMILY DWELLINGS,GREAT KILLS,22 ERIC LANE,01 ONE FAMILY DWELLINGS
us-nyc,United States,New York,USD,600000.0,157.00607,2025-04-25,nyc_dof_rolling_sales,157.00607,,,,1990,,,01 ONE FAMILY DWELLINGS,GREAT KILLS,22 ERIC LANE,01 ONE FAMILY DWELLINGS
us-nyc,United States,New York,USD,730000.0,115.19972,2025-11-13,nyc_dof_rolling_sales,115.19972,,,,1965,,,01 ONE FAMILY DWELLINGS,GREAT KILLS,414 ELVERTON AVENUE,01 ONE FAMILY DWELLINGS
us-nyc,United States,New York,USD,635000.0,89.18688,2025-03-12,nyc_dof_rolling_sales,89.18688,,,,1970,,,01 ONE FAMILY DWELLINGS,GREAT KILLS,401 COLON AVENUE,01 ONE FAMILY DWELLINGS
us-nyc,United States,New York,USD,680000.0,80.268192,2025-01-27,nyc_dof_rolling_sales,80.268192,,,,1970,,,01 ONE FAMILY DWELLINGS,GREAT KILLS,426 DOANE AVENUE,01 ONE FAMILY DWELLINGS
us-nyc,United States,New York,USD,578000.0,117.98681,2025-01-27,nyc_dof_rolling_sales,117.98681,,,,1990,,,01 ONE FAMILY DWELLINGS,GREAT KILLS,21 SACCHERI COURT,01 ONE FAMILY DWELLINGS
us-nyc,United States,New York,USD,548000.0,104.05136,2025-12-12,nyc_dof_rolling_sales,104.05136,,,,1990,,,01 ONE FAMILY DWELLINGS,GREAT KILLS,4157H AMBOY ROAD,01 ONE FAMILY DWELLINGS
us-nyc,United States,New York,USD,694250.0,94.76106,2025-10-14,nyc_dof_rolling_sales,94.76106,,,,1965,,,01 ONE FAMILY DWELLINGS,GREAT KILLS,71 ABINGDON AVENUE,01 ONE FAMILY DWELLINGS
us-nyc,United States,New York,USD,650000.0,107.024256,2025-07-17,nyc_dof_rolling_sales,107.024256,,,,1965,,,01 ONE FAMILY DWELLINGS,GREAT KILLS,170 BROOKFIELD AVENUE,01 ONE FAMILY DWELLINGS
us-nyc,United States,New York,USD,735000.0,107.024256,2025-08-06,nyc_dof_rolling_sales,107.024256,,,,1965,,,01 ONE FAMILY DWELLINGS,GREAT KILLS,156 BROOKFIELD AVENUE,01 ONE FAMILY DWELLINGS
us-nyc,United States,New York,USD,680000.0,105.90942,2025-01-30,nyc_dof_rolling_sales,105.90942,,,,1965,,,01 ONE FAMILY DWELLINGS,GREAT KILLS,233 ABINGDON AVENUE,01 ONE FAMILY DWELLINGS
us-nyc,United States,New York,USD,680000.0,93.646224,2025-03-31,nyc_dof_rolling_sales,93.646224,,,,1975,,,01 ONE FAMILY DWELLINGS,GREAT KILLS,256 COLON AVENUE,01 ONE FAMILY DWELLINGS
us-nyc,United States,New York,USD,780000.0,89.18688,2025-10-09,nyc_dof_rolling_sales,89.18688,,,,1975,,,01 ONE FAMILY DWELLINGS,GREAT KILLS,185 BROOKFIELD AVENUE,01 ONE FAMILY DWELLINGS
us-nyc,United States,New York,USD,500000.0,89.18688,2025-10-24,nyc_dof_rolling_sales,89.18688,,,,1975,,,01 ONE FAMILY DWELLINGS,GREAT KILLS,189 BROOKFIELD AVENUE,01 ONE FAMILY DWELLINGS
us-nyc,United States,New York,USD,678000.0,149.016412,2025-04-18,nyc_dof_rolling_sales,149.016412,,,,1975,,,01 ONE FAMILY DWELLINGS,GREAT KILLS,307 ABINGDON AVE,01 ONE FAMILY DWELLINGS
us-nyc,United States,New York,USD,650000.0,149.016412,2025-04-07,nyc_dof_rolling_sales,149.016412,,,,1975,,,01 ONE FAMILY DWELLINGS,GREAT KILLS,309 ABINGDON AVENUE,01 ONE FAMILY DWELLINGS
us-nyc,United States,New York,USD,825000.0,147.158352,2025-12-03,nyc_dof_rolling_sales,147.158352,,,,1979,,,01 ONE FAMILY DWELLINGS,GREAT KILLS,259 BROOKFIELD AVENUE,01 ONE FAMILY DWELLINGS
us-nyc,United States,New York,USD,665000.0,101.450076,2025-07-10,nyc_dof_rolling_sales,101.450076,,,,1979,,,01 ONE FAMILY DWELLINGS,GREAT KILLS,299 BROOKFIELD AVENUE,01 ONE FAMILY DWELLINGS
us-nyc,United States,New York,USD,621000.0,101.450076,2025-08-14,nyc_dof_rolling_sales,101.450076,,,,1979,,,01 ONE FAMILY DWELLINGS,GREAT KILLS,311 BROOKFIELD AVENUE,01 ONE FAMILY DWELLINGS
us-nyc,United States,New York,USD,750000.0,122.63195999999999,2025-08-22,nyc_dof_rolling_sales,122.63195999999999,,,,1925,,,01 ONE FAMILY DWELLINGS,GREAT KILLS,4173 AMBOY ROAD,01 ONE FAMILY DWELLINGS
us-nyc,United States,New York,USD,700000.0,139.726112,2025-10-02,nyc_dof_rolling_sales,139.726112,,,,1975,,,01 ONE FAMILY DWELLINGS,GREAT KILLS,156 WILSON AVENUE,01 ONE FAMILY DWELLINGS
us-nyc,United States,New York,USD,670000.0,118.544228,2025-02-14,nyc_dof_rolling_sales,118.544228,,,,1975,,,01 ONE FAMILY DWELLINGS,GREAT KILLS,108 WILSON AVENUE,01 ONE FAMILY DWELLINGS
us-nyc,United States,New York,USD,10.0,120.588094,2025-09-04,nyc_dof_rolling_sales,120.588094,,,,1975,,,01 ONE FAMILY DWELLINGS,GREAT KILLS,98 WILSON AVENUE,01 ONE FAMILY DWELLINGS
us-nyc,United States,New York,USD,625000.0,118.544228,2025-09-11,nyc_dof_rolling_sales,118.544228,,,,1975,,,01 ONE FAMILY DWELLINGS,GREAT KILLS,76 WILSON AVENUE,01 ONE FAMILY DWELLINGS
us-nyc,United States,New York,USD,668888.0,118.544228,2025-10-07,nyc_dof_rolling_sales,118.544228,,,,1975,,,01 ONE FAMILY DWELLINGS,GREAT KILLS,74 WILSON AVENUE,01 ONE FAMILY DWELLINGS
us-nyc,United States,New York,USD,965000.0,186.270515,2025-12-22,nyc_dof_rolling_sales,186.270515,,,,2017,,,01 ONE FAMILY DWELLINGS,GREAT KILLS,67 WILSON AVENUE,01 ONE FAMILY DWELLINGS
us-nyc,United States,New York,USD,855000.0,202.900152,2025-10-05,nyc_dof_rolling_sales,202.900152,,,,1970,,,01 ONE FAMILY DWELLINGS,GREAT KILLS,169 LAMOKA AVENUE,01 ONE FAMILY DWELLINGS
us-nyc,United States,New York,USD,808000.0,156.07704,2025-03-14,nyc_dof_rolling_sales,156.07704,,,,1970,,,01 ONE FAMILY DWELLINGS,GREAT KILLS,326 KATAN AVENUE,01 ONE FAMILY DWELLINGS
us-nyc,United States,New York,USD,700000.0,193.23824,2025-03-28,nyc_dof_rolling_sales,193.23824,,,,1975,,,01 ONE FAMILY DWELLINGS,GREAT KILLS,54 EAST AUGUSTA AVENUE,01 ONE FAMILY DWELLINGS
us-nyc,United States,New York,USD,685000.0,193.23824,2025-10-23,nyc_dof_rolling_sales,193.23824,,,,1970,,,01 ONE FAMILY DWELLINGS,GREAT KILLS,24 EAST AUGUSTA AVENUE,01 ONE FAMILY DWELLINGS
us-nyc,United States,New York,USD,650000.0,174.65764,2025-09-09,nyc_dof_rolling_sales,174.65764,,,,1970,,,01 ONE FAMILY DWELLINGS,GREAT KILLS,61 EAST FIGUREA,01 ONE FAMILY DWELLINGS
us-nyc,United States,New York,USD,667000.0,148.6448,2025-01-07,nyc_dof_rolling_sales,148.6448,,,,1976,,,01 ONE FAMILY DWELLINGS,GREAT KILLS,42 EAST READING AVENUE,01 ONE FAMILY DWELLINGS
us-nyc,United States,New York,USD,757300.0,133.78032,2025-03-14,nyc_dof_rolling_sales,133.78032,,,,1975,,,01 ONE FAMILY DWELLINGS,GREAT KILLS,42 EAST MACON AVENUE,01 ONE FAMILY DWELLINGS
us-nyc,United States,New York,USD,720000.0,133.78032,2025-02-21,nyc_dof_rolling_sales,133.78032,,,,1975,,,01 ONE FAMILY DWELLINGS,GREAT KILLS,16 EAST MACON AVENUE,01 ONE FAMILY DWELLINGS
us-nyc,United States,New York,USD,840000.0,147.158352,2025-10-08,nyc_dof_rolling_sales,147.158352,,,,1975,,,01 ONE FAMILY DWELLINGS,GREAT KILLS,26 EAST BRANDIS AVENUE,01 ONE FAMILY DWELLINGS
us-nyc,United States,New York,USD,745000.0,213.026579,2025-03-21,nyc_dof_rolling_sales,213.026579,,,,1975,,,01 ONE FAMILY DWELLINGS,GREAT KILLS,7 EAST MACON AVENUE,01 ONE FAMILY DWELLINGS
us-nyc,United States,New York,USD,825000.0,144.92867999999999,2025-07-14,nyc_dof_rolling_sales,144.92867999999999,,,,1970,,,01 ONE FAMILY DWELLINGS,GREAT KILLS,360 GURLEY AVENUE,01 ONE FAMILY DWELLINGS
us-nyc,United States,New York,USD,500.0,111.4836,2025-04-22,nyc_dof_rolling_sales,111.4836,,,,1989,,,01 ONE FAMILY DWELLINGS,GREAT KILLS,5 ABBEY ROAD,01 ONE FAMILY DWELLINGS
us-nyc,United States,New York,USD,699999.0,111.4836,2025-02-20,nyc_dof_rolling_sales,111.4836,,,,1989,,,01 ONE FAMILY DWELLINGS,GREAT KILLS,52 ABINGDON COURT,01 ONE FAMILY DWELLINGS
us-nyc,United States,New York,USD,685000.0,101.078464,2025-09-11,nyc_dof_rolling_sales,101.078464,,,,1975,,,01 ONE FAMILY DWELLINGS,GREAT KILLS,455 CORTELYOU AVENUE,01 ONE FAMILY DWELLINGS
us-nyc,United States,New York,USD,660000.0,117.05778,2025-05-28,nyc_dof_rolling_sales,117.05778,,,,1970,,,01 ONE FAMILY DWELLINGS,GREAT KILLS,476 CORTELYOU AVENUE,01 ONE FAMILY DWELLINGS
us-nyc,United States,New York,USD,671600.0,138.982888,2025-01-22,nyc_dof_rolling_sales,138.982888,,,,1970,,,01 ONE FAMILY DWELLINGS,GREAT KILLS,331 LAMOKA AVENUE,01 ONE FAMILY DWELLINGS
us-nyc,United States,New York,USD,785000.0,145.671904,2025-02-27,nyc_dof_rolling_sales,145.671904,,,,1992,,,01 ONE FAMILY DWELLINGS,GREAT KILLS,15 OVAS COURT,01 ONE FAMILY DWELLINGS
us-nyc,United States,New York,USD,705000.0,124.861632,2025-10-14,nyc_dof_rolling_sales,124.861632,,,,1980,,,01 ONE FAMILY DWELLINGS,GREAT KILLS,376 CORTELYOU AVENUE,01 ONE FAMILY DWELLINGS
us-nyc,United States,New York,USD,499975.0,124.861632,2025-08-18,nyc_dof_rolling_sales,124.861632,,,,1980,,,01 ONE FAMILY DWELLINGS,GREAT KILLS,351 LAMOKA AVENUE,01 ONE FAMILY DWELLINGS
us-nyc,United States,New York,USD,660000.0,101.450076,2025-07-02,nyc_dof_rolling_sales,101.450076,,,,1970,,,01 ONE FAMILY DWELLINGS,GREAT KILLS,278 CORTELYOU AVENUE,01 ONE FAMILY DWELLINGS
us-nyc,United States,New York,USD,915000.0,224.82526,2025-11-04,nyc_dof_rolling_sales,224.82526,,,,1970,,,01 ONE FAMILY DWELLINGS,GREAT KILLS,166 GENESEE AVENUE,01 ONE FAMILY DWELLINGS
us-nyc,United States,New York,USD,672500.0,147.158352,2025-10-27,nyc_dof_rolling_sales,147.158352,,,,1993,,,01 ONE FAMILY DWELLINGS,GREAT KILLS,32 OVAS COURT,01 ONE FAMILY DWELLINGS
us-nyc,United States,New York,USD,865000.0,177.537633,2025-10-16,nyc_dof_rolling_sales,177.537633,,,,1970,,,01 ONE FAMILY DWELLINGS,GREAT KILLS,212 CORTELYOU AVENUE,01 ONE FAMILY DWELLINGS
us-nyc,United States,New York,USD,775000.0,93.646224,2025-04-15,nyc_dof_rolling_sales,93.646224,,,,1970,,,01 ONE FAMILY DWELLINGS,GREAT KILLS,110 MIDDLE LOOP ROAD,01 ONE FAMILY DWELLINGS
us-nyc,United States,New York,USD,130000.0,107.024256,2025-08-04,nyc_dof_rolling_sales,107.024256,,,,1970,,,01 ONE FAMILY DWELLINGS,GREAT KILLS,11 MIDDLE LOOP ROAD,01 ONE FAMILY DWELLINGS
us-nyc,United States,New York,USD,695000.0,126.34808,2025-07-21,nyc_dof_rolling_sales,126.34808,,,,1970,,,01 ONE FAMILY DWELLINGS,GREAT KILLS,938 ARMSTRONG AVENUE,01 ONE FAMILY DWELLINGS
us-nyc,United States,New York,USD,738000.0,138.42547,2025-10-30,nyc_dof_rolling_sales,138.42547,,,,1975,,,01 ONE FAMILY DWELLINGS,GREAT KILLS,443 RIDGEWOOD AVENUE,01 ONE FAMILY DWELLINGS
us-nyc,United States,New York,USD,680000.0,115.19972,2025-01-24,nyc_dof_rolling_sales,115.19972,,,,1998,,,01 ONE FAMILY DWELLINGS,GREAT KILLS,463 RIDGEWOOD AVENUE,01 ONE FAMILY DWELLINGS
us-nyc,United States,New York,USD,660000.0,104.05136,2025-10-01,nyc_dof_rolling_sales,104.05136,,,,1970,,,01 ONE FAMILY DWELLINGS,GREAT KILLS,108 EAST MACON AVENUE,01 ONE FAMILY DWELLINGS
us-nyc,United States,New York,USD,695000.0,174.65764,2025-09-03,nyc_dof_rolling_sales,174.65764,,,,1970,,,01 ONE FAMILY DWELLINGS,GREAT KILLS,469 BARLOW AVENUE,01 ONE FAMILY DWELLINGS
us-nyc,United States,New York,USD,750000.0,101.450076,2025-06-24,nyc_dof_rolling_sales,101.450076,,,,1935,,,01 ONE FAMILY DWELLINGS,GREAT KILLS,96 RIDGEWOOD AVENUE,01 ONE FAMILY DWELLINGS
us-nyc,United States,New York,USD,880000.0,162.58025,2025-06-11,nyc_dof_rolling_sales,162.58025,,,,1970,,,01 ONE FAMILY DWELLINGS,GREAT KILLS,105 BARTLETT AVENUE,01 ONE FAMILY DWELLINGS
us-nyc,United States,New York,USD,1.0,101.821688,2025-10-23,nyc_dof_rolling_sales,101.821688,,,,1965,,,01 ONE FAMILY DWELLINGS,GREAT KILLS,174 ELTINGVILLE BLVD,01 ONE FAMILY DWELLINGS
us-nyc,United States,New York,USD,412500.0,113.713272,2025-10-08,nyc_dof_rolling_sales,113.713272,,,,1970,,,01 ONE FAMILY DWELLINGS,GREAT KILLS,297 ELTINGVILLE BLVD,01 ONE FAMILY DWELLINGS
us-nyc,United States,New York,USD,683000.0,193.23824,2025-02-20,nyc_dof_rolling_sales,193.23824,,,,2004,,,01 ONE FAMILY DWELLINGS,GREAT KILLS,20 GABRIELE COURT,01 ONE FAMILY DWELLINGS
us-nyc,United States,New York,USD,835000.0,92.903,2025-11-13,nyc_dof_rolling_sales,92.903,,,,1970,,,01 ONE FAMILY DWELLINGS,GREAT KILLS,337 ELTINGVILLE BLVD,01 ONE FAMILY DWELLINGS
us-nyc,United States,New York,USD,608000.0,149.57383,2025-09-26,nyc_dof_rolling_sales,149.57383,,,,1965,,,01 ONE FAMILY DWELLINGS,GREAT KILLS,636 LEVERETT AVENUE,01 ONE FAMILY DWELLINGS
us-nyc,United States,New York,USD,776000.0,109.253928,2025-11-03,nyc_dof_rolling_sales,109.253928,,,,1977,,,01 ONE FAMILY DWELLINGS,GREAT KILLS,437 ELTINGVILLE BOULEVARD,01 ONE FAMILY DWELLINGS
us-nyc,United States,New York,USD,638825.0,107.024256,2025-10-07,nyc_dof_rolling_sales,107.024256,,,,1924,,,01 ONE FAMILY DWELLINGS,GREAT KILLS,3395 RICHMOND AVENUE,01 ONE FAMILY DWELLINGS
us-nyc,United States,New York,USD,1070000.0,167.2254,2025-10-24,nyc_dof_rolling_sales,167.2254,,,,1978,,,01 ONE FAMILY DWELLINGS,GREAT KILLS,350 BARTLETT AVENUE,01 ONE FAMILY DWELLINGS
us-nyc,United States,New York,USD,725000.0,187.292448,2025-08-28,nyc_dof_rolling_sales,187.292448,,,,1978,,,01 ONE FAMILY DWELLINGS,GREAT KILLS,340 BARTLETT AVENUE,01 ONE FAMILY DWELLINGS
us-nyc,United States,New York,USD,590000.0,137.49644,2025-09-10,nyc_dof_rolling_sales,137.49644,,,,1990,,,01 ONE FAMILY DWELLINGS,GREAT KILLS,285 BARTLETT AVENUE,01 ONE FAMILY DWELLINGS
us-nyc,United States,New York,USD,260000.0,185.806,2025-07-28,nyc_dof_rolling_sales,185.806,,,,1975,,,01 ONE FAMILY DWELLINGS,GREAT KILLS,497 ELTINGVILLE BOULEVARD,01 ONE FAMILY DWELLINGS
us-nyc,United States,New York,USD,786000.0,185.806,2025-05-08,nyc_dof_rolling_sales,185.806,,,,1975,,,01 ONE FAMILY DWELLINGS,GREAT KILLS,519 ELTINGVILLE BLVD,01 ONE FAMILY DWELLINGS
us-nyc,United States,New York,USD,720000.0,185.806,2025-09-03,nyc_dof_rolling_sales,185.806,,,,1975,,,01 ONE FAMILY DWELLINGS,GREAT KILLS,84 GETZ AVENUE,01 ONE FAMILY DWELLINGS
us-nyc,United States,New York,USD,845000.0,133.78032,2025-06-18,nyc_dof_rolling_sales,133.78032,,,,2001,,,01 ONE FAMILY DWELLINGS,GREAT KILLS,556 ELTINGVILLE BLVD,01 ONE FAMILY DWELLINGS
us-nyc,United States,New York,USD,805000.0,133.78032,2025-05-05,nyc_dof_rolling_sales,133.78032,,,,2001,,,01 ONE FAMILY DWELLINGS,GREAT KILLS,538 ELTINGVILLE BLVD,01 ONE FAMILY DWELLINGS
us-nyc,United States,New York,USD,306667.0,80.268192,2025-01-07,nyc_dof_rolling_sales,80.268192,,,,1986,,,02 TWO FAMILY DWELLINGS,GREAT KILLS,23A FRANKLIN LANE,02 TWO FAMILY DWELLINGS
us-nyc,United States,New York,USD,540000.0,80.268192,2025-01-08,nyc_dof_rolling_sales,80.268192,,,,1986,,,02 TWO FAMILY DWELLINGS,GREAT KILLS,27A FRANKLIN LANE,02 TWO FAMILY DWELLINGS
us-nyc,United States,New York,USD,800000.0,213.6769,2025-11-24,nyc_dof_rolling_sales,213.6769,,,,1986,,,02 TWO FAMILY DWELLINGS,GREAT KILLS,27 CORONA AVENUE,02 TWO FAMILY DWELLINGS
us-nyc,United States,New York,USD,620000.0,142.699008,2025-07-24,nyc_dof_rolling_sales,142.699008,,,,1986,,,02 TWO FAMILY DWELLINGS,GREAT KILLS,21 LUKE COURT,02 TWO FAMILY DWELLINGS
us-nyc,United States,New York,USD,838000.0,191.658889,2025-09-03,nyc_dof_rolling_sales,191.658889,,,,1984,,,02 TWO FAMILY DWELLINGS,GREAT KILLS,16 COTTONWOOD COURT,02 TWO FAMILY DWELLINGS
us-nyc,United States,New York,USD,875000.0,223.710424,2025-07-09,nyc_dof_rolling_sales,223.710424,,,,1982,,,02 TWO FAMILY DWELLINGS,GREAT KILLS,59 WILLOWWOOD LANE,02 TWO FAMILY DWELLINGS
us-nyc,United States,New York,USD,955000.0,220.737528,2025-03-20,nyc_dof_rolling_sales,220.737528,,,,1965,,,02 TWO FAMILY DWELLINGS,GREAT KILLS,71 BARLOW AVENUE,02 TWO FAMILY DWELLINGS
us-nyc,United States,New York,USD,968000.0,164.99572799999999,2025-03-06,nyc_dof_rolling_sales,164.99572799999999,,,,1960,,,02 TWO FAMILY DWELLINGS,GREAT KILLS,204 EXETER STREET,02 TWO FAMILY DWELLINGS
us-nyc,United States,New York,USD,300000.0,210.332392,2025-03-24,nyc_dof_rolling_sales,210.332392,,,,1984,,,02 TWO FAMILY DWELLINGS,GREAT KILLS,129 GIFFORDS LANE,02 TWO FAMILY DWELLINGS
us-nyc,United States,New York,USD,810000.0,198.998226,2025-02-27,nyc_dof_rolling_sales,198.998226,,,,1997,,,02 TWO FAMILY DWELLINGS,GREAT KILLS,379 TIMBER RIDGE DRIVE,02 TWO FAMILY DWELLINGS
us-nyc,United States,New York,USD,905000.0,148.6448,2025-05-07,nyc_dof_rolling_sales,148.6448,,,,1987,,,02 TWO FAMILY DWELLINGS,GREAT KILLS,212 JUSTIN AVENUE,02 TWO FAMILY DWELLINGS
us-nyc,United States,New York,USD,695000.0,185.806,2025-08-07,nyc_dof_rolling_sales,185.806,,,,1973,,,02 TWO FAMILY DWELLINGS,GREAT KILLS,40 GREENCROFT AVENUE,02 TWO FAMILY DWELLINGS
us-nyc,United States,New York,USD,10.0,277.965776,2025-10-24,nyc_dof_rolling_sales,277.965776,,,,1983,,,02 TWO FAMILY DWELLINGS,GREAT KILLS,204 BAY TERRACE,02 TWO FAMILY DWELLINGS
us-nyc,United States,New York,USD,918000.0,194.724688,2025-04-17,nyc_dof_rolling_sales,194.724688,,,,1970,,,02 TWO FAMILY DWELLINGS,GREAT KILLS,123 KEEGANS LANE,02 TWO FAMILY DWELLINGS
us-nyc,United States,New York,USD,900000.0,227.426544,2025-05-20,nyc_dof_rolling_sales,227.426544,,,,1965,,,02 TWO FAMILY DWELLINGS,GREAT KILLS,400 DURANT AVENUE,02 TWO FAMILY DWELLINGS
us-nyc,United States,New York,USD,950000.0,195.09629999999999,2025-05-29,nyc_dof_rolling_sales,195.09629999999999,,,,1970,,,02 TWO FAMILY DWELLINGS,GREAT KILLS,392 DURANT AVENUE,02 TWO FAMILY DWELLINGS
us-nyc,United States,New York,USD,1259900.0,235.97362,2025-08-27,nyc_dof_rolling_sales,235.97362,,,,1997,,,02 TWO FAMILY DWELLINGS,GREAT KILLS,65 HIGHLAND ROAD,02 TWO FAMILY DWELLINGS
us-nyc,United States,New York,USD,1070000.0,226.68332,2025-07-02,nyc_dof_rolling_sales,226.68332,,,,1960,,,02 TWO FAMILY DWELLINGS,GREAT KILLS,276 MAYBURY AVENUE,02 TWO FAMILY DWELLINGS
us-nyc,United States,New York,USD,10.0,208.845944,2025-07-24,nyc_dof_rolling_sales,208.845944,,,,1965,,,02 TWO FAMILY DWELLINGS,GREAT KILLS,262 MAYBURY AVENUE,02 TWO FAMILY DWELLINGS
us-nyc,United States,New York,USD,1270000.0,244.89230799999999,2025-01-21,nyc_dof_rolling_sales,244.89230799999999,,,,2005,,,02 TWO FAMILY DWELLINGS,GREAT KILLS,163 CLEVELAND AVENUE,02 TWO FAMILY DWELLINGS
us-nyc,United States,New York,USD,1080000.0,185.806,2025-07-11,nyc_dof_rolling_sales,185.806,,,,1960,,,02 TWO FAMILY DWELLINGS,GREAT KILLS,234 CLEVELAND AVENUE,02 TWO FAMILY DWELLINGS
us-nyc,United States,New York,USD,1190000.0,195.09629999999999,2025-09-15,nyc_dof_rolling_sales,195.09629999999999,,,,2010,,,02 TWO FAMILY DWELLINGS,GREAT KILLS,50 PLEASANT STREET,02 TWO FAMILY DWELLINGS
us-nyc,United States,New York,USD,940000.0,189.52212,2025-11-24,nyc_dof_rolling_sales,189.52212,,,,1960,,,02 TWO FAMILY DWELLINGS,GREAT KILLS,45 OAKDALE STREET,02 TWO FAMILY DWELLINGS
us-nyc,United States,New York,USD,758000.0,109.253928,2025-03-26,nyc_dof_rolling_sales,109.253928,,,,1997,,,02 TWO FAMILY DWELLINGS,GREAT KILLS,159 OAKDALE STREET,02 TWO FAMILY DWELLINGS
us-nyc,United States,New York,USD,10.0,198.81242,2025-10-02,nyc_dof_rolling_sales,198.81242,,,,1960,,,02 TWO FAMILY DWELLINGS,GREAT KILLS,465 ROBINSON AVENUE,02 TWO FAMILY DWELLINGS
us-nyc,United States,New York,USD,1300000.0,190.544053,2025-03-27,nyc_dof_rolling_sales,190.544053,,,,1950,,,02 TWO FAMILY DWELLINGS,GREAT KILLS,365 ARMSTRONG AVENUE,02 TWO FAMILY DWELLINGS
us-nyc,United States,New York,USD,980000.0,211.261422,2025-07-16,nyc_dof_rolling_sales,211.261422,,,,2022,,,02 TWO FAMILY DWELLINGS,GREAT KILLS,356 ROBINSON AVENUE,02 TWO FAMILY DWELLINGS
us-nyc,United States,New York,USD,1.0,111.111988,2025-03-19,nyc_dof_rolling_sales,111.111988,,,,1915,,,02 TWO FAMILY DWELLINGS,GREAT KILLS,286 NELSON AVENUE,02 TWO FAMILY DWELLINGS
us-nyc,United States,New York,USD,525000.0,111.111988,2025-01-13,nyc_dof_rolling_sales,111.111988,,,,1915,,,02 TWO FAMILY DWELLINGS,GREAT KILLS,286 NELSON AVENUE,02 TWO FAMILY DWELLINGS
us-nyc,United States,New York,USD,1349181.0,376.25715,2025-11-14,nyc_dof_rolling_sales,376.25715,,,,2025,,,02 TWO FAMILY DWELLINGS,GREAT KILLS,11 RUSSELL STREET,02 TWO FAMILY DWELLINGS
us-nyc,United States,New York,USD,1221900.0,279.63803,2025-06-25,nyc_dof_rolling_sales,279.63803,,,,1955,,,02 TWO FAMILY DWELLINGS,GREAT KILLS,232 ARMSTRONG AVENUE,02 TWO FAMILY DWELLINGS
us-nyc,United States,New York,USD,1120075.0,304.350228,2025-04-14,nyc_dof_rolling_sales,304.350228,,,,2024,,,02 TWO FAMILY DWELLINGS,GREAT KILLS,130 WINCHESTER AVENUE,02 TWO FAMILY DWELLINGS
us-nyc,United States,New York,USD,925000.0,232.2575,2025-08-12,nyc_dof_rolling_sales,232.2575,,,,1987,,,02 TWO FAMILY DWELLINGS,GREAT KILLS,246 WIMAN AVENUE,02 TWO FAMILY DWELLINGS
us-nyc,United States,New York,USD,582439.0,188.964702,2025-07-17,nyc_dof_rolling_sales,188.964702,,,,1983,,,02 TWO FAMILY DWELLINGS,GREAT KILLS,86 ARMSTRONG AVENUE,02 TWO FAMILY DWELLINGS
us-nyc,United States,New York,USD,800000.0,131.271939,2025-11-18,nyc_dof_rolling_sales,131.271939,,,,1990,,,02 TWO FAMILY DWELLINGS,GREAT KILLS,79 ROBINSON AVENUE,02 TWO FAMILY DWELLINGS
us-nyc,United States,New York,USD,570000.0,148.6448,2025-03-31,nyc_dof_rolling_sales,148.6448,,,,1930,,,02 TWO FAMILY DWELLINGS,GREAT KILLS,14 BALTIMORE STREET,02 TWO FAMILY DWELLINGS
us-nyc,United States,New York,USD,992294.0,227.333641,2025-03-05,nyc_dof_rolling_sales,227.333641,,,,2024,,,02 TWO FAMILY DWELLINGS,GREAT KILLS,286 DEWEY AVENUE,02 TWO FAMILY DWELLINGS
us-nyc,United States,New York,USD,992849.0,227.333641,2025-03-14,nyc_dof_rolling_sales,227.333641,,,,2024,,,02 TWO FAMILY DWELLINGS,GREAT KILLS,284 DEWEY AVENUE,02 TWO FAMILY DWELLINGS
us-nyc,United States,New York,USD,680000.0,195.09629999999999,2025-08-22,nyc_dof_rolling_sales,195.09629999999999,,,,1984,,,02 TWO FAMILY DWELLINGS,GREAT KILLS,92 GIFFORDS LANE,02 TWO FAMILY DWELLINGS
us-nyc,United States,New York,USD,855000.0,134.151932,2025-04-01,nyc_dof_rolling_sales,134.151932,,,,1950,,,02 TWO FAMILY DWELLINGS,GREAT KILLS,299 DEWEY AVENUE,02 TWO FAMILY DWELLINGS
us-nyc,United States,New York,USD,850000.0,133.78032,2025-02-28,nyc_dof_rolling_sales,133.78032,,,,2004,,,02 TWO FAMILY DWELLINGS,GREAT KILLS,79 WOODLAND AVENUE,02 TWO FAMILY DWELLINGS
us-nyc,United States,New York,USD,895959.0,188.128575,2025-06-23,nyc_dof_rolling_sales,188.128575,,,,2004,,,02 TWO FAMILY DWELLINGS,GREAT KILLS,286 GIFFORDS LANE,02 TWO FAMILY DWELLINGS
us-nyc,United States,New York,USD,890000.0,213.305288,2025-09-04,nyc_dof_rolling_sales,213.305288,,,,1980,,,02 TWO FAMILY DWELLINGS,GREAT KILLS,304 DOANE AVENUE,02 TWO FAMILY DWELLINGS
us-nyc,United States,New York,USD,10.0,157.9351,2025-01-23,nyc_dof_rolling_sales,157.9351,,,,1998,,,02 TWO FAMILY DWELLINGS,GREAT KILLS,426 GIFFORDS LANE,02 TWO FAMILY DWELLINGS
us-nyc,United States,New York,USD,935000.0,312.15408,2025-04-22,nyc_dof_rolling_sales,312.15408,,,,1992,,,02 TWO FAMILY DWELLINGS,GREAT KILLS,95 PEMBERTON AVENUE,02 TWO FAMILY DWELLINGS
us-nyc,United States,New York,USD,855000.0,205.31563,2025-02-14,nyc_dof_rolling_sales,205.31563,,,,1992,,,02 TWO FAMILY DWELLINGS,GREAT KILLS,497 DOANE AVENUE,02 TWO FAMILY DWELLINGS
us-nyc,United States,New York,USD,1050000.0,185.806,2025-08-12,nyc_dof_rolling_sales,185.806,,,,1945,,,02 TWO FAMILY DWELLINGS,GREAT KILLS,305 KATAN AVENUE,02 TWO FAMILY DWELLINGS
us-nyc,United States,New York,USD,10.0,167.2254,2025-06-03,nyc_dof_rolling_sales,167.2254,,,,1996,,,02 TWO FAMILY DWELLINGS,GREAT KILLS,115 ABINGDON AVENUE,02 TWO FAMILY DWELLINGS
us-nyc,United States,New York,USD,820000.0,201.042092,2025-11-13,nyc_dof_rolling_sales,201.042092,,,,1980,,,02 TWO FAMILY DWELLINGS,GREAT KILLS,275 KATAN AVENUE,02 TWO FAMILY DWELLINGS
us-nyc,United States,New York,USD,915000.0,163.880892,2025-10-02,nyc_dof_rolling_sales,163.880892,,,,1970,,,02 TWO FAMILY DWELLINGS,GREAT KILLS,89 BROOKFIELD AVENUE,02 TWO FAMILY DWELLINGS
us-nyc,United States,New York,USD,920000.0,144.92867999999999,2025-08-21,nyc_dof_rolling_sales,144.92867999999999,,,,1975,,,02 TWO FAMILY DWELLINGS,GREAT KILLS,350 BROOKFIELD AVENUE,02 TWO FAMILY DWELLINGS
us-nyc,United States,New York,USD,375000.0,152.36092,2025-02-27,nyc_dof_rolling_sales,152.36092,,,,1975,,,02 TWO FAMILY DWELLINGS,GREAT KILLS,306 BROOKFIELD AVENUE,02 TWO FAMILY DWELLINGS
us-nyc,United States,New York,USD,760000.0,174.65764,2025-04-10,nyc_dof_rolling_sales,174.65764,,,,1975,,,02 TWO FAMILY DWELLINGS,GREAT KILLS,377 BROOKFIELD AVENUE,02 TWO FAMILY DWELLINGS
us-nyc,United States,New York,USD,975000.0,115.19972,2025-01-27,nyc_dof_rolling_sales,115.19972,,,,1970,,,02 TWO FAMILY DWELLINGS,GREAT KILLS,272 LAMOKA AVENUE,02 TWO FAMILY DWELLINGS
us-nyc,United States,New York,USD,948000.0,159.79316,2025-09-17,nyc_dof_rolling_sales,159.79316,,,,1960,,,02 TWO FAMILY DWELLINGS,GREAT KILLS,373 KATAN AVENUE,02 TWO FAMILY DWELLINGS
us-nyc,United States,New York,USD,760000.0,178.37376,2025-08-27,nyc_dof_rolling_sales,178.37376,,,,1970,,,02 TWO FAMILY DWELLINGS,GREAT KILLS,963 ARMSTRONG AVE,02 TWO FAMILY DWELLINGS
us-nyc,United States,New York,USD,1040000.0,235.04459,2025-02-06,nyc_dof_rolling_sales,235.04459,,,,1978,,,02 TWO FAMILY DWELLINGS,GREAT KILLS,379 GURLEY AVENUE,02 TWO FAMILY DWELLINGS
us-nyc,United States,New York,USD,980000.0,177.630536,2025-06-06,nyc_dof_rolling_sales,177.630536,,,,1978,,,02 TWO FAMILY DWELLINGS,GREAT KILLS,582 ARMSTRONG AVENUE,02 TWO FAMILY DWELLINGS
us-nyc,United States,New York,USD,10.0,221.759461,2025-09-26,nyc_dof_rolling_sales,221.759461,,,,1970,,,02 TWO FAMILY DWELLINGS,GREAT KILLS,46 DEMOPOLIS AVENUE,02 TWO FAMILY DWELLINGS
us-nyc,United States,New York,USD,865000.0,183.94794,2025-09-26,nyc_dof_rolling_sales,183.94794,,,,1970,,,02 TWO FAMILY DWELLINGS,GREAT KILLS,12 FENWAY,02 TWO FAMILY DWELLINGS
us-nyc,United States,New York,USD,230000.0,174.65764,2025-04-24,nyc_dof_rolling_sales,174.65764,,,,1970,,,02 TWO FAMILY DWELLINGS,GREAT KILLS,20 FENWAY CIRCLE,02 TWO FAMILY DWELLINGS
us-nyc,United States,New York,USD,10.0,174.65764,2025-04-02,nyc_dof_rolling_sales,174.65764,,,,1997,,,02 TWO FAMILY DWELLINGS,GREAT KILLS,142 CORTELYOU AVENUE,02 TWO FAMILY DWELLINGS
us-nyc,United States,New York,USD,850000.0,210.332392,2025-04-16,nyc_dof_rolling_sales,210.332392,,,,1970,,,02 TWO FAMILY DWELLINGS,GREAT KILLS,68 CORTELYOU AVENUE,02 TWO FAMILY DWELLINGS
us-nyc,United States,New York,USD,790000.0,167.2254,2025-07-30,nyc_dof_rolling_sales,167.2254,,,,1985,,,02 TWO FAMILY DWELLINGS,GREAT KILLS,316 WILSON AVENUE,02 TWO FAMILY DWELLINGS
us-nyc,United States,New York,USD,487500.0,192.30921,2025-05-13,nyc_dof_rolling_sales,192.30921,,,,2005,,,02 TWO FAMILY DWELLINGS,GREAT KILLS,564 CORYN COURT,02 TWO FAMILY DWELLINGS
us-nyc,United States,New York,USD,885000.0,185.806,2025-06-02,nyc_dof_rolling_sales,185.806,,,,1930,,,02 TWO FAMILY DWELLINGS,GREAT KILLS,117 ELTINGVILLE BLVD,02 TWO FAMILY DWELLINGS
us-nyc,United States,New York,USD,772500.0,112.226824,2025-07-21,nyc_dof_rolling_sales,112.226824,,,,1915,,,02 TWO FAMILY DWELLINGS,GREAT KILLS,145 ELTINGVILLE BLVD,02 TWO FAMILY DWELLINGS
us-nyc,United States,New York,USD,999000.0,209.03175,2025-06-26,nyc_dof_rolling_sales,209.03175,,,,1970,,,02 TWO FAMILY DWELLINGS,GREAT KILLS,179 ELTINGVILLE BOULEVARD,02 TWO FAMILY DWELLINGS
us-nyc,United States,New York,USD,905000.0,163.50928,2025-01-28,nyc_dof_rolling_sales,163.50928,,,,1960,,,02 TWO FAMILY DWELLINGS,GREAT KILLS,100 BARTLETT AVENUE,02 TWO FAMILY DWELLINGS
us-nyc,United States,New York,USD,988000.0,202.900152,2025-08-29,nyc_dof_rolling_sales,202.900152,,,,1975,,,02 TWO FAMILY DWELLINGS,GREAT KILLS,143 GETZ AVENUE,02 TWO FAMILY DWELLINGS
us-nyc,United States,New York,USD,1188888.0,241.5478,2025-08-18,nyc_dof_rolling_sales,241.5478,,,,1975,,,02 TWO FAMILY DWELLINGS,GREAT KILLS,520 ELTINGVILLE BLVD.,02 TWO FAMILY DWELLINGS
us-nyc,United States,New York,USD,120000.0,nan,2025-06-04,nyc_dof_rolling_sales,nan,,,,1981,,,04 TAX CLASS 1 CONDOS,GREAT KILLS,64 TIMBER RIDGE DRIVE,04 TAX CLASS 1 CONDOS
us-nyc,United States,New York,USD,610000.0,nan,2025-03-20,nyc_dof_rolling_sales,nan,,,,1971,,,04 TAX CLASS 1 CONDOS,GREAT KILLS,"46 YACHT CLUB COVE, 46",04 TAX CLASS 1 CONDOS
us-nyc,United States,New York,USD,550000.0,nan,2025-10-29,nyc_dof_rolling_sales,nan,,,,1971,,,04 TAX CLASS 1 CONDOS,GREAT KILLS,"51 YACHT CLUB COVE, 51",04 TAX CLASS 1 CONDOS
us-nyc,United States,New York,USD,660000.0,nan,2025-05-09,nyc_dof_rolling_sales,nan,,,,1987,,,04 TAX CLASS 1 CONDOS,GREAT KILLS,"17 HARBOUR COURT, 17",04 TAX CLASS 1 CONDOS
us-nyc,United States,New York,USD,600000.0,nan,2025-10-27,nyc_dof_rolling_sales,nan,,,,1987,,,04 TAX CLASS 1 CONDOS,GREAT KILLS,"23 HARBOUR COURT, 23",04 TAX CLASS 1 CONDOS
us-nyc,United States,New York,USD,686901.0,nan,2025-10-28,nyc_dof_rolling_sales,nan,,,,1987,,,04 TAX CLASS 1 CONDOS,GREAT KILLS,"77 HARBOUR COURT, 77",04 TAX CLASS 1 CONDOS
us-nyc,United States,New York,USD,923072.0,nan,2025-07-10,nyc_dof_rolling_sales,nan,,,,1987,,,04 TAX CLASS 1 CONDOS,GREAT KILLS,"77 HARBOUR COURT, 77",04 TAX CLASS 1 CONDOS
us-nyc,United States,New York,USD,689500.0,nan,2025-09-30,nyc_dof_rolling_sales,nan,,,,1990,,,04 TAX CLASS 1 CONDOS,GREAT KILLS,"139 TENNYSON DRIVE, 139",04 TAX CLASS 1 CONDOS
us-nyc,United States,New York,USD,600000.0,nan,2025-08-12,nyc_dof_rolling_sales,nan,,,,1987,,,04 TAX CLASS 1 CONDOS,GREAT KILLS,"34B FILIPE LANE, 8",04 TAX CLASS 1 CONDOS
us-nyc,United States,New York,USD,410000.0,nan,2025-03-25,nyc_dof_rolling_sales,nan,,,,1987,,,04 TAX CLASS 1 CONDOS,GREAT KILLS,"30 FILIPE LANE, 9",04 TAX CLASS 1 CONDOS
us-nyc,United States,New York,USD,525000.0,nan,2025-12-01,nyc_dof_rolling_sales,nan,,,,1988,,,04 TAX CLASS 1 CONDOS,GREAT KILLS,"256 KATAN AVENUE, B",04 TAX CLASS 1 CONDOS
us-nyc,United States,New York,USD,395001.0,nan,2025-09-25,nyc_dof_rolling_sales,nan,,,,1988,,,04 TAX CLASS 1 CONDOS,GREAT KILLS,"254 KATAN AVENUE, B",04 TAX CLASS 1 CONDOS
us-nyc,United States,New York,USD,360000.0,nan,2025-10-01,nyc_dof_rolling_sales,nan,,,,1984,,,04 TAX CLASS 1 CONDOS,GREAT KILLS,"4201 AMBOY RD, 2B",04 TAX CLASS 1 CONDOS
us-nyc,United States,New York,USD,460000.0,nan,2025-05-07,nyc_dof_rolling_sales,nan,,,,1984,,,04 TAX CLASS 1 CONDOS,GREAT KILLS,"4199 AMBOY ROAD, 8",04 TAX CLASS 1 CONDOS
us-nyc,United States,New York,USD,472000.0,nan,2025-09-25,nyc_dof_rolling_sales,nan,,,,1984,,,04 TAX CLASS 1 CONDOS,GREAT KILLS,"4199 AMBOY ROAD, 7",04 TAX CLASS 1 CONDOS
us-nyc,United States,New York,USD,359000.0,nan,2025-03-05,nyc_dof_rolling_sales,nan,,,,1984,,,04 TAX CLASS 1 CONDOS,GREAT KILLS,"4207 AMBOY ROAD, 8B",04 TAX CLASS 1 CONDOS
us-nyc,United States,New York,USD,460000.0,nan,2025-03-07,nyc_dof_rolling_sales,nan,,,,1989,,,04 TAX CLASS 1 CONDOS,GREAT KILLS,"6A ABINGDON AVENUE, 16A",04 TAX CLASS 1 CONDOS
us-nyc,United States,New York,USD,479888.0,nan,2025-05-12,nyc_dof_rolling_sales,nan,,,,1985,,,04 TAX CLASS 1 CONDOS,GREAT KILLS,"360 BARLOW AVENUE, B-5",04 TAX CLASS 1 CONDOS
us-nyc,United States,New York,USD,250000.0,nan,2025-09-25,nyc_dof_rolling_sales,nan,,,,1974,,,09 COOPS - WALKUP APARTMENTS,GREAT KILLS,"3745 AMBOY ROAD, 14B",09 COOPS - WALKUP APARTMENTS
us-nyc,United States,New York,USD,185000.0,nan,2025-08-12,nyc_dof_rolling_sales,nan,,,,1974,,,09 COOPS - WALKUP APARTMENTS,GREAT KILLS,"3747 AMBOY ROAD, 3B",09 COOPS - WALKUP APARTMENTS
us-nyc,United States,New York,USD,110000.0,nan,2025-10-09,nyc_dof_rolling_sales,nan,,,,1974,,,09 COOPS - WALKUP APARTMENTS,GREAT KILLS,"475 ARMSTRONG AVENUE, E-1",09 COOPS - WALKUP APARTMENTS
us-nyc,United States,New York,USD,229000.0,nan,2025-10-21,nyc_dof_rolling_sales,nan,,,,1974,,,09 COOPS - WALKUP APARTMENTS,GREAT KILLS,"475 ARMSTRONG AVENUE, G-3",09 COOPS - WALKUP APARTMENTS
us-nyc,United States,New York,USD,300000.0,nan,2025-04-10,nyc_dof_rolling_sales,nan,,,,1974,,,09 COOPS - WALKUP APARTMENTS,GREAT KILLS,"475 ARMSTRONG AVENUE, J-2",09 COOPS - WALKUP APARTMENTS
us-nyc,United States,New York,USD,370000.0,nan,2025-07-29,nyc_dof_rolling_sales,nan,,,,1972,,,12 CONDOS - WALKUP APARTMENTS,GREAT KILLS,"123 CORTELYOU AVENUE, 29",12 CONDOS - WALKUP APARTMENTS
us-nyc,United States,New York,USD,277000.0,nan,2025-06-26,nyc_dof_rolling_sales,nan,,,,1972,,,12 CONDOS - WALKUP APARTMENTS,GREAT KILLS,"123 CORTELYOU AVENUE, 2-4",12 CONDOS - WALKUP APARTMENTS
us-nyc,United States,New York,USD,302000.0,nan,2025-06-16,nyc_dof_rolling_sales,nan,,,,1972,,,12 CONDOS - WALKUP APARTMENTS,GREAT KILLS,"125 CORTELYOU AVE, 1-2",12 CONDOS - WALKUP APARTMENTS
us-nyc,United States,New York,USD,275000.0,nan,2025-10-30,nyc_dof_rolling_sales,nan,,,,1972,,,12 CONDOS - WALKUP APARTMENTS,GREAT KILLS,"131 CORTELYOU AVENUE, 1-1",12 CONDOS - WALKUP APARTMENTS
us-nyc,United States,New York,USD,350000.0,nan,2025-07-28,nyc_dof_rolling_sales,nan,,,,1972,,,12 CONDOS - WALKUP APARTMENTS,GREAT KILLS,"131 CORTELYOU AVENUE, 2-1",12 CONDOS - WALKUP APARTMENTS
us-nyc,United States,New York,USD,10.0,nan,2025-07-09,nyc_dof_rolling_sales,nan,,,,1972,,,12 CONDOS - WALKUP APARTMENTS,GREAT KILLS,"149 CORTELYOU AVENUE, B-1",12 CONDOS - WALKUP APARTMENTS
us-nyc,United States,New York,USD,272000.0,nan,2025-05-29,nyc_dof_rolling_sales,nan,,,,1972,,,12 CONDOS - WALKUP APARTMENTS,GREAT KILLS,"149 CORTELYOU AVENUE, B-1",12 CONDOS - WALKUP APARTMENTS
us-nyc,United States,New York,USD,325000.0,nan,2025-03-10,nyc_dof_rolling_sales,nan,,,,1972,,,12 CONDOS - WALKUP APARTMENTS,GREAT KILLS,"890 ARMSTRONG AVENUE, 1-1",12 CONDOS - WALKUP APARTMENTS
us-nyc,United States,New York,USD,117500.0,nan,2025-06-02,nyc_dof_rolling_sales,nan,,,,1972,,,12 CONDOS - WALKUP APARTMENTS,GREAT KILLS,"910 ARMSTRONG AVENUE, 1-1",12 CONDOS - WALKUP APARTMENTS
us-nyc,United States,New York,USD,305000.0,nan,2025-02-04,nyc_dof_rolling_sales,nan,,,,1972,,,12 CONDOS - WALKUP APARTMENTS,GREAT KILLS,"28 FENWAY CIRCLE, 1-3",12 CONDOS - WALKUP APARTMENTS
us-nyc,United States,New York,USD,231396.0,nan,2025-06-09,nyc_dof_rolling_sales,nan,,,,1972,,,12 CONDOS - WALKUP APARTMENTS,GREAT KILLS,"30 FENWAY CIRCLE, 2-1",12 CONDOS - WALKUP APARTMENTS
us-nyc,United States,New York,USD,285000.0,nan,2025-08-25,nyc_dof_rolling_sales,nan,,,,1972,,,12 CONDOS - WALKUP APARTMENTS,GREAT KILLS,"30 FENWAY CIRCLE, 2-1",12 CONDOS - WALKUP APARTMENTS
us-nyc,United States,New York,USD,505000.0,nan,2025-07-08,nyc_dof_rolling_sales,nan,,,,1979,,,13 CONDOS - ELEVATOR APARTMENTS,GREAT KILLS,"3465 AMBOY ROAD, 3D",13 CONDOS - ELEVATOR APARTMENTS
us-nyc,United States,New York,USD,525000.0,nan,2025-06-06,nyc_dof_rolling_sales,nan,,,,1979,,,13 CONDOS - ELEVATOR APARTMENTS,GREAT KILLS,"3461 AMBOY ROAD, 4B",13 CONDOS - ELEVATOR APARTMENTS
us-nyc,United States,New York,USD,530000.0,nan,2025-01-22,nyc_dof_rolling_sales,nan,,,,2010,,,13 CONDOS - ELEVATOR APARTMENTS,GREAT KILLS,"3871 AMBOY ROAD, 2C",13 CONDOS - ELEVATOR APARTMENTS
us-nyc,United States,New York,USD,700000.0,249.723264,2025-04-24,nyc_dof_rolling_sales,249.723264,,,,1965,,,22 STORE BUILDINGS,GREAT KILLS,3972 HYLAN BOULEVARD,22 STORE BUILDINGS
us-nyc,United States,New York,USD,700000.0,109.62554,2025-09-11,nyc_dof_rolling_sales,109.62554,,,,1931,,,22 STORE BUILDINGS,GREAT KILLS,307 NELSON AVENUE,22 STORE BUILDINGS
us-nyc,United States,New York,USD,415000.0,nan,2025-09-15,nyc_dof_rolling_sales,nan,,,,2010,,,46 CONDO STORE BUILDINGS,GREAT KILLS,"3871 AMBOY ROAD, COM",46 CONDO STORE BUILDINGS
us-nyc,United States,New York,USD,722000.0,131.550648,2025-03-27,nyc_dof_rolling_sales,131.550648,,,,1965,,,01 ONE FAMILY DWELLINGS,GREAT KILLS-BAY TERRACE,26 FAIRBANKS AVENUE,01 ONE FAMILY DWELLINGS
us-nyc,United States,New York,USD,630000.0,128.577752,2025-05-02,nyc_dof_rolling_sales,128.577752,,,,1965,,,01 ONE FAMILY DWELLINGS,GREAT KILLS-BAY TERRACE,134 MONTREAL AVENUE,01 ONE FAMILY DWELLINGS
us-nyc,United States,New York,USD,520000.0,109.253928,2025-04-17,nyc_dof_rolling_sales,109.253928,,,,1965,,,01 ONE FAMILY DWELLINGS,GREAT KILLS-BAY TERRACE,13 BUFFALO STREET,01 ONE FAMILY DWELLINGS
us-nyc,United States,New York,USD,730000.0,102.56491199999999,2025-08-15,nyc_dof_rolling_sales,102.56491199999999,,,,1955,,,01 ONE FAMILY DWELLINGS,GREAT KILLS-BAY TERRACE,2105 NORTH RAILROAD AVE,01 ONE FAMILY DWELLINGS
us-nyc,United States,New York,USD,10.0,185.806,2025-04-29,nyc_dof_rolling_sales,185.806,,,,1960,,,01 ONE FAMILY DWELLINGS,GREAT KILLS-BAY TERRACE,11 SPRATT AVENUE,01 ONE FAMILY DWELLINGS
us-nyc,United States,New York,USD,652500.0,105.90942,2025-08-26,nyc_dof_rolling_sales,105.90942,,,,1970,,,01 ONE FAMILY DWELLINGS,GREAT KILLS-BAY TERRACE,159 BUFFALO STREET,01 ONE FAMILY DWELLINGS
us-nyc,United States,New York,USD,650000.0,186.549224,2025-10-16,nyc_dof_rolling_sales,186.549224,,,,1970,,,01 ONE FAMILY DWELLINGS,GREAT KILLS-BAY TERRACE,115 SPRATT AVENUE,01 ONE FAMILY DWELLINGS
us-nyc,United States,New York,USD,1225000.0,158.771227,2025-10-17,nyc_dof_rolling_sales,158.771227,,,,1925,,,01 ONE FAMILY DWELLINGS,GREAT KILLS-BAY TERRACE,57 JUSTIN AVENUE,01 ONE FAMILY DWELLINGS
us-nyc,United States,New York,USD,912500.0,111.762309,2025-07-07,nyc_dof_rolling_sales,111.762309,,,,1925,,,01 ONE FAMILY DWELLINGS,GREAT KILLS-BAY TERRACE,142 TWOMBLY AVENUE,01 ONE FAMILY DWELLINGS
us-nyc,United States,New York,USD,783000.0,145.300292,2025-03-17,nyc_dof_rolling_sales,145.300292,,,,1965,,,01 ONE FAMILY DWELLINGS,GREAT KILLS-BAY TERRACE,80 JUSTIN AVENUE,01 ONE FAMILY DWELLINGS
us-nyc,United States,New York,USD,710000.0,145.300292,2025-10-15,nyc_dof_rolling_sales,145.300292,,,,1965,,,01 ONE FAMILY DWELLINGS,GREAT KILLS-BAY TERRACE,90 JUSTIN,01 ONE FAMILY DWELLINGS
us-nyc,United States,New York,USD,720000.0,145.300292,2025-06-10,nyc_dof_rolling_sales,145.300292,,,,1965,,,01 ONE FAMILY DWELLINGS,GREAT KILLS-BAY TERRACE,106 JUSTIN AVENUE,01 ONE FAMILY DWELLINGS
us-nyc,United States,New York,USD,577503.0,187.292448,2025-04-28,nyc_dof_rolling_sales,187.292448,,,,1970,,,01 ONE FAMILY DWELLINGS,GREAT KILLS-BAY TERRACE,159 DURANT AVENUE,01 ONE FAMILY DWELLINGS
us-nyc,United States,New York,USD,1160000.0,241.5478,2025-06-02,nyc_dof_rolling_sales,241.5478,,,,1997,,,01 ONE FAMILY DWELLINGS,GREAT KILLS-BAY TERRACE,128 JUSTIN AVENUE,01 ONE FAMILY DWELLINGS
us-nyc,United States,New York,USD,680000.0,109.253928,2025-04-17,nyc_dof_rolling_sales,109.253928,,,,1970,,,01 ONE FAMILY DWELLINGS,GREAT KILLS-BAY TERRACE,73 TAUNTON STREET,01 ONE FAMILY DWELLINGS
us-nyc,United States,New York,USD,600000.0,109.253928,2025-02-11,nyc_dof_rolling_sales,109.253928,,,,1967,,,01 ONE FAMILY DWELLINGS,GREAT KILLS-BAY TERRACE,63 REDGRAVE AVENUE,01 ONE FAMILY DWELLINGS
us-nyc,United States,New York,USD,700000.0,109.253928,2025-12-01,nyc_dof_rolling_sales,109.253928,,,,1975,,,01 ONE FAMILY DWELLINGS,GREAT KILLS-BAY TERRACE,57 REDGRAVE AVENUE,01 ONE FAMILY DWELLINGS
us-nyc,United States,New York,USD,720000.0,141.21256,2025-06-18,nyc_dof_rolling_sales,141.21256,,,,1975,,,01 ONE FAMILY DWELLINGS,GREAT KILLS-BAY TERRACE,17 BARTOW STREET,01 ONE FAMILY DWELLINGS
us-nyc,United States,New York,USD,725000.0,109.253928,2025-10-10,nyc_dof_rolling_sales,109.253928,,,,1975,,,01 ONE FAMILY DWELLINGS,GREAT KILLS-BAY TERRACE,82 BARTOW STREET,01 ONE FAMILY DWELLINGS
us-nyc,United States,New York,USD,674000.0,109.253928,2025-08-07,nyc_dof_rolling_sales,109.253928,,,,1975,,,01 ONE FAMILY DWELLINGS,GREAT KILLS-BAY TERRACE,61 CRANFORD STREET,01 ONE FAMILY DWELLINGS
us-nyc,United States,New York,USD,860000.0,132.293872,2025-07-21,nyc_dof_rolling_sales,132.293872,,,,2007,,,01 ONE FAMILY DWELLINGS,GREAT KILLS-BAY TERRACE,419 O'GORMAN AVENUE,01 ONE FAMILY DWELLINGS
us-nyc,United States,New York,USD,1150000.0,231.885888,2025-07-11,nyc_dof_rolling_sales,231.885888,,,,1960,,,01 ONE FAMILY DWELLINGS,GREAT KILLS-BAY TERRACE,441 O'GORMAN AVENUE,01 ONE FAMILY DWELLINGS
us-nyc,United States,New York,USD,780000.0,111.855212,2025-05-30,nyc_dof_rolling_sales,111.855212,,,,1960,,,01 ONE FAMILY DWELLINGS,GREAT KILLS-BAY TERRACE,55 FIELDWAY AVE,01 ONE FAMILY DWELLINGS
us-nyc,United States,New York,USD,720000.0,111.855212,2025-06-20,nyc_dof_rolling_sales,111.855212,,,,1960,,,01 ONE FAMILY DWELLINGS,GREAT KILLS-BAY TERRACE,51 FIELDWAY AVENUE,01 ONE FAMILY DWELLINGS
us-nyc,United States,New York,USD,800000.0,145.671904,2025-01-13,nyc_dof_rolling_sales,145.671904,,,,1975,,,01 ONE FAMILY DWELLINGS,GREAT KILLS-BAY TERRACE,462 O'GORMAN AVENUE,01 ONE FAMILY DWELLINGS
us-nyc,United States,New York,USD,810000.0,139.075791,2025-08-27,nyc_dof_rolling_sales,139.075791,,,,1995,,,01 ONE FAMILY DWELLINGS,GREAT KILLS-BAY TERRACE,458 OGORMAN AVENUE,01 ONE FAMILY DWELLINGS
us-nyc,United States,New York,USD,1168000.0,186.73503,2025-10-30,nyc_dof_rolling_sales,186.73503,,,,2004,,,01 ONE FAMILY DWELLINGS,GREAT KILLS-BAY TERRACE,7 TRENT STREET,01 ONE FAMILY DWELLINGS
us-nyc,United States,New York,USD,830000.0,144.92867999999999,2025-09-02,nyc_dof_rolling_sales,144.92867999999999,,,,1960,,,01 ONE FAMILY DWELLINGS,GREAT KILLS-BAY TERRACE,68 TRENT STREET,01 ONE FAMILY DWELLINGS
us-nyc,United States,New York,USD,780000.0,181.904074,2025-06-18,nyc_dof_rolling_sales,181.904074,,,,1965,,,02 TWO FAMILY DWELLINGS,GREAT KILLS-BAY TERRACE,108 MONTREAL AVENUE,02 TWO FAMILY DWELLINGS
us-nyc,United States,New York,USD,1038000.0,207.545302,2025-03-12,nyc_dof_rolling_sales,207.545302,,,,1965,,,02 TWO FAMILY DWELLINGS,GREAT KILLS-BAY TERRACE,112 MONTREAL AVENUE,02 TWO FAMILY DWELLINGS
us-nyc,United States,New York,USD,1300000.0,227.054932,2025-06-27,nyc_dof_rolling_sales,227.054932,,,,1965,,,02 TWO FAMILY DWELLINGS,GREAT KILLS-BAY TERRACE,61 KELVIN AVENUE,02 TWO FAMILY DWELLINGS
us-nyc,United States,New York,USD,900000.0,227.054932,2025-04-17,nyc_dof_rolling_sales,227.054932,,,,1960,,,02 TWO FAMILY DWELLINGS,GREAT KILLS-BAY TERRACE,84 KELVIN AVENUE,02 TWO FAMILY DWELLINGS
us-nyc,United States,New York,USD,800000.0,170.94152,2025-01-14,nyc_dof_rolling_sales,170.94152,,,,1960,,,02 TWO FAMILY DWELLINGS,GREAT KILLS-BAY TERRACE,2292 SOUTH RAILROAD AVE,02 TWO FAMILY DWELLINGS
us-nyc,United States,New York,USD,999000.0,216.278184,2025-11-24,nyc_dof_rolling_sales,216.278184,,,,1975,,,02 TWO FAMILY DWELLINGS,GREAT KILLS-BAY TERRACE,18 TAUNTON STREET,02 TWO FAMILY DWELLINGS
us-nyc,United States,New York,USD,960000.0,183.390522,2025-11-04,nyc_dof_rolling_sales,183.390522,,,,1965,,,02 TWO FAMILY DWELLINGS,GREAT KILLS-BAY TERRACE,63 AINSWORTH AVENUE,02 TWO FAMILY DWELLINGS
us-nyc,United States,New York,USD,202000.0,nan,2025-09-25,nyc_dof_rolling_sales,nan,,,,1977,,,09 COOPS - WALKUP APARTMENTS,GREAT KILLS-BAY TERRACE,"22 BAY TERRACE, 2E",09 COOPS - WALKUP APARTMENTS
us-nyc,United States,New York,USD,275000.0,nan,2025-01-28,nyc_dof_rolling_sales,nan,,,,1977,,,09 COOPS - WALKUP APARTMENTS,GREAT KILLS-BAY TERRACE,"28 BAY TERRACE, 1E",09 COOPS - WALKUP APARTMENTS
us-nyc,United States,New York,USD,250000.0,nan,2025-08-01,nyc_dof_rolling_sales,nan,,,,1977,,,09 COOPS - WALKUP APARTMENTS,GREAT KILLS-BAY TERRACE,"34 BAY TERRACE, 1G",09 COOPS - WALKUP APARTMENTS
us-nyc,United States,New York,USD,205000.0,nan,2025-07-16,nyc_dof_rolling_sales,nan,,,,1977,,,09 COOPS - WALKUP APARTMENTS,GREAT KILLS-BAY TERRACE,"34 BAY TERRACE, 1H",09 COOPS - WALKUP APARTMENTS
us-nyc,United States,New York,USD,230000.0,nan,2025-02-05,nyc_dof_rolling_sales,nan,,,,1977,,,09 COOPS - WALKUP APARTMENTS,GREAT KILLS-BAY TERRACE,"34 BAY TERRACE, F",09 COOPS - WALKUP APARTMENTS
us-nyc,United States,New York,USD,1049000.0,277.965776,2025-09-10,nyc_dof_rolling_sales,277.965776,,,,1960,,,01 ONE FAMILY DWELLINGS,GRYMES HILL,154 HOWARD AVENUE,01 ONE FAMILY DWELLINGS
us-nyc,United States,New York,USD,1548000.0,265.516774,2025-08-19,nyc_dof_rolling_sales,265.516774,,,,1975,,,01 ONE FAMILY DWELLINGS,GRYMES HILL,26 ADA PLACE,01 ONE FAMILY DWELLINGS
us-nyc,United States,New York,USD,900000.0,146.78674,2025-07-01,nyc_dof_rolling_sales,146.78674,,,,1920,,,01 ONE FAMILY DWELLINGS,GRYMES HILL,72 THERESA PLACE,01 ONE FAMILY DWELLINGS
us-nyc,United States,New York,USD,795000.0,541.717393,2025-03-18,nyc_dof_rolling_sales,541.717393,,,,2006,,,01 ONE FAMILY DWELLINGS,GRYMES HILL,150 BERTHA PLACE,01 ONE FAMILY DWELLINGS
us-nyc,United States,New York,USD,650000.0,86.957208,2025-02-12,nyc_dof_rolling_sales,86.957208,,,,1920,,,01 ONE FAMILY DWELLINGS,GRYMES HILL,832 VAN DUZER STREET,01 ONE FAMILY DWELLINGS
us-nyc,United States,New York,USD,1575000.0,274.621268,2025-04-29,nyc_dof_rolling_sales,274.621268,,,,1930,,,01 ONE FAMILY DWELLINGS,GRYMES HILL,363 HOWARD AVENUE,01 ONE FAMILY DWELLINGS
us-nyc,United States,New York,USD,912000.0,831.48185,2025-03-20,nyc_dof_rolling_sales,831.48185,,,,1988,,,01 ONE FAMILY DWELLINGS,GRYMES HILL,58 CEDARCLIFF ROAD,01 ONE FAMILY DWELLINGS
us-nyc,United States,New York,USD,1400000.0,93.646224,2025-02-21,nyc_dof_rolling_sales,93.646224,,,,1979,,,01 ONE FAMILY DWELLINGS,GRYMES HILL,25 CLAIRE COURT,01 ONE FAMILY DWELLINGS
us-nyc,United States,New York,USD,610000.0,132.386775,2025-03-05,nyc_dof_rolling_sales,132.386775,,,,1991,,,01 ONE FAMILY DWELLINGS,GRYMES HILL,184 HILLSIDE AVENUE,01 ONE FAMILY DWELLINGS
us-nyc,United States,New York,USD,615000.0,107.024256,2025-11-14,nyc_dof_rolling_sales,107.024256,,,,1915,,,01 ONE FAMILY DWELLINGS,GRYMES HILL,74 PLEASANT VALLEY AVE,01 ONE FAMILY DWELLINGS
us-nyc,United States,New York,USD,10.0,102.1933,2025-09-11,nyc_dof_rolling_sales,102.1933,,,,1930,,,01 ONE FAMILY DWELLINGS,GRYMES HILL,66 PLEASANT VALLEY AVENUE,01 ONE FAMILY DWELLINGS
us-nyc,United States,New York,USD,550000.0,125.976468,2025-02-27,nyc_dof_rolling_sales,125.976468,,,,1915,,,01 ONE FAMILY DWELLINGS,GRYMES HILL,26 PLEASANT VALLEY AVE,01 ONE FAMILY DWELLINGS
us-nyc,United States,New York,USD,760000.0,100.33524,2025-03-03,nyc_dof_rolling_sales,100.33524,,,,1950,,,01 ONE FAMILY DWELLINGS,GRYMES HILL,61 LONGVIEW ROAD,01 ONE FAMILY DWELLINGS
us-nyc,United States,New York,USD,700000.0,81.290125,2025-04-16,nyc_dof_rolling_sales,81.290125,,,,1950,,,01 ONE FAMILY DWELLINGS,GRYMES HILL,170 CAMPUS ROAD,01 ONE FAMILY DWELLINGS
us-nyc,United States,New York,USD,750000.0,92.903,2025-01-07,nyc_dof_rolling_sales,92.903,,,,1950,,,01 ONE FAMILY DWELLINGS,GRYMES HILL,113 LONGVIEW ROAD,01 ONE FAMILY DWELLINGS
us-nyc,United States,New York,USD,1500000.0,208.474332,2025-06-18,nyc_dof_rolling_sales,208.474332,,,,1940,,,01 ONE FAMILY DWELLINGS,GRYMES HILL,9 INWOOD ROAD,01 ONE FAMILY DWELLINGS
us-nyc,United States,New York,USD,1275000.0,134.70935,2025-02-04,nyc_dof_rolling_sales,134.70935,,,,1950,,,01 ONE FAMILY DWELLINGS,GRYMES HILL,194 LONGVIEW ROAD,01 ONE FAMILY DWELLINGS
us-nyc,United States,New York,USD,648000.0,186.73503,2025-06-06,nyc_dof_rolling_sales,186.73503,,,,2002,,,02 TWO FAMILY DWELLINGS,GRYMES HILL,21 MAXIE COURT,02 TWO FAMILY DWELLINGS
us-nyc,United States,New York,USD,625000.0,211.81884,2025-07-15,nyc_dof_rolling_sales,211.81884,,,,2004,,,02 TWO FAMILY DWELLINGS,GRYMES HILL,17 TESSA COURT,02 TWO FAMILY DWELLINGS
us-nyc,United States,New York,USD,750000.0,177.258924,2025-10-14,nyc_dof_rolling_sales,177.258924,,,,1930,,,02 TWO FAMILY DWELLINGS,GRYMES HILL,42 PLEASANT VALLEY AVE,02 TWO FAMILY DWELLINGS
us-nyc,United States,New York,USD,997885.0,234.580075,2025-07-18,nyc_dof_rolling_sales,234.580075,,,,2024,,,02 TWO FAMILY DWELLINGS,GRYMES HILL,79 WANDEL AVENUE,02 TWO FAMILY DWELLINGS
us-nyc,United States,New York,USD,1151299.0,234.580075,2025-07-21,nyc_dof_rolling_sales,234.580075,,,,2024,,,02 TWO FAMILY DWELLINGS,GRYMES HILL,83 WANDEL AVENUE,02 TWO FAMILY DWELLINGS
us-nyc,United States,New York,USD,750000.0,164.252504,2025-09-18,nyc_dof_rolling_sales,164.252504,,,,2019,,,02 TWO FAMILY DWELLINGS,GRYMES HILL,32 WANDEL AVENUE,02 TWO FAMILY DWELLINGS
us-nyc,United States,New York,USD,460000.0,118.172616,2025-09-04,nyc_dof_rolling_sales,118.172616,,,,1925,,,02 TWO FAMILY DWELLINGS,GRYMES HILL,1032 VAN DUZER ST,02 TWO FAMILY DWELLINGS
us-nyc,United States,New York,USD,967500.0,218.507856,2025-09-05,nyc_dof_rolling_sales,218.507856,,,,1970,,,02 TWO FAMILY DWELLINGS,GRYMES HILL,16 HOLSMAN ROAD,02 TWO FAMILY DWELLINGS
us-nyc,United States,New York,USD,215000.0,nan,2025-10-28,nyc_dof_rolling_sales,nan,,,,1951,,,09 COOPS - WALKUP APARTMENTS,GRYMES HILL,"159 ARLO ROAD, A",09 COOPS - WALKUP APARTMENTS
us-nyc,United States,New York,USD,249000.0,nan,2025-04-14,nyc_dof_rolling_sales,nan,,,,1951,,,09 COOPS - WALKUP APARTMENTS,GRYMES HILL,"171 ARLO RD, A",09 COOPS - WALKUP APARTMENTS
us-nyc,United States,New York,USD,210000.0,nan,2025-08-19,nyc_dof_rolling_sales,nan,,,,1951,,,09 COOPS - WALKUP APARTMENTS,GRYMES HILL,"10 SETH COURT, B",09 COOPS - WALKUP APARTMENTS
us-nyc,United States,New York,USD,215000.0,nan,2025-06-11,nyc_dof_rolling_sales,nan,,,,1951,,,09 COOPS - WALKUP APARTMENTS,GRYMES HILL,"162 ARLO RD, A",09 COOPS - WALKUP APARTMENTS
us-nyc,United States,New York,USD,206000.0,nan,2025-11-21,nyc_dof_rolling_sales,nan,,,,1951,,,09 COOPS - WALKUP APARTMENTS,GRYMES HILL,"176A ARLO ROAD, 176A",09 COOPS - WALKUP APARTMENTS
us-nyc,United States,New York,USD,225000.0,nan,2025-04-29,nyc_dof_rolling_sales,nan,,,,1951,,,09 COOPS - WALKUP APARTMENTS,GRYMES HILL,"18 SETH COURT, A",09 COOPS - WALKUP APARTMENTS
us-nyc,United States,New York,USD,145000.0,nan,2025-09-25,nyc_dof_rolling_sales,nan,,,,1951,,,09 COOPS - WALKUP APARTMENTS,GRYMES HILL,"34 SETH COURT, B",09 COOPS - WALKUP APARTMENTS
us-nyc,United States,New York,USD,285000.0,nan,2025-11-18,nyc_dof_rolling_sales,nan,,,,1951,,,09 COOPS - WALKUP APARTMENTS,GRYMES HILL,"562 HOWARD AVE, A",09 COOPS - WALKUP APARTMENTS
us-nyc,United States,New York,USD,305000.0,nan,2025-06-06,nyc_dof_rolling_sales,nan,,,,1987,,,13 CONDOS - ELEVATOR APARTMENTS,GRYMES HILL,"755 NARROWS ROAD NORTH, 401",13 CONDOS - ELEVATOR APARTMENTS
us-nyc,United States,New York,USD,320000.0,nan,2025-05-28,nyc_dof_rolling_sales,nan,,,,1987,,,13 CONDOS - ELEVATOR APARTMENTS,GRYMES HILL,"755 NARROWS ROAD NORTH, 609A",13 CONDOS - ELEVATOR APARTMENTS
us-nyc,United States,New York,USD,250000.0,nan,2025-03-11,nyc_dof_rolling_sales,nan,,,,1987,,,13 CONDOS - ELEVATOR APARTMENTS,GRYMES HILL,"755 NARROWS ROAD NORTH, 912",13 CONDOS - ELEVATOR APARTMENTS
us-nyc,United States,New York,USD,415000.0,nan,2025-08-06,nyc_dof_rolling_sales,nan,,,,1987,,,13 CONDOS - ELEVATOR APARTMENTS,GRYMES HILL,"755 NARROWS ROAD NORTH, 1001A",13 CONDOS - ELEVATOR APARTMENTS
us-nyc,United States,New York,USD,805000.0,133.78032,2025-10-10,nyc_dof_rolling_sales,133.78032,,,,1979,,,01 ONE FAMILY DWELLINGS,HUGUENOT,537 IONIA AVENUE,01 ONE FAMILY DWELLINGS
us-nyc,United States,New York,USD,991000.0,219.343983,2025-06-26,nyc_dof_rolling_sales,219.343983,,,,1980,,,01 ONE FAMILY DWELLINGS,HUGUENOT,531 RENSSELAER AVENUE,01 ONE FAMILY DWELLINGS
us-nyc,United States,New York,USD,950000.0,230.39944,2025-11-03,nyc_dof_rolling_sales,230.39944,,,,1960,,,01 ONE FAMILY DWELLINGS,HUGUENOT,224 ALBEE AVENUE,01 ONE FAMILY DWELLINGS
us-nyc,United States,New York,USD,985000.0,159.79316,2025-08-15,nyc_dof_rolling_sales,159.79316,,,,2002,,,01 ONE FAMILY DWELLINGS,HUGUENOT,44 COMFORT COURT,01 ONE FAMILY DWELLINGS
us-nyc,United States,New York,USD,700000.0,183.483425,2025-01-17,nyc_dof_rolling_sales,183.483425,,,,1970,,,01 ONE FAMILY DWELLINGS,HUGUENOT,604 LAMONT AVENUE,01 ONE FAMILY DWELLINGS
us-nyc,United States,New York,USD,880000.0,183.483425,2025-04-08,nyc_dof_rolling_sales,183.483425,,,,1970,,,01 ONE FAMILY DWELLINGS,HUGUENOT,607 IONIA AVENUE,01 ONE FAMILY DWELLINGS
us-nyc,United States,New York,USD,910000.0,173.264095,2025-09-03,nyc_dof_rolling_sales,173.264095,,,,1975,,,01 ONE FAMILY DWELLINGS,HUGUENOT,577 RATHBUN AVENUE,01 ONE FAMILY DWELLINGS
us-nyc,United States,New York,USD,890000.0,186.177612,2025-08-28,nyc_dof_rolling_sales,186.177612,,,,1975,,,01 ONE FAMILY DWELLINGS,HUGUENOT,576 SHELDON AVENUE,01 ONE FAMILY DWELLINGS
us-nyc,United States,New York,USD,10.0,227.61235,2025-09-18,nyc_dof_rolling_sales,227.61235,,,,1975,,,01 ONE FAMILY DWELLINGS,HUGUENOT,645 RENSSELAER AVENUE,01 ONE FAMILY DWELLINGS
us-nyc,United States,New York,USD,860000.0,187.199545,2025-03-12,nyc_dof_rolling_sales,187.199545,,,,1970,,,01 ONE FAMILY DWELLINGS,HUGUENOT,620 SINCLAIR AVENUE,01 ONE FAMILY DWELLINGS
us-nyc,United States,New York,USD,10.0,254.92583199999999,2025-02-18,nyc_dof_rolling_sales,254.92583199999999,,,,1975,,,01 ONE FAMILY DWELLINGS,HUGUENOT,30 NIPPON AVENUE,01 ONE FAMILY DWELLINGS
us-nyc,United States,New York,USD,800000.0,185.991806,2025-05-02,nyc_dof_rolling_sales,185.991806,,,,1975,,,01 ONE FAMILY DWELLINGS,HUGUENOT,541 VINELAND AVENUE,01 ONE FAMILY DWELLINGS
us-nyc,United States,New York,USD,830000.0,151.060278,2025-01-08,nyc_dof_rolling_sales,151.060278,,,,1986,,,01 ONE FAMILY DWELLINGS,HUGUENOT,15 EUGENE PLACE,01 ONE FAMILY DWELLINGS
us-nyc,United States,New York,USD,938000.0,109.811346,2025-01-22,nyc_dof_rolling_sales,109.811346,,,,1955,,,01 ONE FAMILY DWELLINGS,HUGUENOT,23 KINGDOM AVENUE,01 ONE FAMILY DWELLINGS
us-nyc,United States,New York,USD,1035000.0,204.3866,2025-11-25,nyc_dof_rolling_sales,204.3866,,,,2000,,,01 ONE FAMILY DWELLINGS,HUGUENOT,1095 HUGUENOT AVENUE,01 ONE FAMILY DWELLINGS
us-nyc,United States,New York,USD,999999.0,198.533711,2025-11-05,nyc_dof_rolling_sales,198.533711,,,,1930,,,01 ONE FAMILY DWELLINGS,HUGUENOT,158 KINGDOM AVENUE,01 ONE FAMILY DWELLINGS
us-nyc,United States,New York,USD,10.0,292.64445,2025-04-23,nyc_dof_rolling_sales,292.64445,,,,1988,,,01 ONE FAMILY DWELLINGS,HUGUENOT,30 TUCKAHOE AVENUE,01 ONE FAMILY DWELLINGS
us-nyc,United States,New York,USD,1748888.0,241.5478,2025-07-31,nyc_dof_rolling_sales,241.5478,,,,1999,,,01 ONE FAMILY DWELLINGS,HUGUENOT,181 ANDROVETTE AVENUE,01 ONE FAMILY DWELLINGS
us-nyc,United States,New York,USD,625000.0,104.05136,2025-11-18,nyc_dof_rolling_sales,104.05136,,,,1950,,,01 ONE FAMILY DWELLINGS,HUGUENOT,190 PRALL AVENUE,01 ONE FAMILY DWELLINGS
us-nyc,United States,New York,USD,955000.0,144.835777,2025-03-13,nyc_dof_rolling_sales,144.835777,,,,1950,,,01 ONE FAMILY DWELLINGS,HUGUENOT,1150 HUGUENOT AVENUE,01 ONE FAMILY DWELLINGS
us-nyc,United States,New York,USD,637500.0,350.05850399999997,2025-02-03,nyc_dof_rolling_sales,350.05850399999997,,,,1955,,,01 ONE FAMILY DWELLINGS,HUGUENOT,1076 HUGUENOT AVENUE,01 ONE FAMILY DWELLINGS
us-nyc,United States,New York,USD,1630000.0,334.4508,2025-05-28,nyc_dof_rolling_sales,334.4508,,,,1997,,,01 ONE FAMILY DWELLINGS,HUGUENOT,134 PRALL AVENUE,01 ONE FAMILY DWELLINGS
us-nyc,United States,New York,USD,650000.0,193.981464,2025-10-16,nyc_dof_rolling_sales,193.981464,,,,1970,,,01 ONE FAMILY DWELLINGS,HUGUENOT,45 WEST TERRACE,01 ONE FAMILY DWELLINGS
us-nyc,United States,New York,USD,1105000.0,92.903,2025-11-07,nyc_dof_rolling_sales,92.903,,,,1955,,,01 ONE FAMILY DWELLINGS,HUGUENOT,19 ALBOURNE AVENUE EAST,01 ONE FAMILY DWELLINGS
us-nyc,United States,New York,USD,850000.0,178.931178,2025-11-04,nyc_dof_rolling_sales,178.931178,,,,1970,,,01 ONE FAMILY DWELLINGS,HUGUENOT,37 ASHLAND AVENUE EAST,01 ONE FAMILY DWELLINGS
us-nyc,United States,New York,USD,755000.0,182.08988,2025-11-25,nyc_dof_rolling_sales,182.08988,,,,1965,,,01 ONE FAMILY DWELLINGS,HUGUENOT,348 DARLINGTON AVENUE,01 ONE FAMILY DWELLINGS
us-nyc,United States,New York,USD,830000.0,180.789238,2025-08-08,nyc_dof_rolling_sales,180.789238,,,,1955,,,01 ONE FAMILY DWELLINGS,HUGUENOT,761 EDGEGROVE AVENUE,01 ONE FAMILY DWELLINGS
us-nyc,United States,New York,USD,1552831.0,281.960605,2025-01-31,nyc_dof_rolling_sales,281.960605,,,,2023,,,01 ONE FAMILY DWELLINGS,HUGUENOT,782 IONIA AVENUE,01 ONE FAMILY DWELLINGS
us-nyc,United States,New York,USD,1400000.0,278.709,2025-08-21,nyc_dof_rolling_sales,278.709,,,,1993,,,01 ONE FAMILY DWELLINGS,HUGUENOT,723 IONIA AVENUE,01 ONE FAMILY DWELLINGS
us-nyc,United States,New York,USD,810000.0,193.888561,2025-11-03,nyc_dof_rolling_sales,193.888561,,,,1976,,,01 ONE FAMILY DWELLINGS,HUGUENOT,400 RAMONA AVENUE,01 ONE FAMILY DWELLINGS
us-nyc,United States,New York,USD,1430000.0,272.391596,2025-06-24,nyc_dof_rolling_sales,272.391596,,,,2024,,,01 ONE FAMILY DWELLINGS,HUGUENOT,N/A MARCY AVENUE,01 ONE FAMILY DWELLINGS
us-nyc,United States,New York,USD,10.0,189.707926,2025-10-16,nyc_dof_rolling_sales,189.707926,,,,1970,,,01 ONE FAMILY DWELLINGS,HUGUENOT,753 RENSSELAER AVENUE,01 ONE FAMILY DWELLINGS
us-nyc,United States,New York,USD,10.0,222.9672,2025-07-08,nyc_dof_rolling_sales,222.9672,,,,1970,,,01 ONE FAMILY DWELLINGS,HUGUENOT,662 RATHBUN AVENUE,01 ONE FAMILY DWELLINGS
us-nyc,United States,New York,USD,895000.0,202.52854,2025-08-15,nyc_dof_rolling_sales,202.52854,,,,1970,,,01 ONE FAMILY DWELLINGS,HUGUENOT,651 RATHBUN AVENUE,01 ONE FAMILY DWELLINGS
us-nyc,United States,New York,USD,850000.0,208.288526,2025-04-11,nyc_dof_rolling_sales,208.288526,,,,1975,,,01 ONE FAMILY DWELLINGS,HUGUENOT,26 DESERRE AVENUE,01 ONE FAMILY DWELLINGS
us-nyc,United States,New York,USD,685000.0,247.12198,2025-02-19,nyc_dof_rolling_sales,247.12198,,,,1970,,,01 ONE FAMILY DWELLINGS,HUGUENOT,33 DESERRE AVE,01 ONE FAMILY DWELLINGS
us-nyc,United States,New York,USD,660000.0,174.65764,2025-03-19,nyc_dof_rolling_sales,174.65764,,,,1970,,,01 ONE FAMILY DWELLINGS,HUGUENOT,547 POWELL STREET,01 ONE FAMILY DWELLINGS
us-nyc,United States,New York,USD,875000.0,174.65764,2025-11-05,nyc_dof_rolling_sales,174.65764,,,,1970,,,01 ONE FAMILY DWELLINGS,HUGUENOT,547 POWELL STREET,01 ONE FAMILY DWELLINGS
us-nyc,United States,New York,USD,848000.0,148.273188,2025-06-02,nyc_dof_rolling_sales,148.273188,,,,1965,,,01 ONE FAMILY DWELLINGS,HUGUENOT,480 HUGUENOT AVENUE,01 ONE FAMILY DWELLINGS
us-nyc,United States,New York,USD,790000.0,233.000724,2025-03-17,nyc_dof_rolling_sales,233.000724,,,,1965,,,01 ONE FAMILY DWELLINGS,HUGUENOT,492 HUGUENOT AVENUE,01 ONE FAMILY DWELLINGS
us-nyc,United States,New York,USD,720000.0,169.08346,2025-03-10,nyc_dof_rolling_sales,169.08346,,,,1965,,,01 ONE FAMILY DWELLINGS,HUGUENOT,653 SHELDON AVENUE,01 ONE FAMILY DWELLINGS
us-nyc,United States,New York,USD,1060000.0,57.971472,2025-04-03,nyc_dof_rolling_sales,57.971472,,,,1940,,,01 ONE FAMILY DWELLINGS,HUGUENOT,433 VERNON AVENUE,01 ONE FAMILY DWELLINGS
us-nyc,United States,New York,USD,1825000.0,333.335964,2025-06-10,nyc_dof_rolling_sales,333.335964,,,,2014,,,01 ONE FAMILY DWELLINGS,HUGUENOT,434 DARLINGTON AVENUE,01 ONE FAMILY DWELLINGS
us-nyc,United States,New York,USD,850000.0,125.604856,2025-03-27,nyc_dof_rolling_sales,125.604856,,,,1955,,,01 ONE FAMILY DWELLINGS,HUGUENOT,1752 CARLTON AVENUE,01 ONE FAMILY DWELLINGS
us-nyc,United States,New York,USD,1235000.0,273.599335,2025-11-17,nyc_dof_rolling_sales,273.599335,,,,2004,,,01 ONE FAMILY DWELLINGS,HUGUENOT,455 DARLINGTON AVENUE,01 ONE FAMILY DWELLINGS
us-nyc,United States,New York,USD,745000.0,86.957208,2025-11-18,nyc_dof_rolling_sales,86.957208,,,,1960,,,01 ONE FAMILY DWELLINGS,HUGUENOT,814 LAMONT AVENUE,01 ONE FAMILY DWELLINGS
us-nyc,United States,New York,USD,685000.0,137.49644,2025-04-22,nyc_dof_rolling_sales,137.49644,,,,1983,,,01 ONE FAMILY DWELLINGS,HUGUENOT,825 RENSSELAER AVENUE,01 ONE FAMILY DWELLINGS
us-nyc,United States,New York,USD,730000.0,104.05136,2025-08-28,nyc_dof_rolling_sales,104.05136,,,,1983,,,01 ONE FAMILY DWELLINGS,HUGUENOT,818 SINCLAIR AVENUE,01 ONE FAMILY DWELLINGS
us-nyc,United States,New York,USD,700000.0,144.371262,2025-12-16,nyc_dof_rolling_sales,144.371262,,,,1983,,,01 ONE FAMILY DWELLINGS,HUGUENOT,816 SINCLAIR AVENUE,01 ONE FAMILY DWELLINGS
us-nyc,United States,New York,USD,835000.0,179.674402,2025-08-19,nyc_dof_rolling_sales,179.674402,,,,1973,,,01 ONE FAMILY DWELLINGS,HUGUENOT,731 STAFFORD AVENUE,01 ONE FAMILY DWELLINGS
us-nyc,United States,New York,USD,1220000.0,265.70258,2025-07-02,nyc_dof_rolling_sales,265.70258,,,,1990,,,02 TWO FAMILY DWELLINGS,HUGUENOT,514 ALVERSON AVENUE,02 TWO FAMILY DWELLINGS
us-nyc,United States,New York,USD,1165000.0,207.545302,2025-10-30,nyc_dof_rolling_sales,207.545302,,,,1975,,,02 TWO FAMILY DWELLINGS,HUGUENOT,185 RAMONA AVENUE,02 TWO FAMILY DWELLINGS
us-nyc,United States,New York,USD,1705000.0,390.19259999999997,2025-10-27,nyc_dof_rolling_sales,390.19259999999997,,,,1997,,,02 TWO FAMILY DWELLINGS,HUGUENOT,199 DOWNES AVENUE,02 TWO FAMILY DWELLINGS
us-nyc,United States,New York,USD,1120000.0,238.574904,2025-09-23,nyc_dof_rolling_sales,238.574904,,,,1970,,,02 TWO FAMILY DWELLINGS,HUGUENOT,595 SHELDON AVENUE,02 TWO FAMILY DWELLINGS
us-nyc,United States,New York,USD,1354273.0,252.324548,2025-09-02,nyc_dof_rolling_sales,252.324548,,,,2024,,,02 TWO FAMILY DWELLINGS,HUGUENOT,51 KINGDOM AVENUE,02 TWO FAMILY DWELLINGS
us-nyc,United States,New York,USD,1221900.0,222.9672,2025-10-29,nyc_dof_rolling_sales,222.9672,,,,2024,,,02 TWO FAMILY DWELLINGS,HUGUENOT,N/A STECHER STREET,02 TWO FAMILY DWELLINGS
us-nyc,United States,New York,USD,1335000.0,187.38535099999999,2025-04-04,nyc_dof_rolling_sales,187.38535099999999,,,,2023,,,02 TWO FAMILY DWELLINGS,HUGUENOT,31 WEST TERRACE,02 TWO FAMILY DWELLINGS
us-nyc,United States,New York,USD,1090000.0,232.2575,2025-07-31,nyc_dof_rolling_sales,232.2575,,,,1998,,,02 TWO FAMILY DWELLINGS,HUGUENOT,1260 DRUMGOOLE ROAD EAST,02 TWO FAMILY DWELLINGS
us-nyc,United States,New York,USD,1250000.0,289.299942,2025-07-15,nyc_dof_rolling_sales,289.299942,,,,2004,,,02 TWO FAMILY DWELLINGS,HUGUENOT,30 CARLTON COURT,02 TWO FAMILY DWELLINGS
us-nyc,United States,New York,USD,1308451.0,229.377507,2025-05-16,nyc_dof_rolling_sales,229.377507,,,,2024,,,02 TWO FAMILY DWELLINGS,HUGUENOT,N/A DARLINGTON AVENUE,02 TWO FAMILY DWELLINGS
us-nyc,United States,New York,USD,900000.0,239.318128,2025-10-23,nyc_dof_rolling_sales,239.318128,,,,1965,,,02 TWO FAMILY DWELLINGS,HUGUENOT,1594 DRUMGOOLE ROAD WEST,02 TWO FAMILY DWELLINGS
us-nyc,United States,New York,USD,10.0,386.47648,2025-03-05,nyc_dof_rolling_sales,386.47648,,,,1992,,,02 TWO FAMILY DWELLINGS,HUGUENOT,347 DARLINGTON AVENUE,02 TWO FAMILY DWELLINGS
us-nyc,United States,New York,USD,1015051.0,207.17369,2025-06-18,nyc_dof_rolling_sales,207.17369,,,,2011,,,02 TWO FAMILY DWELLINGS,HUGUENOT,821 EDGEGROVE AVENUE,02 TWO FAMILY DWELLINGS
us-nyc,United States,New York,USD,990000.0,267.56064,2025-01-21,nyc_dof_rolling_sales,267.56064,,,,2012,,,02 TWO FAMILY DWELLINGS,HUGUENOT,316 RAMONA AVE,02 TWO FAMILY DWELLINGS
us-nyc,United States,New York,USD,1.0,241.5478,2025-06-12,nyc_dof_rolling_sales,241.5478,,,,1970,,,02 TWO FAMILY DWELLINGS,HUGUENOT,49 DESERRE AVE,02 TWO FAMILY DWELLINGS
us-nyc,United States,New York,USD,1280000.0,243.591666,2025-10-03,nyc_dof_rolling_sales,243.591666,,,,1965,,,02 TWO FAMILY DWELLINGS,HUGUENOT,516 POWELL STREET,02 TWO FAMILY DWELLINGS
us-nyc,United States,New York,USD,1000.0,147.901576,2025-02-21,nyc_dof_rolling_sales,147.901576,,,,2004,,,02 TWO FAMILY DWELLINGS,HUGUENOT,476 DARLINGTON AVENUE,02 TWO FAMILY DWELLINGS
us-nyc,United States,New York,USD,1629200.0,301.00572,2025-07-03,nyc_dof_rolling_sales,301.00572,,,,2024,,,02 TWO FAMILY DWELLINGS,HUGUENOT,N/A IONIA AVENUE,02 TWO FAMILY DWELLINGS
us-nyc,United States,New York,USD,1100000.0,242.291024,2025-08-21,nyc_dof_rolling_sales,242.291024,,,,1983,,,02 TWO FAMILY DWELLINGS,HUGUENOT,479 RAMONA AVENUE,02 TWO FAMILY DWELLINGS
us-nyc,United States,New York,USD,999999.0,269.4187,2025-02-28,nyc_dof_rolling_sales,269.4187,,,,1983,,,02 TWO FAMILY DWELLINGS,HUGUENOT,822 RATHBUN AVENUE,02 TWO FAMILY DWELLINGS
us-nyc,United States,New York,USD,587500.0,325.067597,2025-06-30,nyc_dof_rolling_sales,325.067597,,,,1983,,,02 TWO FAMILY DWELLINGS,HUGUENOT,515 RAMONA AVENUE,02 TWO FAMILY DWELLINGS
us-nyc,United States,New York,USD,10.0,236.252329,2025-01-21,nyc_dof_rolling_sales,236.252329,,,,1983,,,02 TWO FAMILY DWELLINGS,HUGUENOT,886 RENSSELAER AVENUE,02 TWO FAMILY DWELLINGS
us-nyc,United States,New York,USD,980000.0,266.074192,2025-02-06,nyc_dof_rolling_sales,266.074192,,,,1975,,,02 TWO FAMILY DWELLINGS,HUGUENOT,878 SHELDON AVENUE,02 TWO FAMILY DWELLINGS
us-nyc,United States,New York,USD,10.0,206.987884,2025-07-17,nyc_dof_rolling_sales,206.987884,,,,1960,,,02 TWO FAMILY DWELLINGS,HUGUENOT,896 SINCLAIR AVENUE,02 TWO FAMILY DWELLINGS
us-nyc,United States,New York,USD,985000.0,260.1284,2025-02-27,nyc_dof_rolling_sales,260.1284,,,,1985,,,02 TWO FAMILY DWELLINGS,HUGUENOT,764 STAFFORD AVENUE,02 TWO FAMILY DWELLINGS
us-nyc,United States,New York,USD,637000.0,254.182608,2025-11-26,nyc_dof_rolling_sales,254.182608,,,,1984,,,02 TWO FAMILY DWELLINGS,HUGUENOT,780 STAFFORD AVENUE,02 TWO FAMILY DWELLINGS
us-nyc,United States,New York,USD,520000.0,254.182608,2025-03-31,nyc_dof_rolling_sales,254.182608,,,,1984,,,02 TWO FAMILY DWELLINGS,HUGUENOT,839 SINCLAIR AVENUE,02 TWO FAMILY DWELLINGS
us-nyc,United States,New York,USD,1275000.0,325.532112,2025-10-06,nyc_dof_rolling_sales,325.532112,,,,1970,,,02 TWO FAMILY DWELLINGS,HUGUENOT,593 FOSTER ROAD,02 TWO FAMILY DWELLINGS
us-nyc,United States,New York,USD,37605875.0,13231.152356999999,2025-05-22,nyc_dof_rolling_sales,13231.152356999999,,,,1995,,,22 STORE BUILDINGS,LA TOURETTE PARK,2975 RICHMOND AVENUE,22 STORE BUILDINGS
us-nyc,United States,New York,USD,2000.0,134.70935,2025-05-30,nyc_dof_rolling_sales,134.70935,,,,1901,,,01 ONE FAMILY DWELLINGS,LIVINGSTON,12 CLINTON AVE,01 ONE FAMILY DWELLINGS
us-nyc,United States,New York,USD,660000.0,114.27069,2025-10-08,nyc_dof_rolling_sales,114.27069,,,,1999,,,01 ONE FAMILY DWELLINGS,LIVINGSTON,109 TYSEN STREET,01 ONE FAMILY DWELLINGS
us-nyc,United States,New York,USD,400000.0,143.535135,2025-05-30,nyc_dof_rolling_sales,143.535135,,,,1910,,,01 ONE FAMILY DWELLINGS,LIVINGSTON,116 TYSEN STREET,01 ONE FAMILY DWELLINGS
us-nyc,United States,New York,USD,837730.0,143.535135,2025-04-15,nyc_dof_rolling_sales,143.535135,,,,1910,,,01 ONE FAMILY DWELLINGS,LIVINGSTON,116 TYSEN STREET,01 ONE FAMILY DWELLINGS
us-nyc,United States,New York,USD,425000.0,241.269091,2025-11-12,nyc_dof_rolling_sales,241.269091,,,,2023,,,01 ONE FAMILY DWELLINGS,LIVINGSTON,N/A CLINTON AVENUE,01 ONE FAMILY DWELLINGS
us-nyc,United States,New York,USD,425000.0,241.269091,2025-11-12,nyc_dof_rolling_sales,241.269091,,,,2024,,,01 ONE FAMILY DWELLINGS,LIVINGSTON,N/A CLINTON AVENUE,01 ONE FAMILY DWELLINGS
us-nyc,United States,New York,USD,860000.0,145.671904,2025-09-30,nyc_dof_rolling_sales,145.671904,,,,1920,,,01 ONE FAMILY DWELLINGS,LIVINGSTON,36 AMELIA COURT,01 ONE FAMILY DWELLINGS
us-nyc,United States,New York,USD,749000.0,73.579176,2025-02-13,nyc_dof_rolling_sales,73.579176,,,,1950,,,01 ONE FAMILY DWELLINGS,LIVINGSTON,15 WALES PLACE,01 ONE FAMILY DWELLINGS
us-nyc,United States,New York,USD,810500.0,142.699008,2025-05-28,nyc_dof_rolling_sales,142.699008,,,,1930,,,01 ONE FAMILY DWELLINGS,LIVINGSTON,32 LINDEN STREET,01 ONE FAMILY DWELLINGS
us-nyc,United States,New York,USD,658000.0,109.439734,2025-08-20,nyc_dof_rolling_sales,109.439734,,,,1950,,,01 ONE FAMILY DWELLINGS,LIVINGSTON,39 LINDEN STREET,01 ONE FAMILY DWELLINGS
us-nyc,United States,New York,USD,755000.0,181.625365,2025-09-05,nyc_dof_rolling_sales,181.625365,,,,1925,,,01 ONE FAMILY DWELLINGS,LIVINGSTON,12 LIVINGSTON COURT,01 ONE FAMILY DWELLINGS
us-nyc,United States,New York,USD,525000.0,178.838275,2025-08-15,nyc_dof_rolling_sales,178.838275,,,,1960,,,01 ONE FAMILY DWELLINGS,LIVINGSTON,2 LIVINGSTON COURT,01 ONE FAMILY DWELLINGS
us-nyc,United States,New York,USD,550000.0,66.146936,2025-08-05,nyc_dof_rolling_sales,66.146936,,,,1955,,,01 ONE FAMILY DWELLINGS,LIVINGSTON,23 LIVINGSTON COURT,01 ONE FAMILY DWELLINGS
us-nyc,United States,New York,USD,707000.0,128.856461,2025-08-01,nyc_dof_rolling_sales,128.856461,,,,1925,,,01 ONE FAMILY DWELLINGS,LIVINGSTON,2 CURTIS COURT,01 ONE FAMILY DWELLINGS
us-nyc,United States,New York,USD,662000.0,139.3545,2025-11-13,nyc_dof_rolling_sales,139.3545,,,,1925,,,01 ONE FAMILY DWELLINGS,LIVINGSTON,165 DAVIS AVENUE,01 ONE FAMILY DWELLINGS
us-nyc,United States,New York,USD,710000.0,167.2254,2025-09-25,nyc_dof_rolling_sales,167.2254,,,,1925,,,01 ONE FAMILY DWELLINGS,LIVINGSTON,95 PELTON AVENUE,01 ONE FAMILY DWELLINGS
us-nyc,United States,New York,USD,625000.0,140.469336,2025-10-31,nyc_dof_rolling_sales,140.469336,,,,1925,,,01 ONE FAMILY DWELLINGS,LIVINGSTON,65 PELTON AVENUE,01 ONE FAMILY DWELLINGS
us-nyc,United States,New York,USD,920000.0,236.90265,2025-06-12,nyc_dof_rolling_sales,236.90265,,,,1905,,,01 ONE FAMILY DWELLINGS,LIVINGSTON,158 DAVIS AVENUE,01 ONE FAMILY DWELLINGS
us-nyc,United States,New York,USD,675000.0,112.970048,2025-03-26,nyc_dof_rolling_sales,112.970048,,,,1920,,,01 ONE FAMILY DWELLINGS,LIVINGSTON,5 DAVIS COURT,01 ONE FAMILY DWELLINGS
us-nyc,United States,New York,USD,500000.0,89.18688,2025-05-08,nyc_dof_rolling_sales,89.18688,,,,1955,,,01 ONE FAMILY DWELLINGS,LIVINGSTON,36 PELTON AVENUE,01 ONE FAMILY DWELLINGS
us-nyc,United States,New York,USD,620000.0,116.686168,2025-11-05,nyc_dof_rolling_sales,116.686168,,,,1925,,,01 ONE FAMILY DWELLINGS,LIVINGSTON,7 HOWARD COURT,01 ONE FAMILY DWELLINGS
us-nyc,United States,New York,USD,505000.0,111.4836,2025-04-15,nyc_dof_rolling_sales,111.4836,,,,1992,,,01 ONE FAMILY DWELLINGS,LIVINGSTON,117 BEMENT COURT,01 ONE FAMILY DWELLINGS
us-nyc,United States,New York,USD,700000.0,169.269266,2025-06-25,nyc_dof_rolling_sales,169.269266,,,,1930,,,01 ONE FAMILY DWELLINGS,LIVINGSTON,28 ELIZABETH AVENUE,01 ONE FAMILY DWELLINGS
us-nyc,United States,New York,USD,582948.0,222.9672,2025-02-21,nyc_dof_rolling_sales,222.9672,,,,1920,,,02 TWO FAMILY DWELLINGS,LIVINGSTON,25 PELTON AVENUE,02 TWO FAMILY DWELLINGS
us-nyc,United States,New York,USD,635000.0,187.106642,2025-10-24,nyc_dof_rolling_sales,187.106642,,,,1930,,,02 TWO FAMILY DWELLINGS,LIVINGSTON,175 BEMENT AVENUE,02 TWO FAMILY DWELLINGS
us-nyc,United States,New York,USD,500000.0,199.184032,2025-02-25,nyc_dof_rolling_sales,199.184032,,,,1930,,,02 TWO FAMILY DWELLINGS,LIVINGSTON,107 BEMENT AVENUE,02 TWO FAMILY DWELLINGS
us-nyc,United States,New York,USD,320000.0,nan,2025-09-17,nyc_dof_rolling_sales,nan,,,,1947,,,09 COOPS - WALKUP APARTMENTS,LIVINGSTON,"146 BARD AVENUE, 23B",09 COOPS - WALKUP APARTMENTS
us-nyc,United States,New York,USD,290000.0,nan,2025-04-28,nyc_dof_rolling_sales,nan,,,,1947,,,09 COOPS - WALKUP APARTMENTS,LIVINGSTON,"150 BARD AVE, 17B",09 COOPS - WALKUP APARTMENTS
us-nyc,United States,New York,USD,249000.0,nan,2025-10-31,nyc_dof_rolling_sales,nan,,,,1947,,,09 COOPS - WALKUP APARTMENTS,LIVINGSTON,"162 BARD AVE, 2B",09 COOPS - WALKUP APARTMENTS
us-nyc,United States,New York,USD,275000.0,nan,2025-07-10,nyc_dof_rolling_sales,nan,,,,1947,,,09 COOPS - WALKUP APARTMENTS,LIVINGSTON,"162 BARD AVENUE, 1B",09 COOPS - WALKUP APARTMENTS
us-nyc,United States,New York,USD,270000.0,nan,2025-03-19,nyc_dof_rolling_sales,nan,,,,1947,,,09 COOPS - WALKUP APARTMENTS,LIVINGSTON,"162 BARD AVENUE, 3A",09 COOPS - WALKUP APARTMENTS
us-nyc,United States,New York,USD,1888000.0,274.99288,2025-10-20,nyc_dof_rolling_sales,274.99288,,,,1970,,,01 ONE FAMILY DWELLINGS,MANOR HEIGHTS,554 VALLEYVIEW PLACE,01 ONE FAMILY DWELLINGS
us-nyc,United States,New York,USD,1775000.0,519.792285,2025-02-06,nyc_dof_rolling_sales,519.792285,,,,1997,,,01 ONE FAMILY DWELLINGS,MANOR HEIGHTS,36 MOTLEY AVENUE,01 ONE FAMILY DWELLINGS
us-nyc,United States,New York,USD,858500.0,190.265344,2025-01-08,nyc_dof_rolling_sales,190.265344,,,,1965,,,01 ONE FAMILY DWELLINGS,MANOR HEIGHTS,57 MOTLEY AVENUE,01 ONE FAMILY DWELLINGS
us-nyc,United States,New York,USD,1225000.0,243.684569,2025-08-26,nyc_dof_rolling_sales,243.684569,,,,1960,,,01 ONE FAMILY DWELLINGS,MANOR HEIGHTS,426 SLOSSON AVENUE,01 ONE FAMILY DWELLINGS
us-nyc,United States,New York,USD,1150000.0,166.667982,2025-05-16,nyc_dof_rolling_sales,166.667982,,,,1970,,,01 ONE FAMILY DWELLINGS,MANOR HEIGHTS,83 OCEAN TERRACE,01 ONE FAMILY DWELLINGS
us-nyc,United States,New York,USD,1147000.0,236.159426,2025-03-31,nyc_dof_rolling_sales,236.159426,,,,1970,,,01 ONE FAMILY DWELLINGS,MANOR HEIGHTS,89 OCEAN TERRACE,01 ONE FAMILY DWELLINGS
us-nyc,United States,New York,USD,1011000.0,162.951862,2025-12-01,nyc_dof_rolling_sales,162.951862,,,,1975,,,01 ONE FAMILY DWELLINGS,MANOR HEIGHTS,120 BOLIVAR STREET,01 ONE FAMILY DWELLINGS
us-nyc,United States,New York,USD,1200000.0,199.555644,2025-05-12,nyc_dof_rolling_sales,199.555644,,,,1975,,,01 ONE FAMILY DWELLINGS,MANOR HEIGHTS,115 BOLIVAR STREET,01 ONE FAMILY DWELLINGS
us-nyc,United States,New York,USD,1450000.0,215.16334799999998,2025-11-14,nyc_dof_rolling_sales,215.16334799999998,,,,1970,,,01 ONE FAMILY DWELLINGS,MANOR HEIGHTS,95 BOLIVAR STREET,01 ONE FAMILY DWELLINGS
us-nyc,United States,New York,USD,1450000.0,282.42512,2025-01-21,nyc_dof_rolling_sales,282.42512,,,,1985,,,01 ONE FAMILY DWELLINGS,MANOR HEIGHTS,111 CROAK AVENUE,01 ONE FAMILY DWELLINGS
us-nyc,United States,New York,USD,980000.0,277.222552,2025-10-15,nyc_dof_rolling_sales,277.222552,,,,1975,,,01 ONE FAMILY DWELLINGS,MANOR HEIGHTS,108 LINCOLN STREET,01 ONE FAMILY DWELLINGS
us-nyc,United States,New York,USD,950000.0,231.142664,2025-01-24,nyc_dof_rolling_sales,231.142664,,,,1960,,,01 ONE FAMILY DWELLINGS,MANOR HEIGHTS,985 MANOR ROAD,01 ONE FAMILY DWELLINGS
us-nyc,United States,New York,USD,710000.0,84.727536,2025-11-20,nyc_dof_rolling_sales,84.727536,,,,1965,,,01 ONE FAMILY DWELLINGS,MANOR HEIGHTS,11 BOLIVAR STREET,01 ONE FAMILY DWELLINGS
us-nyc,United States,New York,USD,620000.0,118.544228,2025-02-10,nyc_dof_rolling_sales,118.544228,,,,1989,,,01 ONE FAMILY DWELLINGS,MANOR HEIGHTS,66 LINCOLN STREET,01 ONE FAMILY DWELLINGS
us-nyc,United States,New York,USD,668000.0,100.33524,2025-07-02,nyc_dof_rolling_sales,100.33524,,,,2005,,,01 ONE FAMILY DWELLINGS,MANOR HEIGHTS,70 AREA PLACE,01 ONE FAMILY DWELLINGS
us-nyc,United States,New York,USD,638000.0,97.54814999999999,2025-02-18,nyc_dof_rolling_sales,97.54814999999999,,,,1980,,,01 ONE FAMILY DWELLINGS,MANOR HEIGHTS,29A LINCOLN STREET,01 ONE FAMILY DWELLINGS
us-nyc,United States,New York,USD,850000.0,133.222902,2025-08-08,nyc_dof_rolling_sales,133.222902,,,,2014,,,01 ONE FAMILY DWELLINGS,MANOR HEIGHTS,26 NORWALK AVE,01 ONE FAMILY DWELLINGS
us-nyc,United States,New York,USD,625000.0,103.12233,2025-04-15,nyc_dof_rolling_sales,103.12233,,,,1960,,,01 ONE FAMILY DWELLINGS,MANOR HEIGHTS,15 AREA PLACE,01 ONE FAMILY DWELLINGS
us-nyc,United States,New York,USD,670000.0,100.33524,2025-02-28,nyc_dof_rolling_sales,100.33524,,,,1955,,,01 ONE FAMILY DWELLINGS,MANOR HEIGHTS,28 AREA PLACE,01 ONE FAMILY DWELLINGS
us-nyc,United States,New York,USD,880000.0,214.048512,2025-08-05,nyc_dof_rolling_sales,214.048512,,,,1975,,,01 ONE FAMILY DWELLINGS,MANOR HEIGHTS,16 POLAND PLACE,01 ONE FAMILY DWELLINGS
us-nyc,United States,New York,USD,500000.0,198.069196,2025-11-21,nyc_dof_rolling_sales,198.069196,,,,1975,,,01 ONE FAMILY DWELLINGS,MANOR HEIGHTS,172 TODT HILL ROAD,01 ONE FAMILY DWELLINGS
us-nyc,United States,New York,USD,15000.0,128.763558,2025-04-01,nyc_dof_rolling_sales,128.763558,,,,1960,,,01 ONE FAMILY DWELLINGS,MANOR HEIGHTS,137 FANNING STREET,01 ONE FAMILY DWELLINGS
us-nyc,United States,New York,USD,400000.0,92.903,2025-01-17,nyc_dof_rolling_sales,92.903,,,,1965,,,01 ONE FAMILY DWELLINGS,MANOR HEIGHTS,231 ELVIN STREET,01 ONE FAMILY DWELLINGS
us-nyc,United States,New York,USD,1140000.0,148.6448,2025-05-07,nyc_dof_rolling_sales,148.6448,,,,1965,,,01 ONE FAMILY DWELLINGS,MANOR HEIGHTS,241 FANNING STREET,01 ONE FAMILY DWELLINGS
us-nyc,United States,New York,USD,710000.0,128.577752,2025-02-06,nyc_dof_rolling_sales,128.577752,,,,1975,,,01 ONE FAMILY DWELLINGS,MANOR HEIGHTS,305 GOWER STREET,01 ONE FAMILY DWELLINGS
us-nyc,United States,New York,USD,750000.0,124.861632,2025-06-24,nyc_dof_rolling_sales,124.861632,,,,1975,,,01 ONE FAMILY DWELLINGS,MANOR HEIGHTS,372 GOWER STREET,01 ONE FAMILY DWELLINGS
us-nyc,United States,New York,USD,731000.0,160.257675,2025-05-29,nyc_dof_rolling_sales,160.257675,,,,1975,,,01 ONE FAMILY DWELLINGS,MANOR HEIGHTS,125 QUEEN STREET,01 ONE FAMILY DWELLINGS
us-nyc,United States,New York,USD,640000.0,139.3545,2025-01-07,nyc_dof_rolling_sales,139.3545,,,,1920,,,01 ONE FAMILY DWELLINGS,MANOR HEIGHTS,149 MOUNTAINVIEW AVENUE,01 ONE FAMILY DWELLINGS
us-nyc,United States,New York,USD,810000.0,92.903,2025-09-15,nyc_dof_rolling_sales,92.903,,,,1955,,,01 ONE FAMILY DWELLINGS,MANOR HEIGHTS,192 GANSEVOORT BOULEVARD,01 ONE FAMILY DWELLINGS
us-nyc,United States,New York,USD,850000.0,101.450076,2025-03-18,nyc_dof_rolling_sales,101.450076,,,,1960,,,01 ONE FAMILY DWELLINGS,MANOR HEIGHTS,47 SUFFOLK AVENUE,01 ONE FAMILY DWELLINGS
us-nyc,United States,New York,USD,677000.0,102.657815,2025-03-26,nyc_dof_rolling_sales,102.657815,,,,1950,,,01 ONE FAMILY DWELLINGS,MANOR HEIGHTS,268 GANSEVOORT BOULEVARD,01 ONE FAMILY DWELLINGS
us-nyc,United States,New York,USD,665000.0,102.657815,2025-08-05,nyc_dof_rolling_sales,102.657815,,,,1950,,,01 ONE FAMILY DWELLINGS,MANOR HEIGHTS,273 GANSEVOORT BOULEVARD,01 ONE FAMILY DWELLINGS
us-nyc,United States,New York,USD,730000.0,118.91584,2025-05-01,nyc_dof_rolling_sales,118.91584,,,,1965,,,01 ONE FAMILY DWELLINGS,MANOR HEIGHTS,226 PERRY AVENUE,01 ONE FAMILY DWELLINGS
us-nyc,United States,New York,USD,223324.0,94.76106,2025-09-08,nyc_dof_rolling_sales,94.76106,,,,1945,,,01 ONE FAMILY DWELLINGS,MANOR HEIGHTS,15 GRAVES STREET,01 ONE FAMILY DWELLINGS
us-nyc,United States,New York,USD,760000.0,130.0642,2025-11-12,nyc_dof_rolling_sales,130.0642,,,,1975,,,01 ONE FAMILY DWELLINGS,MANOR HEIGHTS,391 ELVIN STREET,01 ONE FAMILY DWELLINGS
us-nyc,United States,New York,USD,1025000.0,190.265344,2025-04-24,nyc_dof_rolling_sales,190.265344,,,,1970,,,01 ONE FAMILY DWELLINGS,MANOR HEIGHTS,387 FANNING STREET,01 ONE FAMILY DWELLINGS
us-nyc,United States,New York,USD,10.0,174.286028,2025-04-09,nyc_dof_rolling_sales,174.286028,,,,1970,,,01 ONE FAMILY DWELLINGS,MANOR HEIGHTS,461 MOUNTAINVIEW AVENUE,01 ONE FAMILY DWELLINGS
us-nyc,United States,New York,USD,599000.0,167.782818,2025-03-24,nyc_dof_rolling_sales,167.782818,,,,1991,,,01 ONE FAMILY DWELLINGS,MANOR HEIGHTS,482 MELBA STREET,01 ONE FAMILY DWELLINGS
us-nyc,United States,New York,USD,615000.0,167.782818,2025-05-21,nyc_dof_rolling_sales,167.782818,,,,1991,,,01 ONE FAMILY DWELLINGS,MANOR HEIGHTS,476 GOWER STREET,01 ONE FAMILY DWELLINGS
us-nyc,United States,New York,USD,390000.0,79.524968,2025-07-03,nyc_dof_rolling_sales,79.524968,,,,1986,,,01 ONE FAMILY DWELLINGS,MANOR HEIGHTS,269 LIVINGSTON AVENUE,01 ONE FAMILY DWELLINGS
us-nyc,United States,New York,USD,250000.0,198.162099,2025-07-17,nyc_dof_rolling_sales,198.162099,,,,1965,,,01 ONE FAMILY DWELLINGS,MANOR HEIGHTS,412 MOUNTAINVIEW AVENUE,01 ONE FAMILY DWELLINGS
us-nyc,United States,New York,USD,719999.0,111.855212,2025-07-15,nyc_dof_rolling_sales,111.855212,,,,1970,,,01 ONE FAMILY DWELLINGS,MANOR HEIGHTS,35 DUKE PLACE,01 ONE FAMILY DWELLINGS
us-nyc,United States,New York,USD,736000.0,111.4836,2025-08-11,nyc_dof_rolling_sales,111.4836,,,,2014,,,01 ONE FAMILY DWELLINGS,MANOR HEIGHTS,85 GRAVES STREET,01 ONE FAMILY DWELLINGS
us-nyc,United States,New York,USD,680000.0,111.4836,2025-07-10,nyc_dof_rolling_sales,111.4836,,,,2000,,,01 ONE FAMILY DWELLINGS,MANOR HEIGHTS,184 LIVINGSTON AVENUE,01 ONE FAMILY DWELLINGS
us-nyc,United States,New York,USD,680000.0,83.6127,2025-05-15,nyc_dof_rolling_sales,83.6127,,,,2000,,,01 ONE FAMILY DWELLINGS,MANOR HEIGHTS,252A LIVINGSTON AVENUE,01 ONE FAMILY DWELLINGS
us-nyc,United States,New York,USD,770000.0,167.2254,2025-08-01,nyc_dof_rolling_sales,167.2254,,,,2000,,,01 ONE FAMILY DWELLINGS,MANOR HEIGHTS,267 GRAVES STREET,01 ONE FAMILY DWELLINGS
us-nyc,United States,New York,USD,950000.0,179.860208,2025-12-04,nyc_dof_rolling_sales,179.860208,,,,1960,,,01 ONE FAMILY DWELLINGS,MANOR HEIGHTS,105 MARSHALL AVENUE,01 ONE FAMILY DWELLINGS
us-nyc,United States,New York,USD,459550.0,141.584172,2025-02-10,nyc_dof_rolling_sales,141.584172,,,,1960,,,01 ONE FAMILY DWELLINGS,MANOR HEIGHTS,65 MORSE AVENUE,01 ONE FAMILY DWELLINGS
us-nyc,United States,New York,USD,10.0,104.05136,2025-07-03,nyc_dof_rolling_sales,104.05136,,,,1955,,,01 ONE FAMILY DWELLINGS,MANOR HEIGHTS,52 MORSE AVENUE,01 ONE FAMILY DWELLINGS
us-nyc,United States,New York,USD,1250000.0,186.73503,2025-01-08,nyc_dof_rolling_sales,186.73503,,,,2012,,,02 TWO FAMILY DWELLINGS,MANOR HEIGHTS,198 LA GUARDIA AVENUE,02 TWO FAMILY DWELLINGS
us-nyc,United States,New York,USD,729999.0,124.861632,2025-04-30,nyc_dof_rolling_sales,124.861632,,,,1960,,,02 TWO FAMILY DWELLINGS,MANOR HEIGHTS,55 AREA PLACE,02 TWO FAMILY DWELLINGS
us-nyc,United States,New York,USD,1999000.0,297.2896,2025-09-22,nyc_dof_rolling_sales,297.2896,,,,1920,,,02 TWO FAMILY DWELLINGS,MANOR HEIGHTS,887 MANOR ROAD,02 TWO FAMILY DWELLINGS
us-nyc,United States,New York,USD,440000.0,203.271764,2025-01-07,nyc_dof_rolling_sales,203.271764,,,,1975,,,02 TWO FAMILY DWELLINGS,MANOR HEIGHTS,27 MELBA STREET,02 TWO FAMILY DWELLINGS
us-nyc,United States,New York,USD,662500.0,183.94794,2025-09-26,nyc_dof_rolling_sales,183.94794,,,,1975,,,02 TWO FAMILY DWELLINGS,MANOR HEIGHTS,283 GOWER STREET,02 TWO FAMILY DWELLINGS
us-nyc,United States,New York,USD,995000.0,224.082036,2025-01-27,nyc_dof_rolling_sales,224.082036,,,,1975,,,02 TWO FAMILY DWELLINGS,MANOR HEIGHTS,368 FANNING STREET,02 TWO FAMILY DWELLINGS
us-nyc,United States,New York,USD,990000.0,238.203292,2025-03-07,nyc_dof_rolling_sales,238.203292,,,,1975,,,02 TWO FAMILY DWELLINGS,MANOR HEIGHTS,339 MOUNTAINVIEW AVE,02 TWO FAMILY DWELLINGS
us-nyc,United States,New York,USD,995000.0,227.798156,2025-10-16,nyc_dof_rolling_sales,227.798156,,,,1970,,,02 TWO FAMILY DWELLINGS,MANOR HEIGHTS,331 MOUNTAINVIEW AVENUE,02 TWO FAMILY DWELLINGS
us-nyc,United States,New York,USD,870000.0,219.622692,2025-10-15,nyc_dof_rolling_sales,219.622692,,,,1965,,,02 TWO FAMILY DWELLINGS,MANOR HEIGHTS,171 QUINLAN AVENUE,02 TWO FAMILY DWELLINGS
us-nyc,United States,New York,USD,815000.0,215.906572,2025-02-06,nyc_dof_rolling_sales,215.906572,,,,1970,,,02 TWO FAMILY DWELLINGS,MANOR HEIGHTS,206 QUINLAN AVENUE,02 TWO FAMILY DWELLINGS
us-nyc,United States,New York,USD,1550000.0,250.8381,2025-10-22,nyc_dof_rolling_sales,250.8381,,,,2020,,,02 TWO FAMILY DWELLINGS,MANOR HEIGHTS,51 LIVINGSTON AVENUE,02 TWO FAMILY DWELLINGS
us-nyc,United States,New York,USD,695000.0,173.914416,2025-05-30,nyc_dof_rolling_sales,173.914416,,,,1980,,,02 TWO FAMILY DWELLINGS,MANOR HEIGHTS,1060 MANOR ROAD,02 TWO FAMILY DWELLINGS
us-nyc,United States,New York,USD,695000.0,173.914416,2025-05-30,nyc_dof_rolling_sales,173.914416,,,,1980,,,02 TWO FAMILY DWELLINGS,MANOR HEIGHTS,1064 MANOR ROAD,02 TWO FAMILY DWELLINGS
us-nyc,United States,New York,USD,870000.0,169.547975,2025-02-05,nyc_dof_rolling_sales,169.547975,,,,1970,,,02 TWO FAMILY DWELLINGS,MANOR HEIGHTS,497 MOUNTAINVIEW AVENUE,02 TWO FAMILY DWELLINGS
us-nyc,United States,New York,USD,865000.0,180.603432,2025-08-27,nyc_dof_rolling_sales,180.603432,,,,1925,,,02 TWO FAMILY DWELLINGS,MANOR HEIGHTS,235 LIVINGSTON AVENUE,02 TWO FAMILY DWELLINGS
us-nyc,United States,New York,USD,985000.0,252.69616,2025-09-19,nyc_dof_rolling_sales,252.69616,,,,1970,,,02 TWO FAMILY DWELLINGS,MANOR HEIGHTS,431 MOUNTAINVIEW AVENUE,02 TWO FAMILY DWELLINGS
us-nyc,United States,New York,USD,998888.0,180.04601399999999,2025-05-19,nyc_dof_rolling_sales,180.04601399999999,,,,1970,,,02 TWO FAMILY DWELLINGS,MANOR HEIGHTS,407 MOUNTAINVIEW AVENUE,02 TWO FAMILY DWELLINGS
us-nyc,United States,New York,USD,1200000.0,165.36734,2025-06-04,nyc_dof_rolling_sales,165.36734,,,,1965,,,02 TWO FAMILY DWELLINGS,MANOR HEIGHTS,164 QUEEN STREET,02 TWO FAMILY DWELLINGS
us-nyc,United States,New York,USD,945000.0,257.34131,2025-12-01,nyc_dof_rolling_sales,257.34131,,,,1988,,,02 TWO FAMILY DWELLINGS,MANOR HEIGHTS,371 BRADLEY AVE,02 TWO FAMILY DWELLINGS
us-nyc,United States,New York,USD,350000.0,127.834528,2025-04-22,nyc_dof_rolling_sales,127.834528,,,,1920,,,02 TWO FAMILY DWELLINGS,MANOR HEIGHTS,155 WELLBROOK AVENUE,02 TWO FAMILY DWELLINGS
us-nyc,United States,New York,USD,840000.0,115.19972,2025-10-28,nyc_dof_rolling_sales,115.19972,,,,1960,,,02 TWO FAMILY DWELLINGS,MANOR HEIGHTS,208 WELLBROOK AVENUE,02 TWO FAMILY DWELLINGS
us-nyc,United States,New York,USD,650000.0,155.891234,2025-05-30,nyc_dof_rolling_sales,155.891234,,,,1899,,,01 ONE FAMILY DWELLINGS,MARINERS HARBOR,26 TRANTOR PLACE,01 ONE FAMILY DWELLINGS
us-nyc,United States,New York,USD,450000.0,65.403712,2025-09-08,nyc_dof_rolling_sales,65.403712,,,,1920,,,01 ONE FAMILY DWELLINGS,MARINERS HARBOR,40 WINANT STREET,01 ONE FAMILY DWELLINGS
us-nyc,United States,New York,USD,530000.0,106.281032,2025-05-22,nyc_dof_rolling_sales,106.281032,,,,1925,,,01 ONE FAMILY DWELLINGS,MARINERS HARBOR,75 WRIGHT AVENUE,01 ONE FAMILY DWELLINGS
us-nyc,United States,New York,USD,630000.0,110.368764,2025-06-06,nyc_dof_rolling_sales,110.368764,,,,1899,,,01 ONE FAMILY DWELLINGS,MARINERS HARBOR,29 LAKE AVENUE,01 ONE FAMILY DWELLINGS
us-nyc,United States,New York,USD,545000.0,118.91584,2025-03-24,nyc_dof_rolling_sales,118.91584,,,,1920,,,01 ONE FAMILY DWELLINGS,MARINERS HARBOR,38 WRIGHT AVENUE,01 ONE FAMILY DWELLINGS
us-nyc,United States,New York,USD,773870.0,260.314206,2025-10-10,nyc_dof_rolling_sales,260.314206,,,,2023,,,01 ONE FAMILY DWELLINGS,MARINERS HARBOR,33 SIMONSON AVE,01 ONE FAMILY DWELLINGS
us-nyc,United States,New York,USD,1000.0,87.51462599999999,2025-06-19,nyc_dof_rolling_sales,87.51462599999999,,,,1990,,,01 ONE FAMILY DWELLINGS,MARINERS HARBOR,98 LAKE AVENUE,01 ONE FAMILY DWELLINGS
us-nyc,United States,New York,USD,585800.0,117.42939199999999,2025-02-21,nyc_dof_rolling_sales,117.42939199999999,,,,1899,,,01 ONE FAMILY DWELLINGS,MARINERS HARBOR,149 SIMONSON AVENUE,01 ONE FAMILY DWELLINGS
us-nyc,United States,New York,USD,585000.0,107.024256,2025-11-20,nyc_dof_rolling_sales,107.024256,,,,1899,,,01 ONE FAMILY DWELLINGS,MARINERS HARBOR,143 SIMONSON AVENUE,01 ONE FAMILY DWELLINGS
us-nyc,United States,New York,USD,342000.0,188.59309,2025-09-18,nyc_dof_rolling_sales,188.59309,,,,1899,,,01 ONE FAMILY DWELLINGS,MARINERS HARBOR,129 SIMONSON AVENUE,01 ONE FAMILY DWELLINGS
us-nyc,United States,New York,USD,575000.0,92.903,2025-07-18,nyc_dof_rolling_sales,92.903,,,,2000,,,01 ONE FAMILY DWELLINGS,MARINERS HARBOR,134 LAKE AVENUE,01 ONE FAMILY DWELLINGS
us-nyc,United States,New York,USD,550000.0,170.384102,2025-12-03,nyc_dof_rolling_sales,170.384102,,,,1915,,,01 ONE FAMILY DWELLINGS,MARINERS HARBOR,322 MORNINGSTAR ROAD,01 ONE FAMILY DWELLINGS
us-nyc,United States,New York,USD,555000.0,134.895156,2025-08-12,nyc_dof_rolling_sales,134.895156,,,,1990,,,01 ONE FAMILY DWELLINGS,MARINERS HARBOR,70 PRINCESS STREET,01 ONE FAMILY DWELLINGS
us-nyc,United States,New York,USD,749000.0,108.510704,2025-02-27,nyc_dof_rolling_sales,108.510704,,,,1899,,,01 ONE FAMILY DWELLINGS,MARINERS HARBOR,29 WENLOCK STREET,01 ONE FAMILY DWELLINGS
us-nyc,United States,New York,USD,580000.0,112.970048,2025-05-20,nyc_dof_rolling_sales,112.970048,,,,1930,,,01 ONE FAMILY DWELLINGS,MARINERS HARBOR,9 WESTBROOK AVENUE,01 ONE FAMILY DWELLINGS
us-nyc,United States,New York,USD,670000.0,98.105568,2025-01-31,nyc_dof_rolling_sales,98.105568,,,,1955,,,01 ONE FAMILY DWELLINGS,MARINERS HARBOR,78 RONALD AVENUE,01 ONE FAMILY DWELLINGS
us-nyc,United States,New York,USD,585000.0,98.105568,2025-12-03,nyc_dof_rolling_sales,98.105568,,,,1955,,,01 ONE FAMILY DWELLINGS,MARINERS HARBOR,339 LAKE AVENUE,01 ONE FAMILY DWELLINGS
us-nyc,United States,New York,USD,765000.0,222.223976,2025-10-22,nyc_dof_rolling_sales,222.223976,,,,1965,,,01 ONE FAMILY DWELLINGS,MARINERS HARBOR,335 SIMONSON AVENUE,01 ONE FAMILY DWELLINGS
us-nyc,United States,New York,USD,430000.0,117.05778,2025-06-13,nyc_dof_rolling_sales,117.05778,,,,2003,,,01 ONE FAMILY DWELLINGS,MARINERS HARBOR,61 MARINERS LANE,01 ONE FAMILY DWELLINGS
us-nyc,United States,New York,USD,535000.0,117.05778,2025-09-17,nyc_dof_rolling_sales,117.05778,,,,2003,,,01 ONE FAMILY DWELLINGS,MARINERS HARBOR,53 MARINERS LANE,01 ONE FAMILY DWELLINGS
us-nyc,United States,New York,USD,665000.0,166.482176,2025-06-30,nyc_dof_rolling_sales,166.482176,,,,1915,,,01 ONE FAMILY DWELLINGS,MARINERS HARBOR,18 HEUSDEN STREET,01 ONE FAMILY DWELLINGS
us-nyc,United States,New York,USD,100000.0,101.450076,2025-03-03,nyc_dof_rolling_sales,101.450076,,,,1960,,,01 ONE FAMILY DWELLINGS,MARINERS HARBOR,154 VAN NAME AVENUE,01 ONE FAMILY DWELLINGS
us-nyc,United States,New York,USD,715000.0,193.23824,2025-03-24,nyc_dof_rolling_sales,193.23824,,,,2007,,,01 ONE FAMILY DWELLINGS,MARINERS HARBOR,310 SIMONSON AVENUE,01 ONE FAMILY DWELLINGS
us-nyc,United States,New York,USD,550000.0,111.4836,2025-11-06,nyc_dof_rolling_sales,111.4836,,,,1998,,,01 ONE FAMILY DWELLINGS,MARINERS HARBOR,31 CHARLES PLACE,01 ONE FAMILY DWELLINGS
us-nyc,United States,New York,USD,505000.0,109.997152,2025-02-13,nyc_dof_rolling_sales,109.997152,,,,1965,,,01 ONE FAMILY DWELLINGS,MARINERS HARBOR,171 NETHERLAND AVENUE,01 ONE FAMILY DWELLINGS
us-nyc,United States,New York,USD,500000.0,104.422972,2025-05-21,nyc_dof_rolling_sales,104.422972,,,,2004,,,01 ONE FAMILY DWELLINGS,MARINERS HARBOR,195 NETHERLAND AVENUE,01 ONE FAMILY DWELLINGS
us-nyc,United States,New York,USD,520900.0,117.05778,2025-04-30,nyc_dof_rolling_sales,117.05778,,,,2002,,,01 ONE FAMILY DWELLINGS,MARINERS HARBOR,329 VAN NAME AVE,01 ONE FAMILY DWELLINGS
us-nyc,United States,New York,USD,650000.0,115.571332,2025-09-04,nyc_dof_rolling_sales,115.571332,,,,1925,,,01 ONE FAMILY DWELLINGS,MARINERS HARBOR,340 SIMONSON AVENUE,01 ONE FAMILY DWELLINGS
us-nyc,United States,New York,USD,615000.0,163.50928,2025-10-14,nyc_dof_rolling_sales,163.50928,,,,1925,,,01 ONE FAMILY DWELLINGS,MARINERS HARBOR,317 VAN PELT AVENUE,01 ONE FAMILY DWELLINGS
us-nyc,United States,New York,USD,685000.0,123.746796,2025-11-25,nyc_dof_rolling_sales,123.746796,,,,1915,,,01 ONE FAMILY DWELLINGS,MARINERS HARBOR,33 ERASTINA PLACE,01 ONE FAMILY DWELLINGS
us-nyc,United States,New York,USD,1.0,150.781569,2025-03-18,nyc_dof_rolling_sales,150.781569,,,,2010,,,01 ONE FAMILY DWELLINGS,MARINERS HARBOR,95 DE HART AVENUE,01 ONE FAMILY DWELLINGS
us-nyc,United States,New York,USD,740000.0,254.089705,2025-01-31,nyc_dof_rolling_sales,254.089705,,,,1901,,,01 ONE FAMILY DWELLINGS,MARINERS HARBOR,56 DE HART AVENUE,01 ONE FAMILY DWELLINGS
us-nyc,United States,New York,USD,629000.0,96.154605,2025-09-02,nyc_dof_rolling_sales,96.154605,,,,1940,,,01 ONE FAMILY DWELLINGS,MARINERS HARBOR,142 DE HART AVENUE,01 ONE FAMILY DWELLINGS
us-nyc,United States,New York,USD,525000.0,111.4836,2025-01-15,nyc_dof_rolling_sales,111.4836,,,,1993,,,01 ONE FAMILY DWELLINGS,MARINERS HARBOR,7 DE RUYTER PLACE,01 ONE FAMILY DWELLINGS
us-nyc,United States,New York,USD,680000.0,120.402288,2025-07-30,nyc_dof_rolling_sales,120.402288,,,,1930,,,01 ONE FAMILY DWELLINGS,MARINERS HARBOR,167 UNION AVENUE,01 ONE FAMILY DWELLINGS
us-nyc,United States,New York,USD,660000.0,118.91584,2025-07-22,nyc_dof_rolling_sales,118.91584,,,,1975,,,01 ONE FAMILY DWELLINGS,MARINERS HARBOR,301 UNION AVE,01 ONE FAMILY DWELLINGS
us-nyc,United States,New York,USD,430000.0,89.18688,2025-04-14,nyc_dof_rolling_sales,89.18688,,,,1910,,,01 ONE FAMILY DWELLINGS,MARINERS HARBOR,170 MAPLE PARKWAY,01 ONE FAMILY DWELLINGS
us-nyc,United States,New York,USD,353244.0,111.4836,2025-10-08,nyc_dof_rolling_sales,111.4836,,,,2001,,,01 ONE FAMILY DWELLINGS,MARINERS HARBOR,331 UNION AVENUE,01 ONE FAMILY DWELLINGS
us-nyc,United States,New York,USD,450000.0,111.4836,2025-09-19,nyc_dof_rolling_sales,111.4836,,,,2001,,,01 ONE FAMILY DWELLINGS,MARINERS HARBOR,19 SPIRIT LANE,01 ONE FAMILY DWELLINGS
us-nyc,United States,New York,USD,643000.0,139.3545,2025-12-22,nyc_dof_rolling_sales,139.3545,,,,1993,,,01 ONE FAMILY DWELLINGS,MARINERS HARBOR,186 UNION AVENUE,01 ONE FAMILY DWELLINGS
us-nyc,United States,New York,USD,205000.0,130.342909,2025-06-27,nyc_dof_rolling_sales,130.342909,,,,1991,,,01 ONE FAMILY DWELLINGS,MARINERS HARBOR,34 JOURNEAY STREET,01 ONE FAMILY DWELLINGS
us-nyc,United States,New York,USD,504700.0,130.342909,2025-10-31,nyc_dof_rolling_sales,130.342909,,,,1991,,,01 ONE FAMILY DWELLINGS,MARINERS HARBOR,34 JOURNEAY STREET,01 ONE FAMILY DWELLINGS
us-nyc,United States,New York,USD,720000.0,147.71577,2025-10-29,nyc_dof_rolling_sales,147.71577,,,,2014,,,01 ONE FAMILY DWELLINGS,MARINERS HARBOR,15 GRIDLEY AVENUE,01 ONE FAMILY DWELLINGS
us-nyc,United States,New York,USD,524000.0,130.0642,2025-02-13,nyc_dof_rolling_sales,130.0642,,,,1999,,,01 ONE FAMILY DWELLINGS,MARINERS HARBOR,53 GRIDLEY AVENUE,01 ONE FAMILY DWELLINGS
us-nyc,United States,New York,USD,620000.0,106.281032,2025-11-20,nyc_dof_rolling_sales,106.281032,,,,1965,,,01 ONE FAMILY DWELLINGS,MARINERS HARBOR,271 HARBOR ROAD,01 ONE FAMILY DWELLINGS
us-nyc,United States,New York,USD,400000.0,120.7739,2025-03-31,nyc_dof_rolling_sales,120.7739,,,,2000,,,01 ONE FAMILY DWELLINGS,MARINERS HARBOR,64 GRIDLEY AVENUE,01 ONE FAMILY DWELLINGS
us-nyc,United States,New York,USD,600000.0,120.7739,2025-10-17,nyc_dof_rolling_sales,120.7739,,,,2000,,,01 ONE FAMILY DWELLINGS,MARINERS HARBOR,64 GRIDLEY AVENUE,01 ONE FAMILY DWELLINGS
us-nyc,United States,New York,USD,320000.0,120.7739,2025-09-03,nyc_dof_rolling_sales,120.7739,,,,2000,,,01 ONE FAMILY DWELLINGS,MARINERS HARBOR,92 CONFEDERATION PLACE,01 ONE FAMILY DWELLINGS
us-nyc,United States,New York,USD,599000.0,120.7739,2025-09-30,nyc_dof_rolling_sales,120.7739,,,,2000,,,01 ONE FAMILY DWELLINGS,MARINERS HARBOR,72 CONFEDERATION PL,01 ONE FAMILY DWELLINGS
us-nyc,United States,New York,USD,600000.0,114.456496,2025-10-20,nyc_dof_rolling_sales,114.456496,,,,2004,,,01 ONE FAMILY DWELLINGS,MARINERS HARBOR,128 BRUCKNER AVENUE,01 ONE FAMILY DWELLINGS
us-nyc,United States,New York,USD,512000.0,130.0642,2025-03-18,nyc_dof_rolling_sales,130.0642,,,,2003,,,01 ONE FAMILY DWELLINGS,MARINERS HARBOR,87 ANDROS AVENUE,01 ONE FAMILY DWELLINGS
us-nyc,United States,New York,USD,350000.0,126.34808,2025-08-14,nyc_dof_rolling_sales,126.34808,,,,1899,,,01 ONE FAMILY DWELLINGS,MARINERS HARBOR,36 LOCKMAN AVENUE,01 ONE FAMILY DWELLINGS
us-nyc,United States,New York,USD,420000.0,145.671904,2025-11-06,nyc_dof_rolling_sales,145.671904,,,,1988,,,01 ONE FAMILY DWELLINGS,MARINERS HARBOR,263 LOCKMAN AVENUE,01 ONE FAMILY DWELLINGS
us-nyc,United States,New York,USD,500000.0,133.78032,2025-02-06,nyc_dof_rolling_sales,133.78032,,,,1910,,,01 ONE FAMILY DWELLINGS,MARINERS HARBOR,226 HARBOR ROAD,01 ONE FAMILY DWELLINGS
us-nyc,United States,New York,USD,460000.0,89.18688,2025-07-17,nyc_dof_rolling_sales,89.18688,,,,1989,,,01 ONE FAMILY DWELLINGS,MARINERS HARBOR,302A ANDROS AVENUE,01 ONE FAMILY DWELLINGS
us-nyc,United States,New York,USD,699335.0,122.63195999999999,2025-01-17,nyc_dof_rolling_sales,122.63195999999999,,,,2024,,,01 ONE FAMILY DWELLINGS,MARINERS HARBOR,470 NETHERLAND AVENUE,01 ONE FAMILY DWELLINGS
us-nyc,United States,New York,USD,697501.0,122.63195999999999,2025-01-28,nyc_dof_rolling_sales,122.63195999999999,,,,2024,,,01 ONE FAMILY DWELLINGS,MARINERS HARBOR,466 NETHERLAND AVENUE,01 ONE FAMILY DWELLINGS
us-nyc,United States,New York,USD,515000.0,98.848792,2025-02-21,nyc_dof_rolling_sales,98.848792,,,,1955,,,01 ONE FAMILY DWELLINGS,MARINERS HARBOR,103 GRANDVIEW AVENUE,01 ONE FAMILY DWELLINGS
us-nyc,United States,New York,USD,435000.0,115.19972,2025-03-03,nyc_dof_rolling_sales,115.19972,,,,1992,,,01 ONE FAMILY DWELLINGS,MARINERS HARBOR,9 GRANDVIEW AVENUE,01 ONE FAMILY DWELLINGS
us-nyc,United States,New York,USD,620000.0,100.33524,2025-09-29,nyc_dof_rolling_sales,100.33524,,,,1920,,,01 ONE FAMILY DWELLINGS,MARINERS HARBOR,73 SOUTH AVENUE,01 ONE FAMILY DWELLINGS
us-nyc,United States,New York,USD,645000.0,124.861632,2025-09-26,nyc_dof_rolling_sales,124.861632,,,,1899,,,01 ONE FAMILY DWELLINGS,MARINERS HARBOR,106 MERSEREAU AVENUE,01 ONE FAMILY DWELLINGS
us-nyc,United States,New York,USD,499999.0,97.54814999999999,2025-10-27,nyc_dof_rolling_sales,97.54814999999999,,,,1965,,,01 ONE FAMILY DWELLINGS,MARINERS HARBOR,230 CONTINENTAL PLACE,01 ONE FAMILY DWELLINGS
us-nyc,United States,New York,USD,295000.0,92.903,2025-09-22,nyc_dof_rolling_sales,92.903,,,,1985,,,01 ONE FAMILY DWELLINGS,MARINERS HARBOR,216 CONTINENTAL PLACE,01 ONE FAMILY DWELLINGS
us-nyc,United States,New York,USD,350000.0,127.091304,2025-06-04,nyc_dof_rolling_sales,127.091304,,,,1985,,,01 ONE FAMILY DWELLINGS,MARINERS HARBOR,312 GRANDVIEW AVENUE,01 ONE FAMILY DWELLINGS
us-nyc,United States,New York,USD,517500.0,106.83845,2025-10-17,nyc_dof_rolling_sales,106.83845,,,,1960,,,01 ONE FAMILY DWELLINGS,MARINERS HARBOR,358 GRANDVIEW AVENUE,01 ONE FAMILY DWELLINGS
us-nyc,United States,New York,USD,518960.0,93.646224,2025-01-09,nyc_dof_rolling_sales,93.646224,,,,1960,,,01 ONE FAMILY DWELLINGS,MARINERS HARBOR,406 GRANDVIEW AVENUE,01 ONE FAMILY DWELLINGS
us-nyc,United States,New York,USD,430000.0,198.069196,2025-06-06,nyc_dof_rolling_sales,198.069196,,,,1899,,,02 TWO FAMILY DWELLINGS,MARINERS HARBOR,12 TRANTOR PLACE,02 TWO FAMILY DWELLINGS
us-nyc,United States,New York,USD,670000.0,204.3866,2025-10-07,nyc_dof_rolling_sales,204.3866,,,,1930,,,02 TWO FAMILY DWELLINGS,MARINERS HARBOR,120 DIXON AVENUE,02 TWO FAMILY DWELLINGS
us-nyc,United States,New York,USD,615000.0,306.5799,2025-01-10,nyc_dof_rolling_sales,306.5799,,,,1931,,,02 TWO FAMILY DWELLINGS,MARINERS HARBOR,150 MORNINGSTAR ROAD,02 TWO FAMILY DWELLINGS
us-nyc,United States,New York,USD,437000.0,119.659064,2025-08-07,nyc_dof_rolling_sales,119.659064,,,,1905,,,02 TWO FAMILY DWELLINGS,MARINERS HARBOR,32 HOUSMAN AVENUE,02 TWO FAMILY DWELLINGS
us-nyc,United States,New York,USD,400000.0,158.86413,2025-02-25,nyc_dof_rolling_sales,158.86413,,,,1901,,,02 TWO FAMILY DWELLINGS,MARINERS HARBOR,92 HOUSMAN AVENUE,02 TWO FAMILY DWELLINGS
us-nyc,United States,New York,USD,820000.0,188.128575,2025-09-25,nyc_dof_rolling_sales,188.128575,,,,2011,,,02 TWO FAMILY DWELLINGS,MARINERS HARBOR,190 DIXON AVENUE,02 TWO FAMILY DWELLINGS
us-nyc,United States,New York,USD,560000.0,111.390697,2025-02-03,nyc_dof_rolling_sales,111.390697,,,,2004,,,02 TWO FAMILY DWELLINGS,MARINERS HARBOR,280 LAKE AVENUE,02 TWO FAMILY DWELLINGS
us-nyc,United States,New York,USD,550000.0,111.390697,2025-02-03,nyc_dof_rolling_sales,111.390697,,,,2004,,,02 TWO FAMILY DWELLINGS,MARINERS HARBOR,286 LAKE AVENUE,02 TWO FAMILY DWELLINGS
us-nyc,United States,New York,USD,625000.0,111.4836,2025-07-01,nyc_dof_rolling_sales,111.4836,,,,2001,,,02 TWO FAMILY DWELLINGS,MARINERS HARBOR,10 NOAH COURT,02 TWO FAMILY DWELLINGS
us-nyc,United States,New York,USD,1053889.0,206.616272,2025-06-03,nyc_dof_rolling_sales,206.616272,,,,2024,,,02 TWO FAMILY DWELLINGS,MARINERS HARBOR,144 VAN NAME AVENUE,02 TWO FAMILY DWELLINGS
us-nyc,United States,New York,USD,730000.0,206.616272,2025-01-16,nyc_dof_rolling_sales,206.616272,,,,2024,,,02 TWO FAMILY DWELLINGS,MARINERS HARBOR,N/A VAN NAME AVENUE,02 TWO FAMILY DWELLINGS
us-nyc,United States,New York,USD,710000.0,147.158352,2025-02-27,nyc_dof_rolling_sales,147.158352,,,,2005,,,02 TWO FAMILY DWELLINGS,MARINERS HARBOR,257 VAN NAME AVENUE,02 TWO FAMILY DWELLINGS
us-nyc,United States,New York,USD,620000.0,178.095051,2025-01-16,nyc_dof_rolling_sales,178.095051,,,,1935,,,02 TWO FAMILY DWELLINGS,MARINERS HARBOR,230 SIMONSON AVENUE,02 TWO FAMILY DWELLINGS
us-nyc,United States,New York,USD,810000.0,133.78032,2025-09-05,nyc_dof_rolling_sales,133.78032,,,,2007,,,02 TWO FAMILY DWELLINGS,MARINERS HARBOR,135 NETHERLAND AVENUE,02 TWO FAMILY DWELLINGS
us-nyc,United States,New York,USD,992794.0,216.556893,2025-07-28,nyc_dof_rolling_sales,216.556893,,,,2024,,,02 TWO FAMILY DWELLINGS,MARINERS HARBOR,253 VAN PELT AVENUE,02 TWO FAMILY DWELLINGS
us-nyc,United States,New York,USD,992794.0,216.556893,2025-04-23,nyc_dof_rolling_sales,216.556893,,,,2024,,,02 TWO FAMILY DWELLINGS,MARINERS HARBOR,251 VAN PELT AVENUE,02 TWO FAMILY DWELLINGS
us-nyc,United States,New York,USD,785000.0,188.314381,2025-04-30,nyc_dof_rolling_sales,188.314381,,,,2004,,,02 TWO FAMILY DWELLINGS,MARINERS HARBOR,354 SIMONSON AVENUE,02 TWO FAMILY DWELLINGS
us-nyc,United States,New York,USD,525000.0,120.7739,2025-12-08,nyc_dof_rolling_sales,120.7739,,,,1910,,,02 TWO FAMILY DWELLINGS,MARINERS HARBOR,155 DE HART AVENUE,02 TWO FAMILY DWELLINGS
us-nyc,United States,New York,USD,400000.0,120.7739,2025-06-27,nyc_dof_rolling_sales,120.7739,,,,1910,,,02 TWO FAMILY DWELLINGS,MARINERS HARBOR,155 DEHART AVENUE,02 TWO FAMILY DWELLINGS
us-nyc,United States,New York,USD,850000.0,223.710424,2025-05-22,nyc_dof_rolling_sales,223.710424,,,,1910,,,02 TWO FAMILY DWELLINGS,MARINERS HARBOR,69 DE HART AVENUE,02 TWO FAMILY DWELLINGS
us-nyc,United States,New York,USD,740000.0,148.6448,2025-11-12,nyc_dof_rolling_sales,148.6448,,,,2004,,,02 TWO FAMILY DWELLINGS,MARINERS HARBOR,121 UNION AVENUE,02 TWO FAMILY DWELLINGS
us-nyc,United States,New York,USD,600000.0,210.611101,2025-05-14,nyc_dof_rolling_sales,210.611101,,,,1901,,,02 TWO FAMILY DWELLINGS,MARINERS HARBOR,84 DE HART AVENUE,02 TWO FAMILY DWELLINGS
us-nyc,United States,New York,USD,250000.0,101.171367,2025-10-16,nyc_dof_rolling_sales,101.171367,,,,1920,,,02 TWO FAMILY DWELLINGS,MARINERS HARBOR,60 MAPLE PARKWAY,02 TWO FAMILY DWELLINGS
us-nyc,United States,New York,USD,675000.0,150.50286,2025-11-17,nyc_dof_rolling_sales,150.50286,,,,2004,,,02 TWO FAMILY DWELLINGS,MARINERS HARBOR,97 BUSH AVENUE,02 TWO FAMILY DWELLINGS
us-nyc,United States,New York,USD,425000.0,153.104144,2025-06-11,nyc_dof_rolling_sales,153.104144,,,,1910,,,02 TWO FAMILY DWELLINGS,MARINERS HARBOR,109 HARBOR ROAD,02 TWO FAMILY DWELLINGS
us-nyc,United States,New York,USD,360000.0,104.05136,2025-07-07,nyc_dof_rolling_sales,104.05136,,,,1899,,,02 TWO FAMILY DWELLINGS,MARINERS HARBOR,28 BUSH AVENUE,02 TWO FAMILY DWELLINGS
us-nyc,United States,New York,USD,10.0,147.158352,2025-04-04,nyc_dof_rolling_sales,147.158352,,,,1899,,,02 TWO FAMILY DWELLINGS,MARINERS HARBOR,36 LEYDEN AVENUE,02 TWO FAMILY DWELLINGS
us-nyc,United States,New York,USD,840000.0,209.96078,2025-03-28,nyc_dof_rolling_sales,209.96078,,,,2008,,,02 TWO FAMILY DWELLINGS,MARINERS HARBOR,21 BRABANT STREET,02 TWO FAMILY DWELLINGS
us-nyc,United States,New York,USD,567500.0,232.2575,2025-09-09,nyc_dof_rolling_sales,232.2575,,,,2006,,,02 TWO FAMILY DWELLINGS,MARINERS HARBOR,366 UNION AVENUE,02 TWO FAMILY DWELLINGS
us-nyc,United States,New York,USD,10.0,167.2254,2025-11-07,nyc_dof_rolling_sales,167.2254,,,,1905,,,02 TWO FAMILY DWELLINGS,MARINERS HARBOR,164 BRUCKNER AVENUE,02 TWO FAMILY DWELLINGS
us-nyc,United States,New York,USD,567500.0,232.2575,2025-09-09,nyc_dof_rolling_sales,232.2575,,,,2006,,,02 TWO FAMILY DWELLINGS,MARINERS HARBOR,366 UNION AVENUE,02 TWO FAMILY DWELLINGS
us-nyc,United States,New York,USD,850000.0,204.200794,2025-04-29,nyc_dof_rolling_sales,204.200794,,,,2019,,,02 TWO FAMILY DWELLINGS,MARINERS HARBOR,62 HARBOR ROAD,02 TWO FAMILY DWELLINGS
us-nyc,United States,New York,USD,616970.0,130.714521,2025-11-07,nyc_dof_rolling_sales,130.714521,,,,1920,,,02 TWO FAMILY DWELLINGS,MARINERS HARBOR,3 LOCKMAN PLACE,02 TWO FAMILY DWELLINGS
us-nyc,United States,New York,USD,360000.0,167.2254,2025-04-29,nyc_dof_rolling_sales,167.2254,,,,1989,,,02 TWO FAMILY DWELLINGS,MARINERS HARBOR,51 MERSEREAU AVENUE,02 TWO FAMILY DWELLINGS
us-nyc,United States,New York,USD,557000.0,109.253928,2025-05-01,nyc_dof_rolling_sales,109.253928,,,,2004,,,02 TWO FAMILY DWELLINGS,MARINERS HARBOR,3110 RICHMOND TERRACE,02 TWO FAMILY DWELLINGS
us-nyc,United States,New York,USD,603752.0,137.868052,2025-06-16,nyc_dof_rolling_sales,137.868052,,,,1899,,,02 TWO FAMILY DWELLINGS,MARINERS HARBOR,97 MERSEREAU AVENUE,02 TWO FAMILY DWELLINGS
us-nyc,United States,New York,USD,855000.0,224.453648,2025-07-17,nyc_dof_rolling_sales,224.453648,,,,2018,,,02 TWO FAMILY DWELLINGS,MARINERS HARBOR,85 GRANDVIEW AVENUE,02 TWO FAMILY DWELLINGS
us-nyc,United States,New York,USD,100.0,162.58025,2025-05-13,nyc_dof_rolling_sales,162.58025,,,,2005,,,02 TWO FAMILY DWELLINGS,MARINERS HARBOR,115 SOUTH AVENUE,02 TWO FAMILY DWELLINGS
us-nyc,United States,New York,USD,539893.0,162.58025,2025-08-22,nyc_dof_rolling_sales,162.58025,,,,2005,,,02 TWO FAMILY DWELLINGS,MARINERS HARBOR,115 SOUTH AVENUE,02 TWO FAMILY DWELLINGS
us-nyc,United States,New York,USD,481650.0,156.07704,2025-03-11,nyc_dof_rolling_sales,156.07704,,,,1910,,,02 TWO FAMILY DWELLINGS,MARINERS HARBOR,141 GRANDVIEW AVENUE,02 TWO FAMILY DWELLINGS
us-nyc,United States,New York,USD,157170.0,nan,2025-04-08,nyc_dof_rolling_sales,nan,,,,1989,,,04 TAX CLASS 1 CONDOS,MARINERS HARBOR,"269 MAPLE PARKWAY, 127",04 TAX CLASS 1 CONDOS
us-nyc,United States,New York,USD,200000.0,nan,2025-09-29,nyc_dof_rolling_sales,nan,,,,1989,,,04 TAX CLASS 1 CONDOS,MARINERS HARBOR,"235 MAPLE PARKWAY, 146",04 TAX CLASS 1 CONDOS
us-nyc,United States,New York,USD,115000.0,nan,2025-09-24,nyc_dof_rolling_sales,nan,,,,1989,,,04 TAX CLASS 1 CONDOS,MARINERS HARBOR,"237 MAPLE PARKWAY, 147",04 TAX CLASS 1 CONDOS
us-nyc,United States,New York,USD,299130.0,nan,2025-04-10,nyc_dof_rolling_sales,nan,,,,1989,,,04 TAX CLASS 1 CONDOS,MARINERS HARBOR,"231 MAPLE PARKWAY, 160",04 TAX CLASS 1 CONDOS
us-nyc,United States,New York,USD,340000.0,nan,2025-09-18,nyc_dof_rolling_sales,nan,,,,1988,,,04 TAX CLASS 1 CONDOS,MARINERS HARBOR,"3195A RICHMOND TERRACE, 8B",04 TAX CLASS 1 CONDOS
us-nyc,United States,New York,USD,121680.0,nan,2025-05-02,nyc_dof_rolling_sales,nan,,,,1988,,,04 TAX CLASS 1 CONDOS,MARINERS HARBOR,"22 RICHMOND COURT, 13A",04 TAX CLASS 1 CONDOS
us-nyc,United States,New York,USD,329000.0,nan,2025-04-09,nyc_dof_rolling_sales,nan,,,,1988,,,04 TAX CLASS 1 CONDOS,MARINERS HARBOR,"23 RICHMOND COURT, 17A",04 TAX CLASS 1 CONDOS
us-nyc,United States,New York,USD,1375000.0,233.743948,2025-05-13,nyc_dof_rolling_sales,233.743948,,,,1931,,,07 RENTALS - WALKUP APARTMENTS,MARINERS HARBOR,184 HARBOR ROAD,07 RENTALS - WALKUP APARTMENTS
us-nyc,United States,New York,USD,1700000.0,325.1605,2025-01-31,nyc_dof_rolling_sales,325.1605,,,,1959,,,22 STORE BUILDINGS,MARINERS HARBOR,1805-1807 FOREST AVENUE,22 STORE BUILDINGS
us-nyc,United States,New York,USD,400000.0,92.903,2025-04-09,nyc_dof_rolling_sales,92.903,,,,1931,,,22 STORE BUILDINGS,MARINERS HARBOR,171 SOUTH AVENUE,22 STORE BUILDINGS
us-nyc,United States,New York,USD,16750000.0,4813.861848,2025-03-20,nyc_dof_rolling_sales,4813.861848,,,,1945,,,30 WAREHOUSES,MARINERS HARBOR,175 LAKE AVENUE,30 WAREHOUSES
us-nyc,United States,New York,USD,1000.0,nan,2025-03-31,nyc_dof_rolling_sales,nan,,,,,,,44 CONDO PARKING,MARINERS HARBOR,"342 UNION AVENUE, PS7",44 CONDO PARKING
us-nyc,United States,New York,USD,600000.0,108.789413,2025-11-12,nyc_dof_rolling_sales,108.789413,,,,2018,,,01 ONE FAMILY DWELLINGS,MIDLAND BEACH,602 SEAVIEW AVENUE,01 ONE FAMILY DWELLINGS
us-nyc,United States,New York,USD,300000.0,100.33524,2025-01-06,nyc_dof_rolling_sales,100.33524,,,,1990,,,01 ONE FAMILY DWELLINGS,MIDLAND BEACH,561 QUINCY AVENUE,01 ONE FAMILY DWELLINGS
us-nyc,United States,New York,USD,300000.0,92.903,2025-01-06,nyc_dof_rolling_sales,92.903,,,,1991,,,01 ONE FAMILY DWELLINGS,MIDLAND BEACH,565 QUINCY AVENUE,01 ONE FAMILY DWELLINGS
us-nyc,United States,New York,USD,910000.0,181.16085,2025-11-26,nyc_dof_rolling_sales,181.16085,,,,2016,,,01 ONE FAMILY DWELLINGS,MIDLAND BEACH,762 SEAVIEW AVENUE,01 ONE FAMILY DWELLINGS
us-nyc,United States,New York,USD,800000.0,127.64872199999999,2025-10-22,nyc_dof_rolling_sales,127.64872199999999,,,,1930,,,01 ONE FAMILY DWELLINGS,MIDLAND BEACH,311 BUEL AVENUE,01 ONE FAMILY DWELLINGS
us-nyc,United States,New York,USD,290000.0,118.91584,2025-11-17,nyc_dof_rolling_sales,118.91584,,,,1970,,,01 ONE FAMILY DWELLINGS,MIDLAND BEACH,21 SLATER BOULEVARD,01 ONE FAMILY DWELLINGS
us-nyc,United States,New York,USD,646589.0,197.88339,2025-05-27,nyc_dof_rolling_sales,197.88339,,,,2023,,,01 ONE FAMILY DWELLINGS,MIDLAND BEACH,N/A SLATER BOULEVARD,01 ONE FAMILY DWELLINGS
us-nyc,United States,New York,USD,646589.0,197.88339,2025-05-27,nyc_dof_rolling_sales,197.88339,,,,2023,,,01 ONE FAMILY DWELLINGS,MIDLAND BEACH,N/A SLATER BOULEVARD,01 ONE FAMILY DWELLINGS
us-nyc,United States,New York,USD,702000.0,111.4836,2025-05-30,nyc_dof_rolling_sales,111.4836,,,,1975,,,01 ONE FAMILY DWELLINGS,MIDLAND BEACH,50 SLATER BOULEVARD,01 ONE FAMILY DWELLINGS
us-nyc,United States,New York,USD,760000.0,101.078464,2025-07-03,nyc_dof_rolling_sales,101.078464,,,,1960,,,01 ONE FAMILY DWELLINGS,MIDLAND BEACH,76 BOUNDARY AVENUE,01 ONE FAMILY DWELLINGS
us-nyc,United States,New York,USD,500000.0,158.86413,2025-10-09,nyc_dof_rolling_sales,158.86413,,,,1910,,,01 ONE FAMILY DWELLINGS,MIDLAND BEACH,285 ADAMS AVENUE,01 ONE FAMILY DWELLINGS
us-nyc,United States,New York,USD,395000.0,40.134096,2025-03-28,nyc_dof_rolling_sales,40.134096,,,,1925,,,01 ONE FAMILY DWELLINGS,MIDLAND BEACH,135 HAVEN AVENUE,01 ONE FAMILY DWELLINGS
us-nyc,United States,New York,USD,300000.0,159.700257,2025-06-24,nyc_dof_rolling_sales,159.700257,,,,2024,,,01 ONE FAMILY DWELLINGS,MIDLAND BEACH,N/A HAVEN AVENUE,01 ONE FAMILY DWELLINGS
us-nyc,United States,New York,USD,500000.0,142.699008,2025-02-04,nyc_dof_rolling_sales,142.699008,,,,1975,,,01 ONE FAMILY DWELLINGS,MIDLAND BEACH,18 ROWAN AVENUE,01 ONE FAMILY DWELLINGS
us-nyc,United States,New York,USD,675000.0,142.699008,2025-09-24,nyc_dof_rolling_sales,142.699008,,,,1975,,,01 ONE FAMILY DWELLINGS,MIDLAND BEACH,18 ROWAN AVENUE,01 ONE FAMILY DWELLINGS
us-nyc,United States,New York,USD,745000.0,142.699008,2025-10-31,nyc_dof_rolling_sales,142.699008,,,,1975,,,01 ONE FAMILY DWELLINGS,MIDLAND BEACH,28 ROWAN AVENUE,01 ONE FAMILY DWELLINGS
us-nyc,United States,New York,USD,10.0,106.652644,2025-11-07,nyc_dof_rolling_sales,106.652644,,,,1975,,,01 ONE FAMILY DWELLINGS,MIDLAND BEACH,364 STOBE AVENUE,01 ONE FAMILY DWELLINGS
us-nyc,United States,New York,USD,745000.0,106.652644,2025-09-17,nyc_dof_rolling_sales,106.652644,,,,1978,,,01 ONE FAMILY DWELLINGS,MIDLAND BEACH,394 STOBE AVENUE,01 ONE FAMILY DWELLINGS
us-nyc,United States,New York,USD,200000.0,106.281032,2025-05-16,nyc_dof_rolling_sales,106.281032,,,,1950,,,01 ONE FAMILY DWELLINGS,MIDLAND BEACH,280 HUNTER AVENUE,01 ONE FAMILY DWELLINGS
us-nyc,United States,New York,USD,750000.0,106.281032,2025-08-05,nyc_dof_rolling_sales,106.281032,,,,1950,,,01 ONE FAMILY DWELLINGS,MIDLAND BEACH,280 HUNTER AVENUE,01 ONE FAMILY DWELLINGS
us-nyc,United States,New York,USD,800000.0,176.5157,2025-04-15,nyc_dof_rolling_sales,176.5157,,,,2002,,,01 ONE FAMILY DWELLINGS,MIDLAND BEACH,156 BOUNDARY AVENUE,01 ONE FAMILY DWELLINGS
us-nyc,United States,New York,USD,780000.0,83.241088,2025-04-28,nyc_dof_rolling_sales,83.241088,,,,1970,,,01 ONE FAMILY DWELLINGS,MIDLAND BEACH,321 BEDFORD AVENUE,01 ONE FAMILY DWELLINGS
us-nyc,United States,New York,USD,499000.0,130.0642,2025-08-12,nyc_dof_rolling_sales,130.0642,,,,1997,,,01 ONE FAMILY DWELLINGS,MIDLAND BEACH,28 STACEY LANE,01 ONE FAMILY DWELLINGS
us-nyc,United States,New York,USD,718000.0,119.93777299999999,2025-01-17,nyc_dof_rolling_sales,119.93777299999999,,,,1997,,,01 ONE FAMILY DWELLINGS,MIDLAND BEACH,15 STACEY LANE,01 ONE FAMILY DWELLINGS
us-nyc,United States,New York,USD,880000.0,249.723264,2025-05-23,nyc_dof_rolling_sales,249.723264,,,,2018,,,01 ONE FAMILY DWELLINGS,MIDLAND BEACH,381 GREELEY AVE,01 ONE FAMILY DWELLINGS
us-nyc,United States,New York,USD,10.0,260.1284,2025-11-14,nyc_dof_rolling_sales,260.1284,,,,1950,,,01 ONE FAMILY DWELLINGS,MIDLAND BEACH,291 BOUNDARY AVENUE,01 ONE FAMILY DWELLINGS
us-nyc,United States,New York,USD,760000.0,104.05136,2025-09-24,nyc_dof_rolling_sales,104.05136,,,,1965,,,01 ONE FAMILY DWELLINGS,MIDLAND BEACH,301 SANILAC STREET,01 ONE FAMILY DWELLINGS
us-nyc,United States,New York,USD,759000.0,111.4836,2025-01-21,nyc_dof_rolling_sales,111.4836,,,,1960,,,01 ONE FAMILY DWELLINGS,MIDLAND BEACH,320 SANILAC STREET,01 ONE FAMILY DWELLINGS
us-nyc,United States,New York,USD,2900000.0,133.78032,2025-10-16,nyc_dof_rolling_sales,133.78032,,,,1950,,,01 ONE FAMILY DWELLINGS,MIDLAND BEACH,374 GREELEY AVENUE,01 ONE FAMILY DWELLINGS
us-nyc,United States,New York,USD,645000.0,125.41905,2025-11-20,nyc_dof_rolling_sales,125.41905,,,,1985,,,01 ONE FAMILY DWELLINGS,MIDLAND BEACH,521 BUEL AVENUE,01 ONE FAMILY DWELLINGS
us-nyc,United States,New York,USD,10.0,111.4836,2025-04-09,nyc_dof_rolling_sales,111.4836,,,,1979,,,01 ONE FAMILY DWELLINGS,MIDLAND BEACH,501 BUEL AVENUE,01 ONE FAMILY DWELLINGS
us-nyc,United States,New York,USD,654000.0,107.024256,2025-01-24,nyc_dof_rolling_sales,107.024256,,,,1980,,,01 ONE FAMILY DWELLINGS,MIDLAND BEACH,458 DONGAN HILLS AVENUE,01 ONE FAMILY DWELLINGS
us-nyc,United States,New York,USD,700000.0,107.024256,2025-07-18,nyc_dof_rolling_sales,107.024256,,,,1980,,,01 ONE FAMILY DWELLINGS,MIDLAND BEACH,527 NAUGHTON AVENUE,01 ONE FAMILY DWELLINGS
us-nyc,United States,New York,USD,683000.0,118.91584,2025-01-13,nyc_dof_rolling_sales,118.91584,,,,1975,,,01 ONE FAMILY DWELLINGS,MIDLAND BEACH,482 NAUGHTON AVENUE,01 ONE FAMILY DWELLINGS
us-nyc,United States,New York,USD,735000.0,130.807424,2025-07-11,nyc_dof_rolling_sales,130.807424,,,,1975,,,01 ONE FAMILY DWELLINGS,MIDLAND BEACH,263 SLATER BLVD,01 ONE FAMILY DWELLINGS
us-nyc,United States,New York,USD,612000.0,173.914416,2025-02-10,nyc_dof_rolling_sales,173.914416,,,,1980,,,01 ONE FAMILY DWELLINGS,MIDLAND BEACH,234 SLATER BOULEVARD,01 ONE FAMILY DWELLINGS
us-nyc,United States,New York,USD,695000.0,83.6127,2025-03-17,nyc_dof_rolling_sales,83.6127,,,,2011,,,01 ONE FAMILY DWELLINGS,MIDLAND BEACH,103 BEACHVIEW AVENUE,01 ONE FAMILY DWELLINGS
us-nyc,United States,New York,USD,629000.0,105.444905,2025-01-23,nyc_dof_rolling_sales,105.444905,,,,2017,,,01 ONE FAMILY DWELLINGS,MIDLAND BEACH,135 BEACHVIEW AVENUE,01 ONE FAMILY DWELLINGS
us-nyc,United States,New York,USD,592000.0,118.079713,2025-05-16,nyc_dof_rolling_sales,118.079713,,,,2016,,,01 ONE FAMILY DWELLINGS,MIDLAND BEACH,423 HAMDEN AVENUE,01 ONE FAMILY DWELLINGS
us-nyc,United States,New York,USD,715000.0,148.6448,2025-11-06,nyc_dof_rolling_sales,148.6448,,,,1998,,,01 ONE FAMILY DWELLINGS,MIDLAND BEACH,156 KISWICK STREET,01 ONE FAMILY DWELLINGS
us-nyc,United States,New York,USD,80000.0,53.88374,2025-11-06,nyc_dof_rolling_sales,53.88374,,,,1920,,,01 ONE FAMILY DWELLINGS,MIDLAND BEACH,193 KISWICK STREET,01 ONE FAMILY DWELLINGS
us-nyc,United States,New York,USD,935000.0,100.33524,2025-06-30,nyc_dof_rolling_sales,100.33524,,,,2011,,,01 ONE FAMILY DWELLINGS,MIDLAND BEACH,471 LINCOLN AVENUE,01 ONE FAMILY DWELLINGS
us-nyc,United States,New York,USD,697501.0,142.699008,2025-05-27,nyc_dof_rolling_sales,142.699008,,,,2006,,,01 ONE FAMILY DWELLINGS,MIDLAND BEACH,228 MORELAND STREET,01 ONE FAMILY DWELLINGS
us-nyc,United States,New York,USD,730000.0,130.0642,2025-12-09,nyc_dof_rolling_sales,130.0642,,,,1935,,,01 ONE FAMILY DWELLINGS,MIDLAND BEACH,447 GREELEY AVENUE,01 ONE FAMILY DWELLINGS
us-nyc,United States,New York,USD,800000.0,107.024256,2025-09-04,nyc_dof_rolling_sales,107.024256,,,,1945,,,01 ONE FAMILY DWELLINGS,MIDLAND BEACH,444 LINCOLN AVENUE,01 ONE FAMILY DWELLINGS
us-nyc,United States,New York,USD,890000.0,231.885888,2025-09-26,nyc_dof_rolling_sales,231.885888,,,,1985,,,01 ONE FAMILY DWELLINGS,MIDLAND BEACH,280 OLDFIELD STREET,01 ONE FAMILY DWELLINGS
us-nyc,United States,New York,USD,685000.0,111.4836,2025-03-28,nyc_dof_rolling_sales,111.4836,,,,1991,,,01 ONE FAMILY DWELLINGS,MIDLAND BEACH,280 SLATER BOULEVARD,01 ONE FAMILY DWELLINGS
us-nyc,United States,New York,USD,350000.0,60.944368,2025-05-28,nyc_dof_rolling_sales,60.944368,,,,1940,,,01 ONE FAMILY DWELLINGS,MIDLAND BEACH,885 OLYMPIA BOULEVARD,01 ONE FAMILY DWELLINGS
us-nyc,United States,New York,USD,425000.0,41.620544,2025-05-28,nyc_dof_rolling_sales,41.620544,,,,1920,,,01 ONE FAMILY DWELLINGS,MIDLAND BEACH,557 HUNTER AVENUE,01 ONE FAMILY DWELLINGS
us-nyc,United States,New York,USD,310000.0,54.626964,2025-01-17,nyc_dof_rolling_sales,54.626964,,,,1925,,,01 ONE FAMILY DWELLINGS,MIDLAND BEACH,625 HUNTER AVENUE,01 ONE FAMILY DWELLINGS
us-nyc,United States,New York,USD,665000.0,120.7739,2025-01-07,nyc_dof_rolling_sales,120.7739,,,,1990,,,01 ONE FAMILY DWELLINGS,MIDLAND BEACH,786 NUGENT AVENUE,01 ONE FAMILY DWELLINGS
us-nyc,United States,New York,USD,360000.0,39.01926,2025-09-02,nyc_dof_rolling_sales,39.01926,,,,1945,,,01 ONE FAMILY DWELLINGS,MIDLAND BEACH,566 HUNTER AVENUE,01 ONE FAMILY DWELLINGS
us-nyc,United States,New York,USD,338000.0,56.856636,2025-06-10,nyc_dof_rolling_sales,56.856636,,,,1930,,,01 ONE FAMILY DWELLINGS,MIDLAND BEACH,527 MIDLAND AVENUE,01 ONE FAMILY DWELLINGS
us-nyc,United States,New York,USD,688000.0,148.6448,2025-02-05,nyc_dof_rolling_sales,148.6448,,,,2002,,,01 ONE FAMILY DWELLINGS,MIDLAND BEACH,247 FREEBORN STREET,01 ONE FAMILY DWELLINGS
us-nyc,United States,New York,USD,364894.0,46.4515,2025-07-02,nyc_dof_rolling_sales,46.4515,,,,1935,,,01 ONE FAMILY DWELLINGS,MIDLAND BEACH,229A FREEBORN STREET,01 ONE FAMILY DWELLINGS
us-nyc,United States,New York,USD,735000.0,156.07704,2025-07-07,nyc_dof_rolling_sales,156.07704,,,,2007,,,01 ONE FAMILY DWELLINGS,MIDLAND BEACH,15 HEMPSTEAD AVENUE,01 ONE FAMILY DWELLINGS
us-nyc,United States,New York,USD,560000.0,120.7739,2025-02-05,nyc_dof_rolling_sales,120.7739,,,,1990,,,01 ONE FAMILY DWELLINGS,MIDLAND BEACH,24 MAPLETON AVENUE,01 ONE FAMILY DWELLINGS
us-nyc,United States,New York,USD,620000.0,120.7739,2025-06-02,nyc_dof_rolling_sales,120.7739,,,,1990,,,01 ONE FAMILY DWELLINGS,MIDLAND BEACH,26 MAPLETON AVENUE,01 ONE FAMILY DWELLINGS
us-nyc,United States,New York,USD,400000.0,78.03852,2025-12-03,nyc_dof_rolling_sales,78.03852,,,,1925,,,01 ONE FAMILY DWELLINGS,MIDLAND BEACH,118 BADEN PLACE,01 ONE FAMILY DWELLINGS
us-nyc,United States,New York,USD,180000.0,63.17404,2025-09-15,nyc_dof_rolling_sales,63.17404,,,,1925,,,01 ONE FAMILY DWELLINGS,MIDLAND BEACH,747 PATTERSON AVENUE,01 ONE FAMILY DWELLINGS
us-nyc,United States,New York,USD,465000.0,44.128925,2025-09-30,nyc_dof_rolling_sales,44.128925,,,,1940,,,01 ONE FAMILY DWELLINGS,MIDLAND BEACH,215 COLONY AVENUE,01 ONE FAMILY DWELLINGS
us-nyc,United States,New York,USD,570000.0,130.0642,2025-12-05,nyc_dof_rolling_sales,130.0642,,,,1986,,,01 ONE FAMILY DWELLINGS,MIDLAND BEACH,226 COLONY AVE,01 ONE FAMILY DWELLINGS
us-nyc,United States,New York,USD,480000.0,92.903,2025-03-26,nyc_dof_rolling_sales,92.903,,,,1989,,,01 ONE FAMILY DWELLINGS,MIDLAND BEACH,141 BADEN PLACE,01 ONE FAMILY DWELLINGS
us-nyc,United States,New York,USD,660000.0,120.7739,2025-07-28,nyc_dof_rolling_sales,120.7739,,,,1992,,,01 ONE FAMILY DWELLINGS,MIDLAND BEACH,1060 OLYMPIA BLVD,01 ONE FAMILY DWELLINGS
us-nyc,United States,New York,USD,485000.0,120.7739,2025-01-29,nyc_dof_rolling_sales,120.7739,,,,1992,,,01 ONE FAMILY DWELLINGS,MIDLAND BEACH,1060 OLYMPIA BOULEVARD,01 ONE FAMILY DWELLINGS
us-nyc,United States,New York,USD,550000.0,120.7739,2025-02-12,nyc_dof_rolling_sales,120.7739,,,,1991,,,01 ONE FAMILY DWELLINGS,MIDLAND BEACH,1056 OLYMPIA BOULEVARD,01 ONE FAMILY DWELLINGS
us-nyc,United States,New York,USD,712775.0,154.404786,2025-05-12,nyc_dof_rolling_sales,154.404786,,,,2023,,,01 ONE FAMILY DWELLINGS,MIDLAND BEACH,N/A HEMPSTEAD AVENUE,01 ONE FAMILY DWELLINGS
us-nyc,United States,New York,USD,712775.0,154.404786,2025-05-21,nyc_dof_rolling_sales,154.404786,,,,2023,,,01 ONE FAMILY DWELLINGS,MIDLAND BEACH,N/A HEMPSTEAD AVENUE,01 ONE FAMILY DWELLINGS
us-nyc,United States,New York,USD,746750.0,139.3545,2025-06-09,nyc_dof_rolling_sales,139.3545,,,,2006,,,01 ONE FAMILY DWELLINGS,MIDLAND BEACH,294 COLONY AVENUE,01 ONE FAMILY DWELLINGS
us-nyc,United States,New York,USD,380250.0,62.988234,2025-08-22,nyc_dof_rolling_sales,62.988234,,,,1930,,,01 ONE FAMILY DWELLINGS,MIDLAND BEACH,389 SLATER BOULEVARD,01 ONE FAMILY DWELLINGS
us-nyc,United States,New York,USD,652000.0,137.49644,2025-04-08,nyc_dof_rolling_sales,137.49644,,,,2010,,,01 ONE FAMILY DWELLINGS,MIDLAND BEACH,662 QUINCY AVENUE,01 ONE FAMILY DWELLINGS
us-nyc,United States,New York,USD,190000.0,39.01926,2025-10-17,nyc_dof_rolling_sales,39.01926,,,,1920,,,01 ONE FAMILY DWELLINGS,MIDLAND BEACH,665 HUNTER AVENUE,01 ONE FAMILY DWELLINGS
us-nyc,United States,New York,USD,690000.0,105.537808,2025-06-24,nyc_dof_rolling_sales,105.537808,,,,2000,,,01 ONE FAMILY DWELLINGS,MIDLAND BEACH,794 PATTERSON AVENUE,01 ONE FAMILY DWELLINGS
us-nyc,United States,New York,USD,535000.0,137.49644,2025-03-05,nyc_dof_rolling_sales,137.49644,,,,1989,,,01 ONE FAMILY DWELLINGS,MIDLAND BEACH,1041 FATHER CAPODANNO BL,01 ONE FAMILY DWELLINGS
us-nyc,United States,New York,USD,525000.0,137.49644,2025-08-19,nyc_dof_rolling_sales,137.49644,,,,1991,,,01 ONE FAMILY DWELLINGS,MIDLAND BEACH,1045 FATHER CAPODANNO BLVD,01 ONE FAMILY DWELLINGS
us-nyc,United States,New York,USD,561500.0,137.49644,2025-05-27,nyc_dof_rolling_sales,137.49644,,,,1989,,,01 ONE FAMILY DWELLINGS,MIDLAND BEACH,1067 FATHER CAPODANNO BOULEVARD,01 ONE FAMILY DWELLINGS
us-nyc,United States,New York,USD,615000.0,137.49644,2025-10-23,nyc_dof_rolling_sales,137.49644,,,,1989,,,01 ONE FAMILY DWELLINGS,MIDLAND BEACH,22 PEGGY LANE,01 ONE FAMILY DWELLINGS
us-nyc,United States,New York,USD,660000.0,168.711848,2025-09-25,nyc_dof_rolling_sales,168.711848,,,,2020,,,01 ONE FAMILY DWELLINGS,MIDLAND BEACH,541 GREELEY AVENUE,01 ONE FAMILY DWELLINGS
us-nyc,United States,New York,USD,730000.0,154.21898,2025-09-09,nyc_dof_rolling_sales,154.21898,,,,2004,,,01 ONE FAMILY DWELLINGS,MIDLAND BEACH,325 COLONY AVENUE,01 ONE FAMILY DWELLINGS
us-nyc,United States,New York,USD,600000.0,66.89016,2025-06-03,nyc_dof_rolling_sales,66.89016,,,,1925,,,01 ONE FAMILY DWELLINGS,MIDLAND BEACH,368 GRIMSBY STREET,01 ONE FAMILY DWELLINGS
us-nyc,United States,New York,USD,640000.0,111.4836,2025-05-07,nyc_dof_rolling_sales,111.4836,,,,2003,,,01 ONE FAMILY DWELLINGS,MIDLAND BEACH,362 GRIMSBY STREET,01 ONE FAMILY DWELLINGS
us-nyc,United States,New York,USD,705000.0,111.4836,2025-06-27,nyc_dof_rolling_sales,111.4836,,,,2003,,,01 ONE FAMILY DWELLINGS,MIDLAND BEACH,360 GRIMSBY STREET,01 ONE FAMILY DWELLINGS
us-nyc,United States,New York,USD,829000.0,130.0642,2025-03-21,nyc_dof_rolling_sales,130.0642,,,,1935,,,01 ONE FAMILY DWELLINGS,MIDLAND BEACH,1205 OLYMPIA BOULEVARD,01 ONE FAMILY DWELLINGS
us-nyc,United States,New York,USD,190775.0,203.085958,2025-06-18,nyc_dof_rolling_sales,203.085958,,,,2018,,,02 TWO FAMILY DWELLINGS,MIDLAND BEACH,742 SEAVIEW AVENUE,02 TWO FAMILY DWELLINGS
us-nyc,United States,New York,USD,1050000.0,203.178861,2025-06-18,nyc_dof_rolling_sales,203.178861,,,,1970,,,02 TWO FAMILY DWELLINGS,MIDLAND BEACH,108 SLATER BOULEVARD,02 TWO FAMILY DWELLINGS
us-nyc,United States,New York,USD,998000.0,203.178861,2025-09-22,nyc_dof_rolling_sales,203.178861,,,,1970,,,02 TWO FAMILY DWELLINGS,MIDLAND BEACH,116 SLATER BOULEVARD,02 TWO FAMILY DWELLINGS
us-nyc,United States,New York,USD,1070000.0,159.79316,2025-05-01,nyc_dof_rolling_sales,159.79316,,,,1965,,,02 TWO FAMILY DWELLINGS,MIDLAND BEACH,251 SANILAC STREET,02 TWO FAMILY DWELLINGS
us-nyc,United States,New York,USD,10.0,251.952936,2025-05-16,nyc_dof_rolling_sales,251.952936,,,,1980,,,02 TWO FAMILY DWELLINGS,MIDLAND BEACH,480 BUEL AVENUE,02 TWO FAMILY DWELLINGS
us-nyc,United States,New York,USD,650000.0,196.211136,2025-06-16,nyc_dof_rolling_sales,196.211136,,,,1980,,,02 TWO FAMILY DWELLINGS,MIDLAND BEACH,244 SLATER BOULEVARD,02 TWO FAMILY DWELLINGS
us-nyc,United States,New York,USD,678000.0,122.63195999999999,2025-04-02,nyc_dof_rolling_sales,122.63195999999999,,,,1985,,,02 TWO FAMILY DWELLINGS,MIDLAND BEACH,147 MORELAND STREET,02 TWO FAMILY DWELLINGS
us-nyc,United States,New York,USD,680000.0,123.746796,2025-08-20,nyc_dof_rolling_sales,123.746796,,,,1945,,,02 TWO FAMILY DWELLINGS,MIDLAND BEACH,476 MIDLAND AVENUE,02 TWO FAMILY DWELLINGS
us-nyc,United States,New York,USD,999000.0,146.78674,2025-07-17,nyc_dof_rolling_sales,146.78674,,,,2010,,,02 TWO FAMILY DWELLINGS,MIDLAND BEACH,419 GREELEY AVENUE,02 TWO FAMILY DWELLINGS
us-nyc,United States,New York,USD,1486645.0,218.32205,2025-09-02,nyc_dof_rolling_sales,218.32205,,,,2024,,,02 TWO FAMILY DWELLINGS,MIDLAND BEACH,296 OLDFIELD STREET,02 TWO FAMILY DWELLINGS
us-nyc,United States,New York,USD,996000.0,210.14658599999999,2025-06-20,nyc_dof_rolling_sales,210.14658599999999,,,,2023,,,02 TWO FAMILY DWELLINGS,MIDLAND BEACH,N/A GRIMSBY STREET,02 TWO FAMILY DWELLINGS
us-nyc,United States,New York,USD,775000.0,144.185456,2025-01-03,nyc_dof_rolling_sales,144.185456,,,,1925,,,02 TWO FAMILY DWELLINGS,MIDLAND BEACH,136 GRAHAM BOULEVARD,02 TWO FAMILY DWELLINGS
us-nyc,United States,New York,USD,995000.0,213.6769,2025-01-27,nyc_dof_rolling_sales,213.6769,,,,2022,,,02 TWO FAMILY DWELLINGS,MIDLAND BEACH,170 GRIMSBY STREET,02 TWO FAMILY DWELLINGS
us-nyc,United States,New York,USD,729067.0,185.806,2025-08-20,nyc_dof_rolling_sales,185.806,,,,1930,,,02 TWO FAMILY DWELLINGS,MIDLAND BEACH,115 BADEN PLACE,02 TWO FAMILY DWELLINGS
us-nyc,United States,New York,USD,515000.0,109.62554,2025-01-23,nyc_dof_rolling_sales,109.62554,,,,1935,,,02 TWO FAMILY DWELLINGS,MIDLAND BEACH,171 BADEN PLACE,02 TWO FAMILY DWELLINGS
us-nyc,United States,New York,USD,10.0,183.576328,2025-10-24,nyc_dof_rolling_sales,183.576328,,,,1945,,,02 TWO FAMILY DWELLINGS,MIDLAND BEACH,492 GREELEY AVENUE,02 TWO FAMILY DWELLINGS
us-nyc,United States,New York,USD,625000.0,163.695086,2025-05-30,nyc_dof_rolling_sales,163.695086,,,,2000,,,02 TWO FAMILY DWELLINGS,MIDLAND BEACH,753 QUINCY AVENUE,02 TWO FAMILY DWELLINGS
us-nyc,United States,New York,USD,703000.0,130.0642,2025-08-15,nyc_dof_rolling_sales,130.0642,,,,2002,,,02 TWO FAMILY DWELLINGS,MIDLAND BEACH,985 FATHER CAPODANNO BL,02 TWO FAMILY DWELLINGS
us-nyc,United States,New York,USD,990000.0,204.3866,2025-01-09,nyc_dof_rolling_sales,204.3866,,,,2005,,,02 TWO FAMILY DWELLINGS,MIDLAND BEACH,333 FREEBORN STREET,02 TWO FAMILY DWELLINGS
us-nyc,United States,New York,USD,350000.0,133.78032,2025-03-20,nyc_dof_rolling_sales,133.78032,,,,1920,,,02 TWO FAMILY DWELLINGS,MIDLAND BEACH,326 BRYANT AVENUE,02 TWO FAMILY DWELLINGS
us-nyc,United States,New York,USD,691125.0,357.67655,2025-10-17,nyc_dof_rolling_sales,357.67655,,,,1980,,,03 THREE FAMILY DWELLINGS,MIDLAND BEACH,629 MASON AVENUE,03 THREE FAMILY DWELLINGS
us-nyc,United States,New York,USD,210000.0,260.1284,2025-08-07,nyc_dof_rolling_sales,260.1284,,,,1980,,,03 THREE FAMILY DWELLINGS,MIDLAND BEACH,639 MASON AVENUE,03 THREE FAMILY DWELLINGS
us-nyc,United States,New York,USD,398000.0,nan,2025-02-04,nyc_dof_rolling_sales,nan,,,,1985,,,04 TAX CLASS 1 CONDOS,MIDLAND BEACH,"623A LACONIA AVENUE, 623A",04 TAX CLASS 1 CONDOS
us-nyc,United States,New York,USD,379000.0,nan,2025-09-10,nyc_dof_rolling_sales,nan,,,,1985,,,04 TAX CLASS 1 CONDOS,MIDLAND BEACH,"40N MEADOW PLACE, 40N",04 TAX CLASS 1 CONDOS
us-nyc,United States,New York,USD,700000.0,nan,2025-12-04,nyc_dof_rolling_sales,nan,,,,2011,,,04 TAX CLASS 1 CONDOS,MIDLAND BEACH,"188 GRAHAM BOULEVARD, B",04 TAX CLASS 1 CONDOS
us-nyc,United States,New York,USD,540000.0,nan,2025-08-20,nyc_dof_rolling_sales,nan,,,,1981,,,04 TAX CLASS 1 CONDOS,MIDLAND BEACH,903 PATTERSON AVENUE,04 TAX CLASS 1 CONDOS
us-nyc,United States,New York,USD,627000.0,nan,2025-03-10,nyc_dof_rolling_sales,nan,,,,1981,,,04 TAX CLASS 1 CONDOS,MIDLAND BEACH,902 PATTERSON AVENUE,04 TAX CLASS 1 CONDOS
us-nyc,United States,New York,USD,1400000.0,262.91549,2025-07-25,nyc_dof_rolling_sales,262.91549,,,,1965,,,21 OFFICE BUILDINGS,MIDLAND BEACH,460 MIDLAND AVENUE,21 OFFICE BUILDINGS
us-nyc,United States,New York,USD,1750000.0,380.9023,2025-04-01,nyc_dof_rolling_sales,380.9023,,,,1963,,,22 STORE BUILDINGS,MIDLAND BEACH,1834 HYLAN BOULEVARD,22 STORE BUILDINGS
us-nyc,United States,New York,USD,2500000.0,422.70865,2025-06-12,nyc_dof_rolling_sales,422.70865,,,,1978,,,22 STORE BUILDINGS,MIDLAND BEACH,1898 HYLAN BOULEVARD,22 STORE BUILDINGS
us-nyc,United States,New York,USD,2950000.0,445.9344,2025-07-09,nyc_dof_rolling_sales,445.9344,,,,2006,,,22 STORE BUILDINGS,MIDLAND BEACH,381 SEAVER AVENUE,22 STORE BUILDINGS
us-nyc,United States,New York,USD,2900000.0,334.4508,2025-07-16,nyc_dof_rolling_sales,334.4508,,,,1970,,,22 STORE BUILDINGS,MIDLAND BEACH,2248 HYLAN BOULEVARD,22 STORE BUILDINGS
us-nyc,United States,New York,USD,2900000.0,167.2254,2025-07-16,nyc_dof_rolling_sales,167.2254,,,,1990,,,22 STORE BUILDINGS,MIDLAND BEACH,2244 HYLAN BOULEVARD,22 STORE BUILDINGS
us-nyc,United States,New York,USD,2900000.0,167.2254,2025-07-16,nyc_dof_rolling_sales,167.2254,,,,1990,,,22 STORE BUILDINGS,MIDLAND BEACH,2242 HYLAN BOULEVARD,22 STORE BUILDINGS
us-nyc,United States,New York,USD,715000.0,136.56741,2025-10-10,nyc_dof_rolling_sales,136.56741,,,,1989,,,22 STORE BUILDINGS,MIDLAND BEACH,470 MIDLAND AVENUE,22 STORE BUILDINGS
us-nyc,United States,New York,USD,1345000.0,415.740925,2025-05-08,nyc_dof_rolling_sales,415.740925,,,,1930,,,30 WAREHOUSES,MIDLAND BEACH,339 LINCOLN AVENUE,30 WAREHOUSES
us-nyc,United States,New York,USD,2950000.0,250.8381,2025-07-09,nyc_dof_rolling_sales,250.8381,,,,1996,,,33 EDUCATIONAL FACILITIES,MIDLAND BEACH,389 SEAVER AVENUE,33 EDUCATIONAL FACILITIES
us-nyc,United States,New York,USD,400000.0,297.2896,2025-05-16,nyc_dof_rolling_sales,297.2896,,,,1987,,,37 RELIGIOUS FACILITIES,MIDLAND BEACH,585 LINCOLN AVENUE,37 RELIGIOUS FACILITIES
us-nyc,United States,New York,USD,925000.0,825.9076699999999,2025-07-25,nyc_dof_rolling_sales,825.9076699999999,,,,1950,,,37 RELIGIOUS FACILITIES,MIDLAND BEACH,555 GREELEY AVENUE,37 RELIGIOUS FACILITIES
us-nyc,United States,New York,USD,659000.0,117.05778,2025-10-06,nyc_dof_rolling_sales,117.05778,,,,1950,,,01 ONE FAMILY DWELLINGS,NEW BRIGHTON,106 CARROLL PLACE,01 ONE FAMILY DWELLINGS
us-nyc,United States,New York,USD,300000.0,107.76748,2025-07-22,nyc_dof_rolling_sales,107.76748,,,,1920,,,01 ONE FAMILY DWELLINGS,NEW BRIGHTON,100 MONTGOMERY AVENUE,01 ONE FAMILY DWELLINGS
us-nyc,United States,New York,USD,319410.0,107.76748,2025-11-03,nyc_dof_rolling_sales,107.76748,,,,1920,,,01 ONE FAMILY DWELLINGS,NEW BRIGHTON,100 MONTGOMERY AVENUE,01 ONE FAMILY DWELLINGS
us-nyc,United States,New York,USD,515275.0,104.05136,2025-02-03,nyc_dof_rolling_sales,104.05136,,,,1930,,,01 ONE FAMILY DWELLINGS,NEW BRIGHTON,106 MONTGOMERY AVE,01 ONE FAMILY DWELLINGS
us-nyc,United States,New York,USD,441090.0,104.05136,2025-09-30,nyc_dof_rolling_sales,104.05136,,,,1930,,,01 ONE FAMILY DWELLINGS,NEW BRIGHTON,106 MONTGOMERY AVENUE,01 ONE FAMILY DWELLINGS
us-nyc,United States,New York,USD,492100.0,225.940096,2025-03-27,nyc_dof_rolling_sales,225.940096,,,,1910,,,01 ONE FAMILY DWELLINGS,NEW BRIGHTON,94 HAMILTON AVENUE,01 ONE FAMILY DWELLINGS
us-nyc,United States,New York,USD,689000.0,160.536384,2025-07-01,nyc_dof_rolling_sales,160.536384,,,,1899,,,01 ONE FAMILY DWELLINGS,NEW BRIGHTON,16 CRESCENT AVENUE,01 ONE FAMILY DWELLINGS
us-nyc,United States,New York,USD,650000.0,139.911918,2025-03-28,nyc_dof_rolling_sales,139.911918,,,,1920,,,01 ONE FAMILY DWELLINGS,NEW BRIGHTON,101 FT HILL CIRCLE,01 ONE FAMILY DWELLINGS
us-nyc,United States,New York,USD,475000.0,131.179036,2025-05-29,nyc_dof_rolling_sales,131.179036,,,,1925,,,01 ONE FAMILY DWELLINGS,NEW BRIGHTON,440 WESTERVELT AVENUE,01 ONE FAMILY DWELLINGS
us-nyc,United States,New York,USD,610000.0,136.753216,2025-02-19,nyc_dof_rolling_sales,136.753216,,,,2010,,,01 ONE FAMILY DWELLINGS,NEW BRIGHTON,48 LAYTON AVENUE,01 ONE FAMILY DWELLINGS
us-nyc,United States,New York,USD,480000.0,343.369488,2025-07-23,nyc_dof_rolling_sales,343.369488,,,,1920,,,01 ONE FAMILY DWELLINGS,NEW BRIGHTON,413 JERSEY STREET,01 ONE FAMILY DWELLINGS
us-nyc,United States,New York,USD,600000.0,115.19972,2025-06-20,nyc_dof_rolling_sales,115.19972,,,,1920,,,01 ONE FAMILY DWELLINGS,NEW BRIGHTON,101 SCRIBNER AVENUE,01 ONE FAMILY DWELLINGS
us-nyc,United States,New York,USD,333500.0,173.914416,2025-06-24,nyc_dof_rolling_sales,173.914416,,,,1920,,,01 ONE FAMILY DWELLINGS,NEW BRIGHTON,109 SCRIBNER AVENUE,01 ONE FAMILY DWELLINGS
us-nyc,United States,New York,USD,570000.0,177.909245,2025-07-31,nyc_dof_rolling_sales,177.909245,,,,2017,,,01 ONE FAMILY DWELLINGS,NEW BRIGHTON,145 WINTER AVENUE,01 ONE FAMILY DWELLINGS
us-nyc,United States,New York,USD,616041.0,137.868052,2025-09-03,nyc_dof_rolling_sales,137.868052,,,,2024,,,01 ONE FAMILY DWELLINGS,NEW BRIGHTON,N/A HENDRICKS AVENUE,01 ONE FAMILY DWELLINGS
us-nyc,United States,New York,USD,400000.0,112.970048,2025-04-30,nyc_dof_rolling_sales,112.970048,,,,1930,,,01 ONE FAMILY DWELLINGS,NEW BRIGHTON,400 JERSEY STREET,01 ONE FAMILY DWELLINGS
us-nyc,United States,New York,USD,508000.0,210.704004,2025-10-23,nyc_dof_rolling_sales,210.704004,,,,1905,,,01 ONE FAMILY DWELLINGS,NEW BRIGHTON,135 HIGHVIEW AVENUE,01 ONE FAMILY DWELLINGS
us-nyc,United States,New York,USD,1000.0,170.848617,2025-08-28,nyc_dof_rolling_sales,170.848617,,,,1899,,,01 ONE FAMILY DWELLINGS,NEW BRIGHTON,83 HIGHVIEW AVENUE,01 ONE FAMILY DWELLINGS
us-nyc,United States,New York,USD,385320.0,96.990732,2025-10-09,nyc_dof_rolling_sales,96.990732,,,,1899,,,01 ONE FAMILY DWELLINGS,NEW BRIGHTON,63 HIGHVIEW,01 ONE FAMILY DWELLINGS
us-nyc,United States,New York,USD,567000.0,154.21898,2025-07-01,nyc_dof_rolling_sales,154.21898,,,,2001,,,01 ONE FAMILY DWELLINGS,NEW BRIGHTON,150 NORTHVIEW COURT,01 ONE FAMILY DWELLINGS
us-nyc,United States,New York,USD,709000.0,155.333816,2025-02-19,nyc_dof_rolling_sales,155.333816,,,,1905,,,01 ONE FAMILY DWELLINGS,NEW BRIGHTON,111 FRANKLIN AVENUE,01 ONE FAMILY DWELLINGS
us-nyc,United States,New York,USD,540000.0,152.732532,2025-10-29,nyc_dof_rolling_sales,152.732532,,,,1920,,,01 ONE FAMILY DWELLINGS,NEW BRIGHTON,36 FILLMORE STREET,01 ONE FAMILY DWELLINGS
us-nyc,United States,New York,USD,760000.0,155.333816,2025-02-14,nyc_dof_rolling_sales,155.333816,,,,2022,,,01 ONE FAMILY DWELLINGS,NEW BRIGHTON,66 EADIE PLACE,01 ONE FAMILY DWELLINGS
us-nyc,United States,New York,USD,464000.0,166.482176,2025-02-04,nyc_dof_rolling_sales,166.482176,,,,1899,,,01 ONE FAMILY DWELLINGS,NEW BRIGHTON,22 VAN BUREN STREET,01 ONE FAMILY DWELLINGS
us-nyc,United States,New York,USD,337500.0,142.699008,2025-12-08,nyc_dof_rolling_sales,142.699008,,,,1920,,,01 ONE FAMILY DWELLINGS,NEW BRIGHTON,63 CASSIDY PLACE,01 ONE FAMILY DWELLINGS
us-nyc,United States,New York,USD,600000.0,231.049761,2025-10-29,nyc_dof_rolling_sales,231.049761,,,,1930,,,01 ONE FAMILY DWELLINGS,NEW BRIGHTON,149 FILLMORE STREET,01 ONE FAMILY DWELLINGS
us-nyc,United States,New York,USD,503500.0,115.19972,2025-11-20,nyc_dof_rolling_sales,115.19972,,,,1943,,,01 ONE FAMILY DWELLINGS,NEW BRIGHTON,123 PENDLETON PLACE,01 ONE FAMILY DWELLINGS
us-nyc,United States,New York,USD,525000.0,115.19972,2025-01-29,nyc_dof_rolling_sales,115.19972,,,,1943,,,01 ONE FAMILY DWELLINGS,NEW BRIGHTON,113 PENDLETON PLACE,01 ONE FAMILY DWELLINGS
us-nyc,United States,New York,USD,565000.0,115.19972,2025-12-04,nyc_dof_rolling_sales,115.19972,,,,1943,,,01 ONE FAMILY DWELLINGS,NEW BRIGHTON,245 FRANKLIN AVE,01 ONE FAMILY DWELLINGS
us-nyc,United States,New York,USD,325000.0,115.19972,2025-03-07,nyc_dof_rolling_sales,115.19972,,,,1943,,,01 ONE FAMILY DWELLINGS,NEW BRIGHTON,245 FRANKLIN AVENUE,01 ONE FAMILY DWELLINGS
us-nyc,United States,New York,USD,730000.0,133.78032,2025-01-27,nyc_dof_rolling_sales,133.78032,,,,1910,,,01 ONE FAMILY DWELLINGS,NEW BRIGHTON,271 LAFAYETTE AVENUE,01 ONE FAMILY DWELLINGS
us-nyc,United States,New York,USD,770000.0,168.526042,2025-02-11,nyc_dof_rolling_sales,168.526042,,,,1935,,,01 ONE FAMILY DWELLINGS,NEW BRIGHTON,143 ALDEN PLACE,01 ONE FAMILY DWELLINGS
us-nyc,United States,New York,USD,485000.0,110.55457,2025-02-28,nyc_dof_rolling_sales,110.55457,,,,1998,,,01 ONE FAMILY DWELLINGS,NEW BRIGHTON,106 ROBERT LANE,01 ONE FAMILY DWELLINGS
us-nyc,United States,New York,USD,500000.0,115.19972,2025-09-26,nyc_dof_rolling_sales,115.19972,,,,1950,,,01 ONE FAMILY DWELLINGS,NEW BRIGHTON,56 ARNOLD STREET,01 ONE FAMILY DWELLINGS
us-nyc,United States,New York,USD,580000.0,115.757138,2025-03-31,nyc_dof_rolling_sales,115.757138,,,,2024,,,01 ONE FAMILY DWELLINGS,NEW BRIGHTON,N/A PINE STREET,01 ONE FAMILY DWELLINGS
us-nyc,United States,New York,USD,594000.0,115.757138,2025-04-29,nyc_dof_rolling_sales,115.757138,,,,2024,,,01 ONE FAMILY DWELLINGS,NEW BRIGHTON,47 PINE STREET,01 ONE FAMILY DWELLINGS
us-nyc,United States,New York,USD,385000.0,75.25143,2025-05-30,nyc_dof_rolling_sales,75.25143,,,,1925,,,01 ONE FAMILY DWELLINGS,NEW BRIGHTON,37 STANLEY AVENUE,01 ONE FAMILY DWELLINGS
us-nyc,United States,New York,USD,549900.0,98.105568,2025-07-14,nyc_dof_rolling_sales,98.105568,,,,1930,,,01 ONE FAMILY DWELLINGS,NEW BRIGHTON,29 KINGSLEY PLACE,01 ONE FAMILY DWELLINGS
us-nyc,United States,New York,USD,630000.0,105.352002,2025-12-22,nyc_dof_rolling_sales,105.352002,,,,1920,,,01 ONE FAMILY DWELLINGS,NEW BRIGHTON,19 WEBSTER AVE,01 ONE FAMILY DWELLINGS
us-nyc,United States,New York,USD,15000.0,105.352002,2025-03-27,nyc_dof_rolling_sales,105.352002,,,,1920,,,01 ONE FAMILY DWELLINGS,NEW BRIGHTON,19 WEBSTER AVENUE,01 ONE FAMILY DWELLINGS
us-nyc,United States,New York,USD,325000.0,105.352002,2025-04-08,nyc_dof_rolling_sales,105.352002,,,,1920,,,01 ONE FAMILY DWELLINGS,NEW BRIGHTON,19 WEBSTER AVENUE,01 ONE FAMILY DWELLINGS
us-nyc,United States,New York,USD,520000.0,114.27069,2025-05-16,nyc_dof_rolling_sales,114.27069,,,,2002,,,01 ONE FAMILY DWELLINGS,NEW BRIGHTON,508 JERSEY STREET,01 ONE FAMILY DWELLINGS
us-nyc,United States,New York,USD,510000.0,100.33524,2025-03-17,nyc_dof_rolling_sales,100.33524,,,,1993,,,01 ONE FAMILY DWELLINGS,NEW BRIGHTON,333 GLEN AVENUE,01 ONE FAMILY DWELLINGS
us-nyc,United States,New York,USD,494700.0,100.33524,2025-01-31,nyc_dof_rolling_sales,100.33524,,,,1993,,,01 ONE FAMILY DWELLINGS,NEW BRIGHTON,321 GLEN AVENUE,01 ONE FAMILY DWELLINGS
us-nyc,United States,New York,USD,680000.0,224.82526,2025-11-10,nyc_dof_rolling_sales,224.82526,,,,1920,,,02 TWO FAMILY DWELLINGS,NEW BRIGHTON,99 MONROE AVENUE,02 TWO FAMILY DWELLINGS
us-nyc,United States,New York,USD,595000.0,225.75429,2025-11-10,nyc_dof_rolling_sales,225.75429,,,,1932,,,02 TWO FAMILY DWELLINGS,NEW BRIGHTON,165 DANIEL LOW TERRACE,02 TWO FAMILY DWELLINGS
us-nyc,United States,New York,USD,615000.0,225.75429,2025-05-08,nyc_dof_rolling_sales,225.75429,,,,1932,,,02 TWO FAMILY DWELLINGS,NEW BRIGHTON,163 DANIEL LOW TERRACE,02 TWO FAMILY DWELLINGS
us-nyc,United States,New York,USD,800000.0,301.93475,2025-01-15,nyc_dof_rolling_sales,301.93475,,,,2007,,,02 TWO FAMILY DWELLINGS,NEW BRIGHTON,119 VICTORY BOULEVARD,02 TWO FAMILY DWELLINGS
us-nyc,United States,New York,USD,720000.0,209.03175,2025-07-14,nyc_dof_rolling_sales,209.03175,,,,1925,,,02 TWO FAMILY DWELLINGS,NEW BRIGHTON,196 DANIEL LOW TERRACE,02 TWO FAMILY DWELLINGS
us-nyc,United States,New York,USD,560000.0,169.455072,2025-08-06,nyc_dof_rolling_sales,169.455072,,,,1925,,,02 TWO FAMILY DWELLINGS,NEW BRIGHTON,37 CRESCENT AVENUE,02 TWO FAMILY DWELLINGS
us-nyc,United States,New York,USD,550000.0,308.902475,2025-10-02,nyc_dof_rolling_sales,308.902475,,,,1925,,,02 TWO FAMILY DWELLINGS,NEW BRIGHTON,115 CORSON AVENUE,02 TWO FAMILY DWELLINGS
us-nyc,United States,New York,USD,824000.0,291.343808,2025-09-10,nyc_dof_rolling_sales,291.343808,,,,1930,,,02 TWO FAMILY DWELLINGS,NEW BRIGHTON,166 BENZIGER AVENUE,02 TWO FAMILY DWELLINGS
us-nyc,United States,New York,USD,732000.0,169.455072,2025-02-07,nyc_dof_rolling_sales,169.455072,,,,1915,,,02 TWO FAMILY DWELLINGS,NEW BRIGHTON,76 HENDRICKS AVENUE,02 TWO FAMILY DWELLINGS
us-nyc,United States,New York,USD,550000.0,276.386425,2025-08-04,nyc_dof_rolling_sales,276.386425,,,,1920,,,02 TWO FAMILY DWELLINGS,NEW BRIGHTON,68 HENDRICKS AVENUE,02 TWO FAMILY DWELLINGS
us-nyc,United States,New York,USD,850000.0,196.304039,2025-09-25,nyc_dof_rolling_sales,196.304039,,,,2017,,,02 TWO FAMILY DWELLINGS,NEW BRIGHTON,129 BENZIGER AVENUE,02 TWO FAMILY DWELLINGS
us-nyc,United States,New York,USD,675000.0,232.350403,2025-05-19,nyc_dof_rolling_sales,232.350403,,,,2006,,,02 TWO FAMILY DWELLINGS,NEW BRIGHTON,116 WINTER AVENUE,02 TWO FAMILY DWELLINGS
us-nyc,United States,New York,USD,934250.0,234.951687,2025-02-07,nyc_dof_rolling_sales,234.951687,,,,1920,,,02 TWO FAMILY DWELLINGS,NEW BRIGHTON,226 BENZIGER AVENUE,02 TWO FAMILY DWELLINGS
us-nyc,United States,New York,USD,720000.0,249.537458,2025-03-28,nyc_dof_rolling_sales,249.537458,,,,1920,,,02 TWO FAMILY DWELLINGS,NEW BRIGHTON,137 WINTER AVENUE,02 TWO FAMILY DWELLINGS
us-nyc,United States,New York,USD,454500.0,167.504109,2025-08-07,nyc_dof_rolling_sales,167.504109,,,,1920,,,02 TWO FAMILY DWELLINGS,NEW BRIGHTON,205 BENZIGER AVE,02 TWO FAMILY DWELLINGS
us-nyc,United States,New York,USD,300000.0,167.504109,2025-05-15,nyc_dof_rolling_sales,167.504109,,,,1920,,,02 TWO FAMILY DWELLINGS,NEW BRIGHTON,205 BENZIGER AVENUE,02 TWO FAMILY DWELLINGS
us-nyc,United States,New York,USD,740000.0,144.557068,2025-06-16,nyc_dof_rolling_sales,144.557068,,,,1920,,,02 TWO FAMILY DWELLINGS,NEW BRIGHTON,98 TAFT AVENUE,02 TWO FAMILY DWELLINGS
us-nyc,United States,New York,USD,490000.0,163.787989,2025-10-31,nyc_dof_rolling_sales,163.787989,,,,1905,,,02 TWO FAMILY DWELLINGS,NEW BRIGHTON,75 TAFT AVENUE,02 TWO FAMILY DWELLINGS
us-nyc,United States,New York,USD,800000.0,253.62519,2025-05-08,nyc_dof_rolling_sales,253.62519,,,,1905,,,02 TWO FAMILY DWELLINGS,NEW BRIGHTON,116 CRESCENT AVENUE,02 TWO FAMILY DWELLINGS
us-nyc,United States,New York,USD,500.0,245.078114,2025-01-10,nyc_dof_rolling_sales,245.078114,,,,1910,,,02 TWO FAMILY DWELLINGS,NEW BRIGHTON,186 BEECHWOOD AVENUE,02 TWO FAMILY DWELLINGS
us-nyc,United States,New York,USD,535000.0,245.078114,2025-08-25,nyc_dof_rolling_sales,245.078114,,,,1910,,,02 TWO FAMILY DWELLINGS,NEW BRIGHTON,186 BEECHWOOD AVENUE,02 TWO FAMILY DWELLINGS
us-nyc,United States,New York,USD,820000.0,253.067772,2025-03-31,nyc_dof_rolling_sales,253.067772,,,,1925,,,02 TWO FAMILY DWELLINGS,NEW BRIGHTON,142 WESTERVELT AVENUE,02 TWO FAMILY DWELLINGS
us-nyc,United States,New York,USD,525000.0,201.042092,2025-03-06,nyc_dof_rolling_sales,201.042092,,,,1925,,,02 TWO FAMILY DWELLINGS,NEW BRIGHTON,176 WESTERVELT AVENUE,02 TWO FAMILY DWELLINGS
us-nyc,United States,New York,USD,650000.0,138.239664,2025-02-13,nyc_dof_rolling_sales,138.239664,,,,1925,,,02 TWO FAMILY DWELLINGS,NEW BRIGHTON,81 CRESCENT AVENUE,02 TWO FAMILY DWELLINGS
us-nyc,United States,New York,USD,550000.0,192.773725,2025-07-18,nyc_dof_rolling_sales,192.773725,,,,1925,,,02 TWO FAMILY DWELLINGS,NEW BRIGHTON,106 WESTERVELT AVENUE,02 TWO FAMILY DWELLINGS
us-nyc,United States,New York,USD,815000.0,272.48449899999997,2025-03-21,nyc_dof_rolling_sales,272.48449899999997,,,,1901,,,02 TWO FAMILY DWELLINGS,NEW BRIGHTON,81 HIGHVIEW AVENUE,02 TWO FAMILY DWELLINGS
us-nyc,United States,New York,USD,410000.0,303.235392,2025-11-12,nyc_dof_rolling_sales,303.235392,,,,1899,,,02 TWO FAMILY DWELLINGS,NEW BRIGHTON,203 FRANKLIN AVENUE,02 TWO FAMILY DWELLINGS
us-nyc,United States,New York,USD,1395000.0,257.80582499999997,2025-06-17,nyc_dof_rolling_sales,257.80582499999997,,,,1905,,,02 TWO FAMILY DWELLINGS,NEW BRIGHTON,121 LAFAYETTE AVENUE,02 TWO FAMILY DWELLINGS
us-nyc,United States,New York,USD,625000.0,173.914416,2025-04-11,nyc_dof_rolling_sales,173.914416,,,,1910,,,02 TWO FAMILY DWELLINGS,NEW BRIGHTON,51 CASSIDY PLACE,02 TWO FAMILY DWELLINGS
us-nyc,United States,New York,USD,700000.0,173.542804,2025-08-25,nyc_dof_rolling_sales,173.542804,,,,1930,,,02 TWO FAMILY DWELLINGS,NEW BRIGHTON,175 FILLMORE STREET,02 TWO FAMILY DWELLINGS
us-nyc,United States,New York,USD,750000.0,157.65639099999999,2025-08-04,nyc_dof_rolling_sales,157.65639099999999,,,,1920,,,02 TWO FAMILY DWELLINGS,NEW BRIGHTON,14 PROSPECT AVENUE,02 TWO FAMILY DWELLINGS
us-nyc,United States,New York,USD,710000.0,115.19972,2025-07-10,nyc_dof_rolling_sales,115.19972,,,,1943,,,02 TWO FAMILY DWELLINGS,NEW BRIGHTON,93 ARNOLD STREET,02 TWO FAMILY DWELLINGS
us-nyc,United States,New York,USD,675000.0,143.813844,2025-07-02,nyc_dof_rolling_sales,143.813844,,,,1943,,,02 TWO FAMILY DWELLINGS,NEW BRIGHTON,67 ARNOLD STREET,02 TWO FAMILY DWELLINGS
us-nyc,United States,New York,USD,490000.0,130.0642,2025-03-20,nyc_dof_rolling_sales,130.0642,,,,1920,,,02 TWO FAMILY DWELLINGS,NEW BRIGHTON,113 BRIGHTON AVENUE,02 TWO FAMILY DWELLINGS
us-nyc,United States,New York,USD,755000.0,204.3866,2025-10-28,nyc_dof_rolling_sales,204.3866,,,,1910,,,02 TWO FAMILY DWELLINGS,NEW BRIGHTON,18 ELY STREET,02 TWO FAMILY DWELLINGS
us-nyc,United States,New York,USD,400000.0,160.536384,2025-10-29,nyc_dof_rolling_sales,160.536384,,,,1910,,,02 TWO FAMILY DWELLINGS,NEW BRIGHTON,50 PINE STREET,02 TWO FAMILY DWELLINGS
us-nyc,United States,New York,USD,650000.0,167.597012,2025-01-23,nyc_dof_rolling_sales,167.597012,,,,1910,,,02 TWO FAMILY DWELLINGS,NEW BRIGHTON,540 JERSEY STREET,02 TWO FAMILY DWELLINGS
us-nyc,United States,New York,USD,350000.0,243.870375,2025-05-23,nyc_dof_rolling_sales,243.870375,,,,1910,,,03 THREE FAMILY DWELLINGS,NEW BRIGHTON,296 ST MARKS PLACE,03 THREE FAMILY DWELLINGS
us-nyc,United States,New York,USD,830000.0,227.983962,2025-02-25,nyc_dof_rolling_sales,227.983962,,,,1899,,,03 THREE FAMILY DWELLINGS,NEW BRIGHTON,373 WESTERVELT AVENUE,03 THREE FAMILY DWELLINGS
us-nyc,United States,New York,USD,925000.0,211.540131,2025-05-03,nyc_dof_rolling_sales,211.540131,,,,1910,,,03 THREE FAMILY DWELLINGS,NEW BRIGHTON,32 WESTERVELT AVENUE,03 THREE FAMILY DWELLINGS
us-nyc,United States,New York,USD,900000.0,243.870375,2025-01-16,nyc_dof_rolling_sales,243.870375,,,,1927,,,03 THREE FAMILY DWELLINGS,NEW BRIGHTON,73 YORK AVENUE,03 THREE FAMILY DWELLINGS
us-nyc,United States,New York,USD,999888.0,355.632684,2025-09-26,nyc_dof_rolling_sales,355.632684,,,,1920,,,03 THREE FAMILY DWELLINGS,NEW BRIGHTON,65 YORK AVENUE,03 THREE FAMILY DWELLINGS
us-nyc,United States,New York,USD,930000.0,282.146411,2025-01-23,nyc_dof_rolling_sales,282.146411,,,,1899,,,03 THREE FAMILY DWELLINGS,NEW BRIGHTON,80 VAN BUREN STREET,03 THREE FAMILY DWELLINGS
us-nyc,United States,New York,USD,950000.0,288.92833,2025-04-22,nyc_dof_rolling_sales,288.92833,,,,1915,,,03 THREE FAMILY DWELLINGS,NEW BRIGHTON,40 CASSIDY PLACE,03 THREE FAMILY DWELLINGS
us-nyc,United States,New York,USD,799000.0,436.458294,2025-01-30,nyc_dof_rolling_sales,436.458294,,,,1910,,,07 RENTALS - WALKUP APARTMENTS,NEW BRIGHTON,36 MONROE AVENUE,07 RENTALS - WALKUP APARTMENTS
us-nyc,United States,New York,USD,3460000.0,2318.8588799999998,2025-03-18,nyc_dof_rolling_sales,2318.8588799999998,,,,1931,,,07 RENTALS - WALKUP APARTMENTS,NEW BRIGHTON,25 SHERMAN AVENUE,07 RENTALS - WALKUP APARTMENTS
us-nyc,United States,New York,USD,1275000.0,445.9344,2025-08-19,nyc_dof_rolling_sales,445.9344,,,,1900,,,07 RENTALS - WALKUP APARTMENTS,NEW BRIGHTON,344 WESTERVELT AVENUE,07 RENTALS - WALKUP APARTMENTS
us-nyc,United States,New York,USD,790000.0,294.316704,2025-05-30,nyc_dof_rolling_sales,294.316704,,,,1915,,,07 RENTALS - WALKUP APARTMENTS,NEW BRIGHTON,79 LAFAYETTE AVENUE,07 RENTALS - WALKUP APARTMENTS
us-nyc,United States,New York,USD,285000.0,nan,2025-05-05,nyc_dof_rolling_sales,nan,,,,1960,,,10 COOPS - ELEVATOR APARTMENTS,NEW BRIGHTON,"350 RICHMOND TERRACE, 1N",10 COOPS - ELEVATOR APARTMENTS
us-nyc,United States,New York,USD,282000.0,nan,2025-08-20,nyc_dof_rolling_sales,nan,,,,1960,,,10 COOPS - ELEVATOR APARTMENTS,NEW BRIGHTON,"350 RICHMOND TERRACE, 4E",10 COOPS - ELEVATOR APARTMENTS
us-nyc,United States,New York,USD,245000.0,nan,2025-12-18,nyc_dof_rolling_sales,nan,,,,1960,,,10 COOPS - ELEVATOR APARTMENTS,NEW BRIGHTON,"350 RICHMOND TERRACE, 7J",10 COOPS - ELEVATOR APARTMENTS
us-nyc,United States,New York,USD,280000.0,nan,2025-09-26,nyc_dof_rolling_sales,nan,,,,1963,,,10 COOPS - ELEVATOR APARTMENTS,NEW BRIGHTON,"50 FORT PL, B2C",10 COOPS - ELEVATOR APARTMENTS
us-nyc,United States,New York,USD,387000.0,nan,2025-08-18,nyc_dof_rolling_sales,nan,,,,1963,,,10 COOPS - ELEVATOR APARTMENTS,NEW BRIGHTON,"50 FORT PLACE, A2-E",10 COOPS - ELEVATOR APARTMENTS
us-nyc,United States,New York,USD,370000.0,nan,2025-07-08,nyc_dof_rolling_sales,nan,,,,1963,,,10 COOPS - ELEVATOR APARTMENTS,NEW BRIGHTON,"50 FORT PLACE, B4E",10 COOPS - ELEVATOR APARTMENTS
us-nyc,United States,New York,USD,1150000.0,334.4508,2025-10-01,nyc_dof_rolling_sales,334.4508,,,,1899,,,14 RENTALS - 4-10 UNIT,NEW BRIGHTON,9 CORSON AVENUE,14 RENTALS - 4-10 UNIT
us-nyc,United States,New York,USD,1670000.0,334.4508,2025-10-29,nyc_dof_rolling_sales,334.4508,,,,1900,,,27 FACTORIES,NEW BRIGHTON,166 VAN BUREN STREET,27 FACTORIES
us-nyc,United States,New York,USD,1280000.0,325.1605,2025-03-18,nyc_dof_rolling_sales,325.1605,,,,1944,,,29 COMMERCIAL GARAGES,NEW BRIGHTON,109 MONTGOMERY AVENUE,29 COMMERCIAL GARAGES
us-nyc,United States,New York,USD,2600000.0,174.193125,2025-11-20,nyc_dof_rolling_sales,174.193125,,,,1930,,,29 COMMERCIAL GARAGES,NEW BRIGHTON,562 RICHMOND TERRACE,29 COMMERCIAL GARAGES
us-nyc,United States,New York,USD,2600000.0,371.612,2025-11-20,nyc_dof_rolling_sales,371.612,,,,1930,,,29 COMMERCIAL GARAGES,NEW BRIGHTON,550 RICHMOND TERRACE,29 COMMERCIAL GARAGES
us-nyc,United States,New York,USD,2600000.0,111.4836,2025-11-20,nyc_dof_rolling_sales,111.4836,,,,1900,,,30 WAREHOUSES,NEW BRIGHTON,544 RICHMOND TERRACE,30 WAREHOUSES
us-nyc,United States,New York,USD,368000.0,nan,2025-09-11,nyc_dof_rolling_sales,nan,,,,1984,,,10 COOPS - ELEVATOR APARTMENTS,NEW BRIGHTON-ST. GEORGE,"10 BAY STREET LANDING, 5L",10 COOPS - ELEVATOR APARTMENTS
us-nyc,United States,New York,USD,520000.0,nan,2025-04-27,nyc_dof_rolling_sales,nan,,,,1984,,,10 COOPS - ELEVATOR APARTMENTS,NEW BRIGHTON-ST. GEORGE,"10 BAY STREET LANDING, A8I",10 COOPS - ELEVATOR APARTMENTS
us-nyc,United States,New York,USD,83148.0,nan,2025-10-03,nyc_dof_rolling_sales,nan,,,,1963,,,10 COOPS - ELEVATOR APARTMENTS,NEW BRIGHTON-ST. GEORGE,"36 HAMILTON AVENUE, 1C",10 COOPS - ELEVATOR APARTMENTS
us-nyc,United States,New York,USD,235000.0,nan,2025-10-21,nyc_dof_rolling_sales,nan,,,,1963,,,10 COOPS - ELEVATOR APARTMENTS,NEW BRIGHTON-ST. GEORGE,"36 HAMILTON AVENUE, 1M",10 COOPS - ELEVATOR APARTMENTS
us-nyc,United States,New York,USD,310000.0,nan,2025-07-22,nyc_dof_rolling_sales,nan,,,,1963,,,10 COOPS - ELEVATOR APARTMENTS,NEW BRIGHTON-ST. GEORGE,"36 HAMILTON AVENUE, 3D",10 COOPS - ELEVATOR APARTMENTS
us-nyc,United States,New York,USD,265000.0,nan,2025-03-28,nyc_dof_rolling_sales,nan,,,,1963,,,10 COOPS - ELEVATOR APARTMENTS,NEW BRIGHTON-ST. GEORGE,"36 HAMILTON AVENUE, 4A",10 COOPS - ELEVATOR APARTMENTS
us-nyc,United States,New York,USD,175000.0,nan,2025-04-29,nyc_dof_rolling_sales,nan,,,,1963,,,10 COOPS - ELEVATOR APARTMENTS,NEW BRIGHTON-ST. GEORGE,"36 HAMILTON AVENUE, 5B",10 COOPS - ELEVATOR APARTMENTS
us-nyc,United States,New York,USD,450000.0,nan,2025-02-18,nyc_dof_rolling_sales,nan,,,,1985,,,13 CONDOS - ELEVATOR APARTMENTS,NEW BRIGHTON-ST. GEORGE,"80 BAY STREET LANDING, 4K",13 CONDOS - ELEVATOR APARTMENTS
us-nyc,United States,New York,USD,615000.0,nan,2025-07-15,nyc_dof_rolling_sales,nan,,,,1985,,,13 CONDOS - ELEVATOR APARTMENTS,NEW BRIGHTON-ST. GEORGE,"80 BAY STREET LANDING, 5D",13 CONDOS - ELEVATOR APARTMENTS
us-nyc,United States,New York,USD,645000.0,nan,2025-07-01,nyc_dof_rolling_sales,nan,,,,1985,,,13 CONDOS - ELEVATOR APARTMENTS,NEW BRIGHTON-ST. GEORGE,"80 BAY STREET LANDING, 8HY",13 CONDOS - ELEVATOR APARTMENTS
us-nyc,United States,New York,USD,540000.0,nan,2025-06-26,nyc_dof_rolling_sales,nan,,,,1985,,,13 CONDOS - ELEVATOR APARTMENTS,NEW BRIGHTON-ST. GEORGE,"80 BAY STREET LANDING, 8M",13 CONDOS - ELEVATOR APARTMENTS
us-nyc,United States,New York,USD,507000.0,nan,2025-02-18,nyc_dof_rolling_sales,nan,,,,1900,,,13 CONDOS - ELEVATOR APARTMENTS,NEW BRIGHTON-ST. GEORGE,"90 BAY STREET LANDING, 1D",13 CONDOS - ELEVATOR APARTMENTS
us-nyc,United States,New York,USD,355000.0,nan,2025-01-15,nyc_dof_rolling_sales,nan,,,,1900,,,13 CONDOS - ELEVATOR APARTMENTS,NEW BRIGHTON-ST. GEORGE,"90 BAY STREET LANDING, 5F",13 CONDOS - ELEVATOR APARTMENTS
us-nyc,United States,New York,USD,880000.0,nan,2025-01-24,nyc_dof_rolling_sales,nan,,,,1900,,,13 CONDOS - ELEVATOR APARTMENTS,NEW BRIGHTON-ST. GEORGE,"90 BAY STREET LANDING, 5M",13 CONDOS - ELEVATOR APARTMENTS
us-nyc,United States,New York,USD,920000.0,nan,2025-08-08,nyc_dof_rolling_sales,nan,,,,1900,,,13 CONDOS - ELEVATOR APARTMENTS,NEW BRIGHTON-ST. GEORGE,"90 BAY STREET LANDING, 6B",13 CONDOS - ELEVATOR APARTMENTS
us-nyc,United States,New York,USD,372500.0,nan,2025-01-15,nyc_dof_rolling_sales,nan,,,,1900,,,13 CONDOS - ELEVATOR APARTMENTS,NEW BRIGHTON-ST. GEORGE,"90 BAY STREET LANDING, 6H",13 CONDOS - ELEVATOR APARTMENTS
us-nyc,United States,New York,USD,999000.0,nan,2025-10-09,nyc_dof_rolling_sales,nan,,,,1900,,,13 CONDOS - ELEVATOR APARTMENTS,NEW BRIGHTON-ST. GEORGE,"90 BAY STREET LANDING, 6L",13 CONDOS - ELEVATOR APARTMENTS
us-nyc,United States,New York,USD,643500.0,nan,2025-06-17,nyc_dof_rolling_sales,nan,,,,1900,,,13 CONDOS - ELEVATOR APARTMENTS,NEW BRIGHTON-ST. GEORGE,"90 BAY STREET LANDING, 7A",13 CONDOS - ELEVATOR APARTMENTS
us-nyc,United States,New York,USD,800000.0,nan,2025-03-20,nyc_dof_rolling_sales,nan,,,,1900,,,13 CONDOS - ELEVATOR APARTMENTS,NEW BRIGHTON-ST. GEORGE,"90 BAY STREET LANDING, 7D",13 CONDOS - ELEVATOR APARTMENTS
us-nyc,United States,New York,USD,414000.0,nan,2025-04-02,nyc_dof_rolling_sales,nan,,,,1900,,,13 CONDOS - ELEVATOR APARTMENTS,NEW BRIGHTON-ST. GEORGE,"90 BAY STREET LANDING, 7G",13 CONDOS - ELEVATOR APARTMENTS
us-nyc,United States,New York,USD,799888.0,nan,2025-06-11,nyc_dof_rolling_sales,nan,,,,1900,,,13 CONDOS - ELEVATOR APARTMENTS,NEW BRIGHTON-ST. GEORGE,"90 BAY STREET LANDING, 8F",13 CONDOS - ELEVATOR APARTMENTS
us-nyc,United States,New York,USD,425000.0,nan,2025-03-06,nyc_dof_rolling_sales,nan,,,,2005,,,13 CONDOS - ELEVATOR APARTMENTS,NEW BRIGHTON-ST. GEORGE,"155 BAY STREET, 3G",13 CONDOS - ELEVATOR APARTMENTS
us-nyc,United States,New York,USD,400000.0,nan,2025-09-15,nyc_dof_rolling_sales,nan,,,,2005,,,13 CONDOS - ELEVATOR APARTMENTS,NEW BRIGHTON-ST. GEORGE,"155 BAY STREET, 4H",13 CONDOS - ELEVATOR APARTMENTS
us-nyc,United States,New York,USD,1471931.0,1035.775547,2025-06-24,nyc_dof_rolling_sales,1035.775547,,,,1936,,,22 STORE BUILDINGS,NEW BRIGHTON-ST. GEORGE,15 HYATT STREET,22 STORE BUILDINGS
us-nyc,United States,New York,USD,850000.0,140.28353,2025-04-28,nyc_dof_rolling_sales,140.28353,,,,1960,,,01 ONE FAMILY DWELLINGS,NEW DORP,31 BRYANT AVENUE,01 ONE FAMILY DWELLINGS
us-nyc,United States,New York,USD,1059000.0,148.6448,2025-07-29,nyc_dof_rolling_sales,148.6448,,,,1979,,,01 ONE FAMILY DWELLINGS,NEW DORP,122 PRESCOTT AVENUE,01 ONE FAMILY DWELLINGS
us-nyc,United States,New York,USD,390000.0,73.207564,2025-09-29,nyc_dof_rolling_sales,73.207564,,,,1920,,,01 ONE FAMILY DWELLINGS,NEW DORP,138 PRESCOTT AVENUE,01 ONE FAMILY DWELLINGS
us-nyc,United States,New York,USD,670000.0,148.6448,2025-09-02,nyc_dof_rolling_sales,148.6448,,,,1989,,,01 ONE FAMILY DWELLINGS,NEW DORP,183 EDISON STREET,01 ONE FAMILY DWELLINGS
us-nyc,United States,New York,USD,10.0,186.549224,2025-01-08,nyc_dof_rolling_sales,186.549224,,,,1945,,,01 ONE FAMILY DWELLINGS,NEW DORP,143 BRYANT AVENUE,01 ONE FAMILY DWELLINGS
us-nyc,United States,New York,USD,650000.0,85.842372,2025-02-21,nyc_dof_rolling_sales,85.842372,,,,1950,,,01 ONE FAMILY DWELLINGS,NEW DORP,113 CLAWSON STREET,01 ONE FAMILY DWELLINGS
us-nyc,United States,New York,USD,685000.0,98.105568,2025-03-06,nyc_dof_rolling_sales,98.105568,,,,1950,,,01 ONE FAMILY DWELLINGS,NEW DORP,201 BRYANT AVENUE,01 ONE FAMILY DWELLINGS
us-nyc,United States,New York,USD,785000.0,107.024256,2025-01-03,nyc_dof_rolling_sales,107.024256,,,,1910,,,01 ONE FAMILY DWELLINGS,NEW DORP,272 PRESCOTT AVENUE,01 ONE FAMILY DWELLINGS
us-nyc,United States,New York,USD,910000.0,171.684744,2025-05-20,nyc_dof_rolling_sales,171.684744,,,,1920,,,01 ONE FAMILY DWELLINGS,NEW DORP,18 ALLISON PLACE,01 ONE FAMILY DWELLINGS
us-nyc,United States,New York,USD,718000.0,134.895156,2025-10-15,nyc_dof_rolling_sales,134.895156,,,,1980,,,01 ONE FAMILY DWELLINGS,NEW DORP,15 ALLISON PLACE,01 ONE FAMILY DWELLINGS
us-nyc,United States,New York,USD,735000.0,166.482176,2025-06-05,nyc_dof_rolling_sales,166.482176,,,,1960,,,01 ONE FAMILY DWELLINGS,NEW DORP,3 LOCUST AVENUE,01 ONE FAMILY DWELLINGS
us-nyc,United States,New York,USD,1100000.0,138.239664,2025-08-19,nyc_dof_rolling_sales,138.239664,,,,1925,,,01 ONE FAMILY DWELLINGS,NEW DORP,103 OTIS AVENUE,01 ONE FAMILY DWELLINGS
us-nyc,United States,New York,USD,758800.0,186.549224,2025-07-09,nyc_dof_rolling_sales,186.549224,,,,1920,,,01 ONE FAMILY DWELLINGS,NEW DORP,74 STEELE AVENUE,01 ONE FAMILY DWELLINGS
us-nyc,United States,New York,USD,605580.0,66.89016,2025-11-01,nyc_dof_rolling_sales,66.89016,,,,1960,,,01 ONE FAMILY DWELLINGS,NEW DORP,155 LOCUST AVENUE,01 ONE FAMILY DWELLINGS
us-nyc,United States,New York,USD,654000.0,83.6127,2025-01-09,nyc_dof_rolling_sales,83.6127,,,,1950,,,01 ONE FAMILY DWELLINGS,NEW DORP,160 LOCUST AVENUE,01 ONE FAMILY DWELLINGS
us-nyc,United States,New York,USD,870000.0,141.398366,2025-11-26,nyc_dof_rolling_sales,141.398366,,,,1940,,,01 ONE FAMILY DWELLINGS,NEW DORP,158 BURBANK AVENUE,01 ONE FAMILY DWELLINGS
us-nyc,United States,New York,USD,660000.0,110.740376,2025-07-02,nyc_dof_rolling_sales,110.740376,,,,1928,,,01 ONE FAMILY DWELLINGS,NEW DORP,233 LOCUST AVENUE,01 ONE FAMILY DWELLINGS
us-nyc,United States,New York,USD,680000.0,129.320976,2025-01-07,nyc_dof_rolling_sales,129.320976,,,,1930,,,01 ONE FAMILY DWELLINGS,NEW DORP,204 OTIS AVENUE,01 ONE FAMILY DWELLINGS
us-nyc,United States,New York,USD,715000.0,90.580425,2025-12-05,nyc_dof_rolling_sales,90.580425,,,,1930,,,01 ONE FAMILY DWELLINGS,NEW DORP,239 BURBANK AVENUE,01 ONE FAMILY DWELLINGS
us-nyc,United States,New York,USD,750000.0,93.553321,2025-03-12,nyc_dof_rolling_sales,93.553321,,,,1955,,,01 ONE FAMILY DWELLINGS,NEW DORP,237 CLAWSON STREET,01 ONE FAMILY DWELLINGS
us-nyc,United States,New York,USD,910000.0,148.6448,2025-11-18,nyc_dof_rolling_sales,148.6448,,,,1945,,,01 ONE FAMILY DWELLINGS,NEW DORP,238 BURBANK AVENUE,01 ONE FAMILY DWELLINGS
us-nyc,United States,New York,USD,1.0,173.914416,2025-10-21,nyc_dof_rolling_sales,173.914416,,,,1960,,,01 ONE FAMILY DWELLINGS,NEW DORP,344 EDISON STREET,01 ONE FAMILY DWELLINGS
us-nyc,United States,New York,USD,1.0,116.12875,2025-10-21,nyc_dof_rolling_sales,116.12875,,,,1950,,,01 ONE FAMILY DWELLINGS,NEW DORP,124 JACQUES AVENUE,01 ONE FAMILY DWELLINGS
us-nyc,United States,New York,USD,728000.0,86.864305,2025-07-21,nyc_dof_rolling_sales,86.864305,,,,1950,,,01 ONE FAMILY DWELLINGS,NEW DORP,297 BURBANK AVENUE,01 ONE FAMILY DWELLINGS
us-nyc,United States,New York,USD,649000.0,120.7739,2025-05-28,nyc_dof_rolling_sales,120.7739,,,,1955,,,01 ONE FAMILY DWELLINGS,NEW DORP,294 LOCUST AVENUE,01 ONE FAMILY DWELLINGS
us-nyc,United States,New York,USD,820000.0,154.21898,2025-10-29,nyc_dof_rolling_sales,154.21898,,,,1930,,,01 ONE FAMILY DWELLINGS,NEW DORP,260 CLAWSON STREET,01 ONE FAMILY DWELLINGS
us-nyc,United States,New York,USD,910000.0,136.56741,2025-01-17,nyc_dof_rolling_sales,136.56741,,,,1925,,,01 ONE FAMILY DWELLINGS,NEW DORP,196 JACQUES AVENUE,01 ONE FAMILY DWELLINGS
us-nyc,United States,New York,USD,890000.0,167.2254,2025-04-28,nyc_dof_rolling_sales,167.2254,,,,2005,,,01 ONE FAMILY DWELLINGS,NEW DORP,12B MILL ROAD,01 ONE FAMILY DWELLINGS
us-nyc,United States,New York,USD,885000.0,185.806,2025-07-14,nyc_dof_rolling_sales,185.806,,,,1960,,,01 ONE FAMILY DWELLINGS,NEW DORP,61 CUBA AVENUE,01 ONE FAMILY DWELLINGS
us-nyc,United States,New York,USD,710000.0,127.834528,2025-07-09,nyc_dof_rolling_sales,127.834528,,,,1960,,,01 ONE FAMILY DWELLINGS,NEW DORP,34 TITUS AVENUE,01 ONE FAMILY DWELLINGS
us-nyc,United States,New York,USD,700000.0,114.27069,2025-09-15,nyc_dof_rolling_sales,114.27069,,,,1965,,,01 ONE FAMILY DWELLINGS,NEW DORP,562 NEW DORP LANE,01 ONE FAMILY DWELLINGS
us-nyc,United States,New York,USD,850000.0,157.9351,2025-04-07,nyc_dof_rolling_sales,157.9351,,,,1920,,,01 ONE FAMILY DWELLINGS,NEW DORP,29 WEED AVENUE,01 ONE FAMILY DWELLINGS
us-nyc,United States,New York,USD,1075000.0,167.2254,2025-05-30,nyc_dof_rolling_sales,167.2254,,,,1935,,,01 ONE FAMILY DWELLINGS,NEW DORP,49 WEED AVENUE,01 ONE FAMILY DWELLINGS
us-nyc,United States,New York,USD,1010000.0,84.727536,2025-10-29,nyc_dof_rolling_sales,84.727536,,,,1950,,,01 ONE FAMILY DWELLINGS,NEW DORP,154 CUBA AVENUE,01 ONE FAMILY DWELLINGS
us-nyc,United States,New York,USD,765000.0,118.91584,2025-04-21,nyc_dof_rolling_sales,118.91584,,,,1994,,,01 ONE FAMILY DWELLINGS,NEW DORP,134C CUBA AVENUE,01 ONE FAMILY DWELLINGS
us-nyc,United States,New York,USD,668000.0,107.024256,2025-03-27,nyc_dof_rolling_sales,107.024256,,,,1965,,,01 ONE FAMILY DWELLINGS,NEW DORP,9 WINHAM AVENUE,01 ONE FAMILY DWELLINGS
us-nyc,United States,New York,USD,700000.0,148.6448,2025-04-07,nyc_dof_rolling_sales,148.6448,,,,1996,,,01 ONE FAMILY DWELLINGS,NEW DORP,102 WEED AVENUE,01 ONE FAMILY DWELLINGS
us-nyc,United States,New York,USD,410000.0,39.01926,2025-06-25,nyc_dof_rolling_sales,39.01926,,,,1930,,,01 ONE FAMILY DWELLINGS,NEW DORP,230 WEED AVE,01 ONE FAMILY DWELLINGS
us-nyc,United States,New York,USD,727500.0,148.6448,2025-06-12,nyc_dof_rolling_sales,148.6448,,,,1996,,,01 ONE FAMILY DWELLINGS,NEW DORP,89 ISERNIA AVENUE,01 ONE FAMILY DWELLINGS
us-nyc,United States,New York,USD,814700.0,201.042092,2025-05-28,nyc_dof_rolling_sales,201.042092,,,,1970,,,01 ONE FAMILY DWELLINGS,NEW DORP,265 MILTON AVENUE,01 ONE FAMILY DWELLINGS
us-nyc,United States,New York,USD,750000.0,174.007319,2025-01-06,nyc_dof_rolling_sales,174.007319,,,,1960,,,01 ONE FAMILY DWELLINGS,NEW DORP,105 MANILA AVENUE,01 ONE FAMILY DWELLINGS
us-nyc,United States,New York,USD,890000.0,174.007319,2025-10-15,nyc_dof_rolling_sales,174.007319,,,,1960,,,01 ONE FAMILY DWELLINGS,NEW DORP,748 TYSENS LANE,01 ONE FAMILY DWELLINGS
us-nyc,United States,New York,USD,890000.0,174.007319,2025-05-14,nyc_dof_rolling_sales,174.007319,,,,1960,,,01 ONE FAMILY DWELLINGS,NEW DORP,49 EVA AVENUE,01 ONE FAMILY DWELLINGS
us-nyc,United States,New York,USD,746000.0,105.352002,2025-12-10,nyc_dof_rolling_sales,105.352002,,,,1960,,,01 ONE FAMILY DWELLINGS,NEW DORP,74 EVA AVENUE,01 ONE FAMILY DWELLINGS
us-nyc,United States,New York,USD,10.0,182.08988,2025-06-04,nyc_dof_rolling_sales,182.08988,,,,1980,,,01 ONE FAMILY DWELLINGS,NEW DORP,21 2 STREET,01 ONE FAMILY DWELLINGS
us-nyc,United States,New York,USD,860000.0,193.981464,2025-01-30,nyc_dof_rolling_sales,193.981464,,,,1940,,,01 ONE FAMILY DWELLINGS,NEW DORP,136 NEW DORP LANE,01 ONE FAMILY DWELLINGS
us-nyc,United States,New York,USD,1105000.0,180.04601399999999,2025-01-10,nyc_dof_rolling_sales,180.04601399999999,,,,1920,,,01 ONE FAMILY DWELLINGS,NEW DORP,37 10 STREET,01 ONE FAMILY DWELLINGS
us-nyc,United States,New York,USD,650000.0,133.78032,2025-03-26,nyc_dof_rolling_sales,133.78032,,,,1980,,,01 ONE FAMILY DWELLINGS,NEW DORP,164 NEW DORP PLAZA,01 ONE FAMILY DWELLINGS
us-nyc,United States,New York,USD,695000.0,133.78032,2025-04-08,nyc_dof_rolling_sales,133.78032,,,,1980,,,01 ONE FAMILY DWELLINGS,NEW DORP,158 NEW DORP PLAZA,01 ONE FAMILY DWELLINGS
us-nyc,United States,New York,USD,830000.0,159.79316,2025-04-01,nyc_dof_rolling_sales,159.79316,,,,1930,,,01 ONE FAMILY DWELLINGS,NEW DORP,101 8TH STREET,01 ONE FAMILY DWELLINGS
us-nyc,United States,New York,USD,1080000.0,156.07704,2025-06-16,nyc_dof_rolling_sales,156.07704,,,,1950,,,01 ONE FAMILY DWELLINGS,NEW DORP,109 8 STREET,01 ONE FAMILY DWELLINGS
us-nyc,United States,New York,USD,1200000.0,101.078464,2025-10-14,nyc_dof_rolling_sales,101.078464,,,,1925,,,01 ONE FAMILY DWELLINGS,NEW DORP,267 ROSE AVENUE,01 ONE FAMILY DWELLINGS
us-nyc,United States,New York,USD,935000.0,114.456496,2025-08-12,nyc_dof_rolling_sales,114.456496,,,,1965,,,01 ONE FAMILY DWELLINGS,NEW DORP,395 CLAWSON STREET,01 ONE FAMILY DWELLINGS
us-nyc,United States,New York,USD,525000.0,128.670655,2025-05-29,nyc_dof_rolling_sales,128.670655,,,,1955,,,01 ONE FAMILY DWELLINGS,NEW DORP,291 BEACH AVENUE,01 ONE FAMILY DWELLINGS
us-nyc,United States,New York,USD,575000.0,176.144088,2025-09-30,nyc_dof_rolling_sales,176.144088,,,,1950,,,01 ONE FAMILY DWELLINGS,NEW DORP,354 ROSE AVENUE,01 ONE FAMILY DWELLINGS
us-nyc,United States,New York,USD,530000.0,86.957208,2025-03-31,nyc_dof_rolling_sales,86.957208,,,,1950,,,01 ONE FAMILY DWELLINGS,NEW DORP,345 BEACH AVENUE,01 ONE FAMILY DWELLINGS
us-nyc,United States,New York,USD,660000.0,118.91584,2025-02-21,nyc_dof_rolling_sales,118.91584,,,,1980,,,01 ONE FAMILY DWELLINGS,NEW DORP,24 BEHAN COURT,01 ONE FAMILY DWELLINGS
us-nyc,United States,New York,USD,480000.0,137.49644,2025-06-30,nyc_dof_rolling_sales,137.49644,,,,1997,,,01 ONE FAMILY DWELLINGS,NEW DORP,305D TYSENS LANE,01 ONE FAMILY DWELLINGS
us-nyc,United States,New York,USD,1205000.0,151.617696,2025-07-23,nyc_dof_rolling_sales,151.617696,,,,1945,,,01 ONE FAMILY DWELLINGS,NEW DORP,65 ALLISON AVENUE,01 ONE FAMILY DWELLINGS
us-nyc,United States,New York,USD,1230000.0,251.023906,2025-02-19,nyc_dof_rolling_sales,251.023906,,,,1945,,,01 ONE FAMILY DWELLINGS,NEW DORP,34 ALLISON AVENUE,01 ONE FAMILY DWELLINGS
us-nyc,United States,New York,USD,750000.0,96.61912,2025-10-21,nyc_dof_rolling_sales,96.61912,,,,1955,,,01 ONE FAMILY DWELLINGS,NEW DORP,82 ALLISON AVENUE,01 ONE FAMILY DWELLINGS
us-nyc,United States,New York,USD,599000.0,126.34808,2025-04-10,nyc_dof_rolling_sales,126.34808,,,,1975,,,01 ONE FAMILY DWELLINGS,NEW DORP,1666 SOUTH RAILROAD AVENUE,01 ONE FAMILY DWELLINGS
us-nyc,United States,New York,USD,900000.0,175.02925199999999,2025-05-23,nyc_dof_rolling_sales,175.02925199999999,,,,1960,,,01 ONE FAMILY DWELLINGS,NEW DORP,74 RENO AVENUE,01 ONE FAMILY DWELLINGS
us-nyc,United States,New York,USD,675000.0,124.49002,2025-03-03,nyc_dof_rolling_sales,124.49002,,,,1955,,,01 ONE FAMILY DWELLINGS,NEW DORP,146 10 STREET,01 ONE FAMILY DWELLINGS
us-nyc,United States,New York,USD,855000.0,106.83845,2025-04-08,nyc_dof_rolling_sales,106.83845,,,,1960,,,01 ONE FAMILY DWELLINGS,NEW DORP,129 RENO AVENUE,01 ONE FAMILY DWELLINGS
us-nyc,United States,New York,USD,760000.0,96.61912,2025-08-18,nyc_dof_rolling_sales,96.61912,,,,1960,,,01 ONE FAMILY DWELLINGS,NEW DORP,205 CANNON BOULEVARD,01 ONE FAMILY DWELLINGS
us-nyc,United States,New York,USD,825000.0,96.61912,2025-11-21,nyc_dof_rolling_sales,96.61912,,,,1940,,,01 ONE FAMILY DWELLINGS,NEW DORP,218 CANNON BOULEVARD,01 ONE FAMILY DWELLINGS
us-nyc,United States,New York,USD,1095000.0,201.413704,2025-06-30,nyc_dof_rolling_sales,201.413704,,,,1915,,,02 TWO FAMILY DWELLINGS,NEW DORP,38 GREELEY AVENUE,02 TWO FAMILY DWELLINGS
us-nyc,United States,New York,USD,1250000.0,254.92583199999999,2025-09-12,nyc_dof_rolling_sales,254.92583199999999,,,,1930,,,02 TWO FAMILY DWELLINGS,NEW DORP,23 BANCROFT AVENUE,02 TWO FAMILY DWELLINGS
us-nyc,United States,New York,USD,1303360.0,233.000724,2025-11-26,nyc_dof_rolling_sales,233.000724,,,,2025,,,02 TWO FAMILY DWELLINGS,NEW DORP,71 PRESCOTT AVENUE,02 TWO FAMILY DWELLINGS
us-nyc,United States,New York,USD,1303360.0,233.000724,2025-11-07,nyc_dof_rolling_sales,233.000724,,,,2025,,,02 TWO FAMILY DWELLINGS,NEW DORP,65 PRESCOTT AVENUE,02 TWO FAMILY DWELLINGS
us-nyc,United States,New York,USD,700000.0,123.003572,2025-09-08,nyc_dof_rolling_sales,123.003572,,,,1930,,,02 TWO FAMILY DWELLINGS,NEW DORP,124 BANCROFT AVENUE,02 TWO FAMILY DWELLINGS
us-nyc,United States,New York,USD,800000.0,172.79958,2025-08-06,nyc_dof_rolling_sales,172.79958,,,,1930,,,02 TWO FAMILY DWELLINGS,NEW DORP,128 BANCROFT AVENUE,02 TWO FAMILY DWELLINGS
us-nyc,United States,New York,USD,1080000.0,148.6448,2025-10-17,nyc_dof_rolling_sales,148.6448,,,,1955,,,02 TWO FAMILY DWELLINGS,NEW DORP,2309 HYLAN BLVD,02 TWO FAMILY DWELLINGS
us-nyc,United States,New York,USD,1471371.0,223.338812,2025-05-19,nyc_dof_rolling_sales,223.338812,,,,1955,,,02 TWO FAMILY DWELLINGS,NEW DORP,276 PRESCOTT AVENUE,02 TWO FAMILY DWELLINGS
us-nyc,United States,New York,USD,695000.0,188.128575,2025-06-12,nyc_dof_rolling_sales,188.128575,,,,1991,,,02 TWO FAMILY DWELLINGS,NEW DORP,1279 NORTH RAILROAD AVE,02 TWO FAMILY DWELLINGS
us-nyc,United States,New York,USD,888000.0,192.680822,2025-05-05,nyc_dof_rolling_sales,192.680822,,,,1980,,,02 TWO FAMILY DWELLINGS,NEW DORP,24 JACQUES AVENUE,02 TWO FAMILY DWELLINGS
us-nyc,United States,New York,USD,1476463.0,222.03817,2025-08-20,nyc_dof_rolling_sales,222.03817,,,,2025,,,02 TWO FAMILY DWELLINGS,NEW DORP,200 BRYANT AVE,02 TWO FAMILY DWELLINGS
us-nyc,United States,New York,USD,10.0,120.7739,2025-07-31,nyc_dof_rolling_sales,120.7739,,,,2005,,,02 TWO FAMILY DWELLINGS,NEW DORP,216 DARTMOUTH LOOP,02 TWO FAMILY DWELLINGS
us-nyc,United States,New York,USD,1039999.0,209.03175,2025-09-15,nyc_dof_rolling_sales,209.03175,,,,1982,,,02 TWO FAMILY DWELLINGS,NEW DORP,16 MILL ROAD,02 TWO FAMILY DWELLINGS
us-nyc,United States,New York,USD,965000.0,191.008568,2025-02-12,nyc_dof_rolling_sales,191.008568,,,,2012,,,02 TWO FAMILY DWELLINGS,NEW DORP,246 MILL ROAD,02 TWO FAMILY DWELLINGS
us-nyc,United States,New York,USD,900000.0,198.440808,2025-04-21,nyc_dof_rolling_sales,198.440808,,,,1960,,,02 TWO FAMILY DWELLINGS,NEW DORP,109 MANILA AVENUE,02 TWO FAMILY DWELLINGS
us-nyc,United States,New York,USD,950000.0,198.440808,2025-03-04,nyc_dof_rolling_sales,198.440808,,,,1960,,,02 TWO FAMILY DWELLINGS,NEW DORP,298 WEED AVENUE,02 TWO FAMILY DWELLINGS
us-nyc,United States,New York,USD,975000.0,148.6448,2025-03-14,nyc_dof_rolling_sales,148.6448,,,,2003,,,02 TWO FAMILY DWELLINGS,NEW DORP,12 1 STREET,02 TWO FAMILY DWELLINGS
us-nyc,United States,New York,USD,1199999.0,182.08988,2025-07-28,nyc_dof_rolling_sales,182.08988,,,,2006,,,02 TWO FAMILY DWELLINGS,NEW DORP,121 3 STREET,02 TWO FAMILY DWELLINGS
us-nyc,United States,New York,USD,995000.0,167.132497,2025-12-04,nyc_dof_rolling_sales,167.132497,,,,1940,,,02 TWO FAMILY DWELLINGS,NEW DORP,20 8 STREET,02 TWO FAMILY DWELLINGS
us-nyc,United States,New York,USD,840000.0,175.215058,2025-06-24,nyc_dof_rolling_sales,175.215058,,,,1925,,,02 TWO FAMILY DWELLINGS,NEW DORP,151 ROSS AVENUE,02 TWO FAMILY DWELLINGS
us-nyc,United States,New York,USD,850000.0,130.0642,2025-05-02,nyc_dof_rolling_sales,130.0642,,,,2003,,,02 TWO FAMILY DWELLINGS,NEW DORP,60 8TH STREET,02 TWO FAMILY DWELLINGS
us-nyc,United States,New York,USD,1260000.0,186.549224,2025-09-08,nyc_dof_rolling_sales,186.549224,,,,1910,,,02 TWO FAMILY DWELLINGS,NEW DORP,79 10 STREET,02 TWO FAMILY DWELLINGS
us-nyc,United States,New York,USD,1050000.0,187.292448,2025-05-29,nyc_dof_rolling_sales,187.292448,,,,1925,,,02 TWO FAMILY DWELLINGS,NEW DORP,14 CODDINGTON AVENUE,02 TWO FAMILY DWELLINGS
us-nyc,United States,New York,USD,650000.0,268.675476,2025-01-20,nyc_dof_rolling_sales,268.675476,,,,2015,,,02 TWO FAMILY DWELLINGS,NEW DORP,273 8 STREET,02 TWO FAMILY DWELLINGS
us-nyc,United States,New York,USD,880000.0,111.4836,2025-09-09,nyc_dof_rolling_sales,111.4836,,,,1993,,,02 TWO FAMILY DWELLINGS,NEW DORP,227 CANNON BOULEVARD,02 TWO FAMILY DWELLINGS
us-nyc,United States,New York,USD,999000.0,171.684744,2025-01-30,nyc_dof_rolling_sales,171.684744,,,,1965,,,02 TWO FAMILY DWELLINGS,NEW DORP,589 CLAWSON ST,02 TWO FAMILY DWELLINGS
us-nyc,United States,New York,USD,12000.0,353.0314,2025-09-08,nyc_dof_rolling_sales,353.0314,,,,1940,,,03 THREE FAMILY DWELLINGS,NEW DORP,15 10 STREET,03 THREE FAMILY DWELLINGS
us-nyc,United States,New York,USD,235000.0,nan,2025-05-29,nyc_dof_rolling_sales,nan,,,,1988,,,04 TAX CLASS 1 CONDOS,NEW DORP,"53B FRANCINE COURT, 79B",04 TAX CLASS 1 CONDOS
us-nyc,United States,New York,USD,298500.0,nan,2025-07-15,nyc_dof_rolling_sales,nan,,,,1988,,,04 TAX CLASS 1 CONDOS,NEW DORP,"32B FRANCINE COURT, 98B",04 TAX CLASS 1 CONDOS
us-nyc,United States,New York,USD,485000.0,nan,2025-11-07,nyc_dof_rolling_sales,nan,,,,1988,,,04 TAX CLASS 1 CONDOS,NEW DORP,"20A FRANCINE COURT, 110A",04 TAX CLASS 1 CONDOS
us-nyc,United States,New York,USD,500000.0,nan,2025-02-07,nyc_dof_rolling_sales,nan,,,,2008,,,04 TAX CLASS 1 CONDOS,NEW DORP,"6 ARC PLACE, A1",04 TAX CLASS 1 CONDOS
us-nyc,United States,New York,USD,485000.0,nan,2025-09-17,nyc_dof_rolling_sales,nan,,,,2008,,,04 TAX CLASS 1 CONDOS,NEW DORP,"6 ARC PLACE, A4",04 TAX CLASS 1 CONDOS
us-nyc,United States,New York,USD,480000.0,nan,2025-04-01,nyc_dof_rolling_sales,nan,,,,2008,,,04 TAX CLASS 1 CONDOS,NEW DORP,"6 ARC PLACE, A6",04 TAX CLASS 1 CONDOS
us-nyc,United States,New York,USD,479900.0,nan,2025-05-08,nyc_dof_rolling_sales,nan,,,,2008,,,04 TAX CLASS 1 CONDOS,NEW DORP,"6 ARC PLACE, B3",04 TAX CLASS 1 CONDOS
us-nyc,United States,New York,USD,3525000.0,929.03,2025-11-13,nyc_dof_rolling_sales,929.03,,,,1976,,,07 RENTALS - WALKUP APARTMENTS,NEW DORP,184 ROSE AVENUE,07 RENTALS - WALKUP APARTMENTS
us-nyc,United States,New York,USD,3000000.0,520.2568,2025-06-27,nyc_dof_rolling_sales,520.2568,,,,1949,,,22 STORE BUILDINGS,NEW DORP,257 NEW DORP LANE,22 STORE BUILDINGS
us-nyc,United States,New York,USD,1200000.0,69.026929,2025-06-27,nyc_dof_rolling_sales,69.026929,,,,1972,,,22 STORE BUILDINGS,NEW DORP,260 NEW DORP LANE,22 STORE BUILDINGS
us-nyc,United States,New York,USD,3000000.0,nan,2025-09-03,nyc_dof_rolling_sales,nan,,,,2007,,,43 CONDO OFFICE BUILDINGS,NEW DORP,"265 NEW DORP LANE, C",43 CONDO OFFICE BUILDINGS
us-nyc,United States,New York,USD,3000000.0,nan,2025-09-03,nyc_dof_rolling_sales,nan,,,,2007,,,43 CONDO OFFICE BUILDINGS,NEW DORP,"267 NEW DORP LANE, C",43 CONDO OFFICE BUILDINGS
us-nyc,United States,New York,USD,580000.0,nan,2025-08-18,nyc_dof_rolling_sales,nan,,,,2008,,,43 CONDO OFFICE BUILDINGS,NEW DORP,"6 ARC PLACE, C1",43 CONDO OFFICE BUILDINGS
us-nyc,United States,New York,USD,580000.0,nan,2025-08-18,nyc_dof_rolling_sales,nan,,,,,,,44 CONDO PARKING,NEW DORP,"6 ARC PLACE, P4",44 CONDO PARKING
us-nyc,United States,New York,USD,580000.0,nan,2025-08-18,nyc_dof_rolling_sales,nan,,,,2008,,,44 CONDO PARKING,NEW DORP,"6 ARC PLACE, P5",44 CONDO PARKING
us-nyc,United States,New York,USD,479900.0,nan,2025-05-08,nyc_dof_rolling_sales,nan,,,,,,,44 CONDO PARKING,NEW DORP,"6 ARC PLACE, P8",44 CONDO PARKING
us-nyc,United States,New York,USD,580000.0,nan,2025-08-18,nyc_dof_rolling_sales,nan,,,,,,,44 CONDO PARKING,NEW DORP,"6 ARC PLACE, P9",44 CONDO PARKING
us-nyc,United States,New York,USD,580000.0,nan,2025-08-18,nyc_dof_rolling_sales,nan,,,,,,,44 CONDO PARKING,NEW DORP,"6 ARC PLACE, P10",44 CONDO PARKING
us-nyc,United States,New York,USD,580000.0,nan,2025-08-18,nyc_dof_rolling_sales,nan,,,,,,,44 CONDO PARKING,NEW DORP,"6 ARC PLACE, P11",44 CONDO PARKING
us-nyc,United States,New York,USD,580000.0,nan,2025-08-18,nyc_dof_rolling_sales,nan,,,,,,,44 CONDO PARKING,NEW DORP,"6 ARC PLACE, P12",44 CONDO PARKING
us-nyc,United States,New York,USD,580000.0,nan,2025-08-18,nyc_dof_rolling_sales,nan,,,,,,,44 CONDO PARKING,NEW DORP,"6 ARC PLACE, P13",44 CONDO PARKING
us-nyc,United States,New York,USD,580000.0,nan,2025-08-18,nyc_dof_rolling_sales,nan,,,,,,,44 CONDO PARKING,NEW DORP,"6 ARC PLACE, P14",44 CONDO PARKING
us-nyc,United States,New York,USD,580000.0,nan,2025-08-18,nyc_dof_rolling_sales,nan,,,,,,,44 CONDO PARKING,NEW DORP,"6 ARC PLACE, P15",44 CONDO PARKING
us-nyc,United States,New York,USD,580000.0,nan,2025-08-18,nyc_dof_rolling_sales,nan,,,,,,,44 CONDO PARKING,NEW DORP,"6 ARC PLACE, P17",44 CONDO PARKING
us-nyc,United States,New York,USD,580000.0,nan,2025-08-18,nyc_dof_rolling_sales,nan,,,,,,,44 CONDO PARKING,NEW DORP,"6 ARC PLACE, P18",44 CONDO PARKING
us-nyc,United States,New York,USD,500000.0,nan,2025-02-07,nyc_dof_rolling_sales,nan,,,,,,,44 CONDO PARKING,NEW DORP,"6 ARC PLACE, P19",44 CONDO PARKING
us-nyc,United States,New York,USD,485000.0,nan,2025-09-17,nyc_dof_rolling_sales,nan,,,,,,,44 CONDO PARKING,NEW DORP,"6 ARC PLACE, P20",44 CONDO PARKING
us-nyc,United States,New York,USD,580000.0,nan,2025-08-18,nyc_dof_rolling_sales,nan,,,,,,,44 CONDO PARKING,NEW DORP,"6 ARC PLACE, P21",44 CONDO PARKING
us-nyc,United States,New York,USD,479900.0,nan,2025-05-08,nyc_dof_rolling_sales,nan,,,,,,,44 CONDO PARKING,NEW DORP,"6 ARC PLACE, P26",44 CONDO PARKING
us-nyc,United States,New York,USD,3000000.0,nan,2025-09-03,nyc_dof_rolling_sales,nan,,,,2007,,,46 CONDO STORE BUILDINGS,NEW DORP,"265 NEW DORP LANE, A",46 CONDO STORE BUILDINGS
us-nyc,United States,New York,USD,3000000.0,nan,2025-09-03,nyc_dof_rolling_sales,nan,,,,2007,,,46 CONDO STORE BUILDINGS,NEW DORP,"265 NEW DORP LANE, B",46 CONDO STORE BUILDINGS
us-nyc,United States,New York,USD,3000000.0,nan,2025-09-03,nyc_dof_rolling_sales,nan,,,,2007,,,46 CONDO STORE BUILDINGS,NEW DORP,"267 NEW DORP LANE, A",46 CONDO STORE BUILDINGS
us-nyc,United States,New York,USD,3000000.0,nan,2025-09-03,nyc_dof_rolling_sales,nan,,,,2007,,,46 CONDO STORE BUILDINGS,NEW DORP,"267 NEW DORP LANE, B",46 CONDO STORE BUILDINGS
us-nyc,United States,New York,USD,658000.0,80.639804,2025-02-13,nyc_dof_rolling_sales,80.639804,,,,1920,,,01 ONE FAMILY DWELLINGS,NEW DORP-BEACH,102 WINHAM AVENUE,01 ONE FAMILY DWELLINGS
us-nyc,United States,New York,USD,600000.0,179.30279,2025-06-11,nyc_dof_rolling_sales,179.30279,,,,1989,,,01 ONE FAMILY DWELLINGS,NEW DORP-BEACH,70 WINHAM AVENUE,01 ONE FAMILY DWELLINGS
us-nyc,United States,New York,USD,559000.0,73.579176,2025-02-21,nyc_dof_rolling_sales,73.579176,,,,1935,,,01 ONE FAMILY DWELLINGS,NEW DORP-BEACH,64 WINHAM AVENUE,01 ONE FAMILY DWELLINGS
us-nyc,United States,New York,USD,499900.0,73.950788,2025-03-06,nyc_dof_rolling_sales,73.950788,,,,1920,,,01 ONE FAMILY DWELLINGS,NEW DORP-BEACH,50 WINHAM AVENUE,01 ONE FAMILY DWELLINGS
us-nyc,United States,New York,USD,433000.0,81.290125,2025-09-26,nyc_dof_rolling_sales,81.290125,,,,1925,,,01 ONE FAMILY DWELLINGS,NEW DORP-BEACH,120 WINHAM AVENUE,01 ONE FAMILY DWELLINGS
us-nyc,United States,New York,USD,500000.0,171.684744,2025-01-29,nyc_dof_rolling_sales,171.684744,,,,1910,,,01 ONE FAMILY DWELLINGS,NEW DORP-BEACH,118 WINHAM AVENUE,01 ONE FAMILY DWELLINGS
us-nyc,United States,New York,USD,850000.0,102.1933,2025-08-05,nyc_dof_rolling_sales,102.1933,,,,1965,,,01 ONE FAMILY DWELLINGS,NEW DORP-BEACH,117 MILTON AVENUE,01 ONE FAMILY DWELLINGS
us-nyc,United States,New York,USD,565000.0,140.28353,2025-06-25,nyc_dof_rolling_sales,140.28353,,,,1989,,,01 ONE FAMILY DWELLINGS,NEW DORP-BEACH,125 MILTON AVENUE,01 ONE FAMILY DWELLINGS
us-nyc,United States,New York,USD,680000.0,130.0642,2025-03-31,nyc_dof_rolling_sales,130.0642,,,,1975,,,01 ONE FAMILY DWELLINGS,NEW DORP-BEACH,141 MILTON AVENUE,01 ONE FAMILY DWELLINGS
us-nyc,United States,New York,USD,575000.0,105.90942,2025-08-12,nyc_dof_rolling_sales,105.90942,,,,1989,,,01 ONE FAMILY DWELLINGS,NEW DORP-BEACH,132 MILTON AVENUE,01 ONE FAMILY DWELLINGS
us-nyc,United States,New York,USD,549900.0,105.90942,2025-08-21,nyc_dof_rolling_sales,105.90942,,,,1990,,,01 ONE FAMILY DWELLINGS,NEW DORP-BEACH,128 MILTON AVENUE,01 ONE FAMILY DWELLINGS
us-nyc,United States,New York,USD,470000.0,100.33524,2025-08-04,nyc_dof_rolling_sales,100.33524,,,,1990,,,01 ONE FAMILY DWELLINGS,NEW DORP-BEACH,21 NAVESINK PLACE,01 ONE FAMILY DWELLINGS
us-nyc,United States,New York,USD,515000.0,100.33524,2025-02-07,nyc_dof_rolling_sales,100.33524,,,,1980,,,01 ONE FAMILY DWELLINGS,NEW DORP-BEACH,239 FINLEY AVENUE,01 ONE FAMILY DWELLINGS
us-nyc,United States,New York,USD,670000.0,110.55457,2025-06-30,nyc_dof_rolling_sales,110.55457,,,,1970,,,01 ONE FAMILY DWELLINGS,NEW DORP-BEACH,825 TYSENS LANE,01 ONE FAMILY DWELLINGS
us-nyc,United States,New York,USD,499000.0,68.376608,2025-06-20,nyc_dof_rolling_sales,68.376608,,,,1925,,,01 ONE FAMILY DWELLINGS,NEW DORP-BEACH,34 FINLEY AVENUE,01 ONE FAMILY DWELLINGS
us-nyc,United States,New York,USD,778961.0,115.942944,2025-09-26,nyc_dof_rolling_sales,115.942944,,,,2023,,,01 ONE FAMILY DWELLINGS,NEW DORP-BEACH,12 FINLEY AVENUE,01 ONE FAMILY DWELLINGS
us-nyc,United States,New York,USD,778961.0,115.942944,2025-09-02,nyc_dof_rolling_sales,115.942944,,,,2023,,,01 ONE FAMILY DWELLINGS,NEW DORP-BEACH,N/A FINLEY AVENUE,01 ONE FAMILY DWELLINGS
us-nyc,United States,New York,USD,540000.0,98.105568,2025-06-20,nyc_dof_rolling_sales,98.105568,,,,1925,,,01 ONE FAMILY DWELLINGS,NEW DORP-BEACH,13 HETT AVENUE,01 ONE FAMILY DWELLINGS
us-nyc,United States,New York,USD,675000.0,139.3545,2025-09-11,nyc_dof_rolling_sales,139.3545,,,,1997,,,01 ONE FAMILY DWELLINGS,NEW DORP-BEACH,49 MARINE WAY,01 ONE FAMILY DWELLINGS
us-nyc,United States,New York,USD,785000.0,176.5157,2025-10-08,nyc_dof_rolling_sales,176.5157,,,,2003,,,01 ONE FAMILY DWELLINGS,NEW DORP-BEACH,82 FINLEY AVENUE,01 ONE FAMILY DWELLINGS
us-nyc,United States,New York,USD,775000.0,133.78032,2025-12-01,nyc_dof_rolling_sales,133.78032,,,,1970,,,01 ONE FAMILY DWELLINGS,NEW DORP-BEACH,93 ROMA AVENUE,01 ONE FAMILY DWELLINGS
us-nyc,United States,New York,USD,500000.0,86.213984,2025-11-25,nyc_dof_rolling_sales,86.213984,,,,1930,,,01 ONE FAMILY DWELLINGS,NEW DORP-BEACH,121 HETT AVENUE,01 ONE FAMILY DWELLINGS
us-nyc,United States,New York,USD,635000.0,102.1933,2025-02-04,nyc_dof_rolling_sales,102.1933,,,,1940,,,01 ONE FAMILY DWELLINGS,NEW DORP-BEACH,153 HETT AVENUE,01 ONE FAMILY DWELLINGS
us-nyc,United States,New York,USD,561310.0,96.61912,2025-10-29,nyc_dof_rolling_sales,96.61912,,,,1960,,,01 ONE FAMILY DWELLINGS,NEW DORP-BEACH,158 HETT AVENUE,01 ONE FAMILY DWELLINGS
us-nyc,United States,New York,USD,575000.0,126.719692,2025-08-14,nyc_dof_rolling_sales,126.719692,,,,1990,,,01 ONE FAMILY DWELLINGS,NEW DORP-BEACH,244 HETT AVENUE,01 ONE FAMILY DWELLINGS
us-nyc,United States,New York,USD,570000.0,120.7739,2025-01-15,nyc_dof_rolling_sales,120.7739,,,,1994,,,01 ONE FAMILY DWELLINGS,NEW DORP-BEACH,216 HETT AVENUE,01 ONE FAMILY DWELLINGS
us-nyc,United States,New York,USD,700000.0,186.549224,2025-09-23,nyc_dof_rolling_sales,186.549224,,,,1983,,,01 ONE FAMILY DWELLINGS,NEW DORP-BEACH,877 TYSENS LANE,01 ONE FAMILY DWELLINGS
us-nyc,United States,New York,USD,815000.0,144.742874,2025-07-23,nyc_dof_rolling_sales,144.742874,,,,1910,,,01 ONE FAMILY DWELLINGS,NEW DORP-BEACH,762 NEW DORP LANE,01 ONE FAMILY DWELLINGS
us-nyc,United States,New York,USD,439000.0,86.585596,2025-01-30,nyc_dof_rolling_sales,86.585596,,,,1930,,,01 ONE FAMILY DWELLINGS,NEW DORP-BEACH,25 WATERSIDE STREET,01 ONE FAMILY DWELLINGS
us-nyc,United States,New York,USD,445000.0,41.620544,2025-01-14,nyc_dof_rolling_sales,41.620544,,,,1920,,,01 ONE FAMILY DWELLINGS,NEW DORP-BEACH,38 NEPTUNE STREET,01 ONE FAMILY DWELLINGS
us-nyc,United States,New York,USD,509000.0,83.6127,2025-10-28,nyc_dof_rolling_sales,83.6127,,,,1920,,,01 ONE FAMILY DWELLINGS,NEW DORP-BEACH,54 WATERSIDE STREET,01 ONE FAMILY DWELLINGS
us-nyc,United States,New York,USD,495000.0,98.012665,2025-11-05,nyc_dof_rolling_sales,98.012665,,,,2017,,,01 ONE FAMILY DWELLINGS,NEW DORP-BEACH,2 SEAFOAM STREET,01 ONE FAMILY DWELLINGS
us-nyc,United States,New York,USD,320000.0,82.68367,2025-02-26,nyc_dof_rolling_sales,82.68367,,,,1945,,,01 ONE FAMILY DWELLINGS,NEW DORP-BEACH,30 SEAFOAM STREET,01 ONE FAMILY DWELLINGS
us-nyc,United States,New York,USD,272000.0,48.681172,2025-05-19,nyc_dof_rolling_sales,48.681172,,,,1930,,,01 ONE FAMILY DWELLINGS,NEW DORP-BEACH,46 SEAFOAM STREET,01 ONE FAMILY DWELLINGS
us-nyc,United States,New York,USD,575000.0,143.99965,2025-09-30,nyc_dof_rolling_sales,143.99965,,,,1920,,,01 ONE FAMILY DWELLINGS,NEW DORP-BEACH,41 CENTER PLACE,01 ONE FAMILY DWELLINGS
us-nyc,United States,New York,USD,335000.0,65.0321,2025-01-09,nyc_dof_rolling_sales,65.0321,,,,1920,,,01 ONE FAMILY DWELLINGS,NEW DORP-BEACH,31 CENTER PLACE,01 ONE FAMILY DWELLINGS
us-nyc,United States,New York,USD,334000.0,52.02568,2025-10-15,nyc_dof_rolling_sales,52.02568,,,,1920,,,01 ONE FAMILY DWELLINGS,NEW DORP-BEACH,27 CENTER PLACE,01 ONE FAMILY DWELLINGS
us-nyc,United States,New York,USD,10.0,47.38053,2025-05-21,nyc_dof_rolling_sales,47.38053,,,,1925,,,01 ONE FAMILY DWELLINGS,NEW DORP-BEACH,34 MAPLE TER,01 ONE FAMILY DWELLINGS
us-nyc,United States,New York,USD,399998.0,63.17404,2025-06-04,nyc_dof_rolling_sales,63.17404,,,,1920,,,01 ONE FAMILY DWELLINGS,NEW DORP-BEACH,6 CENTER PLACE,01 ONE FAMILY DWELLINGS
us-nyc,United States,New York,USD,311550.0,39.01926,2025-09-10,nyc_dof_rolling_sales,39.01926,,,,1930,,,01 ONE FAMILY DWELLINGS,NEW DORP-BEACH,35 MILBANK ROAD,01 ONE FAMILY DWELLINGS
us-nyc,United States,New York,USD,535000.0,83.241088,2025-10-01,nyc_dof_rolling_sales,83.241088,,,,1925,,,01 ONE FAMILY DWELLINGS,NEW DORP-BEACH,177 CEDAR GROVE AVENUE,01 ONE FAMILY DWELLINGS
us-nyc,United States,New York,USD,250000.0,46.823112,2025-05-07,nyc_dof_rolling_sales,46.823112,,,,1920,,,01 ONE FAMILY DWELLINGS,NEW DORP-BEACH,27 NEUTRAL AVENUE,01 ONE FAMILY DWELLINGS
us-nyc,United States,New York,USD,650000.0,133.315805,2025-01-22,nyc_dof_rolling_sales,133.315805,,,,2017,,,01 ONE FAMILY DWELLINGS,NEW DORP-BEACH,23 NEUTRAL AVENUE,01 ONE FAMILY DWELLINGS
us-nyc,United States,New York,USD,515000.0,73.579176,2025-09-05,nyc_dof_rolling_sales,73.579176,,,,1920,,,01 ONE FAMILY DWELLINGS,NEW DORP-BEACH,12 MILBANK ROAD,01 ONE FAMILY DWELLINGS
us-nyc,United States,New York,USD,482500.0,83.519797,2025-07-15,nyc_dof_rolling_sales,83.519797,,,,1910,,,01 ONE FAMILY DWELLINGS,NEW DORP-BEACH,38 MILBANK ROAD,01 ONE FAMILY DWELLINGS
us-nyc,United States,New York,USD,668250.0,109.997152,2025-03-14,nyc_dof_rolling_sales,109.997152,,,,1965,,,01 ONE FAMILY DWELLINGS,NEW DORP-BEACH,176 MANILA AVENUE,01 ONE FAMILY DWELLINGS
us-nyc,United States,New York,USD,740000.0,109.997152,2025-02-04,nyc_dof_rolling_sales,109.997152,,,,1965,,,01 ONE FAMILY DWELLINGS,NEW DORP-BEACH,24 ROBERTS DRIVE,01 ONE FAMILY DWELLINGS
us-nyc,United States,New York,USD,590000.0,97.54814999999999,2025-11-24,nyc_dof_rolling_sales,97.54814999999999,,,,1970,,,01 ONE FAMILY DWELLINGS,NEW DORP-BEACH,357 MILTON AVENUE,01 ONE FAMILY DWELLINGS
us-nyc,United States,New York,USD,710000.0,97.54814999999999,2025-05-16,nyc_dof_rolling_sales,97.54814999999999,,,,1965,,,01 ONE FAMILY DWELLINGS,NEW DORP-BEACH,798 TYSENS LANE,01 ONE FAMILY DWELLINGS
us-nyc,United States,New York,USD,825000.0,179.30279,2025-10-21,nyc_dof_rolling_sales,179.30279,,,,1986,,,01 ONE FAMILY DWELLINGS,NEW DORP-BEACH,860 TYSENS LANE,01 ONE FAMILY DWELLINGS
us-nyc,United States,New York,USD,850000.0,195.09629999999999,2025-03-10,nyc_dof_rolling_sales,195.09629999999999,,,,1980,,,02 TWO FAMILY DWELLINGS,NEW DORP-BEACH,244 FINLEY AVENUE,02 TWO FAMILY DWELLINGS
us-nyc,United States,New York,USD,800000.0,195.09629999999999,2025-10-01,nyc_dof_rolling_sales,195.09629999999999,,,,1989,,,02 TWO FAMILY DWELLINGS,NEW DORP-BEACH,253 HETT AVENUE,02 TWO FAMILY DWELLINGS
us-nyc,United States,New York,USD,900000.0,195.09629999999999,2025-11-21,nyc_dof_rolling_sales,195.09629999999999,,,,1986,,,02 TWO FAMILY DWELLINGS,NEW DORP-BEACH,300 HETT AVENUE,02 TWO FAMILY DWELLINGS
us-nyc,United States,New York,USD,1205608.0,197.047263,2025-10-20,nyc_dof_rolling_sales,197.047263,,,,2024,,,02 TWO FAMILY DWELLINGS,NEW DORP-BEACH,N/A MAPLE TERRACE,02 TWO FAMILY DWELLINGS
us-nyc,United States,New York,USD,640000.0,139.3545,2025-04-01,nyc_dof_rolling_sales,139.3545,,,,1935,,,02 TWO FAMILY DWELLINGS,NEW DORP-BEACH,154 ROMA AVENUE,02 TWO FAMILY DWELLINGS
us-nyc,United States,New York,USD,750000.0,246.19295,2025-06-10,nyc_dof_rolling_sales,246.19295,,,,1960,,,14 RENTALS - 4-10 UNIT,NEW DORP-BEACH,74 WINHAM AVENUE,14 RENTALS - 4-10 UNIT
us-nyc,United States,New York,USD,830000.0,185.806,2025-06-03,nyc_dof_rolling_sales,185.806,,,,1932,,,29 COMMERCIAL GARAGES,NEW DORP-BEACH,628 NEW DORP LANE,29 COMMERCIAL GARAGES
us-nyc,United States,New York,USD,336353.0,109.62554,2025-02-05,nyc_dof_rolling_sales,109.62554,,,,1965,,,01 ONE FAMILY DWELLINGS,NEW DORP-HEIGHTS,195 GELDNER AVENUE,01 ONE FAMILY DWELLINGS
us-nyc,United States,New York,USD,875000.0,94.76106,2025-05-12,nyc_dof_rolling_sales,94.76106,,,,1955,,,01 ONE FAMILY DWELLINGS,NEW DORP-HEIGHTS,176 GELDNER AVENUE,01 ONE FAMILY DWELLINGS
us-nyc,United States,New York,USD,940000.0,156.448652,2025-03-25,nyc_dof_rolling_sales,156.448652,,,,1950,,,01 ONE FAMILY DWELLINGS,NEW DORP-HEIGHTS,124 ST STEPHENS PLACE,01 ONE FAMILY DWELLINGS
us-nyc,United States,New York,USD,655000.0,148.6448,2025-06-06,nyc_dof_rolling_sales,148.6448,,,,1993,,,01 ONE FAMILY DWELLINGS,NEW DORP-HEIGHTS,6 ALTAMONT STREET,01 ONE FAMILY DWELLINGS
us-nyc,United States,New York,USD,659000.0,138.239664,2025-07-15,nyc_dof_rolling_sales,138.239664,,,,1920,,,01 ONE FAMILY DWELLINGS,NEW DORP-HEIGHTS,2341 RICHMOND ROAD,01 ONE FAMILY DWELLINGS
us-nyc,United States,New York,USD,855000.0,112.970048,2025-09-15,nyc_dof_rolling_sales,112.970048,,,,1930,,,01 ONE FAMILY DWELLINGS,NEW DORP-HEIGHTS,39 SUMMIT AVENUE,01 ONE FAMILY DWELLINGS
us-nyc,United States,New York,USD,680000.0,112.970048,2025-02-24,nyc_dof_rolling_sales,112.970048,,,,1960,,,01 ONE FAMILY DWELLINGS,NEW DORP-HEIGHTS,102 BEACON AVENUE,01 ONE FAMILY DWELLINGS
us-nyc,United States,New York,USD,460000.0,172.427968,2025-10-16,nyc_dof_rolling_sales,172.427968,,,,1856,,,01 ONE FAMILY DWELLINGS,NEW DORP-HEIGHTS,75 ROCKLAND AVENUE,01 ONE FAMILY DWELLINGS
us-nyc,United States,New York,USD,1100000.0,213.119482,2025-02-27,nyc_dof_rolling_sales,213.119482,,,,2015,,,01 ONE FAMILY DWELLINGS,NEW DORP-HEIGHTS,36 DI MARCO PLACE,01 ONE FAMILY DWELLINGS
us-nyc,United States,New York,USD,1200000.0,212.376258,2025-09-15,nyc_dof_rolling_sales,212.376258,,,,2015,,,01 ONE FAMILY DWELLINGS,NEW DORP-HEIGHTS,40 DIMARCO PLACE,01 ONE FAMILY DWELLINGS
us-nyc,United States,New York,USD,1118039.0,231.700082,2025-11-19,nyc_dof_rolling_sales,231.700082,,,,,,,01 ONE FAMILY DWELLINGS,NEW DORP-HEIGHTS,47 MILBURN STREET,01 ONE FAMILY DWELLINGS
us-nyc,United States,New York,USD,1272813.0,231.700082,2025-10-15,nyc_dof_rolling_sales,231.700082,,,,2025,,,01 ONE FAMILY DWELLINGS,NEW DORP-HEIGHTS,N/A MILBURN STREET,01 ONE FAMILY DWELLINGS
us-nyc,United States,New York,USD,1255502.0,231.700082,2025-09-17,nyc_dof_rolling_sales,231.700082,,,,2022,,,01 ONE FAMILY DWELLINGS,NEW DORP-HEIGHTS,60 ENFIELD PLACE,01 ONE FAMILY DWELLINGS
us-nyc,United States,New York,USD,1285000.0,201.134995,2025-07-01,nyc_dof_rolling_sales,201.134995,,,,2015,,,01 ONE FAMILY DWELLINGS,NEW DORP-HEIGHTS,63 ENFIELD PLACE,01 ONE FAMILY DWELLINGS
us-nyc,United States,New York,USD,750000.0,120.7739,2025-02-10,nyc_dof_rolling_sales,120.7739,,,,1920,,,01 ONE FAMILY DWELLINGS,NEW DORP-HEIGHTS,159 ROCKLAND AVENUE,01 ONE FAMILY DWELLINGS
us-nyc,United States,New York,USD,924000.0,124.49002,2025-09-10,nyc_dof_rolling_sales,124.49002,,,,1920,,,01 ONE FAMILY DWELLINGS,NEW DORP-HEIGHTS,152 NEVADA AVE,01 ONE FAMILY DWELLINGS
us-nyc,United States,New York,USD,577500.0,98.105568,2025-07-10,nyc_dof_rolling_sales,98.105568,,,,1920,,,01 ONE FAMILY DWELLINGS,NEW DORP-HEIGHTS,3096 RICHMOND ROAD,01 ONE FAMILY DWELLINGS
us-nyc,United States,New York,USD,785000.0,198.069196,2025-09-30,nyc_dof_rolling_sales,198.069196,,,,1965,,,01 ONE FAMILY DWELLINGS,NEW DORP-HEIGHTS,55 DOROTHEA PLACE,01 ONE FAMILY DWELLINGS
us-nyc,United States,New York,USD,838900.0,252.60325699999999,2025-05-29,nyc_dof_rolling_sales,252.60325699999999,,,,1930,,,01 ONE FAMILY DWELLINGS,NEW DORP-HEIGHTS,14 HOLLY PLACE,01 ONE FAMILY DWELLINGS
us-nyc,United States,New York,USD,640000.0,187.571157,2025-07-24,nyc_dof_rolling_sales,187.571157,,,,1925,,,01 ONE FAMILY DWELLINGS,NEW DORP-HEIGHTS,67 DALE AVENUE,01 ONE FAMILY DWELLINGS
us-nyc,United States,New York,USD,610000.0,130.0642,2025-06-27,nyc_dof_rolling_sales,130.0642,,,,1925,,,01 ONE FAMILY DWELLINGS,NEW DORP-HEIGHTS,109 DALE AVENUE,01 ONE FAMILY DWELLINGS
us-nyc,United States,New York,USD,1400000.0,222.9672,2025-02-21,nyc_dof_rolling_sales,222.9672,,,,1955,,,01 ONE FAMILY DWELLINGS,NEW DORP-HEIGHTS,32 BEACH AVENUE,01 ONE FAMILY DWELLINGS
us-nyc,United States,New York,USD,785000.0,104.05136,2025-10-14,nyc_dof_rolling_sales,104.05136,,,,1925,,,01 ONE FAMILY DWELLINGS,NEW DORP-HEIGHTS,96 DALE AVENUE,01 ONE FAMILY DWELLINGS
us-nyc,United States,New York,USD,700000.0,110.926182,2025-02-12,nyc_dof_rolling_sales,110.926182,,,,1938,,,01 ONE FAMILY DWELLINGS,NEW DORP-HEIGHTS,40 EBONY STREET,01 ONE FAMILY DWELLINGS
us-nyc,United States,New York,USD,650000.0,112.970048,2025-05-28,nyc_dof_rolling_sales,112.970048,,,,1965,,,01 ONE FAMILY DWELLINGS,NEW DORP-HEIGHTS,123 CRANFORD AVENUE,01 ONE FAMILY DWELLINGS
us-nyc,United States,New York,USD,680000.0,109.253928,2025-05-28,nyc_dof_rolling_sales,109.253928,,,,1960,,,01 ONE FAMILY DWELLINGS,NEW DORP-HEIGHTS,81 BELFAST AVENUE,01 ONE FAMILY DWELLINGS
us-nyc,United States,New York,USD,745000.0,126.34808,2025-07-24,nyc_dof_rolling_sales,126.34808,,,,1960,,,01 ONE FAMILY DWELLINGS,NEW DORP-HEIGHTS,83 VINCENT AVENUE,01 ONE FAMILY DWELLINGS
us-nyc,United States,New York,USD,789000.0,126.34808,2025-11-24,nyc_dof_rolling_sales,126.34808,,,,1960,,,01 ONE FAMILY DWELLINGS,NEW DORP-HEIGHTS,87 VINCENT AVENUE,01 ONE FAMILY DWELLINGS
us-nyc,United States,New York,USD,696105.0,126.34808,2025-01-08,nyc_dof_rolling_sales,126.34808,,,,1965,,,01 ONE FAMILY DWELLINGS,NEW DORP-HEIGHTS,102 BELFAST AVENUE,01 ONE FAMILY DWELLINGS
us-nyc,United States,New York,USD,680000.0,142.699008,2025-06-09,nyc_dof_rolling_sales,142.699008,,,,1975,,,01 ONE FAMILY DWELLINGS,NEW DORP-HEIGHTS,118 VINCENT AVENUE,01 ONE FAMILY DWELLINGS
us-nyc,United States,New York,USD,630000.0,254.182608,2025-08-20,nyc_dof_rolling_sales,254.182608,,,,1975,,,01 ONE FAMILY DWELLINGS,NEW DORP-HEIGHTS,106 VINCENT AVENUE,01 ONE FAMILY DWELLINGS
us-nyc,United States,New York,USD,510000.0,126.34808,2025-04-03,nyc_dof_rolling_sales,126.34808,,,,1960,,,01 ONE FAMILY DWELLINGS,NEW DORP-HEIGHTS,72 MOBILE AVENUE,01 ONE FAMILY DWELLINGS
us-nyc,United States,New York,USD,738000.0,159.79316,2025-02-07,nyc_dof_rolling_sales,159.79316,,,,1965,,,01 ONE FAMILY DWELLINGS,NEW DORP-HEIGHTS,88 EAST BROADWAY,01 ONE FAMILY DWELLINGS
us-nyc,United States,New York,USD,625000.0,107.024256,2025-09-10,nyc_dof_rolling_sales,107.024256,,,,1960,,,01 ONE FAMILY DWELLINGS,NEW DORP-HEIGHTS,208 TYSENS LANE,01 ONE FAMILY DWELLINGS
us-nyc,United States,New York,USD,998000.0,186.73503,2025-12-22,nyc_dof_rolling_sales,186.73503,,,,1965,,,01 ONE FAMILY DWELLINGS,NEW DORP-HEIGHTS,2889 AMBOY ROAD,01 ONE FAMILY DWELLINGS
us-nyc,United States,New York,USD,920000.0,156.07704,2025-11-04,nyc_dof_rolling_sales,156.07704,,,,1950,,,01 ONE FAMILY DWELLINGS,NEW DORP-HEIGHTS,30 WOLVERINE STREET,01 ONE FAMILY DWELLINGS
us-nyc,United States,New York,USD,810000.0,162.022832,2025-01-16,nyc_dof_rolling_sales,162.022832,,,,1940,,,01 ONE FAMILY DWELLINGS,NEW DORP-HEIGHTS,57 CEDARVIEW AVENUE,01 ONE FAMILY DWELLINGS
us-nyc,United States,New York,USD,845000.0,187.66406,2025-12-19,nyc_dof_rolling_sales,187.66406,,,,1920,,,02 TWO FAMILY DWELLINGS,NEW DORP-HEIGHTS,69 ROCKLAND AVENUE,02 TWO FAMILY DWELLINGS
us-nyc,United States,New York,USD,1527375.0,246.19295,2025-05-27,nyc_dof_rolling_sales,246.19295,,,,2024,,,02 TWO FAMILY DWELLINGS,NEW DORP-HEIGHTS,3034 RICHMOND ROAD,02 TWO FAMILY DWELLINGS
us-nyc,United States,New York,USD,688000.0,160.536384,2025-02-25,nyc_dof_rolling_sales,160.536384,,,,1994,,,02 TWO FAMILY DWELLINGS,NEW DORP-HEIGHTS,7 DALTON AVENUE,02 TWO FAMILY DWELLINGS
us-nyc,United States,New York,USD,1300000.0,219.25108,2025-02-14,nyc_dof_rolling_sales,219.25108,,,,1965,,,02 TWO FAMILY DWELLINGS,NEW DORP-HEIGHTS,112 DALTON AVENUE,02 TWO FAMILY DWELLINGS
us-nyc,United States,New York,USD,1.0,222.223976,2025-07-17,nyc_dof_rolling_sales,222.223976,,,,1965,,,02 TWO FAMILY DWELLINGS,NEW DORP-HEIGHTS,18 BARBARA STREET,02 TWO FAMILY DWELLINGS
us-nyc,United States,New York,USD,825000.0,104.05136,2025-09-04,nyc_dof_rolling_sales,104.05136,,,,1960,,,02 TWO FAMILY DWELLINGS,NEW DORP-HEIGHTS,56 WOLVERINE STREET,02 TWO FAMILY DWELLINGS
us-nyc,United States,New York,USD,1122000.0,169.455072,2025-12-10,nyc_dof_rolling_sales,169.455072,,,,1960,,,02 TWO FAMILY DWELLINGS,NEW DORP-HEIGHTS,39 THOMAS STREET,02 TWO FAMILY DWELLINGS
us-nyc,United States,New York,USD,999000.0,285.583822,2025-08-21,nyc_dof_rolling_sales,285.583822,,,,1960,,,02 TWO FAMILY DWELLINGS,NEW DORP-HEIGHTS,47 CEDARVIEW AVENUE,02 TWO FAMILY DWELLINGS
us-nyc,United States,New York,USD,1000.0,nan,2025-01-09,nyc_dof_rolling_sales,nan,,,,1987,,,04 TAX CLASS 1 CONDOS,NEW DORP-HEIGHTS,3160B RICHMOND ROAD,04 TAX CLASS 1 CONDOS
us-nyc,United States,New York,USD,340000.0,nan,2025-03-27,nyc_dof_rolling_sales,nan,,,,1987,,,04 TAX CLASS 1 CONDOS,NEW DORP-HEIGHTS,3160B RICHMOND ROAD,04 TAX CLASS 1 CONDOS
us-nyc,United States,New York,USD,829000.0,178.838275,2025-06-04,nyc_dof_rolling_sales,178.838275,,,,2014,,,01 ONE FAMILY DWELLINGS,NEW SPRINGVILLE,18 SWEETGUM LANE,01 ONE FAMILY DWELLINGS
us-nyc,United States,New York,USD,740000.0,143.99965,2025-03-06,nyc_dof_rolling_sales,143.99965,,,,2013,,,01 ONE FAMILY DWELLINGS,NEW SPRINGVILLE,60 SWEETGUM LANE,01 ONE FAMILY DWELLINGS
us-nyc,United States,New York,USD,800000.0,178.838275,2025-02-07,nyc_dof_rolling_sales,178.838275,,,,2014,,,01 ONE FAMILY DWELLINGS,NEW SPRINGVILLE,47 MONARCH COURT,01 ONE FAMILY DWELLINGS
us-nyc,United States,New York,USD,789250.0,143.99965,2025-10-30,nyc_dof_rolling_sales,143.99965,,,,2014,,,01 ONE FAMILY DWELLINGS,NEW SPRINGVILLE,35 MONARCH COURT,01 ONE FAMILY DWELLINGS
us-nyc,United States,New York,USD,800000.0,189.707926,2025-03-14,nyc_dof_rolling_sales,189.707926,,,,2014,,,01 ONE FAMILY DWELLINGS,NEW SPRINGVILLE,15 DOVETREE LANE,01 ONE FAMILY DWELLINGS
us-nyc,United States,New York,USD,1130000.0,143.256426,2025-10-09,nyc_dof_rolling_sales,143.256426,,,,1970,,,01 ONE FAMILY DWELLINGS,NEW SPRINGVILLE,470 ASHWORTH AVENUE,01 ONE FAMILY DWELLINGS
us-nyc,United States,New York,USD,775000.0,148.6448,2025-06-26,nyc_dof_rolling_sales,148.6448,,,,2000,,,01 ONE FAMILY DWELLINGS,NEW SPRINGVILLE,48 AMY LANE,01 ONE FAMILY DWELLINGS
us-nyc,United States,New York,USD,680000.0,167.2254,2025-08-21,nyc_dof_rolling_sales,167.2254,,,,1987,,,01 ONE FAMILY DWELLINGS,NEW SPRINGVILLE,119 GLENN ROAD,01 ONE FAMILY DWELLINGS
us-nyc,United States,New York,USD,650000.0,180.603432,2025-03-21,nyc_dof_rolling_sales,180.603432,,,,1988,,,01 ONE FAMILY DWELLINGS,NEW SPRINGVILLE,47 SLAYTON AVENUE,01 ONE FAMILY DWELLINGS
us-nyc,United States,New York,USD,745000.0,188.407284,2025-03-19,nyc_dof_rolling_sales,188.407284,,,,1997,,,01 ONE FAMILY DWELLINGS,NEW SPRINGVILLE,2046 RICHMOND AVENUE,01 ONE FAMILY DWELLINGS
us-nyc,United States,New York,USD,870000.0,204.014988,2025-03-05,nyc_dof_rolling_sales,204.014988,,,,1970,,,01 ONE FAMILY DWELLINGS,NEW SPRINGVILLE,219 FREEDOM AVENUE,01 ONE FAMILY DWELLINGS
us-nyc,United States,New York,USD,990000.0,204.014988,2025-01-16,nyc_dof_rolling_sales,204.014988,,,,1970,,,01 ONE FAMILY DWELLINGS,NEW SPRINGVILLE,52 DRAPER PLACE,01 ONE FAMILY DWELLINGS
us-nyc,United States,New York,USD,895000.0,151.989308,2025-01-31,nyc_dof_rolling_sales,151.989308,,,,1970,,,01 ONE FAMILY DWELLINGS,NEW SPRINGVILLE,27 KNAPP STREET,01 ONE FAMILY DWELLINGS
us-nyc,United States,New York,USD,390000.0,105.90942,2025-04-10,nyc_dof_rolling_sales,105.90942,,,,1985,,,01 ONE FAMILY DWELLINGS,NEW SPRINGVILLE,177 FREEDOM AVENUE,01 ONE FAMILY DWELLINGS
us-nyc,United States,New York,USD,600000.0,105.90942,2025-09-03,nyc_dof_rolling_sales,105.90942,,,,1985,,,01 ONE FAMILY DWELLINGS,NEW SPRINGVILLE,177 FREEDOM AVENUE,01 ONE FAMILY DWELLINGS
us-nyc,United States,New York,USD,10.0,143.813844,2025-11-24,nyc_dof_rolling_sales,143.813844,,,,1985,,,01 ONE FAMILY DWELLINGS,NEW SPRINGVILLE,153 FREEDOM AVENUE,01 ONE FAMILY DWELLINGS
us-nyc,United States,New York,USD,735000.0,143.813844,2025-08-27,nyc_dof_rolling_sales,143.813844,,,,1985,,,01 ONE FAMILY DWELLINGS,NEW SPRINGVILLE,149 FREEDOM AVENUE,01 ONE FAMILY DWELLINGS
us-nyc,United States,New York,USD,667000.0,140.097724,2025-06-02,nyc_dof_rolling_sales,140.097724,,,,1985,,,01 ONE FAMILY DWELLINGS,NEW SPRINGVILLE,141 FREEDOM AVENUE,01 ONE FAMILY DWELLINGS
us-nyc,United States,New York,USD,907000.0,212.840773,2025-08-11,nyc_dof_rolling_sales,212.840773,,,,1975,,,01 ONE FAMILY DWELLINGS,NEW SPRINGVILLE,10 DRAPER PLACE,01 ONE FAMILY DWELLINGS
us-nyc,United States,New York,USD,750000.0,132.665484,2025-11-14,nyc_dof_rolling_sales,132.665484,,,,1980,,,01 ONE FAMILY DWELLINGS,NEW SPRINGVILLE,907 TRAVIS AVENUE,01 ONE FAMILY DWELLINGS
us-nyc,United States,New York,USD,665000.0,130.0642,2025-06-23,nyc_dof_rolling_sales,130.0642,,,,1980,,,01 ONE FAMILY DWELLINGS,NEW SPRINGVILLE,74 SLEEPY HOLLOW ROAD,01 ONE FAMILY DWELLINGS
us-nyc,United States,New York,USD,740000.0,130.0642,2025-01-28,nyc_dof_rolling_sales,130.0642,,,,2005,,,01 ONE FAMILY DWELLINGS,NEW SPRINGVILLE,50 SLEEPY HOLLOW ROAD,01 ONE FAMILY DWELLINGS
us-nyc,United States,New York,USD,950000.0,230.027828,2025-08-25,nyc_dof_rolling_sales,230.027828,,,,1965,,,01 ONE FAMILY DWELLINGS,NEW SPRINGVILLE,49 PARK DRIVE NORTH,01 ONE FAMILY DWELLINGS
us-nyc,United States,New York,USD,925000.0,230.027828,2025-10-14,nyc_dof_rolling_sales,230.027828,,,,1965,,,01 ONE FAMILY DWELLINGS,NEW SPRINGVILLE,20 TODDY AVENUE,01 ONE FAMILY DWELLINGS
us-nyc,United States,New York,USD,830000.0,230.027828,2025-11-20,nyc_dof_rolling_sales,230.027828,,,,1965,,,01 ONE FAMILY DWELLINGS,NEW SPRINGVILLE,72 TODDY AVENUE,01 ONE FAMILY DWELLINGS
us-nyc,United States,New York,USD,800000.0,230.027828,2025-09-30,nyc_dof_rolling_sales,230.027828,,,,1965,,,01 ONE FAMILY DWELLINGS,NEW SPRINGVILLE,29 CARREAU AVENUE,01 ONE FAMILY DWELLINGS
us-nyc,United States,New York,USD,848500.0,202.342734,2025-03-04,nyc_dof_rolling_sales,202.342734,,,,1965,,,01 ONE FAMILY DWELLINGS,NEW SPRINGVILLE,28 GARY PLACE,01 ONE FAMILY DWELLINGS
us-nyc,United States,New York,USD,835000.0,208.845944,2025-11-17,nyc_dof_rolling_sales,208.845944,,,,1965,,,01 ONE FAMILY DWELLINGS,NEW SPRINGVILLE,117 GARY PLACE,01 ONE FAMILY DWELLINGS
us-nyc,United States,New York,USD,780000.0,144.92867999999999,2025-04-23,nyc_dof_rolling_sales,144.92867999999999,,,,1970,,,01 ONE FAMILY DWELLINGS,NEW SPRINGVILLE,53 PLYMOUTH ROAD,01 ONE FAMILY DWELLINGS
us-nyc,United States,New York,USD,1525000.0,352.659788,2025-06-09,nyc_dof_rolling_sales,352.659788,,,,1975,,,01 ONE FAMILY DWELLINGS,NEW SPRINGVILLE,45 SLEEPY HOLLOW ROAD,01 ONE FAMILY DWELLINGS
us-nyc,United States,New York,USD,758000.0,130.0642,2025-11-04,nyc_dof_rolling_sales,130.0642,,,,1975,,,01 ONE FAMILY DWELLINGS,NEW SPRINGVILLE,38 BOWLING GREEN PLACE,01 ONE FAMILY DWELLINGS
us-nyc,United States,New York,USD,210000.0,115.757138,2025-10-27,nyc_dof_rolling_sales,115.757138,,,,1980,,,01 ONE FAMILY DWELLINGS,NEW SPRINGVILLE,90 MULBERRY AVENUE,01 ONE FAMILY DWELLINGS
us-nyc,United States,New York,USD,603980.0,70.234668,2025-03-26,nyc_dof_rolling_sales,70.234668,,,,1987,,,01 ONE FAMILY DWELLINGS,NEW SPRINGVILLE,23 FERNDALE COURT,01 ONE FAMILY DWELLINGS
us-nyc,United States,New York,USD,890000.0,225.661387,2025-05-22,nyc_dof_rolling_sales,225.661387,,,,1984,,,01 ONE FAMILY DWELLINGS,NEW SPRINGVILLE,170 STEINWAY AVENUE,01 ONE FAMILY DWELLINGS
us-nyc,United States,New York,USD,935000.0,240.61877,2025-08-18,nyc_dof_rolling_sales,240.61877,,,,1985,,,01 ONE FAMILY DWELLINGS,NEW SPRINGVILLE,664 TRAVIS AVENUE,01 ONE FAMILY DWELLINGS
us-nyc,United States,New York,USD,860000.0,222.03817,2025-09-30,nyc_dof_rolling_sales,222.03817,,,,1983,,,01 ONE FAMILY DWELLINGS,NEW SPRINGVILLE,606 TRAVIS AVENUE,01 ONE FAMILY DWELLINGS
us-nyc,United States,New York,USD,720000.0,222.03817,2025-10-17,nyc_dof_rolling_sales,222.03817,,,,1985,,,01 ONE FAMILY DWELLINGS,NEW SPRINGVILLE,574 TRAVIS AVENUE,01 ONE FAMILY DWELLINGS
us-nyc,United States,New York,USD,902000.0,226.869126,2025-03-27,nyc_dof_rolling_sales,226.869126,,,,1985,,,01 ONE FAMILY DWELLINGS,NEW SPRINGVILLE,514 TRAVIS AVENUE,01 ONE FAMILY DWELLINGS
us-nyc,United States,New York,USD,869000.0,196.396942,2025-06-10,nyc_dof_rolling_sales,196.396942,,,,1970,,,01 ONE FAMILY DWELLINGS,NEW SPRINGVILLE,110 NEHRING AVENUE,01 ONE FAMILY DWELLINGS
us-nyc,United States,New York,USD,850000.0,156.07704,2025-02-27,nyc_dof_rolling_sales,156.07704,,,,1965,,,01 ONE FAMILY DWELLINGS,NEW SPRINGVILLE,101 NEHRING AVENUE,01 ONE FAMILY DWELLINGS
us-nyc,United States,New York,USD,595000.0,130.99323,2025-07-28,nyc_dof_rolling_sales,130.99323,,,,1981,,,01 ONE FAMILY DWELLINGS,NEW SPRINGVILLE,107 DENKER PLACE,01 ONE FAMILY DWELLINGS
us-nyc,United States,New York,USD,948000.0,164.624116,2025-11-12,nyc_dof_rolling_sales,164.624116,,,,2012,,,01 ONE FAMILY DWELLINGS,NEW SPRINGVILLE,36 BOGOTA STREET,01 ONE FAMILY DWELLINGS
us-nyc,United States,New York,USD,768000.0,148.6448,2025-03-11,nyc_dof_rolling_sales,148.6448,,,,1981,,,01 ONE FAMILY DWELLINGS,NEW SPRINGVILLE,84 BOGOTA STREET,01 ONE FAMILY DWELLINGS
us-nyc,United States,New York,USD,780000.0,130.0642,2025-09-10,nyc_dof_rolling_sales,130.0642,,,,1993,,,01 ONE FAMILY DWELLINGS,NEW SPRINGVILLE,32 KELLY BOULEVARD,01 ONE FAMILY DWELLINGS
us-nyc,United States,New York,USD,555000.0,144.92867999999999,2025-01-22,nyc_dof_rolling_sales,144.92867999999999,,,,1980,,,01 ONE FAMILY DWELLINGS,NEW SPRINGVILLE,333 TRAVIS AVENUE,01 ONE FAMILY DWELLINGS
us-nyc,United States,New York,USD,670000.0,144.92867999999999,2025-10-08,nyc_dof_rolling_sales,144.92867999999999,,,,1980,,,01 ONE FAMILY DWELLINGS,NEW SPRINGVILLE,333 TRAVIS AVENUE,01 ONE FAMILY DWELLINGS
us-nyc,United States,New York,USD,671000.0,148.6448,2025-03-04,nyc_dof_rolling_sales,148.6448,,,,1988,,,01 ONE FAMILY DWELLINGS,NEW SPRINGVILLE,39 EDWARD COURT,01 ONE FAMILY DWELLINGS
us-nyc,United States,New York,USD,548000.0,148.6448,2025-01-06,nyc_dof_rolling_sales,148.6448,,,,1988,,,01 ONE FAMILY DWELLINGS,NEW SPRINGVILLE,192 MONAHAN AVENUE,01 ONE FAMILY DWELLINGS
us-nyc,United States,New York,USD,545000.0,185.806,2025-02-04,nyc_dof_rolling_sales,185.806,,,,1987,,,01 ONE FAMILY DWELLINGS,NEW SPRINGVILLE,191 MONAHAN AVENUE,01 ONE FAMILY DWELLINGS
us-nyc,United States,New York,USD,615000.0,185.806,2025-02-21,nyc_dof_rolling_sales,185.806,,,,1987,,,01 ONE FAMILY DWELLINGS,NEW SPRINGVILLE,1028 ROCKLAND AVENUE,01 ONE FAMILY DWELLINGS
us-nyc,United States,New York,USD,774888.0,146.043516,2025-02-20,nyc_dof_rolling_sales,146.043516,,,,2024,,,01 ONE FAMILY DWELLINGS,NEW SPRINGVILLE,104 MONAHAN AVENUE,01 ONE FAMILY DWELLINGS
us-nyc,United States,New York,USD,840056.0,128.484849,2025-01-07,nyc_dof_rolling_sales,128.484849,,,,2024,,,01 ONE FAMILY DWELLINGS,NEW SPRINGVILLE,106 MONAHAN AVENUE,01 ONE FAMILY DWELLINGS
us-nyc,United States,New York,USD,855000.0,193.23824,2025-11-07,nyc_dof_rolling_sales,193.23824,,,,1980,,,01 ONE FAMILY DWELLINGS,NEW SPRINGVILLE,22 BRAISTED AVENUE,01 ONE FAMILY DWELLINGS
us-nyc,United States,New York,USD,680000.0,174.100222,2025-09-04,nyc_dof_rolling_sales,174.100222,,,,1980,,,01 ONE FAMILY DWELLINGS,NEW SPRINGVILLE,53 EVANS STREET,01 ONE FAMILY DWELLINGS
us-nyc,United States,New York,USD,10.0,139.3545,2025-08-01,nyc_dof_rolling_sales,139.3545,,,,1980,,,01 ONE FAMILY DWELLINGS,NEW SPRINGVILLE,64 BEARD STREET,01 ONE FAMILY DWELLINGS
us-nyc,United States,New York,USD,890000.0,132.479678,2025-09-30,nyc_dof_rolling_sales,132.479678,,,,2022,,,01 ONE FAMILY DWELLINGS,NEW SPRINGVILLE,962 ROCKLAND AVENUE,01 ONE FAMILY DWELLINGS
us-nyc,United States,New York,USD,770000.0,211.81884,2025-10-28,nyc_dof_rolling_sales,211.81884,,,,1996,,,01 ONE FAMILY DWELLINGS,NEW SPRINGVILLE,63 MONAHAN AVENUE,01 ONE FAMILY DWELLINGS
us-nyc,United States,New York,USD,745000.0,151.617696,2025-03-06,nyc_dof_rolling_sales,151.617696,,,,1980,,,01 ONE FAMILY DWELLINGS,NEW SPRINGVILLE,296 MONAHAN AVENUE,01 ONE FAMILY DWELLINGS
us-nyc,United States,New York,USD,750000.0,121.888736,2025-03-26,nyc_dof_rolling_sales,121.888736,,,,1980,,,01 ONE FAMILY DWELLINGS,NEW SPRINGVILLE,292 MONAHAN AVENUE,01 ONE FAMILY DWELLINGS
us-nyc,United States,New York,USD,758000.0,166.853788,2025-01-24,nyc_dof_rolling_sales,166.853788,,,,1985,,,01 ONE FAMILY DWELLINGS,NEW SPRINGVILLE,39 DENKER PLACE,01 ONE FAMILY DWELLINGS
us-nyc,United States,New York,USD,150000.0,127.834528,2025-05-05,nyc_dof_rolling_sales,127.834528,,,,1975,,,01 ONE FAMILY DWELLINGS,NEW SPRINGVILLE,395 TRAVIS AVENUE,01 ONE FAMILY DWELLINGS
us-nyc,United States,New York,USD,725000.0,127.834528,2025-07-14,nyc_dof_rolling_sales,127.834528,,,,1975,,,01 ONE FAMILY DWELLINGS,NEW SPRINGVILLE,419 TRAVIS AVENUE,01 ONE FAMILY DWELLINGS
us-nyc,United States,New York,USD,1.0,187.292448,2025-09-29,nyc_dof_rolling_sales,187.292448,,,,1970,,,01 ONE FAMILY DWELLINGS,NEW SPRINGVILLE,798 KLONDIKE AVENUE,01 ONE FAMILY DWELLINGS
us-nyc,United States,New York,USD,695000.0,105.90942,2025-07-14,nyc_dof_rolling_sales,105.90942,,,,1995,,,01 ONE FAMILY DWELLINGS,NEW SPRINGVILLE,118 RADFORD STREET,01 ONE FAMILY DWELLINGS
us-nyc,United States,New York,USD,715000.0,210.332392,2025-08-06,nyc_dof_rolling_sales,210.332392,,,,1970,,,01 ONE FAMILY DWELLINGS,NEW SPRINGVILLE,173 MERRYMOUNT STREET,01 ONE FAMILY DWELLINGS
us-nyc,United States,New York,USD,710000.0,193.888561,2025-01-30,nyc_dof_rolling_sales,193.888561,,,,1985,,,01 ONE FAMILY DWELLINGS,NEW SPRINGVILLE,177 VASSAR STREET,01 ONE FAMILY DWELLINGS
us-nyc,United States,New York,USD,830000.0,193.888561,2025-06-17,nyc_dof_rolling_sales,193.888561,,,,1985,,,01 ONE FAMILY DWELLINGS,NEW SPRINGVILLE,147 VASSAR STREET,01 ONE FAMILY DWELLINGS
us-nyc,United States,New York,USD,680000.0,126.533886,2025-06-09,nyc_dof_rolling_sales,126.533886,,,,1980,,,01 ONE FAMILY DWELLINGS,NEW SPRINGVILLE,262 TRAVIS AVENUE,01 ONE FAMILY DWELLINGS
us-nyc,United States,New York,USD,780000.0,126.533886,2025-07-14,nyc_dof_rolling_sales,126.533886,,,,1980,,,01 ONE FAMILY DWELLINGS,NEW SPRINGVILLE,180 TRAVIS AVENUE,01 ONE FAMILY DWELLINGS
us-nyc,United States,New York,USD,838000.0,106.652644,2025-01-22,nyc_dof_rolling_sales,106.652644,,,,1993,,,01 ONE FAMILY DWELLINGS,NEW SPRINGVILLE,1472 FOREST HILL ROAD,01 ONE FAMILY DWELLINGS
us-nyc,United States,New York,USD,700000.0,167.2254,2025-07-30,nyc_dof_rolling_sales,167.2254,,,,1970,,,01 ONE FAMILY DWELLINGS,NEW SPRINGVILLE,134 KELLY BOULEVARD,01 ONE FAMILY DWELLINGS
us-nyc,United States,New York,USD,840000.0,208.10272,2025-07-31,nyc_dof_rolling_sales,208.10272,,,,1970,,,01 ONE FAMILY DWELLINGS,NEW SPRINGVILLE,20 COPLEY STREET,01 ONE FAMILY DWELLINGS
us-nyc,United States,New York,USD,630000.0,167.597012,2025-02-05,nyc_dof_rolling_sales,167.597012,,,,1987,,,01 ONE FAMILY DWELLINGS,NEW SPRINGVILLE,38 VILLA NOVA STREET,01 ONE FAMILY DWELLINGS
us-nyc,United States,New York,USD,630000.0,120.959706,2025-09-26,nyc_dof_rolling_sales,120.959706,,,,1987,,,01 ONE FAMILY DWELLINGS,NEW SPRINGVILLE,22 VILLA NOVA STREET,01 ONE FAMILY DWELLINGS
us-nyc,United States,New York,USD,695000.0,120.959706,2025-03-20,nyc_dof_rolling_sales,120.959706,,,,1987,,,01 ONE FAMILY DWELLINGS,NEW SPRINGVILLE,8 VILLA NOVA STREET,01 ONE FAMILY DWELLINGS
us-nyc,United States,New York,USD,749888.0,130.435812,2025-03-28,nyc_dof_rolling_sales,130.435812,,,,1987,,,01 ONE FAMILY DWELLINGS,NEW SPRINGVILLE,295 RICHMOND HILL ROAD,01 ONE FAMILY DWELLINGS
us-nyc,United States,New York,USD,700000.0,269.4187,2025-09-15,nyc_dof_rolling_sales,269.4187,,,,1975,,,01 ONE FAMILY DWELLINGS,NEW SPRINGVILLE,195 BRIDGETOWN STREET,01 ONE FAMILY DWELLINGS
us-nyc,United States,New York,USD,850000.0,226.776223,2025-04-03,nyc_dof_rolling_sales,226.776223,,,,1985,,,01 ONE FAMILY DWELLINGS,NEW SPRINGVILLE,362 NOME AVENUE,01 ONE FAMILY DWELLINGS
us-nyc,United States,New York,USD,360570.0,107.674577,2025-07-31,nyc_dof_rolling_sales,107.674577,,,,1992,,,01 ONE FAMILY DWELLINGS,NEW SPRINGVILLE,119 RICHMOND HILL ROAD,01 ONE FAMILY DWELLINGS
us-nyc,United States,New York,USD,550000.0,107.674577,2025-10-10,nyc_dof_rolling_sales,107.674577,,,,1992,,,01 ONE FAMILY DWELLINGS,NEW SPRINGVILLE,20 COUNTRY DRIVE SOUTH,01 ONE FAMILY DWELLINGS
us-nyc,United States,New York,USD,490000.0,92.903,2025-05-19,nyc_dof_rolling_sales,92.903,,,,1987,,,01 ONE FAMILY DWELLINGS,NEW SPRINGVILLE,31 NORTHPORT LANE,01 ONE FAMILY DWELLINGS
us-nyc,United States,New York,USD,550000.0,101.821688,2025-06-05,nyc_dof_rolling_sales,101.821688,,,,1992,,,01 ONE FAMILY DWELLINGS,NEW SPRINGVILLE,20 WESTPORT LANE,01 ONE FAMILY DWELLINGS
us-nyc,United States,New York,USD,720000.0,185.806,2025-01-03,nyc_dof_rolling_sales,185.806,,,,1998,,,01 ONE FAMILY DWELLINGS,NEW SPRINGVILLE,17 LOTT LANE,01 ONE FAMILY DWELLINGS
us-nyc,United States,New York,USD,870000.0,215.906572,2025-10-14,nyc_dof_rolling_sales,215.906572,,,,1970,,,02 TWO FAMILY DWELLINGS,NEW SPRINGVILLE,47 CARPENTER AVENUE,02 TWO FAMILY DWELLINGS
us-nyc,United States,New York,USD,995000.0,215.720766,2025-12-04,nyc_dof_rolling_sales,215.720766,,,,1970,,,02 TWO FAMILY DWELLINGS,NEW SPRINGVILLE,100 CARPENTER AVENUE,02 TWO FAMILY DWELLINGS
us-nyc,United States,New York,USD,815000.0,153.104144,2025-06-20,nyc_dof_rolling_sales,153.104144,,,,1975,,,02 TWO FAMILY DWELLINGS,NEW SPRINGVILLE,72 CARPENTER AVENUE,02 TWO FAMILY DWELLINGS
us-nyc,United States,New York,USD,1200000.0,237.274262,2025-06-13,nyc_dof_rolling_sales,237.274262,,,,1980,,,02 TWO FAMILY DWELLINGS,NEW SPRINGVILLE,58 CARPENTER AVENUE,02 TWO FAMILY DWELLINGS
us-nyc,United States,New York,USD,840000.0,215.720766,2025-02-11,nyc_dof_rolling_sales,215.720766,,,,1970,,,02 TWO FAMILY DWELLINGS,NEW SPRINGVILLE,9 GRISSOM AVENUE,02 TWO FAMILY DWELLINGS
us-nyc,United States,New York,USD,890000.0,232.2575,2025-01-07,nyc_dof_rolling_sales,232.2575,,,,2001,,,02 TWO FAMILY DWELLINGS,NEW SPRINGVILLE,19 ORBIT LANE,02 TWO FAMILY DWELLINGS
us-nyc,United States,New York,USD,39800.0,260.1284,2025-01-22,nyc_dof_rolling_sales,260.1284,,,,2001,,,02 TWO FAMILY DWELLINGS,NEW SPRINGVILLE,22 ORBIT LANE,02 TWO FAMILY DWELLINGS
us-nyc,United States,New York,USD,1150000.0,218.507856,2025-06-03,nyc_dof_rolling_sales,218.507856,,,,1970,,,02 TWO FAMILY DWELLINGS,NEW SPRINGVILLE,207 FREEDOM AVENUE,02 TWO FAMILY DWELLINGS
us-nyc,United States,New York,USD,1175000.0,218.507856,2025-09-30,nyc_dof_rolling_sales,218.507856,,,,1970,,,02 TWO FAMILY DWELLINGS,NEW SPRINGVILLE,48 DRAPER PLACE,02 TWO FAMILY DWELLINGS
us-nyc,United States,New York,USD,700000.0,217.207214,2025-06-11,nyc_dof_rolling_sales,217.207214,,,,1970,,,02 TWO FAMILY DWELLINGS,NEW SPRINGVILLE,19 AMSTERDAM PLACE,02 TWO FAMILY DWELLINGS
us-nyc,United States,New York,USD,1160000.0,211.447228,2025-06-16,nyc_dof_rolling_sales,211.447228,,,,1975,,,02 TWO FAMILY DWELLINGS,NEW SPRINGVILLE,43 RIVINGTON AVENUE,02 TWO FAMILY DWELLINGS
us-nyc,United States,New York,USD,499000.0,210.88981,2025-04-23,nyc_dof_rolling_sales,210.88981,,,,1965,,,02 TWO FAMILY DWELLINGS,NEW SPRINGVILLE,93 ROCKVILLE AVENUE,02 TWO FAMILY DWELLINGS
us-nyc,United States,New York,USD,995000.0,200.298868,2025-05-07,nyc_dof_rolling_sales,200.298868,,,,1965,,,02 TWO FAMILY DWELLINGS,NEW SPRINGVILLE,88 RIVINGTON AVENUE,02 TWO FAMILY DWELLINGS
us-nyc,United States,New York,USD,835000.0,180.882141,2025-05-12,nyc_dof_rolling_sales,180.882141,,,,1980,,,02 TWO FAMILY DWELLINGS,NEW SPRINGVILLE,29 BOWLING GREEN PLACE,02 TWO FAMILY DWELLINGS
us-nyc,United States,New York,USD,1230000.0,236.345232,2025-10-24,nyc_dof_rolling_sales,236.345232,,,,1970,,,02 TWO FAMILY DWELLINGS,NEW SPRINGVILLE,8 ROCKVILLE AVENUE,02 TWO FAMILY DWELLINGS
us-nyc,United States,New York,USD,845000.0,200.205965,2025-10-14,nyc_dof_rolling_sales,200.205965,,,,1980,,,02 TWO FAMILY DWELLINGS,NEW SPRINGVILLE,80 MULBERRY AVENUE,02 TWO FAMILY DWELLINGS
us-nyc,United States,New York,USD,10.0,214.048512,2025-03-14,nyc_dof_rolling_sales,214.048512,,,,1965,,,02 TWO FAMILY DWELLINGS,NEW SPRINGVILLE,15 SAXON AVENUE,02 TWO FAMILY DWELLINGS
us-nyc,United States,New York,USD,10.0,260.035497,2025-04-02,nyc_dof_rolling_sales,260.035497,,,,1984,,,02 TWO FAMILY DWELLINGS,NEW SPRINGVILLE,655 TRAVIS AVENUE,02 TWO FAMILY DWELLINGS
us-nyc,United States,New York,USD,1250000.0,241.5478,2025-10-20,nyc_dof_rolling_sales,241.5478,,,,1974,,,02 TWO FAMILY DWELLINGS,NEW SPRINGVILLE,619 KLONDIKE AVENUE,02 TWO FAMILY DWELLINGS
us-nyc,United States,New York,USD,980000.0,190.45115,2025-05-20,nyc_dof_rolling_sales,190.45115,,,,2004,,,02 TWO FAMILY DWELLINGS,NEW SPRINGVILLE,15 MONAHAN AVENUE,02 TWO FAMILY DWELLINGS
us-nyc,United States,New York,USD,735000.0,111.4836,2025-03-10,nyc_dof_rolling_sales,111.4836,,,,2001,,,02 TWO FAMILY DWELLINGS,NEW SPRINGVILLE,920 ROCKLAND AVENUE,02 TWO FAMILY DWELLINGS
us-nyc,United States,New York,USD,1400000.0,201.413704,2025-07-22,nyc_dof_rolling_sales,201.413704,,,,2004,,,02 TWO FAMILY DWELLINGS,NEW SPRINGVILLE,11 BOGOTA STREET,02 TWO FAMILY DWELLINGS
us-nyc,United States,New York,USD,988000.0,272.949014,2025-04-29,nyc_dof_rolling_sales,272.949014,,,,1980,,,02 TWO FAMILY DWELLINGS,NEW SPRINGVILLE,96 BRAISTED AVENUE,02 TWO FAMILY DWELLINGS
us-nyc,United States,New York,USD,946688.0,230.771052,2025-02-14,nyc_dof_rolling_sales,230.771052,,,,1970,,,02 TWO FAMILY DWELLINGS,NEW SPRINGVILLE,48 BRAISTED AVENUE,02 TWO FAMILY DWELLINGS
us-nyc,United States,New York,USD,777000.0,148.6448,2025-07-18,nyc_dof_rolling_sales,148.6448,,,,1980,,,02 TWO FAMILY DWELLINGS,NEW SPRINGVILLE,315 TRAVIS AVENUE,02 TWO FAMILY DWELLINGS
us-nyc,United States,New York,USD,860000.0,182.08988,2025-10-20,nyc_dof_rolling_sales,182.08988,,,,1980,,,02 TWO FAMILY DWELLINGS,NEW SPRINGVILLE,222 MONAHAN AVENUE,02 TWO FAMILY DWELLINGS
us-nyc,United States,New York,USD,1250000.0,241.5478,2025-11-05,nyc_dof_rolling_sales,241.5478,,,,1970,,,02 TWO FAMILY DWELLINGS,NEW SPRINGVILLE,88 RADFORD STREET,02 TWO FAMILY DWELLINGS
us-nyc,United States,New York,USD,1365000.0,288.92833,2025-03-17,nyc_dof_rolling_sales,288.92833,,,,1970,,,02 TWO FAMILY DWELLINGS,NEW SPRINGVILLE,59 RADFORD ST,02 TWO FAMILY DWELLINGS
us-nyc,United States,New York,USD,10.0,200.298868,2025-08-01,nyc_dof_rolling_sales,200.298868,,,,1970,,,02 TWO FAMILY DWELLINGS,NEW SPRINGVILLE,10 VASSAR STREET,02 TWO FAMILY DWELLINGS
us-nyc,United States,New York,USD,770000.0,128.577752,2025-06-09,nyc_dof_rolling_sales,128.577752,,,,1981,,,02 TWO FAMILY DWELLINGS,NEW SPRINGVILLE,288 NOME AVENUE,02 TWO FAMILY DWELLINGS
us-nyc,United States,New York,USD,758800.0,165.181534,2025-07-16,nyc_dof_rolling_sales,165.181534,,,,1982,,,02 TWO FAMILY DWELLINGS,NEW SPRINGVILLE,67 PURDUE STREET,02 TWO FAMILY DWELLINGS
us-nyc,United States,New York,USD,795000.0,165.181534,2025-02-18,nyc_dof_rolling_sales,165.181534,,,,1982,,,02 TWO FAMILY DWELLINGS,NEW SPRINGVILLE,51 PURDUE STREET,02 TWO FAMILY DWELLINGS
us-nyc,United States,New York,USD,930000.0,222.223976,2025-06-24,nyc_dof_rolling_sales,222.223976,,,,1982,,,02 TWO FAMILY DWELLINGS,NEW SPRINGVILLE,102 ROCKNE STREET,02 TWO FAMILY DWELLINGS
us-nyc,United States,New York,USD,968000.0,198.440808,2025-04-07,nyc_dof_rolling_sales,198.440808,,,,1980,,,02 TWO FAMILY DWELLINGS,NEW SPRINGVILLE,459 KLONDIKE AVENUE,02 TWO FAMILY DWELLINGS
us-nyc,United States,New York,USD,875000.0,219.994304,2025-05-05,nyc_dof_rolling_sales,219.994304,,,,1980,,,02 TWO FAMILY DWELLINGS,NEW SPRINGVILLE,477 KLONDIKE AVENUE,02 TWO FAMILY DWELLINGS
us-nyc,United States,New York,USD,743323.0,238.203292,2025-06-18,nyc_dof_rolling_sales,238.203292,,,,1980,,,02 TWO FAMILY DWELLINGS,NEW SPRINGVILLE,110 LEWISTON STREET,02 TWO FAMILY DWELLINGS
us-nyc,United States,New York,USD,903000.0,188.035672,2025-06-24,nyc_dof_rolling_sales,188.035672,,,,1975,,,02 TWO FAMILY DWELLINGS,NEW SPRINGVILLE,191 LEWISTON STREET,02 TWO FAMILY DWELLINGS
us-nyc,United States,New York,USD,440000.0,188.035672,2025-02-27,nyc_dof_rolling_sales,188.035672,,,,1975,,,02 TWO FAMILY DWELLINGS,NEW SPRINGVILLE,149 LEWISTON STREET,02 TWO FAMILY DWELLINGS
us-nyc,United States,New York,USD,905000.0,188.035672,2025-06-09,nyc_dof_rolling_sales,188.035672,,,,1975,,,02 TWO FAMILY DWELLINGS,NEW SPRINGVILLE,90 SHALE STREET,02 TWO FAMILY DWELLINGS
us-nyc,United States,New York,USD,1100000.0,286.884464,2025-12-03,nyc_dof_rolling_sales,286.884464,,,,1970,,,02 TWO FAMILY DWELLINGS,NEW SPRINGVILLE,23 BANGOR STREET,02 TWO FAMILY DWELLINGS
us-nyc,United States,New York,USD,1150000.0,268.303864,2025-02-14,nyc_dof_rolling_sales,268.303864,,,,1970,,,02 TWO FAMILY DWELLINGS,NEW SPRINGVILLE,35 BANGOR STREET,02 TWO FAMILY DWELLINGS
us-nyc,United States,New York,USD,1038000.0,286.884464,2025-06-30,nyc_dof_rolling_sales,286.884464,,,,1970,,,02 TWO FAMILY DWELLINGS,NEW SPRINGVILLE,39 BANGOR STREET,02 TWO FAMILY DWELLINGS
us-nyc,United States,New York,USD,990000.0,201.042092,2025-09-29,nyc_dof_rolling_sales,201.042092,,,,1981,,,02 TWO FAMILY DWELLINGS,NEW SPRINGVILLE,55 FURNESS PLACE,02 TWO FAMILY DWELLINGS
us-nyc,United States,New York,USD,1130000.0,233.000724,2025-08-11,nyc_dof_rolling_sales,233.000724,,,,1975,,,02 TWO FAMILY DWELLINGS,NEW SPRINGVILLE,67 BRIDGETOWN,02 TWO FAMILY DWELLINGS
us-nyc,United States,New York,USD,980000.0,212.190452,2025-04-28,nyc_dof_rolling_sales,212.190452,,,,1975,,,02 TWO FAMILY DWELLINGS,NEW SPRINGVILLE,72 BANGOR STREET,02 TWO FAMILY DWELLINGS
us-nyc,United States,New York,USD,1100000.0,235.23039599999998,2025-09-23,nyc_dof_rolling_sales,235.23039599999998,,,,1975,,,02 TWO FAMILY DWELLINGS,NEW SPRINGVILLE,24 BANGOR STREET,02 TWO FAMILY DWELLINGS
us-nyc,United States,New York,USD,995000.0,251.952936,2025-11-20,nyc_dof_rolling_sales,251.952936,,,,1970,,,02 TWO FAMILY DWELLINGS,NEW SPRINGVILLE,81 FRASER STREET,02 TWO FAMILY DWELLINGS
us-nyc,United States,New York,USD,995000.0,252.69616,2025-03-24,nyc_dof_rolling_sales,252.69616,,,,1970,,,02 TWO FAMILY DWELLINGS,NEW SPRINGVILLE,41 FRASER STREET,02 TWO FAMILY DWELLINGS
us-nyc,United States,New York,USD,1030000.0,193.23824,2025-07-01,nyc_dof_rolling_sales,193.23824,,,,1970,,,02 TWO FAMILY DWELLINGS,NEW SPRINGVILLE,96 COPLEY STREET,02 TWO FAMILY DWELLINGS
us-nyc,United States,New York,USD,999999.0,231.142664,2025-03-03,nyc_dof_rolling_sales,231.142664,,,,1970,,,02 TWO FAMILY DWELLINGS,NEW SPRINGVILLE,69 BOWDOIN STREET,02 TWO FAMILY DWELLINGS
us-nyc,United States,New York,USD,650000.0,231.142664,2025-10-27,nyc_dof_rolling_sales,231.142664,,,,1970,,,02 TWO FAMILY DWELLINGS,NEW SPRINGVILLE,73 BOWDOIN STREET,02 TWO FAMILY DWELLINGS
us-nyc,United States,New York,USD,1128000.0,236.90265,2025-02-04,nyc_dof_rolling_sales,236.90265,,,,1970,,,02 TWO FAMILY DWELLINGS,NEW SPRINGVILLE,38 BOWDOIN STREET,02 TWO FAMILY DWELLINGS
us-nyc,United States,New York,USD,1450000.0,364.365566,2025-04-24,nyc_dof_rolling_sales,364.365566,,,,1970,,,02 TWO FAMILY DWELLINGS,NEW SPRINGVILLE,20 LUNDI COURT,02 TWO FAMILY DWELLINGS
us-nyc,United States,New York,USD,970000.0,241.5478,2025-06-30,nyc_dof_rolling_sales,241.5478,,,,1970,,,02 TWO FAMILY DWELLINGS,NEW SPRINGVILLE,3 BRUNSWICK STREET,02 TWO FAMILY DWELLINGS
us-nyc,United States,New York,USD,970000.0,260.1284,2025-05-22,nyc_dof_rolling_sales,260.1284,,,,1975,,,02 TWO FAMILY DWELLINGS,NEW SPRINGVILLE,32 BRUNSWICK STREET,02 TWO FAMILY DWELLINGS
us-nyc,United States,New York,USD,250000.0,179.116984,2025-04-18,nyc_dof_rolling_sales,179.116984,,,,1975,,,02 TWO FAMILY DWELLINGS,NEW SPRINGVILLE,219 KELLY BOULEVARD,02 TWO FAMILY DWELLINGS
us-nyc,United States,New York,USD,725000.0,177.258924,2025-05-22,nyc_dof_rolling_sales,177.258924,,,,1997,,,02 TWO FAMILY DWELLINGS,NEW SPRINGVILLE,56 ESSEX DRIVE,02 TWO FAMILY DWELLINGS
us-nyc,United States,New York,USD,870000.0,142.14159,2025-07-16,nyc_dof_rolling_sales,142.14159,,,,2001,,,02 TWO FAMILY DWELLINGS,NEW SPRINGVILLE,15 CHESTERFIELD LANE,02 TWO FAMILY DWELLINGS
us-nyc,United States,New York,USD,890000.0,190.45115,2025-06-16,nyc_dof_rolling_sales,190.45115,,,,2000,,,02 TWO FAMILY DWELLINGS,NEW SPRINGVILLE,9 DANIELLA COURT,02 TWO FAMILY DWELLINGS
us-nyc,United States,New York,USD,950000.0,190.45115,2025-05-16,nyc_dof_rolling_sales,190.45115,,,,2000,,,02 TWO FAMILY DWELLINGS,NEW SPRINGVILLE,24 DANIELLA COURT,02 TWO FAMILY DWELLINGS
us-nyc,United States,New York,USD,940000.0,222.9672,2025-07-16,nyc_dof_rolling_sales,222.9672,,,,2000,,,02 TWO FAMILY DWELLINGS,NEW SPRINGVILLE,28 MARISA COURT,02 TWO FAMILY DWELLINGS
us-nyc,United States,New York,USD,360000.0,232.2575,2025-05-30,nyc_dof_rolling_sales,232.2575,,,,2000,,,02 TWO FAMILY DWELLINGS,NEW SPRINGVILLE,9 MARISA COURT,02 TWO FAMILY DWELLINGS
us-nyc,United States,New York,USD,640000.0,200.67048,2025-11-13,nyc_dof_rolling_sales,200.67048,,,,1997,,,02 TWO FAMILY DWELLINGS,NEW SPRINGVILLE,27 GALVASTON LOOP,02 TWO FAMILY DWELLINGS
us-nyc,United States,New York,USD,680000.0,210.796907,2025-06-10,nyc_dof_rolling_sales,210.796907,,,,1984,,,03 THREE FAMILY DWELLINGS,NEW SPRINGVILLE,121 ROCKNE STREET,03 THREE FAMILY DWELLINGS
us-nyc,United States,New York,USD,935000.0,318.65729,2025-01-14,nyc_dof_rolling_sales,318.65729,,,,1980,,,03 THREE FAMILY DWELLINGS,NEW SPRINGVILLE,27 RACAL COURT,03 THREE FAMILY DWELLINGS
us-nyc,United States,New York,USD,999900.0,318.65729,2025-06-12,nyc_dof_rolling_sales,318.65729,,,,1982,,,03 THREE FAMILY DWELLINGS,NEW SPRINGVILLE,51 RACAL COURT,03 THREE FAMILY DWELLINGS
us-nyc,United States,New York,USD,625000.0,nan,2025-02-21,nyc_dof_rolling_sales,nan,,,,1986,,,04 TAX CLASS 1 CONDOS,NEW SPRINGVILLE,95A MC DIVITT AVENUE,04 TAX CLASS 1 CONDOS
us-nyc,United States,New York,USD,530000.0,nan,2025-03-24,nyc_dof_rolling_sales,nan,,,,1986,,,04 TAX CLASS 1 CONDOS,NEW SPRINGVILLE,64 LOVELL AVENUE,04 TAX CLASS 1 CONDOS
us-nyc,United States,New York,USD,580000.0,nan,2025-07-01,nyc_dof_rolling_sales,nan,,,,1986,,,04 TAX CLASS 1 CONDOS,NEW SPRINGVILLE,44 LOVELL AVENUE,04 TAX CLASS 1 CONDOS
us-nyc,United States,New York,USD,575000.0,nan,2025-06-18,nyc_dof_rolling_sales,nan,,,,1987,,,04 TAX CLASS 1 CONDOS,NEW SPRINGVILLE,"57 GINA COURT, 286",04 TAX CLASS 1 CONDOS
us-nyc,United States,New York,USD,590000.0,nan,2025-11-05,nyc_dof_rolling_sales,nan,,,,1987,,,04 TAX CLASS 1 CONDOS,NEW SPRINGVILLE,"69 GINA COURT, 289",04 TAX CLASS 1 CONDOS
us-nyc,United States,New York,USD,590000.0,nan,2025-06-25,nyc_dof_rolling_sales,nan,,,,1987,,,04 TAX CLASS 1 CONDOS,NEW SPRINGVILLE,"73 GINA CT, 291",04 TAX CLASS 1 CONDOS
us-nyc,United States,New York,USD,569000.0,nan,2025-11-13,nyc_dof_rolling_sales,nan,,,,1987,,,04 TAX CLASS 1 CONDOS,NEW SPRINGVILLE,"66 GINA COURT, 293",04 TAX CLASS 1 CONDOS
us-nyc,United States,New York,USD,599000.0,nan,2025-02-27,nyc_dof_rolling_sales,nan,,,,1987,,,04 TAX CLASS 1 CONDOS,NEW SPRINGVILLE,"58 GINA COURT, 300",04 TAX CLASS 1 CONDOS
us-nyc,United States,New York,USD,450000.0,nan,2025-07-09,nyc_dof_rolling_sales,nan,,,,1987,,,04 TAX CLASS 1 CONDOS,NEW SPRINGVILLE,78A MC DIVITT AVENUE,04 TAX CLASS 1 CONDOS
us-nyc,United States,New York,USD,565000.0,nan,2025-05-08,nyc_dof_rolling_sales,nan,,,,1987,,,04 TAX CLASS 1 CONDOS,NEW SPRINGVILLE,975 ROCKLAND AVENUE,04 TAX CLASS 1 CONDOS
us-nyc,United States,New York,USD,590000.0,nan,2025-08-21,nyc_dof_rolling_sales,nan,,,,1987,,,04 TAX CLASS 1 CONDOS,NEW SPRINGVILLE,1021 ROCKLAND AVENUE,04 TAX CLASS 1 CONDOS
us-nyc,United States,New York,USD,556000.0,nan,2025-07-29,nyc_dof_rolling_sales,nan,,,,1986,,,04 TAX CLASS 1 CONDOS,NEW SPRINGVILLE,"11A LOVELL AVENUE, 169",04 TAX CLASS 1 CONDOS
us-nyc,United States,New York,USD,615000.0,nan,2025-05-06,nyc_dof_rolling_sales,nan,,,,1986,,,04 TAX CLASS 1 CONDOS,NEW SPRINGVILLE,"33A LOVELL AVENUE, 179",04 TAX CLASS 1 CONDOS
us-nyc,United States,New York,USD,600000.0,nan,2025-01-31,nyc_dof_rolling_sales,nan,,,,1986,,,04 TAX CLASS 1 CONDOS,NEW SPRINGVILLE,"242A ASHWORTH AVENUE, 209",04 TAX CLASS 1 CONDOS
us-nyc,United States,New York,USD,480000.0,nan,2025-10-28,nyc_dof_rolling_sales,nan,,,,1986,,,04 TAX CLASS 1 CONDOS,NEW SPRINGVILLE,"252A ASHWORTH AVENUE, 220",04 TAX CLASS 1 CONDOS
us-nyc,United States,New York,USD,615000.0,nan,2025-11-10,nyc_dof_rolling_sales,nan,,,,1987,,,04 TAX CLASS 1 CONDOS,NEW SPRINGVILLE,"11A SHIRRA AVENUE, 240",04 TAX CLASS 1 CONDOS
us-nyc,United States,New York,USD,559000.0,nan,2025-09-24,nyc_dof_rolling_sales,nan,,,,1983,,,04 TAX CLASS 1 CONDOS,NEW SPRINGVILLE,"1446 FOREST HILL ROAD, 2",04 TAX CLASS 1 CONDOS
us-nyc,United States,New York,USD,300000.0,nan,2025-08-04,nyc_dof_rolling_sales,nan,,,,1985,,,04 TAX CLASS 1 CONDOS,NEW SPRINGVILLE,"28 RACAL COURT, AG",04 TAX CLASS 1 CONDOS
us-nyc,United States,New York,USD,440000.0,nan,2025-05-23,nyc_dof_rolling_sales,nan,,,,1985,,,04 TAX CLASS 1 CONDOS,NEW SPRINGVILLE,"3 LAMPED LOOP, AG",04 TAX CLASS 1 CONDOS
us-nyc,United States,New York,USD,300000.0,nan,2025-08-04,nyc_dof_rolling_sales,nan,,,,1985,,,04 TAX CLASS 1 CONDOS,NEW SPRINGVILLE,"28 RACAL COURT, A2",04 TAX CLASS 1 CONDOS
us-nyc,United States,New York,USD,440000.0,nan,2025-05-23,nyc_dof_rolling_sales,nan,,,,1985,,,04 TAX CLASS 1 CONDOS,NEW SPRINGVILLE,"3 LAMPED LOOP, A2",04 TAX CLASS 1 CONDOS
us-nyc,United States,New York,USD,440000.0,nan,2025-05-23,nyc_dof_rolling_sales,nan,,,,1985,,,04 TAX CLASS 1 CONDOS,NEW SPRINGVILLE,"3 LAMPED LOOP, ARR",04 TAX CLASS 1 CONDOS
us-nyc,United States,New York,USD,345000.0,nan,2025-03-05,nyc_dof_rolling_sales,nan,,,,1986,,,04 TAX CLASS 1 CONDOS,NEW SPRINGVILLE,166 RICHMOND HILL ROAD,04 TAX CLASS 1 CONDOS
us-nyc,United States,New York,USD,1.0,nan,2025-01-14,nyc_dof_rolling_sales,nan,,,,1986,,,04 TAX CLASS 1 CONDOS,NEW SPRINGVILLE,68A DAFFODIL LANE,04 TAX CLASS 1 CONDOS
us-nyc,United States,New York,USD,470000.0,nan,2025-01-27,nyc_dof_rolling_sales,nan,,,,1986,,,04 TAX CLASS 1 CONDOS,NEW SPRINGVILLE,76A DAFFODIL LANE,04 TAX CLASS 1 CONDOS
us-nyc,United States,New York,USD,355000.0,nan,2025-05-27,nyc_dof_rolling_sales,nan,,,,1986,,,04 TAX CLASS 1 CONDOS,NEW SPRINGVILLE,64 LAMPED LOOP,04 TAX CLASS 1 CONDOS
us-nyc,United States,New York,USD,500000.0,nan,2025-05-30,nyc_dof_rolling_sales,nan,,,,1986,,,04 TAX CLASS 1 CONDOS,NEW SPRINGVILLE,64A LAMPED LOOP,04 TAX CLASS 1 CONDOS
us-nyc,United States,New York,USD,365000.0,nan,2025-06-26,nyc_dof_rolling_sales,nan,,,,1986,,,04 TAX CLASS 1 CONDOS,NEW SPRINGVILLE,72 LAMPED LOOP,04 TAX CLASS 1 CONDOS
us-nyc,United States,New York,USD,520000.0,nan,2025-08-26,nyc_dof_rolling_sales,nan,,,,1986,,,04 TAX CLASS 1 CONDOS,NEW SPRINGVILLE,96 LAMPED LOOP,04 TAX CLASS 1 CONDOS
us-nyc,United States,New York,USD,470000.0,nan,2025-01-14,nyc_dof_rolling_sales,nan,,,,1988,,,04 TAX CLASS 1 CONDOS,NEW SPRINGVILLE,"23A GARDENIA LANE, 22",04 TAX CLASS 1 CONDOS
us-nyc,United States,New York,USD,354640.0,nan,2025-10-30,nyc_dof_rolling_sales,nan,,,,1988,,,04 TAX CLASS 1 CONDOS,NEW SPRINGVILLE,"34 DAFFODIL LANE, 67",04 TAX CLASS 1 CONDOS
us-nyc,United States,New York,USD,338888.0,nan,2025-09-12,nyc_dof_rolling_sales,nan,,,,1988,,,04 TAX CLASS 1 CONDOS,NEW SPRINGVILLE,"63 COUNTRY DRIVE NORTH, 63",04 TAX CLASS 1 CONDOS
us-nyc,United States,New York,USD,575000.0,nan,2025-09-26,nyc_dof_rolling_sales,nan,,,,1988,,,04 TAX CLASS 1 CONDOS,NEW SPRINGVILLE,"61 COUNTRY DRIVE NORTH, 61",04 TAX CLASS 1 CONDOS
us-nyc,United States,New York,USD,545000.0,nan,2025-07-02,nyc_dof_rolling_sales,nan,,,,1990,,,04 TAX CLASS 1 CONDOS,NEW SPRINGVILLE,"40A COUNTRY DRIVE NORTH, 21",04 TAX CLASS 1 CONDOS
us-nyc,United States,New York,USD,525000.0,nan,2025-10-09,nyc_dof_rolling_sales,nan,,,,1990,,,04 TAX CLASS 1 CONDOS,NEW SPRINGVILLE,"34 COUNTRY DRIVE NORTH, 28",04 TAX CLASS 1 CONDOS
us-nyc,United States,New York,USD,538000.0,nan,2025-08-05,nyc_dof_rolling_sales,nan,,,,1990,,,04 TAX CLASS 1 CONDOS,NEW SPRINGVILLE,"42 COUNTRY DRIVE EAST, 38",04 TAX CLASS 1 CONDOS
us-nyc,United States,New York,USD,525000.0,nan,2025-06-17,nyc_dof_rolling_sales,nan,,,,1990,,,04 TAX CLASS 1 CONDOS,NEW SPRINGVILLE,"34 COUNTRY DRIVE EAST, 46",04 TAX CLASS 1 CONDOS
us-nyc,United States,New York,USD,1000.0,nan,2025-02-05,nyc_dof_rolling_sales,nan,,,,1990,,,04 TAX CLASS 1 CONDOS,NEW SPRINGVILLE,45A COUNTRY DRIVE EAST,04 TAX CLASS 1 CONDOS
us-nyc,United States,New York,USD,623000.0,nan,2025-08-04,nyc_dof_rolling_sales,nan,,,,1990,,,04 TAX CLASS 1 CONDOS,NEW SPRINGVILLE,"35 COUNTRY DRIVE EAST, 82",04 TAX CLASS 1 CONDOS
us-nyc,United States,New York,USD,477500.0,nan,2025-08-27,nyc_dof_rolling_sales,nan,,,,1990,,,04 TAX CLASS 1 CONDOS,NEW SPRINGVILLE,"80A SATURN LANE, 80A",04 TAX CLASS 1 CONDOS
us-nyc,United States,New York,USD,495000.0,nan,2025-07-23,nyc_dof_rolling_sales,nan,,,,1990,,,04 TAX CLASS 1 CONDOS,NEW SPRINGVILLE,"52 SATURN LANE, 52",04 TAX CLASS 1 CONDOS
us-nyc,United States,New York,USD,482500.0,nan,2025-06-13,nyc_dof_rolling_sales,nan,,,,1990,,,04 TAX CLASS 1 CONDOS,NEW SPRINGVILLE,"40 SATURN LANE, 40",04 TAX CLASS 1 CONDOS
us-nyc,United States,New York,USD,475000.0,nan,2025-09-11,nyc_dof_rolling_sales,nan,,,,1990,,,04 TAX CLASS 1 CONDOS,NEW SPRINGVILLE,"30 SATURN LANE, 30",04 TAX CLASS 1 CONDOS
us-nyc,United States,New York,USD,485000.0,nan,2025-10-14,nyc_dof_rolling_sales,nan,,,,1990,,,04 TAX CLASS 1 CONDOS,NEW SPRINGVILLE,"49A SATURN LANE, 49A",04 TAX CLASS 1 CONDOS
us-nyc,United States,New York,USD,445000.0,nan,2025-02-13,nyc_dof_rolling_sales,nan,,,,1975,,,04 TAX CLASS 1 CONDOS,NEW SPRINGVILLE,"18 KATHY PLACE, 2B",04 TAX CLASS 1 CONDOS
us-nyc,United States,New York,USD,445000.0,nan,2025-09-15,nyc_dof_rolling_sales,nan,,,,1975,,,04 TAX CLASS 1 CONDOS,NEW SPRINGVILLE,"15 KATHY PLACE, 3A",04 TAX CLASS 1 CONDOS
us-nyc,United States,New York,USD,500000.0,nan,2025-07-25,nyc_dof_rolling_sales,nan,,,,1975,,,04 TAX CLASS 1 CONDOS,NEW SPRINGVILLE,"11 KATHY PLACE, 3A",04 TAX CLASS 1 CONDOS
us-nyc,United States,New York,USD,490000.0,nan,2025-08-28,nyc_dof_rolling_sales,nan,,,,1975,,,04 TAX CLASS 1 CONDOS,NEW SPRINGVILLE,"7 KATHY PLACE, 1A",04 TAX CLASS 1 CONDOS
us-nyc,United States,New York,USD,465000.0,nan,2025-11-03,nyc_dof_rolling_sales,nan,,,,1975,,,04 TAX CLASS 1 CONDOS,NEW SPRINGVILLE,"44 WINDHAM LOOP, 3A",04 TAX CLASS 1 CONDOS
us-nyc,United States,New York,USD,480000.0,nan,2025-02-28,nyc_dof_rolling_sales,nan,,,,1975,,,04 TAX CLASS 1 CONDOS,NEW SPRINGVILLE,"44 WINDHAM LOOP, 3B",04 TAX CLASS 1 CONDOS
us-nyc,United States,New York,USD,500000.0,nan,2025-07-17,nyc_dof_rolling_sales,nan,,,,1975,,,04 TAX CLASS 1 CONDOS,NEW SPRINGVILLE,"52 WINDHAM LOOP, 2A",04 TAX CLASS 1 CONDOS
us-nyc,United States,New York,USD,605000.0,nan,2025-07-02,nyc_dof_rolling_sales,nan,,,,1981,,,04 TAX CLASS 1 CONDOS,NEW SPRINGVILLE,40 AMY COURT,04 TAX CLASS 1 CONDOS
us-nyc,United States,New York,USD,629000.0,nan,2025-05-16,nyc_dof_rolling_sales,nan,,,,1981,,,04 TAX CLASS 1 CONDOS,NEW SPRINGVILLE,194 WINDHAM LOOP,04 TAX CLASS 1 CONDOS
us-nyc,United States,New York,USD,645000.0,nan,2025-01-14,nyc_dof_rolling_sales,nan,,,,1981,,,04 TAX CLASS 1 CONDOS,NEW SPRINGVILLE,506 GOLF VIEW COURT,04 TAX CLASS 1 CONDOS
us-nyc,United States,New York,USD,545000.0,nan,2025-10-17,nyc_dof_rolling_sales,nan,,,,1981,,,04 TAX CLASS 1 CONDOS,NEW SPRINGVILLE,516 GOLF VIEW COURT,04 TAX CLASS 1 CONDOS
us-nyc,United States,New York,USD,672000.0,nan,2025-10-31,nyc_dof_rolling_sales,nan,,,,1981,,,04 TAX CLASS 1 CONDOS,NEW SPRINGVILLE,542 GOLF VIEW COURT,04 TAX CLASS 1 CONDOS
us-nyc,United States,New York,USD,480000.0,nan,2025-09-17,nyc_dof_rolling_sales,nan,,,,1982,,,04 TAX CLASS 1 CONDOS,NEW SPRINGVILLE,1728 FOREST HILL RD,04 TAX CLASS 1 CONDOS
us-nyc,United States,New York,USD,355000.0,nan,2025-01-17,nyc_dof_rolling_sales,nan,,,,1982,,,04 TAX CLASS 1 CONDOS,NEW SPRINGVILLE,1730 FOREST HILL ROAD,04 TAX CLASS 1 CONDOS
us-nyc,United States,New York,USD,370000.0,nan,2025-09-12,nyc_dof_rolling_sales,nan,,,,1982,,,04 TAX CLASS 1 CONDOS,NEW SPRINGVILLE,1732 FOREST HILL ROAD,04 TAX CLASS 1 CONDOS
us-nyc,United States,New York,USD,263500.0,nan,2025-01-03,nyc_dof_rolling_sales,nan,,,,1979,,,04 TAX CLASS 1 CONDOS,NEW SPRINGVILLE,18 ELMWOOD PARK DRIVE,04 TAX CLASS 1 CONDOS
us-nyc,United States,New York,USD,332500.0,nan,2025-08-21,nyc_dof_rolling_sales,nan,,,,1979,,,04 TAX CLASS 1 CONDOS,NEW SPRINGVILLE,49 DEVON LOOP,04 TAX CLASS 1 CONDOS
us-nyc,United States,New York,USD,356775.0,nan,2025-08-28,nyc_dof_rolling_sales,nan,,,,1979,,,04 TAX CLASS 1 CONDOS,NEW SPRINGVILLE,127 DEVON LOOP,04 TAX CLASS 1 CONDOS
us-nyc,United States,New York,USD,349000.0,nan,2025-02-06,nyc_dof_rolling_sales,nan,,,,1985,,,04 TAX CLASS 1 CONDOS,NEW SPRINGVILLE,130 DEVON LOOP,04 TAX CLASS 1 CONDOS
us-nyc,United States,New York,USD,330000.0,nan,2025-05-12,nyc_dof_rolling_sales,nan,,,,1985,,,04 TAX CLASS 1 CONDOS,NEW SPRINGVILLE,160 DEVON LOOP,04 TAX CLASS 1 CONDOS
us-nyc,United States,New York,USD,368000.0,nan,2025-08-13,nyc_dof_rolling_sales,nan,,,,1985,,,04 TAX CLASS 1 CONDOS,NEW SPRINGVILLE,"170 DEVON LOOP, 2",04 TAX CLASS 1 CONDOS
us-nyc,United States,New York,USD,480000.0,nan,2025-09-17,nyc_dof_rolling_sales,nan,,,,1985,,,04 TAX CLASS 1 CONDOS,NEW SPRINGVILLE,"170 DEVON LOOP, 3",04 TAX CLASS 1 CONDOS
us-nyc,United States,New York,USD,370000.0,nan,2025-04-18,nyc_dof_rolling_sales,nan,,,,1985,,,04 TAX CLASS 1 CONDOS,NEW SPRINGVILLE,"40 DONNA COURT, 3",04 TAX CLASS 1 CONDOS
us-nyc,United States,New York,USD,290000.0,nan,2025-01-17,nyc_dof_rolling_sales,nan,,,,1985,,,04 TAX CLASS 1 CONDOS,NEW SPRINGVILLE,"20 DONNA COURT, 1",04 TAX CLASS 1 CONDOS
us-nyc,United States,New York,USD,560000.0,nan,2025-03-20,nyc_dof_rolling_sales,nan,,,,1978,,,04 TAX CLASS 1 CONDOS,NEW SPRINGVILLE,50 RUMSON ROAD,04 TAX CLASS 1 CONDOS
us-nyc,United States,New York,USD,495000.0,nan,2025-03-28,nyc_dof_rolling_sales,nan,,,,1978,,,04 TAX CLASS 1 CONDOS,NEW SPRINGVILLE,44 RUMSON ROAD,04 TAX CLASS 1 CONDOS
us-nyc,United States,New York,USD,540000.0,nan,2025-07-29,nyc_dof_rolling_sales,nan,,,,1978,,,04 TAX CLASS 1 CONDOS,NEW SPRINGVILLE,16 RUMSON ROAD,04 TAX CLASS 1 CONDOS
us-nyc,United States,New York,USD,210000.0,nan,2025-02-26,nyc_dof_rolling_sales,nan,,,,1978,,,04 TAX CLASS 1 CONDOS,NEW SPRINGVILLE,4 RUMSON ROAD,04 TAX CLASS 1 CONDOS
us-nyc,United States,New York,USD,475000.0,nan,2025-10-01,nyc_dof_rolling_sales,nan,,,,1978,,,04 TAX CLASS 1 CONDOS,NEW SPRINGVILLE,4 RUMSON ROAD,04 TAX CLASS 1 CONDOS
us-nyc,United States,New York,USD,515000.0,nan,2025-09-04,nyc_dof_rolling_sales,nan,,,,1978,,,04 TAX CLASS 1 CONDOS,NEW SPRINGVILLE,"1780 FOREST HILL ROAD, 122",04 TAX CLASS 1 CONDOS
us-nyc,United States,New York,USD,490000.0,nan,2025-11-14,nyc_dof_rolling_sales,nan,,,,1978,,,04 TAX CLASS 1 CONDOS,NEW SPRINGVILLE,"61 STONE LANE, 137",04 TAX CLASS 1 CONDOS
us-nyc,United States,New York,USD,65000.0,nan,2025-04-16,nyc_dof_rolling_sales,nan,,,,1978,,,04 TAX CLASS 1 CONDOS,NEW SPRINGVILLE,1772 FOREST HILL ROAD,04 TAX CLASS 1 CONDOS
us-nyc,United States,New York,USD,389500.0,nan,2025-02-21,nyc_dof_rolling_sales,nan,,,,1978,,,04 TAX CLASS 1 CONDOS,NEW SPRINGVILLE,149 PIERPONT PLACE,04 TAX CLASS 1 CONDOS
us-nyc,United States,New York,USD,475000.0,nan,2025-08-22,nyc_dof_rolling_sales,nan,,,,1978,,,04 TAX CLASS 1 CONDOS,NEW SPRINGVILLE,149 PIERPONT PLACE,04 TAX CLASS 1 CONDOS
us-nyc,United States,New York,USD,550000.0,nan,2025-05-29,nyc_dof_rolling_sales,nan,,,,1981,,,04 TAX CLASS 1 CONDOS,NEW SPRINGVILLE,111 PIERPONT PLACE,04 TAX CLASS 1 CONDOS
us-nyc,United States,New York,USD,570000.0,nan,2025-02-14,nyc_dof_rolling_sales,nan,,,,1981,,,04 TAX CLASS 1 CONDOS,NEW SPRINGVILLE,1742B FOREST HILL ROAD,04 TAX CLASS 1 CONDOS
us-nyc,United States,New York,USD,575000.0,nan,2025-10-24,nyc_dof_rolling_sales,nan,,,,1981,,,04 TAX CLASS 1 CONDOS,NEW SPRINGVILLE,80 BELMAR DRIVE WEST,04 TAX CLASS 1 CONDOS
us-nyc,United States,New York,USD,569000.0,nan,2025-11-04,nyc_dof_rolling_sales,nan,,,,1981,,,04 TAX CLASS 1 CONDOS,NEW SPRINGVILLE,54 PIERPONT PLACE,04 TAX CLASS 1 CONDOS
us-nyc,United States,New York,USD,315000.0,nan,2025-08-12,nyc_dof_rolling_sales,nan,,,,1981,,,04 TAX CLASS 1 CONDOS,NEW SPRINGVILLE,67 PIERPONT PLACE,04 TAX CLASS 1 CONDOS
us-nyc,United States,New York,USD,480000.0,nan,2025-07-16,nyc_dof_rolling_sales,nan,,,,1981,,,04 TAX CLASS 1 CONDOS,NEW SPRINGVILLE,53 PIERPONT PLACE,04 TAX CLASS 1 CONDOS
us-nyc,United States,New York,USD,490000.0,nan,2025-05-23,nyc_dof_rolling_sales,nan,,,,1981,,,04 TAX CLASS 1 CONDOS,NEW SPRINGVILLE,2 BELMAR DRIVE EAST,04 TAX CLASS 1 CONDOS
us-nyc,United States,New York,USD,410000.0,nan,2025-07-02,nyc_dof_rolling_sales,nan,,,,1979,,,04 TAX CLASS 1 CONDOS,NEW SPRINGVILLE,458 WINDHAM LOOP,04 TAX CLASS 1 CONDOS
us-nyc,United States,New York,USD,402500.0,nan,2025-01-07,nyc_dof_rolling_sales,nan,,,,1985,,,04 TAX CLASS 1 CONDOS,NEW SPRINGVILLE,"65 ELMWOOD PARK DRIVE, 6",04 TAX CLASS 1 CONDOS
us-nyc,United States,New York,USD,438000.0,nan,2025-02-06,nyc_dof_rolling_sales,nan,,,,1985,,,04 TAX CLASS 1 CONDOS,NEW SPRINGVILLE,"65 ELMWOOD PARK DRIVE, 25",04 TAX CLASS 1 CONDOS
us-nyc,United States,New York,USD,450000.0,nan,2025-08-25,nyc_dof_rolling_sales,nan,,,,1985,,,04 TAX CLASS 1 CONDOS,NEW SPRINGVILLE,"85 ELMWOOD PARK DRIVE, 22",04 TAX CLASS 1 CONDOS
us-nyc,United States,New York,USD,430000.0,nan,2025-02-13,nyc_dof_rolling_sales,nan,,,,1985,,,04 TAX CLASS 1 CONDOS,NEW SPRINGVILLE,"85 ELMWOOD PARK DRIVE, 60",04 TAX CLASS 1 CONDOS
us-nyc,United States,New York,USD,499900.0,nan,2025-01-30,nyc_dof_rolling_sales,nan,,,,1988,,,04 TAX CLASS 1 CONDOS,NEW SPRINGVILLE,"23 ARIELLE LANE, 109",04 TAX CLASS 1 CONDOS
us-nyc,United States,New York,USD,475000.0,nan,2025-06-11,nyc_dof_rolling_sales,nan,,,,1988,,,04 TAX CLASS 1 CONDOS,NEW SPRINGVILLE,"16 ARIELLE LANE, 132",04 TAX CLASS 1 CONDOS
us-nyc,United States,New York,USD,370000.0,nan,2025-10-28,nyc_dof_rolling_sales,nan,,,,1988,,,04 TAX CLASS 1 CONDOS,NEW SPRINGVILLE,"24 ARIELLE LANE, 136",04 TAX CLASS 1 CONDOS
us-nyc,United States,New York,USD,490000.0,nan,2025-02-06,nyc_dof_rolling_sales,nan,,,,1988,,,04 TAX CLASS 1 CONDOS,NEW SPRINGVILLE,"10 GREGORY LANE, 145",04 TAX CLASS 1 CONDOS
us-nyc,United States,New York,USD,399499.0,nan,2025-08-20,nyc_dof_rolling_sales,nan,,,,1973,,,12 CONDOS - WALKUP APARTMENTS,NEW SPRINGVILLE,"1286 ROCKLAND AVENUE, 1G",12 CONDOS - WALKUP APARTMENTS
us-nyc,United States,New York,USD,305000.0,nan,2025-09-29,nyc_dof_rolling_sales,nan,,,,1973,,,12 CONDOS - WALKUP APARTMENTS,NEW SPRINGVILLE,"1288 ROCKLAND AVENUE, 2C",12 CONDOS - WALKUP APARTMENTS
us-nyc,United States,New York,USD,342000.0,nan,2025-10-29,nyc_dof_rolling_sales,nan,,,,1973,,,12 CONDOS - WALKUP APARTMENTS,NEW SPRINGVILLE,"1294 ROCKLAND AVENUE, 1D",12 CONDOS - WALKUP APARTMENTS
us-nyc,United States,New York,USD,355000.0,nan,2025-04-17,nyc_dof_rolling_sales,nan,,,,1973,,,12 CONDOS - WALKUP APARTMENTS,NEW SPRINGVILLE,"1300 ROCKLAND AVENUE, 2B",12 CONDOS - WALKUP APARTMENTS
us-nyc,United States,New York,USD,359000.0,nan,2025-09-17,nyc_dof_rolling_sales,nan,,,,1973,,,12 CONDOS - WALKUP APARTMENTS,NEW SPRINGVILLE,"1300 ROCKLAND AVENUE, 2C",12 CONDOS - WALKUP APARTMENTS
us-nyc,United States,New York,USD,250000.0,nan,2025-01-09,nyc_dof_rolling_sales,nan,,,,1973,,,12 CONDOS - WALKUP APARTMENTS,NEW SPRINGVILLE,"1306 ROCKLAND AVENUE, 2D",12 CONDOS - WALKUP APARTMENTS
us-nyc,United States,New York,USD,117019.0,nan,2025-10-13,nyc_dof_rolling_sales,nan,,,,1974,,,12 CONDOS - WALKUP APARTMENTS,NEW SPRINGVILLE,"11 GADSEN PLACE, 1H",12 CONDOS - WALKUP APARTMENTS
us-nyc,United States,New York,USD,350000.0,nan,2025-12-04,nyc_dof_rolling_sales,nan,,,,1974,,,12 CONDOS - WALKUP APARTMENTS,NEW SPRINGVILLE,"19 GADSEN PLACE, 2G",12 CONDOS - WALKUP APARTMENTS
us-nyc,United States,New York,USD,402500.0,nan,2025-08-04,nyc_dof_rolling_sales,nan,,,,1974,,,12 CONDOS - WALKUP APARTMENTS,NEW SPRINGVILLE,"27 GADSEN PLACE, 2H",12 CONDOS - WALKUP APARTMENTS
us-nyc,United States,New York,USD,322000.0,nan,2025-03-31,nyc_dof_rolling_sales,nan,,,,1974,,,12 CONDOS - WALKUP APARTMENTS,NEW SPRINGVILLE,"29 GADSEN PLACE, 1C",12 CONDOS - WALKUP APARTMENTS
us-nyc,United States,New York,USD,18127.0,nan,2025-03-19,nyc_dof_rolling_sales,nan,,,,1974,,,12 CONDOS - WALKUP APARTMENTS,NEW SPRINGVILLE,"29 GADSEN PLACE, 1D",12 CONDOS - WALKUP APARTMENTS
us-nyc,United States,New York,USD,325000.0,nan,2025-05-19,nyc_dof_rolling_sales,nan,,,,1983,,,13 CONDOS - ELEVATOR APARTMENTS,NEW SPRINGVILLE,"2 ELMWOOD PARK DRIVE, 404",13 CONDOS - ELEVATOR APARTMENTS
us-nyc,United States,New York,USD,350000.0,nan,2025-04-15,nyc_dof_rolling_sales,nan,,,,1983,,,13 CONDOS - ELEVATOR APARTMENTS,NEW SPRINGVILLE,"2 ELMWOOD PARK DRIVE, 412",13 CONDOS - ELEVATOR APARTMENTS
us-nyc,United States,New York,USD,370000.0,nan,2025-04-04,nyc_dof_rolling_sales,nan,,,,1983,,,13 CONDOS - ELEVATOR APARTMENTS,NEW SPRINGVILLE,"2 ELMWOOD PARK DRIVE, 501",13 CONDOS - ELEVATOR APARTMENTS
us-nyc,United States,New York,USD,368000.0,nan,2025-09-25,nyc_dof_rolling_sales,nan,,,,1983,,,13 CONDOS - ELEVATOR APARTMENTS,NEW SPRINGVILLE,"2 ELMWOOD PARK DRIVE, 712",13 CONDOS - ELEVATOR APARTMENTS
us-nyc,United States,New York,USD,362000.0,nan,2025-10-10,nyc_dof_rolling_sales,nan,,,,1979,,,13 CONDOS - ELEVATOR APARTMENTS,NEW SPRINGVILLE,"5 WINDHAM LOOP, 1G",13 CONDOS - ELEVATOR APARTMENTS
us-nyc,United States,New York,USD,370000.0,nan,2025-04-24,nyc_dof_rolling_sales,nan,,,,1979,,,13 CONDOS - ELEVATOR APARTMENTS,NEW SPRINGVILLE,"11 WINDHAM LOOP, 1II",13 CONDOS - ELEVATOR APARTMENTS
us-nyc,United States,New York,USD,370000.0,nan,2025-05-08,nyc_dof_rolling_sales,nan,,,,1979,,,13 CONDOS - ELEVATOR APARTMENTS,NEW SPRINGVILLE,"11 WINDHAM LOOP, 1NN",13 CONDOS - ELEVATOR APARTMENTS
us-nyc,United States,New York,USD,375000.0,nan,2025-09-18,nyc_dof_rolling_sales,nan,,,,1979,,,13 CONDOS - ELEVATOR APARTMENTS,NEW SPRINGVILLE,"11 WINDHAM LOOP, 2JJ",13 CONDOS - ELEVATOR APARTMENTS
us-nyc,United States,New York,USD,390000.0,nan,2025-11-21,nyc_dof_rolling_sales,nan,,,,1979,,,13 CONDOS - ELEVATOR APARTMENTS,NEW SPRINGVILLE,"5 WINDHAM LOOP, 3K",13 CONDOS - ELEVATOR APARTMENTS
us-nyc,United States,New York,USD,358000.0,nan,2025-03-19,nyc_dof_rolling_sales,nan,,,,1979,,,13 CONDOS - ELEVATOR APARTMENTS,NEW SPRINGVILLE,"5 WINDHAM LOOP, 3M",13 CONDOS - ELEVATOR APARTMENTS
us-nyc,United States,New York,USD,370000.0,nan,2025-05-30,nyc_dof_rolling_sales,nan,,,,1979,,,13 CONDOS - ELEVATOR APARTMENTS,NEW SPRINGVILLE,"11 WINDHAM LOOP, 3HH",13 CONDOS - ELEVATOR APARTMENTS
us-nyc,United States,New York,USD,10.0,nan,2025-07-17,nyc_dof_rolling_sales,nan,,,,1979,,,13 CONDOS - ELEVATOR APARTMENTS,NEW SPRINGVILLE,"11 WINDHAM LOOP, 4II",13 CONDOS - ELEVATOR APARTMENTS
us-nyc,United States,New York,USD,400000.0,nan,2025-02-24,nyc_dof_rolling_sales,nan,,,,1979,,,13 CONDOS - ELEVATOR APARTMENTS,NEW SPRINGVILLE,"5 WINDHAM LOOP, 5I",13 CONDOS - ELEVATOR APARTMENTS
us-nyc,United States,New York,USD,340000.0,nan,2025-07-31,nyc_dof_rolling_sales,nan,,,,1979,,,13 CONDOS - ELEVATOR APARTMENTS,NEW SPRINGVILLE,"11 WINDHAM LOOP, 5KK",13 CONDOS - ELEVATOR APARTMENTS
us-nyc,United States,New York,USD,319999.0,nan,2025-07-14,nyc_dof_rolling_sales,nan,,,,1979,,,13 CONDOS - ELEVATOR APARTMENTS,NEW SPRINGVILLE,"5 WINDHAM LOOP, 7L",13 CONDOS - ELEVATOR APARTMENTS
us-nyc,United States,New York,USD,440000.0,nan,2025-01-15,nyc_dof_rolling_sales,nan,,,,1988,,,13 CONDOS - ELEVATOR APARTMENTS,NEW SPRINGVILLE,"95 ESSEX DRIVE, 1F",13 CONDOS - ELEVATOR APARTMENTS
us-nyc,United States,New York,USD,390000.0,nan,2025-11-20,nyc_dof_rolling_sales,nan,,,,1988,,,13 CONDOS - ELEVATOR APARTMENTS,NEW SPRINGVILLE,"75 ESSEX DRIVE, 2D",13 CONDOS - ELEVATOR APARTMENTS
us-nyc,United States,New York,USD,530000.0,nan,2025-08-26,nyc_dof_rolling_sales,nan,,,,1988,,,13 CONDOS - ELEVATOR APARTMENTS,NEW SPRINGVILLE,"120 WELLINGTON COURT, 3H",13 CONDOS - ELEVATOR APARTMENTS
us-nyc,United States,New York,USD,465000.0,nan,2025-09-24,nyc_dof_rolling_sales,nan,,,,1987,,,13 CONDOS - ELEVATOR APARTMENTS,NEW SPRINGVILLE,"41 WELLINGTON COURT, 3E",13 CONDOS - ELEVATOR APARTMENTS
us-nyc,United States,New York,USD,435000.0,nan,2025-05-30,nyc_dof_rolling_sales,nan,,,,1987,,,13 CONDOS - ELEVATOR APARTMENTS,NEW SPRINGVILLE,"41 WELLINGTON COURT, 4E",13 CONDOS - ELEVATOR APARTMENTS
us-nyc,United States,New York,USD,295000.0,nan,2025-09-23,nyc_dof_rolling_sales,nan,,,,1987,,,13 CONDOS - ELEVATOR APARTMENTS,NEW SPRINGVILLE,"121 WELLINGTON COURT, 2A",13 CONDOS - ELEVATOR APARTMENTS
us-nyc,United States,New York,USD,325000.0,nan,2025-03-26,nyc_dof_rolling_sales,nan,,,,1987,,,13 CONDOS - ELEVATOR APARTMENTS,NEW SPRINGVILLE,"121 WELLINGTON COURT, 2J",13 CONDOS - ELEVATOR APARTMENTS
us-nyc,United States,New York,USD,370000.0,nan,2025-11-21,nyc_dof_rolling_sales,nan,,,,1988,,,13 CONDOS - ELEVATOR APARTMENTS,NEW SPRINGVILLE,"171 WELLINGTON COURT, 1H",13 CONDOS - ELEVATOR APARTMENTS
us-nyc,United States,New York,USD,350000.0,nan,2025-11-21,nyc_dof_rolling_sales,nan,,,,1988,,,13 CONDOS - ELEVATOR APARTMENTS,NEW SPRINGVILLE,"171 WELLINGTON COURT, 3E",13 CONDOS - ELEVATOR APARTMENTS
us-nyc,United States,New York,USD,730000.0,137.49644,2025-10-16,nyc_dof_rolling_sales,137.49644,,,,1994,,,01 ONE FAMILY DWELLINGS,OAKWOOD,86 CEDARVIEW AVENUE,01 ONE FAMILY DWELLINGS
us-nyc,United States,New York,USD,691000.0,104.515875,2025-01-31,nyc_dof_rolling_sales,104.515875,,,,1960,,,01 ONE FAMILY DWELLINGS,OAKWOOD,36 CLARENCE PLACE,01 ONE FAMILY DWELLINGS
us-nyc,United States,New York,USD,740000.0,93.646224,2025-11-10,nyc_dof_rolling_sales,93.646224,,,,1955,,,01 ONE FAMILY DWELLINGS,OAKWOOD,351 8 STREET,01 ONE FAMILY DWELLINGS
us-nyc,United States,New York,USD,640000.0,100.33524,2025-07-31,nyc_dof_rolling_sales,100.33524,,,,1965,,,01 ONE FAMILY DWELLINGS,OAKWOOD,9 PENN AVENUE,01 ONE FAMILY DWELLINGS
us-nyc,United States,New York,USD,810000.0,111.111988,2025-07-22,nyc_dof_rolling_sales,111.111988,,,,1965,,,01 ONE FAMILY DWELLINGS,OAKWOOD,374 TYSENS LANE,01 ONE FAMILY DWELLINGS
us-nyc,United States,New York,USD,730000.0,96.61912,2025-02-13,nyc_dof_rolling_sales,96.61912,,,,1960,,,01 ONE FAMILY DWELLINGS,OAKWOOD,201 PENN AVENUE,01 ONE FAMILY DWELLINGS
us-nyc,United States,New York,USD,885000.0,109.253928,2025-10-06,nyc_dof_rolling_sales,109.253928,,,,1955,,,01 ONE FAMILY DWELLINGS,OAKWOOD,23 ACORN STREET,01 ONE FAMILY DWELLINGS
us-nyc,United States,New York,USD,465000.0,44.59344,2025-06-12,nyc_dof_rolling_sales,44.59344,,,,1945,,,01 ONE FAMILY DWELLINGS,OAKWOOD,2 ACORN STREET,01 ONE FAMILY DWELLINGS
us-nyc,United States,New York,USD,1190000.0,328.87662,2025-06-16,nyc_dof_rolling_sales,328.87662,,,,1955,,,01 ONE FAMILY DWELLINGS,OAKWOOD,25 TARRING STREET,01 ONE FAMILY DWELLINGS
us-nyc,United States,New York,USD,200000.0,76.737878,2025-08-21,nyc_dof_rolling_sales,76.737878,,,,1925,,,01 ONE FAMILY DWELLINGS,OAKWOOD,443 FLINT STREET,01 ONE FAMILY DWELLINGS
us-nyc,United States,New York,USD,1125000.0,167.2254,2025-09-23,nyc_dof_rolling_sales,167.2254,,,,1996,,,01 ONE FAMILY DWELLINGS,OAKWOOD,450 PENDALE STREET,01 ONE FAMILY DWELLINGS
us-nyc,United States,New York,USD,648000.0,159.79316,2025-02-10,nyc_dof_rolling_sales,159.79316,,,,1989,,,01 ONE FAMILY DWELLINGS,OAKWOOD,64 GUYON AVENUE,01 ONE FAMILY DWELLINGS
us-nyc,United States,New York,USD,685000.0,121.888736,2025-06-24,nyc_dof_rolling_sales,121.888736,,,,1975,,,01 ONE FAMILY DWELLINGS,OAKWOOD,1956 NORTH RAILROAD AVE,01 ONE FAMILY DWELLINGS
us-nyc,United States,New York,USD,1389000.0,260.500012,2025-06-23,nyc_dof_rolling_sales,260.500012,,,,2008,,,01 ONE FAMILY DWELLINGS,OAKWOOD,139 ADELAIDE AVENUE,01 ONE FAMILY DWELLINGS
us-nyc,United States,New York,USD,855000.0,135.266768,2025-08-29,nyc_dof_rolling_sales,135.266768,,,,1960,,,01 ONE FAMILY DWELLINGS,OAKWOOD,99 ELMIRA STREET,01 ONE FAMILY DWELLINGS
us-nyc,United States,New York,USD,910000.0,151.617696,2025-10-16,nyc_dof_rolling_sales,151.617696,,,,1960,,,01 ONE FAMILY DWELLINGS,OAKWOOD,231 ADELAIDE AVENUE,01 ONE FAMILY DWELLINGS
us-nyc,United States,New York,USD,700000.0,181.16085,2025-05-20,nyc_dof_rolling_sales,181.16085,,,,1950,,,01 ONE FAMILY DWELLINGS,OAKWOOD,3033 HYLAN BOULEVARD,01 ONE FAMILY DWELLINGS
us-nyc,United States,New York,USD,849000.0,112.226824,2025-09-25,nyc_dof_rolling_sales,112.226824,,,,1920,,,01 ONE FAMILY DWELLINGS,OAKWOOD,107 MONTREAL AVENUE,01 ONE FAMILY DWELLINGS
us-nyc,United States,New York,USD,720000.0,101.171367,2025-03-18,nyc_dof_rolling_sales,101.171367,,,,1955,,,01 ONE FAMILY DWELLINGS,OAKWOOD,201 MONTREAL AVENUE,01 ONE FAMILY DWELLINGS
us-nyc,United States,New York,USD,865000.0,204.3866,2025-03-13,nyc_dof_rolling_sales,204.3866,,,,1955,,,01 ONE FAMILY DWELLINGS,OAKWOOD,314 MONTREAL AVENUE,01 ONE FAMILY DWELLINGS
us-nyc,United States,New York,USD,800000.0,186.549224,2025-06-17,nyc_dof_rolling_sales,186.549224,,,,1970,,,01 ONE FAMILY DWELLINGS,OAKWOOD,136 CHAMPLAIN AVENUE,01 ONE FAMILY DWELLINGS
us-nyc,United States,New York,USD,708750.0,168.711848,2025-02-28,nyc_dof_rolling_sales,168.711848,,,,1970,,,02 TWO FAMILY DWELLINGS,OAKWOOD,4 PENN AVENUE,02 TWO FAMILY DWELLINGS
us-nyc,United States,New York,USD,930000.0,184.319552,2025-07-25,nyc_dof_rolling_sales,184.319552,,,,1960,,,02 TWO FAMILY DWELLINGS,OAKWOOD,20 PENN AVENUE,02 TWO FAMILY DWELLINGS
us-nyc,United States,New York,USD,1020000.0,171.87055,2025-03-27,nyc_dof_rolling_sales,171.87055,,,,1960,,,02 TWO FAMILY DWELLINGS,OAKWOOD,440 TYSENS LANE,02 TWO FAMILY DWELLINGS
us-nyc,United States,New York,USD,300000.0,194.445979,2025-09-24,nyc_dof_rolling_sales,194.445979,,,,1965,,,02 TWO FAMILY DWELLINGS,OAKWOOD,526 TYSENS LANE,02 TWO FAMILY DWELLINGS
us-nyc,United States,New York,USD,970000.0,121.145512,2025-10-16,nyc_dof_rolling_sales,121.145512,,,,1955,,,02 TWO FAMILY DWELLINGS,OAKWOOD,99 ACORN STREET,02 TWO FAMILY DWELLINGS
us-nyc,United States,New York,USD,1300000.0,321.072768,2025-06-16,nyc_dof_rolling_sales,321.072768,,,,1965,,,07 RENTALS - WALKUP APARTMENTS,OAKWOOD,1915 SOUTH RAILROAD AVE,07 RENTALS - WALKUP APARTMENTS
us-nyc,United States,New York,USD,900000.0,204.3866,2025-03-05,nyc_dof_rolling_sales,204.3866,,,,1986,,,21 OFFICE BUILDINGS,OAKWOOD,3077 HYLAN BOULEVARD,21 OFFICE BUILDINGS
us-nyc,United States,New York,USD,500000.0,102.1933,2025-03-12,nyc_dof_rolling_sales,102.1933,,,,2008,,,22 STORE BUILDINGS,OAKWOOD,85 GUYON AVENUE,22 STORE BUILDINGS
us-nyc,United States,New York,USD,1530000.0,418.0635,2025-10-30,nyc_dof_rolling_sales,418.0635,,,,1990,,,32 HOSPITAL AND HEALTH FACILITIES,OAKWOOD,2971 HYLAN BOULEVARD,32 HOSPITAL AND HEALTH FACILITIES
us-nyc,United States,New York,USD,575000.0,89.18688,2025-01-30,nyc_dof_rolling_sales,89.18688,,,,1960,,,01 ONE FAMILY DWELLINGS,OAKWOOD-BEACH,349 PENN AVENUE,01 ONE FAMILY DWELLINGS
us-nyc,United States,New York,USD,990000.0,250.094876,2025-09-05,nyc_dof_rolling_sales,250.094876,,,,1997,,,01 ONE FAMILY DWELLINGS,OAKWOOD-BEACH,2936 HYLAN BLVD,01 ONE FAMILY DWELLINGS
us-nyc,United States,New York,USD,1160000.0,305.186355,2025-07-31,nyc_dof_rolling_sales,305.186355,,,,2008,,,01 ONE FAMILY DWELLINGS,OAKWOOD-BEACH,525 FALCON AVENUE,01 ONE FAMILY DWELLINGS
us-nyc,United States,New York,USD,630000.0,344.855936,2025-01-08,nyc_dof_rolling_sales,344.855936,,,,1960,,,01 ONE FAMILY DWELLINGS,OAKWOOD-BEACH,544 FALCON AVENUE,01 ONE FAMILY DWELLINGS
us-nyc,United States,New York,USD,987703.0,227.61235,2025-01-16,nyc_dof_rolling_sales,227.61235,,,,2024,,,01 ONE FAMILY DWELLINGS,OAKWOOD-BEACH,452 AMHERST AVENUE,01 ONE FAMILY DWELLINGS
us-nyc,United States,New York,USD,630000.0,104.05136,2025-12-02,nyc_dof_rolling_sales,104.05136,,,,1996,,,01 ONE FAMILY DWELLINGS,OAKWOOD-BEACH,491 TARRYTOWN AVENUE,01 ONE FAMILY DWELLINGS
us-nyc,United States,New York,USD,700000.0,112.970048,2025-01-31,nyc_dof_rolling_sales,112.970048,,,,1940,,,01 ONE FAMILY DWELLINGS,OAKWOOD-BEACH,492 LYNN STREET,01 ONE FAMILY DWELLINGS
us-nyc,United States,New York,USD,670000.0,171.313132,2025-02-13,nyc_dof_rolling_sales,171.313132,,,,1910,,,01 ONE FAMILY DWELLINGS,OAKWOOD-BEACH,426 GUYON AVENUE,01 ONE FAMILY DWELLINGS
us-nyc,United States,New York,USD,763000.0,125.41905,2025-05-14,nyc_dof_rolling_sales,125.41905,,,,2001,,,01 ONE FAMILY DWELLINGS,OAKWOOD-BEACH,480 RIGA STREET,01 ONE FAMILY DWELLINGS
us-nyc,United States,New York,USD,765000.0,117.05778,2025-08-04,nyc_dof_rolling_sales,117.05778,,,,2001,,,01 ONE FAMILY DWELLINGS,OAKWOOD-BEACH,476 RIGA STREET,01 ONE FAMILY DWELLINGS
us-nyc,United States,New York,USD,760000.0,173.72861,2025-08-25,nyc_dof_rolling_sales,173.72861,,,,1989,,,01 ONE FAMILY DWELLINGS,OAKWOOD-BEACH,376 ADELAIDE AVENUE,01 ONE FAMILY DWELLINGS
us-nyc,United States,New York,USD,667000.0,101.450076,2025-11-12,nyc_dof_rolling_sales,101.450076,,,,1960,,,01 ONE FAMILY DWELLINGS,OAKWOOD-BEACH,402 ADELAIDE AVENUE,01 ONE FAMILY DWELLINGS
us-nyc,United States,New York,USD,649000.0,124.861632,2025-02-10,nyc_dof_rolling_sales,124.861632,,,,1975,,,01 ONE FAMILY DWELLINGS,OAKWOOD-BEACH,528 RIGA STREET,01 ONE FAMILY DWELLINGS
us-nyc,United States,New York,USD,755000.0,163.50928,2025-03-21,nyc_dof_rolling_sales,163.50928,,,,1997,,,01 ONE FAMILY DWELLINGS,OAKWOOD-BEACH,584 RIGA STREET,01 ONE FAMILY DWELLINGS
us-nyc,United States,New York,USD,835000.0,92.903,2025-11-19,nyc_dof_rolling_sales,92.903,,,,1960,,,01 ONE FAMILY DWELLINGS,OAKWOOD-BEACH,269 CHESTERTON AVENUE,01 ONE FAMILY DWELLINGS
us-nyc,United States,New York,USD,755000.0,89.18688,2025-07-01,nyc_dof_rolling_sales,89.18688,,,,1960,,,01 ONE FAMILY DWELLINGS,OAKWOOD-BEACH,293 CHESTERTON AVENUE,01 ONE FAMILY DWELLINGS
us-nyc,United States,New York,USD,678000.0,120.402288,2025-10-20,nyc_dof_rolling_sales,120.402288,,,,1960,,,01 ONE FAMILY DWELLINGS,OAKWOOD-BEACH,326 CHESTERTON AVENUE,01 ONE FAMILY DWELLINGS
us-nyc,United States,New York,USD,685000.0,107.024256,2025-01-30,nyc_dof_rolling_sales,107.024256,,,,1960,,,01 ONE FAMILY DWELLINGS,OAKWOOD-BEACH,361 CHESTERTON AVENUE,01 ONE FAMILY DWELLINGS
us-nyc,United States,New York,USD,650000.0,107.024256,2025-03-26,nyc_dof_rolling_sales,107.024256,,,,1960,,,01 ONE FAMILY DWELLINGS,OAKWOOD-BEACH,343 CHESTERTON AVENUE,01 ONE FAMILY DWELLINGS
us-nyc,United States,New York,USD,660000.0,107.024256,2025-10-14,nyc_dof_rolling_sales,107.024256,,,,1970,,,01 ONE FAMILY DWELLINGS,OAKWOOD-BEACH,320 FAIRBANKS AVENUE,01 ONE FAMILY DWELLINGS
us-nyc,United States,New York,USD,1300000.0,151.617696,2025-07-28,nyc_dof_rolling_sales,151.617696,,,,1970,,,02 TWO FAMILY DWELLINGS,OAKWOOD-BEACH,405 OAK AVENUE,02 TWO FAMILY DWELLINGS
us-nyc,United States,New York,USD,1095000.0,229.284604,2025-07-28,nyc_dof_rolling_sales,229.284604,,,,1983,,,02 TWO FAMILY DWELLINGS,OAKWOOD-BEACH,459 RIGA STREET,02 TWO FAMILY DWELLINGS
us-nyc,United States,New York,USD,950000.0,222.9672,2025-05-07,nyc_dof_rolling_sales,222.9672,,,,1960,,,02 TWO FAMILY DWELLINGS,OAKWOOD-BEACH,382 ADELAIDE AVENUE,02 TWO FAMILY DWELLINGS
us-nyc,United States,New York,USD,1085000.0,179.860208,2025-07-31,nyc_dof_rolling_sales,179.860208,,,,1970,,,02 TWO FAMILY DWELLINGS,OAKWOOD-BEACH,44 GRAYSON STREET,02 TWO FAMILY DWELLINGS
us-nyc,United States,New York,USD,1469000.0,292.64445,2025-08-21,nyc_dof_rolling_sales,292.64445,,,,2012,,,01 ONE FAMILY DWELLINGS,PLEASANT PLAINS,70 BAYSIDE LANE,01 ONE FAMILY DWELLINGS
us-nyc,United States,New York,USD,650000.0,89.18688,2025-10-07,nyc_dof_rolling_sales,89.18688,,,,1960,,,01 ONE FAMILY DWELLINGS,PLEASANT PLAINS,341 SHARROTT AVENUE,01 ONE FAMILY DWELLINGS
us-nyc,United States,New York,USD,1800000.0,404.87127399999997,2025-04-22,nyc_dof_rolling_sales,404.87127399999997,,,,2015,,,01 ONE FAMILY DWELLINGS,PLEASANT PLAINS,55 VAIL AVENUE,01 ONE FAMILY DWELLINGS
us-nyc,United States,New York,USD,1050000.0,203.643376,2025-07-21,nyc_dof_rolling_sales,203.643376,,,,1970,,,01 ONE FAMILY DWELLINGS,PLEASANT PLAINS,152 WOODVALE AVENUE,01 ONE FAMILY DWELLINGS
us-nyc,United States,New York,USD,840000.0,175.400864,2025-10-31,nyc_dof_rolling_sales,175.400864,,,,1965,,,01 ONE FAMILY DWELLINGS,PLEASANT PLAINS,103 ELDER AVE,01 ONE FAMILY DWELLINGS
us-nyc,United States,New York,USD,704000.0,111.855212,2025-10-20,nyc_dof_rolling_sales,111.855212,,,,1965,,,01 ONE FAMILY DWELLINGS,PLEASANT PLAINS,52 CORDELIA AVENUE,01 ONE FAMILY DWELLINGS
us-nyc,United States,New York,USD,999999.0,176.887312,2025-08-27,nyc_dof_rolling_sales,176.887312,,,,1950,,,01 ONE FAMILY DWELLINGS,PLEASANT PLAINS,77 SOUTH GOFF AVENUE,01 ONE FAMILY DWELLINGS
us-nyc,United States,New York,USD,795000.0,63.917264,2025-04-25,nyc_dof_rolling_sales,63.917264,,,,1945,,,01 ONE FAMILY DWELLINGS,PLEASANT PLAINS,25 FICARELLE DRIVE,01 ONE FAMILY DWELLINGS
us-nyc,United States,New York,USD,497500.0,111.4836,2025-08-14,nyc_dof_rolling_sales,111.4836,,,,1960,,,01 ONE FAMILY DWELLINGS,PLEASANT PLAINS,6218 AMBOY ROAD,01 ONE FAMILY DWELLINGS
us-nyc,United States,New York,USD,665000.0,66.425645,2025-10-14,nyc_dof_rolling_sales,66.425645,,,,1950,,,01 ONE FAMILY DWELLINGS,PLEASANT PLAINS,45 OUTERBRIDGE AVENUE,01 ONE FAMILY DWELLINGS
us-nyc,United States,New York,USD,800000.0,120.7739,2025-08-07,nyc_dof_rolling_sales,120.7739,,,,1950,,,01 ONE FAMILY DWELLINGS,PLEASANT PLAINS,20 OUTERBRIDGE AVENUE,01 ONE FAMILY DWELLINGS
us-nyc,United States,New York,USD,708000.0,173.356998,2025-01-23,nyc_dof_rolling_sales,173.356998,,,,1901,,,01 ONE FAMILY DWELLINGS,PLEASANT PLAINS,5 DUNHAM STREET,01 ONE FAMILY DWELLINGS
us-nyc,United States,New York,USD,999999.0,319.679223,2025-10-24,nyc_dof_rolling_sales,319.679223,,,,1985,,,01 ONE FAMILY DWELLINGS,PLEASANT PLAINS,2154 SOUTH SERVICE ROAD,01 ONE FAMILY DWELLINGS
us-nyc,United States,New York,USD,1500000.0,234.765881,2025-05-06,nyc_dof_rolling_sales,234.765881,,,,1915,,,01 ONE FAMILY DWELLINGS,PLEASANT PLAINS,108 PLEASANT PLAINS AVE,01 ONE FAMILY DWELLINGS
us-nyc,United States,New York,USD,10.0,445.9344,2025-10-07,nyc_dof_rolling_sales,445.9344,,,,2000,,,01 ONE FAMILY DWELLINGS,PLEASANT PLAINS,35 EMERALD COURT,01 ONE FAMILY DWELLINGS
us-nyc,United States,New York,USD,1068000.0,188.128575,2025-02-26,nyc_dof_rolling_sales,188.128575,,,,1997,,,01 ONE FAMILY DWELLINGS,PLEASANT PLAINS,80 SAVO LOOP,01 ONE FAMILY DWELLINGS
us-nyc,United States,New York,USD,1070000.0,232.2575,2025-10-24,nyc_dof_rolling_sales,232.2575,,,,1997,,,01 ONE FAMILY DWELLINGS,PLEASANT PLAINS,31 SAVO LOOP,01 ONE FAMILY DWELLINGS
us-nyc,United States,New York,USD,325000.0,73.579176,2025-03-26,nyc_dof_rolling_sales,73.579176,,,,1945,,,01 ONE FAMILY DWELLINGS,PLEASANT PLAINS,6647 AMBOY ROAD,01 ONE FAMILY DWELLINGS
us-nyc,United States,New York,USD,630000.0,123.375184,2025-03-26,nyc_dof_rolling_sales,123.375184,,,,1920,,,01 ONE FAMILY DWELLINGS,PLEASANT PLAINS,6651 AMBOY ROAD,01 ONE FAMILY DWELLINGS
us-nyc,United States,New York,USD,670000.0,73.39337,2025-09-09,nyc_dof_rolling_sales,73.39337,,,,1940,,,01 ONE FAMILY DWELLINGS,PLEASANT PLAINS,25 GILBERT PLACE,01 ONE FAMILY DWELLINGS
us-nyc,United States,New York,USD,385000.0,133.78032,2025-06-15,nyc_dof_rolling_sales,133.78032,,,,2004,,,01 ONE FAMILY DWELLINGS,PLEASANT PLAINS,10 PENTON STREET,01 ONE FAMILY DWELLINGS
us-nyc,United States,New York,USD,975000.0,238.482001,2025-03-18,nyc_dof_rolling_sales,238.482001,,,,,,,01 ONE FAMILY DWELLINGS,PLEASANT PLAINS,535 RICHARD AVENUE,01 ONE FAMILY DWELLINGS
us-nyc,United States,New York,USD,689000.0,114.27069,2025-07-16,nyc_dof_rolling_sales,114.27069,,,,1960,,,01 ONE FAMILY DWELLINGS,PLEASANT PLAINS,260 RICHARD AVENUE,01 ONE FAMILY DWELLINGS
us-nyc,United States,New York,USD,770000.0,251.581324,2025-03-24,nyc_dof_rolling_sales,251.581324,,,,1950,,,01 ONE FAMILY DWELLINGS,PLEASANT PLAINS,344 RICHARD AVENUE,01 ONE FAMILY DWELLINGS
us-nyc,United States,New York,USD,1260000.0,278.709,2025-11-03,nyc_dof_rolling_sales,278.709,,,,1950,,,01 ONE FAMILY DWELLINGS,PLEASANT PLAINS,366 RICHARD AVENUE,01 ONE FAMILY DWELLINGS
us-nyc,United States,New York,USD,640000.0,93.646224,2025-09-12,nyc_dof_rolling_sales,93.646224,,,,1950,,,01 ONE FAMILY DWELLINGS,PLEASANT PLAINS,373 RICHARD AVENUE,01 ONE FAMILY DWELLINGS
us-nyc,United States,New York,USD,799999.0,125.41905,2025-04-30,nyc_dof_rolling_sales,125.41905,,,,2001,,,01 ONE FAMILY DWELLINGS,PLEASANT PLAINS,169 CAMDEN AVENUE,01 ONE FAMILY DWELLINGS
us-nyc,United States,New York,USD,1100000.0,568.56636,2025-04-01,nyc_dof_rolling_sales,568.56636,,,,1989,,,02 TWO FAMILY DWELLINGS,PLEASANT PLAINS,50 SHERWOOD AVENUE,02 TWO FAMILY DWELLINGS
us-nyc,United States,New York,USD,400000.0,232.2575,2025-10-06,nyc_dof_rolling_sales,232.2575,,,,1987,,,02 TWO FAMILY DWELLINGS,PLEASANT PLAINS,20 STEVENSON PLACE,02 TWO FAMILY DWELLINGS
us-nyc,United States,New York,USD,1125000.0,204.3866,2025-05-28,nyc_dof_rolling_sales,204.3866,,,,2000,,,02 TWO FAMILY DWELLINGS,PLEASANT PLAINS,235 SHARROTT AVENUE,02 TWO FAMILY DWELLINGS
us-nyc,United States,New York,USD,1190000.0,286.884464,2025-05-27,nyc_dof_rolling_sales,286.884464,,,,2004,,,02 TWO FAMILY DWELLINGS,PLEASANT PLAINS,30 KENNETH PLACE,02 TWO FAMILY DWELLINGS
us-nyc,United States,New York,USD,1693923.0,280.845769,2025-03-13,nyc_dof_rolling_sales,280.845769,,,,2021,,,02 TWO FAMILY DWELLINGS,PLEASANT PLAINS,112 WOODVALE AVENUE,02 TWO FAMILY DWELLINGS
us-nyc,United States,New York,USD,1100000.0,302.956683,2025-11-05,nyc_dof_rolling_sales,302.956683,,,,2017,,,02 TWO FAMILY DWELLINGS,PLEASANT PLAINS,149 DUNHAM STREET,02 TWO FAMILY DWELLINGS
us-nyc,United States,New York,USD,1365000.0,371.612,2025-01-08,nyc_dof_rolling_sales,371.612,,,,1998,,,02 TWO FAMILY DWELLINGS,PLEASANT PLAINS,55 EMERALD COURT,02 TWO FAMILY DWELLINGS
us-nyc,United States,New York,USD,700000.0,139.3545,2025-02-12,nyc_dof_rolling_sales,139.3545,,,,1996,,,02 TWO FAMILY DWELLINGS,PLEASANT PLAINS,174 CAMDEN AVENUE,02 TWO FAMILY DWELLINGS
us-nyc,United States,New York,USD,608000.0,237.83168,2025-05-01,nyc_dof_rolling_sales,237.83168,,,,1998,,,02 TWO FAMILY DWELLINGS,PLEASANT PLAINS,615 PAGE AVENUE,02 TWO FAMILY DWELLINGS
us-nyc,United States,New York,USD,470000.0,208.660138,2025-03-26,nyc_dof_rolling_sales,208.660138,,,,1950,,,21 OFFICE BUILDINGS,PLEASANT PLAINS,6659 AMBOY ROAD,21 OFFICE BUILDINGS
us-nyc,United States,New York,USD,1800000.0,442.125377,2025-03-26,nyc_dof_rolling_sales,442.125377,,,,1910,,,22 STORE BUILDINGS,PLEASANT PLAINS,6675 AMBOY ROAD,22 STORE BUILDINGS
us-nyc,United States,New York,USD,470000.0,60.201144,2025-12-02,nyc_dof_rolling_sales,60.201144,,,,1925,,,01 ONE FAMILY DWELLINGS,PORT IVORY,154 SOUTH AVENUE,01 ONE FAMILY DWELLINGS
us-nyc,United States,New York,USD,470000.0,118.265519,2025-08-06,nyc_dof_rolling_sales,118.265519,,,,1920,,,01 ONE FAMILY DWELLINGS,PORT IVORY,100 ARLINGTON AVENUE,01 ONE FAMILY DWELLINGS
us-nyc,United States,New York,USD,460000.0,93.646224,2025-06-24,nyc_dof_rolling_sales,93.646224,,,,1992,,,01 ONE FAMILY DWELLINGS,PORT IVORY,133 NORTHFIELD AVENUE,01 ONE FAMILY DWELLINGS
us-nyc,United States,New York,USD,485000.0,93.646224,2025-10-03,nyc_dof_rolling_sales,93.646224,,,,1992,,,01 ONE FAMILY DWELLINGS,PORT IVORY,4 BENJAMIN PLACE,01 ONE FAMILY DWELLINGS
us-nyc,United States,New York,USD,490000.0,184.319552,2025-05-13,nyc_dof_rolling_sales,184.319552,,,,2010,,,01 ONE FAMILY DWELLINGS,PORT IVORY,15 FEDERAL PLACE,01 ONE FAMILY DWELLINGS
us-nyc,United States,New York,USD,360000.0,79.432065,2025-06-13,nyc_dof_rolling_sales,79.432065,,,,1930,,,01 ONE FAMILY DWELLINGS,PORT IVORY,28 MARTINEAU STREET,01 ONE FAMILY DWELLINGS
us-nyc,United States,New York,USD,500000.0,125.41905,2025-02-03,nyc_dof_rolling_sales,125.41905,,,,1985,,,01 ONE FAMILY DWELLINGS,PORT IVORY,182 ARLINGTON PLACE,01 ONE FAMILY DWELLINGS
us-nyc,United States,New York,USD,310000.0,70.60628,2025-03-13,nyc_dof_rolling_sales,70.60628,,,,1920,,,01 ONE FAMILY DWELLINGS,PORT IVORY,108 HOLLAND AVENUE,01 ONE FAMILY DWELLINGS
us-nyc,United States,New York,USD,600000.0,111.111988,2025-03-24,nyc_dof_rolling_sales,111.111988,,,,1940,,,01 ONE FAMILY DWELLINGS,PORT IVORY,11 LILAC COURT,01 ONE FAMILY DWELLINGS
us-nyc,United States,New York,USD,615000.0,103.12233,2025-01-21,nyc_dof_rolling_sales,103.12233,,,,2004,,,02 TWO FAMILY DWELLINGS,PORT IVORY,34 SOUTH AVENUE,02 TWO FAMILY DWELLINGS
us-nyc,United States,New York,USD,494999.0,108.69651,2025-04-15,nyc_dof_rolling_sales,108.69651,,,,2004,,,02 TWO FAMILY DWELLINGS,PORT IVORY,88 SOUTH AVENUE,02 TWO FAMILY DWELLINGS
us-nyc,United States,New York,USD,632000.0,164.43831,2025-04-02,nyc_dof_rolling_sales,164.43831,,,,2004,,,02 TWO FAMILY DWELLINGS,PORT IVORY,10 MARTINEAU STREET,02 TWO FAMILY DWELLINGS
us-nyc,United States,New York,USD,237000.0,nan,2025-09-17,nyc_dof_rolling_sales,nan,,,,1988,,,04 TAX CLASS 1 CONDOS,PORT IVORY,"38A POND WAY, 38A",04 TAX CLASS 1 CONDOS
us-nyc,United States,New York,USD,450000.0,nan,2025-03-07,nyc_dof_rolling_sales,nan,,,,1988,,,04 TAX CLASS 1 CONDOS,PORT IVORY,"60 POND WAY, 60",04 TAX CLASS 1 CONDOS
us-nyc,United States,New York,USD,351000.0,nan,2025-01-27,nyc_dof_rolling_sales,nan,,,,1988,,,04 TAX CLASS 1 CONDOS,PORT IVORY,"62 POND WAY, 62",04 TAX CLASS 1 CONDOS
us-nyc,United States,New York,USD,265000.0,nan,2025-09-29,nyc_dof_rolling_sales,nan,,,,1988,,,04 TAX CLASS 1 CONDOS,PORT IVORY,"84A POND WAY, 84A",04 TAX CLASS 1 CONDOS
us-nyc,United States,New York,USD,443000.0,nan,2025-07-28,nyc_dof_rolling_sales,nan,,,,1988,,,04 TAX CLASS 1 CONDOS,PORT IVORY,"181B POND WAY, 181B",04 TAX CLASS 1 CONDOS
us-nyc,United States,New York,USD,320000.0,nan,2025-04-25,nyc_dof_rolling_sales,nan,,,,1988,,,04 TAX CLASS 1 CONDOS,PORT IVORY,"183B POND WAY, 183B",04 TAX CLASS 1 CONDOS
us-nyc,United States,New York,USD,160000.0,nan,2025-09-11,nyc_dof_rolling_sales,nan,,,,1988,,,04 TAX CLASS 1 CONDOS,PORT IVORY,"189A POND WAY, 189A",04 TAX CLASS 1 CONDOS
us-nyc,United States,New York,USD,440000.0,nan,2025-09-10,nyc_dof_rolling_sales,nan,,,,1988,,,04 TAX CLASS 1 CONDOS,PORT IVORY,"221 POND WAY, 221",04 TAX CLASS 1 CONDOS
us-nyc,United States,New York,USD,1175000.0,473.8053,2025-05-13,nyc_dof_rolling_sales,473.8053,,,,1931,,,07 RENTALS - WALKUP APARTMENTS,PORT IVORY,138 HOLLAND AVENUE,07 RENTALS - WALKUP APARTMENTS
us-nyc,United States,New York,USD,540000.0,176.5157,2025-06-20,nyc_dof_rolling_sales,176.5157,,,,1931,,,01 ONE FAMILY DWELLINGS,PORT RICHMOND,88 ANN STREET,01 ONE FAMILY DWELLINGS
us-nyc,United States,New York,USD,332085.0,118.91584,2025-05-06,nyc_dof_rolling_sales,118.91584,,,,1930,,,01 ONE FAMILY DWELLINGS,PORT RICHMOND,5 AVENUE B,01 ONE FAMILY DWELLINGS
us-nyc,United States,New York,USD,447603.0,118.91584,2025-02-14,nyc_dof_rolling_sales,118.91584,,,,1930,,,01 ONE FAMILY DWELLINGS,PORT RICHMOND,5 AVENUE B,01 ONE FAMILY DWELLINGS
us-nyc,United States,New York,USD,518000.0,118.91584,2025-08-12,nyc_dof_rolling_sales,118.91584,,,,1930,,,01 ONE FAMILY DWELLINGS,PORT RICHMOND,5 AVENUE B,01 ONE FAMILY DWELLINGS
us-nyc,United States,New York,USD,483000.0,150.874472,2025-05-22,nyc_dof_rolling_sales,150.874472,,,,1940,,,01 ONE FAMILY DWELLINGS,PORT RICHMOND,15 ANN STREET,01 ONE FAMILY DWELLINGS
us-nyc,United States,New York,USD,408545.0,121.70293,2025-04-22,nyc_dof_rolling_sales,121.70293,,,,1960,,,01 ONE FAMILY DWELLINGS,PORT RICHMOND,205 PARK AVENUE,01 ONE FAMILY DWELLINGS
us-nyc,United States,New York,USD,615000.0,193.23824,2025-10-17,nyc_dof_rolling_sales,193.23824,,,,1931,,,01 ONE FAMILY DWELLINGS,PORT RICHMOND,125 PORT RICHMOND AVENUE,01 ONE FAMILY DWELLINGS
us-nyc,United States,New York,USD,612500.0,124.49002,2025-07-15,nyc_dof_rolling_sales,124.49002,,,,1940,,,01 ONE FAMILY DWELLINGS,PORT RICHMOND,53 PALMER AVENUE,01 ONE FAMILY DWELLINGS
us-nyc,United States,New York,USD,608000.0,142.699008,2025-10-24,nyc_dof_rolling_sales,142.699008,,,,1940,,,01 ONE FAMILY DWELLINGS,PORT RICHMOND,938 POST AVENUE,01 ONE FAMILY DWELLINGS
us-nyc,United States,New York,USD,560000.0,126.255177,2025-08-29,nyc_dof_rolling_sales,126.255177,,,,1930,,,01 ONE FAMILY DWELLINGS,PORT RICHMOND,1456 CASTLETON AVENUE,01 ONE FAMILY DWELLINGS
us-nyc,United States,New York,USD,402506.0,171.498938,2025-01-06,nyc_dof_rolling_sales,171.498938,,,,1899,,,01 ONE FAMILY DWELLINGS,PORT RICHMOND,15 ALBION PLACE,01 ONE FAMILY DWELLINGS
us-nyc,United States,New York,USD,710000.0,173.72861,2025-04-03,nyc_dof_rolling_sales,173.72861,,,,1910,,,01 ONE FAMILY DWELLINGS,PORT RICHMOND,18 ALBION PLACE,01 ONE FAMILY DWELLINGS
us-nyc,United States,New York,USD,50000.0,109.253928,2025-09-05,nyc_dof_rolling_sales,109.253928,,,,1970,,,01 ONE FAMILY DWELLINGS,PORT RICHMOND,23 BACHE STREET,01 ONE FAMILY DWELLINGS
us-nyc,United States,New York,USD,620000.0,102.56491199999999,2025-01-29,nyc_dof_rolling_sales,102.56491199999999,,,,1960,,,01 ONE FAMILY DWELLINGS,PORT RICHMOND,14 KRAMER PLACE,01 ONE FAMILY DWELLINGS
us-nyc,United States,New York,USD,615000.0,125.976468,2025-01-06,nyc_dof_rolling_sales,125.976468,,,,1915,,,01 ONE FAMILY DWELLINGS,PORT RICHMOND,59 LEXINGTON AVENUE,01 ONE FAMILY DWELLINGS
us-nyc,United States,New York,USD,590000.0,145.671904,2025-09-30,nyc_dof_rolling_sales,145.671904,,,,1915,,,01 ONE FAMILY DWELLINGS,PORT RICHMOND,40 CORTLANDT STREET,01 ONE FAMILY DWELLINGS
us-nyc,United States,New York,USD,438000.0,117.42939199999999,2025-08-19,nyc_dof_rolling_sales,117.42939199999999,,,,1925,,,01 ONE FAMILY DWELLINGS,PORT RICHMOND,471 HEBERTON AVENUE,01 ONE FAMILY DWELLINGS
us-nyc,United States,New York,USD,740000.0,106.095226,2025-09-11,nyc_dof_rolling_sales,106.095226,,,,1925,,,01 ONE FAMILY DWELLINGS,PORT RICHMOND,154 DECKER AVENUE,01 ONE FAMILY DWELLINGS
us-nyc,United States,New York,USD,570000.0,108.510704,2025-03-24,nyc_dof_rolling_sales,108.510704,,,,1935,,,01 ONE FAMILY DWELLINGS,PORT RICHMOND,26 HOMESTEAD AVENUE,01 ONE FAMILY DWELLINGS
us-nyc,United States,New York,USD,575000.0,95.132672,2025-10-16,nyc_dof_rolling_sales,95.132672,,,,1920,,,01 ONE FAMILY DWELLINGS,PORT RICHMOND,263 DECKER AVENUE,01 ONE FAMILY DWELLINGS
us-nyc,United States,New York,USD,535000.0,98.384277,2025-09-04,nyc_dof_rolling_sales,98.384277,,,,1930,,,01 ONE FAMILY DWELLINGS,PORT RICHMOND,21 MONTELL STREET,01 ONE FAMILY DWELLINGS
us-nyc,United States,New York,USD,360000.0,99.777822,2025-07-21,nyc_dof_rolling_sales,99.777822,,,,1930,,,01 ONE FAMILY DWELLINGS,PORT RICHMOND,47 MONTELL STREET,01 ONE FAMILY DWELLINGS
us-nyc,United States,New York,USD,640000.0,102.56491199999999,2025-05-08,nyc_dof_rolling_sales,102.56491199999999,,,,1925,,,01 ONE FAMILY DWELLINGS,PORT RICHMOND,58 MONTELL STREET,01 ONE FAMILY DWELLINGS
us-nyc,United States,New York,USD,696900.0,130.435812,2025-06-17,nyc_dof_rolling_sales,130.435812,,,,1935,,,01 ONE FAMILY DWELLINGS,PORT RICHMOND,59 TABB PLACE,01 ONE FAMILY DWELLINGS
us-nyc,United States,New York,USD,630000.0,100.33524,2025-08-18,nyc_dof_rolling_sales,100.33524,,,,1920,,,01 ONE FAMILY DWELLINGS,PORT RICHMOND,137 HAGAMAN PLACE,01 ONE FAMILY DWELLINGS
us-nyc,United States,New York,USD,689000.0,106.652644,2025-07-29,nyc_dof_rolling_sales,106.652644,,,,1950,,,01 ONE FAMILY DWELLINGS,PORT RICHMOND,360 DECKER AVENUE,01 ONE FAMILY DWELLINGS
us-nyc,United States,New York,USD,300000.0,82.126252,2025-06-20,nyc_dof_rolling_sales,82.126252,,,,1920,,,01 ONE FAMILY DWELLINGS,PORT RICHMOND,17 SHARPE AVENUE,01 ONE FAMILY DWELLINGS
us-nyc,United States,New York,USD,800000.0,250.8381,2025-08-07,nyc_dof_rolling_sales,250.8381,,,,1931,,,01 ONE FAMILY DWELLINGS,PORT RICHMOND,208 PORT RICHMOND AVENUE,01 ONE FAMILY DWELLINGS
us-nyc,United States,New York,USD,625000.0,278.151582,2025-01-16,nyc_dof_rolling_sales,278.151582,,,,1899,,,01 ONE FAMILY DWELLINGS,PORT RICHMOND,93 HARRISON AVENUE,01 ONE FAMILY DWELLINGS
us-nyc,United States,New York,USD,385000.0,107.024256,2025-03-25,nyc_dof_rolling_sales,107.024256,,,,1899,,,01 ONE FAMILY DWELLINGS,PORT RICHMOND,38 TREADWELL AVENUE,01 ONE FAMILY DWELLINGS
us-nyc,United States,New York,USD,489000.0,128.763558,2025-01-02,nyc_dof_rolling_sales,128.763558,,,,1920,,,01 ONE FAMILY DWELLINGS,PORT RICHMOND,1653 CASTLETON AVENUE,01 ONE FAMILY DWELLINGS
us-nyc,United States,New York,USD,635000.0,131.179036,2025-03-10,nyc_dof_rolling_sales,131.179036,,,,1920,,,01 ONE FAMILY DWELLINGS,PORT RICHMOND,270 SHARPE AVENUE,01 ONE FAMILY DWELLINGS
us-nyc,United States,New York,USD,440000.0,126.34808,2025-05-30,nyc_dof_rolling_sales,126.34808,,,,1920,,,01 ONE FAMILY DWELLINGS,PORT RICHMOND,151 CLINTON PLACE,01 ONE FAMILY DWELLINGS
us-nyc,United States,New York,USD,375000.0,108.231995,2025-10-06,nyc_dof_rolling_sales,108.231995,,,,1905,,,01 ONE FAMILY DWELLINGS,PORT RICHMOND,11 LAFORGE AVENUE,01 ONE FAMILY DWELLINGS
us-nyc,United States,New York,USD,450000.0,127.834528,2025-09-22,nyc_dof_rolling_sales,127.834528,,,,1905,,,01 ONE FAMILY DWELLINGS,PORT RICHMOND,13 LAFORGE AVENUE,01 ONE FAMILY DWELLINGS
us-nyc,United States,New York,USD,669000.0,155.612525,2025-08-12,nyc_dof_rolling_sales,155.612525,,,,1915,,,01 ONE FAMILY DWELLINGS,PORT RICHMOND,41 JOHN STREET,01 ONE FAMILY DWELLINGS
us-nyc,United States,New York,USD,555000.0,111.4836,2025-03-21,nyc_dof_rolling_sales,111.4836,,,,2003,,,01 ONE FAMILY DWELLINGS,PORT RICHMOND,51 NEWARK AVENUE,01 ONE FAMILY DWELLINGS
us-nyc,United States,New York,USD,500000.0,254.182608,2025-08-04,nyc_dof_rolling_sales,254.182608,,,,1935,,,01 ONE FAMILY DWELLINGS,PORT RICHMOND,64 JOHN STREET,01 ONE FAMILY DWELLINGS
us-nyc,United States,New York,USD,638000.0,137.49644,2025-07-23,nyc_dof_rolling_sales,137.49644,,,,2006,,,01 ONE FAMILY DWELLINGS,PORT RICHMOND,32 WALKER STREET,01 ONE FAMILY DWELLINGS
us-nyc,United States,New York,USD,507000.0,91.416552,2025-04-11,nyc_dof_rolling_sales,91.416552,,,,1930,,,01 ONE FAMILY DWELLINGS,PORT RICHMOND,590 VILLA AVENUE,01 ONE FAMILY DWELLINGS
us-nyc,United States,New York,USD,830000.0,190.636956,2025-02-21,nyc_dof_rolling_sales,190.636956,,,,1960,,,01 ONE FAMILY DWELLINGS,PORT RICHMOND,604 VILLA AVENUE,01 ONE FAMILY DWELLINGS
us-nyc,United States,New York,USD,540750.0,257.898728,2025-01-27,nyc_dof_rolling_sales,257.898728,,,,1915,,,02 TWO FAMILY DWELLINGS,PORT RICHMOND,127 BENNETT STREET,02 TWO FAMILY DWELLINGS
us-nyc,United States,New York,USD,285000.0,142.14159,2025-11-24,nyc_dof_rolling_sales,142.14159,,,,1910,,,02 TWO FAMILY DWELLINGS,PORT RICHMOND,4 AVENUE B,02 TWO FAMILY DWELLINGS
us-nyc,United States,New York,USD,520000.0,126.533886,2025-03-05,nyc_dof_rolling_sales,126.533886,,,,1915,,,02 TWO FAMILY DWELLINGS,PORT RICHMOND,1475 CASTLETON AVENUE,02 TWO FAMILY DWELLINGS
us-nyc,United States,New York,USD,650000.0,141.769978,2025-02-19,nyc_dof_rolling_sales,141.769978,,,,1935,,,02 TWO FAMILY DWELLINGS,PORT RICHMOND,150 PARK AVENUE,02 TWO FAMILY DWELLINGS
us-nyc,United States,New York,USD,655000.0,167.2254,2025-09-17,nyc_dof_rolling_sales,167.2254,,,,1920,,,02 TWO FAMILY DWELLINGS,PORT RICHMOND,79 SIMONSON PLACE,02 TWO FAMILY DWELLINGS
us-nyc,United States,New York,USD,620000.0,248.515525,2025-02-27,nyc_dof_rolling_sales,248.515525,,,,1925,,,02 TWO FAMILY DWELLINGS,PORT RICHMOND,166 JEWETT AVENUE,02 TWO FAMILY DWELLINGS
us-nyc,United States,New York,USD,876000.0,230.120731,2025-03-07,nyc_dof_rolling_sales,230.120731,,,,1945,,,02 TWO FAMILY DWELLINGS,PORT RICHMOND,5 PALMER AVENUE,02 TWO FAMILY DWELLINGS
us-nyc,United States,New York,USD,688000.0,198.719517,2025-05-22,nyc_dof_rolling_sales,198.719517,,,,1940,,,02 TWO FAMILY DWELLINGS,PORT RICHMOND,954 POST AVENUE,02 TWO FAMILY DWELLINGS
us-nyc,United States,New York,USD,760000.0,198.719517,2025-05-09,nyc_dof_rolling_sales,198.719517,,,,1940,,,02 TWO FAMILY DWELLINGS,PORT RICHMOND,952 POST AVENUE,02 TWO FAMILY DWELLINGS
us-nyc,United States,New York,USD,683400.0,130.435812,2025-05-22,nyc_dof_rolling_sales,130.435812,,,,1910,,,02 TWO FAMILY DWELLINGS,PORT RICHMOND,987 POST AVENUE,02 TWO FAMILY DWELLINGS
us-nyc,United States,New York,USD,1272813.0,267.56064,2025-09-08,nyc_dof_rolling_sales,267.56064,,,,2024,,,02 TWO FAMILY DWELLINGS,PORT RICHMOND,328 JEWETT AVE,02 TWO FAMILY DWELLINGS
us-nyc,United States,New York,USD,850000.0,197.41887499999999,2025-05-01,nyc_dof_rolling_sales,197.41887499999999,,,,1965,,,02 TWO FAMILY DWELLINGS,PORT RICHMOND,332 JEWETT AVENUE,02 TWO FAMILY DWELLINGS
us-nyc,United States,New York,USD,10.0,192.866628,2025-04-25,nyc_dof_rolling_sales,192.866628,,,,1915,,,02 TWO FAMILY DWELLINGS,PORT RICHMOND,22 HAUGHWOUT AVENUE,02 TWO FAMILY DWELLINGS
us-nyc,United States,New York,USD,650000.0,219.622692,2025-05-28,nyc_dof_rolling_sales,219.622692,,,,1930,,,02 TWO FAMILY DWELLINGS,PORT RICHMOND,38 HAMLIN PLACE,02 TWO FAMILY DWELLINGS
us-nyc,United States,New York,USD,752450.0,150.131248,2025-08-05,nyc_dof_rolling_sales,150.131248,,,,1920,,,02 TWO FAMILY DWELLINGS,PORT RICHMOND,112 LEXINGTON AVENUE,02 TWO FAMILY DWELLINGS
us-nyc,United States,New York,USD,445000.0,251.302615,2025-12-03,nyc_dof_rolling_sales,251.302615,,,,1920,,,02 TWO FAMILY DWELLINGS,PORT RICHMOND,51 FABER STREET,02 TWO FAMILY DWELLINGS
us-nyc,United States,New York,USD,620000.0,260.500012,2025-02-14,nyc_dof_rolling_sales,260.500012,,,,1920,,,02 TWO FAMILY DWELLINGS,PORT RICHMOND,47 FABER STREET,02 TWO FAMILY DWELLINGS
us-nyc,United States,New York,USD,570904.0,120.7739,2025-11-05,nyc_dof_rolling_sales,120.7739,,,,1931,,,02 TWO FAMILY DWELLINGS,PORT RICHMOND,40 LARKIN STREET,02 TWO FAMILY DWELLINGS
us-nyc,United States,New York,USD,320000.0,193.981464,2025-11-21,nyc_dof_rolling_sales,193.981464,,,,1901,,,02 TWO FAMILY DWELLINGS,PORT RICHMOND,91 SHARPE AVENUE,02 TWO FAMILY DWELLINGS
us-nyc,United States,New York,USD,499990.0,164.43831,2025-01-09,nyc_dof_rolling_sales,164.43831,,,,2002,,,02 TWO FAMILY DWELLINGS,PORT RICHMOND,66 HARRISON STREET,02 TWO FAMILY DWELLINGS
us-nyc,United States,New York,USD,10.0,159.421548,2025-03-14,nyc_dof_rolling_sales,159.421548,,,,1899,,,02 TWO FAMILY DWELLINGS,PORT RICHMOND,107 HARRISON AVENUE,02 TWO FAMILY DWELLINGS
us-nyc,United States,New York,USD,536215.0,130.99323,2025-11-06,nyc_dof_rolling_sales,130.99323,,,,1899,,,02 TWO FAMILY DWELLINGS,PORT RICHMOND,80 TREADWELL AVENUE,02 TWO FAMILY DWELLINGS
us-nyc,United States,New York,USD,705000.0,166.482176,2025-05-22,nyc_dof_rolling_sales,166.482176,,,,1901,,,02 TWO FAMILY DWELLINGS,PORT RICHMOND,112 TREADWELL AVENUE,02 TWO FAMILY DWELLINGS
us-nyc,United States,New York,USD,490000.0,86.957208,2025-09-26,nyc_dof_rolling_sales,86.957208,,,,1931,,,02 TWO FAMILY DWELLINGS,PORT RICHMOND,1640 CASTLETON AVENUE,02 TWO FAMILY DWELLINGS
us-nyc,United States,New York,USD,600000.0,139.3545,2025-08-27,nyc_dof_rolling_sales,139.3545,,,,2001,,,02 TWO FAMILY DWELLINGS,PORT RICHMOND,4 CRITTENDEN PLACE,02 TWO FAMILY DWELLINGS
us-nyc,United States,New York,USD,650000.0,130.0642,2025-01-09,nyc_dof_rolling_sales,130.0642,,,,2003,,,02 TWO FAMILY DWELLINGS,PORT RICHMOND,289 NICHOLAS AVENUE,02 TWO FAMILY DWELLINGS
us-nyc,United States,New York,USD,350000.0,134.70935,2025-05-02,nyc_dof_rolling_sales,134.70935,,,,2003,,,02 TWO FAMILY DWELLINGS,PORT RICHMOND,285 NICHOLAS AVENUE,02 TWO FAMILY DWELLINGS
us-nyc,United States,New York,USD,675000.0,134.70935,2025-11-03,nyc_dof_rolling_sales,134.70935,,,,2003,,,02 TWO FAMILY DWELLINGS,PORT RICHMOND,285 NICHOLAS AVENUE,02 TWO FAMILY DWELLINGS
us-nyc,United States,New York,USD,588000.0,167.2254,2025-02-06,nyc_dof_rolling_sales,167.2254,,,,1996,,,02 TWO FAMILY DWELLINGS,PORT RICHMOND,108 NICHOLAS AVENUE,02 TWO FAMILY DWELLINGS
us-nyc,United States,New York,USD,771000.0,185.806,2025-03-31,nyc_dof_rolling_sales,185.806,,,,1930,,,02 TWO FAMILY DWELLINGS,PORT RICHMOND,155 JOHN STREET,02 TWO FAMILY DWELLINGS
us-nyc,United States,New York,USD,480761.0,111.4836,2025-03-11,nyc_dof_rolling_sales,111.4836,,,,2003,,,02 TWO FAMILY DWELLINGS,PORT RICHMOND,31 NEWARK AVENUE,02 TWO FAMILY DWELLINGS
us-nyc,United States,New York,USD,590585.0,158.213809,2025-04-25,nyc_dof_rolling_sales,158.213809,,,,2024,,,02 TWO FAMILY DWELLINGS,PORT RICHMOND,50 JOHN STREET,02 TWO FAMILY DWELLINGS
us-nyc,United States,New York,USD,525000.0,143.813844,2025-01-21,nyc_dof_rolling_sales,143.813844,,,,1935,,,02 TWO FAMILY DWELLINGS,PORT RICHMOND,156 JOHN STREET,02 TWO FAMILY DWELLINGS
us-nyc,United States,New York,USD,760000.0,237.83168,2025-11-20,nyc_dof_rolling_sales,237.83168,,,,1935,,,02 TWO FAMILY DWELLINGS,PORT RICHMOND,162 JOHN STREET,02 TWO FAMILY DWELLINGS
us-nyc,United States,New York,USD,484500.0,130.0642,2025-08-26,nyc_dof_rolling_sales,130.0642,,,,2003,,,02 TWO FAMILY DWELLINGS,PORT RICHMOND,99 HOOKER PLACE,02 TWO FAMILY DWELLINGS
us-nyc,United States,New York,USD,733140.0,200.949189,2025-01-30,nyc_dof_rolling_sales,200.949189,,,,2023,,,02 TWO FAMILY DWELLINGS,PORT RICHMOND,80 HOOKER PLACE,02 TWO FAMILY DWELLINGS
us-nyc,United States,New York,USD,995000.0,342.81207,2025-11-06,nyc_dof_rolling_sales,342.81207,,,,1930,,,03 THREE FAMILY DWELLINGS,PORT RICHMOND,44 CATHERINE STREET,03 THREE FAMILY DWELLINGS
us-nyc,United States,New York,USD,464000.0,nan,2025-06-04,nyc_dof_rolling_sales,nan,,,,2008,,,04 TAX CLASS 1 CONDOS,PORT RICHMOND,"54 MITCHEL LANE, 03-B",04 TAX CLASS 1 CONDOS
us-nyc,United States,New York,USD,999999.0,nan,2025-09-17,nyc_dof_rolling_sales,nan,,,,2010,,,04 TAX CLASS 1 CONDOS,PORT RICHMOND,"121 EATON PLACE, 1A",04 TAX CLASS 1 CONDOS
us-nyc,United States,New York,USD,999999.0,nan,2025-09-17,nyc_dof_rolling_sales,nan,,,,2010,,,04 TAX CLASS 1 CONDOS,PORT RICHMOND,"121 EATON PLACE, 1B",04 TAX CLASS 1 CONDOS
us-nyc,United States,New York,USD,999999.0,nan,2025-09-17,nyc_dof_rolling_sales,nan,,,,2010,,,04 TAX CLASS 1 CONDOS,PORT RICHMOND,"121 EATON PLACE, 2A",04 TAX CLASS 1 CONDOS
us-nyc,United States,New York,USD,999999.0,nan,2025-09-17,nyc_dof_rolling_sales,nan,,,,2010,,,04 TAX CLASS 1 CONDOS,PORT RICHMOND,"121 EATON PLACE, 2B",04 TAX CLASS 1 CONDOS
us-nyc,United States,New York,USD,728000.0,310.667632,2025-01-29,nyc_dof_rolling_sales,310.667632,,,,1931,,,07 RENTALS - WALKUP APARTMENTS,PORT RICHMOND,397 PORT RICHMOND AVENUE,07 RENTALS - WALKUP APARTMENTS
us-nyc,United States,New York,USD,900000.0,381.366815,2025-08-20,nyc_dof_rolling_sales,381.366815,,,,1941,,,07 RENTALS - WALKUP APARTMENTS,PORT RICHMOND,79 BEEKMAN STREET,07 RENTALS - WALKUP APARTMENTS
us-nyc,United States,New York,USD,3700000.0,386.47648,2025-10-10,nyc_dof_rolling_sales,386.47648,,,,1931,,,22 STORE BUILDINGS,PORT RICHMOND,140 PORT RICHMOND AVENUE,22 STORE BUILDINGS
us-nyc,United States,New York,USD,3700000.0,766.44975,2025-10-10,nyc_dof_rolling_sales,766.44975,,,,1931,,,22 STORE BUILDINGS,PORT RICHMOND,146 PORT RICHMOND AVENUE,22 STORE BUILDINGS
us-nyc,United States,New York,USD,3700000.0,250.8381,2025-10-10,nyc_dof_rolling_sales,250.8381,,,,1931,,,22 STORE BUILDINGS,PORT RICHMOND,150 PORT RICHMOND AVENUE,22 STORE BUILDINGS
us-nyc,United States,New York,USD,8040000.0,2458.306283,2025-10-30,nyc_dof_rolling_sales,2458.306283,,,,2021,,,26 OTHER HOTELS,PORT RICHMOND,37 PORT RICHMOND AVENUE,26 OTHER HOTELS
us-nyc,United States,New York,USD,3700000.0,685.62414,2025-10-10,nyc_dof_rolling_sales,685.62414,,,,1931,,,29 COMMERCIAL GARAGES,PORT RICHMOND,28 GROVE AVENUE,29 COMMERCIAL GARAGES
us-nyc,United States,New York,USD,3700000.0,348.572056,2025-10-10,nyc_dof_rolling_sales,348.572056,,,,1931,,,30 WAREHOUSES,PORT RICHMOND,16 GROVE AVENUE,30 WAREHOUSES
us-nyc,United States,New York,USD,1170000.0,287.9993,2025-04-25,nyc_dof_rolling_sales,287.9993,,,,1931,,,37 RELIGIOUS FACILITIES,PORT RICHMOND,181 PORT RICHMOND AVENUE,37 RELIGIOUS FACILITIES
us-nyc,United States,New York,USD,700000.0,122.63195999999999,2025-08-14,nyc_dof_rolling_sales,122.63195999999999,,,,1930,,,01 ONE FAMILY DWELLINGS,PRINCES BAY,46 PRINCEWOOD AVENUE,01 ONE FAMILY DWELLINGS
us-nyc,United States,New York,USD,615000.0,121.238415,2025-03-05,nyc_dof_rolling_sales,121.238415,,,,2003,,,01 ONE FAMILY DWELLINGS,PRINCES BAY,21 NAVIGATOR COURT,01 ONE FAMILY DWELLINGS
us-nyc,United States,New York,USD,550000.0,121.238415,2025-05-07,nyc_dof_rolling_sales,121.238415,,,,2003,,,01 ONE FAMILY DWELLINGS,PRINCES BAY,30 NAVIGATOR COURT,01 ONE FAMILY DWELLINGS
us-nyc,United States,New York,USD,323500.0,47.566336,2025-03-06,nyc_dof_rolling_sales,47.566336,,,,1920,,,01 ONE FAMILY DWELLINGS,PRINCES BAY,40 MARSCHER PLACE,01 ONE FAMILY DWELLINGS
us-nyc,United States,New York,USD,810000.0,120.7739,2025-12-29,nyc_dof_rolling_sales,120.7739,,,,2001,,,01 ONE FAMILY DWELLINGS,PRINCES BAY,17 ARMOUR PLACE,01 ONE FAMILY DWELLINGS
us-nyc,United States,New York,USD,760000.0,190.45115,2025-05-06,nyc_dof_rolling_sales,190.45115,,,,1970,,,01 ONE FAMILY DWELLINGS,PRINCES BAY,20 MEMO STREET,01 ONE FAMILY DWELLINGS
us-nyc,United States,New York,USD,1100000.0,278.709,2025-08-19,nyc_dof_rolling_sales,278.709,,,,1982,,,01 ONE FAMILY DWELLINGS,PRINCES BAY,53 HANOVER AVENUE,01 ONE FAMILY DWELLINGS
us-nyc,United States,New York,USD,1750000.0,313.733431,2025-07-02,nyc_dof_rolling_sales,313.733431,,,,2004,,,01 ONE FAMILY DWELLINGS,PRINCES BAY,237 BAYVIEW AVENUE,01 ONE FAMILY DWELLINGS
us-nyc,United States,New York,USD,1060000.0,280.56706,2025-01-16,nyc_dof_rolling_sales,280.56706,,,,1985,,,01 ONE FAMILY DWELLINGS,PRINCES BAY,105 JOHANNA LANE,01 ONE FAMILY DWELLINGS
us-nyc,United States,New York,USD,2375000.0,359.53461,2025-11-07,nyc_dof_rolling_sales,359.53461,,,,2010,,,01 ONE FAMILY DWELLINGS,PRINCES BAY,45 JOHANNA LANE,01 ONE FAMILY DWELLINGS
us-nyc,United States,New York,USD,949000.0,178.37376,2025-06-18,nyc_dof_rolling_sales,178.37376,,,,1960,,,01 ONE FAMILY DWELLINGS,PRINCES BAY,66 FLORENCE PLACE,01 ONE FAMILY DWELLINGS
us-nyc,United States,New York,USD,10.0,163.137668,2025-10-28,nyc_dof_rolling_sales,163.137668,,,,1960,,,01 ONE FAMILY DWELLINGS,PRINCES BAY,42 FLORENCE PLACE,01 ONE FAMILY DWELLINGS
us-nyc,United States,New York,USD,995000.0,271.741275,2025-03-03,nyc_dof_rolling_sales,271.741275,,,,1935,,,01 ONE FAMILY DWELLINGS,PRINCES BAY,51 BAYVIEW AVENUE,01 ONE FAMILY DWELLINGS
us-nyc,United States,New York,USD,2225000.0,271.741275,2025-08-06,nyc_dof_rolling_sales,271.741275,,,,1935,,,01 ONE FAMILY DWELLINGS,PRINCES BAY,51 BAYVIEW AVENUE,01 ONE FAMILY DWELLINGS
us-nyc,United States,New York,USD,655000.0,195.839524,2025-07-03,nyc_dof_rolling_sales,195.839524,,,,1986,,,01 ONE FAMILY DWELLINGS,PRINCES BAY,140 COMMODORE DRIVE,01 ONE FAMILY DWELLINGS
us-nyc,United States,New York,USD,709000.0,191.194374,2025-10-20,nyc_dof_rolling_sales,191.194374,,,,1986,,,01 ONE FAMILY DWELLINGS,PRINCES BAY,109 COMMODORE DRIVE,01 ONE FAMILY DWELLINGS
us-nyc,United States,New York,USD,570000.0,141.026754,2025-03-25,nyc_dof_rolling_sales,141.026754,,,,1988,,,01 ONE FAMILY DWELLINGS,PRINCES BAY,192 ADMIRALTY LOOP,01 ONE FAMILY DWELLINGS
us-nyc,United States,New York,USD,10.0,141.026754,2025-10-23,nyc_dof_rolling_sales,141.026754,,,,1988,,,01 ONE FAMILY DWELLINGS,PRINCES BAY,118 ADMIRALTY LOOP,01 ONE FAMILY DWELLINGS
us-nyc,United States,New York,USD,717000.0,191.194374,2025-06-30,nyc_dof_rolling_sales,191.194374,,,,1996,,,01 ONE FAMILY DWELLINGS,PRINCES BAY,78 ADMIRALTY LOOP,01 ONE FAMILY DWELLINGS
us-nyc,United States,New York,USD,600000.0,196.211136,2025-09-05,nyc_dof_rolling_sales,196.211136,,,,1989,,,01 ONE FAMILY DWELLINGS,PRINCES BAY,603 JOHNSTON TERRACE,01 ONE FAMILY DWELLINGS
us-nyc,United States,New York,USD,1225000.0,249.90906999999999,2025-03-11,nyc_dof_rolling_sales,249.90906999999999,,,,2005,,,01 ONE FAMILY DWELLINGS,PRINCES BAY,57 EVERETT AVENUE,01 ONE FAMILY DWELLINGS
us-nyc,United States,New York,USD,1600000.0,371.612,2025-08-27,nyc_dof_rolling_sales,371.612,,,,1986,,,01 ONE FAMILY DWELLINGS,PRINCES BAY,34 BURTON AVENUE,01 ONE FAMILY DWELLINGS
us-nyc,United States,New York,USD,975000.0,130.0642,2025-02-19,nyc_dof_rolling_sales,130.0642,,,,1930,,,01 ONE FAMILY DWELLINGS,PRINCES BAY,291 WOODVALE AVENUE,01 ONE FAMILY DWELLINGS
us-nyc,United States,New York,USD,1025000.0,217.39302,2025-02-19,nyc_dof_rolling_sales,217.39302,,,,1925,,,01 ONE FAMILY DWELLINGS,PRINCES BAY,283 WOODVALE AVENUE,01 ONE FAMILY DWELLINGS
us-nyc,United States,New York,USD,790000.0,102.56491199999999,2025-03-05,nyc_dof_rolling_sales,102.56491199999999,,,,1965,,,01 ONE FAMILY DWELLINGS,PRINCES BAY,79 FINLAY AVENUE,01 ONE FAMILY DWELLINGS
us-nyc,United States,New York,USD,800000.0,119.751967,2025-02-25,nyc_dof_rolling_sales,119.751967,,,,1925,,,01 ONE FAMILY DWELLINGS,PRINCES BAY,83 EXCELSIOR AVENUE,01 ONE FAMILY DWELLINGS
us-nyc,United States,New York,USD,1039000.0,217.021408,2025-05-14,nyc_dof_rolling_sales,217.021408,,,,1979,,,01 ONE FAMILY DWELLINGS,PRINCES BAY,17 QUEENSDALE STREET,01 ONE FAMILY DWELLINGS
us-nyc,United States,New York,USD,700000.0,102.936524,2025-04-10,nyc_dof_rolling_sales,102.936524,,,,1955,,,01 ONE FAMILY DWELLINGS,PRINCES BAY,16 WHEELING AVENUE,01 ONE FAMILY DWELLINGS
us-nyc,United States,New York,USD,1300000.0,204.3866,2025-03-05,nyc_dof_rolling_sales,204.3866,,,,1975,,,01 ONE FAMILY DWELLINGS,PRINCES BAY,258 ALBOURNE AVE,01 ONE FAMILY DWELLINGS
us-nyc,United States,New York,USD,892000.0,189.336314,2025-09-17,nyc_dof_rolling_sales,189.336314,,,,1965,,,01 ONE FAMILY DWELLINGS,PRINCES BAY,80 VALDEMAR AVENUE,01 ONE FAMILY DWELLINGS
us-nyc,United States,New York,USD,1100000.0,261.614848,2025-07-08,nyc_dof_rolling_sales,261.614848,,,,1980,,,01 ONE FAMILY DWELLINGS,PRINCES BAY,85 FOSTER ROAD,01 ONE FAMILY DWELLINGS
us-nyc,United States,New York,USD,890000.0,182.833104,2025-04-10,nyc_dof_rolling_sales,182.833104,,,,1980,,,01 ONE FAMILY DWELLINGS,PRINCES BAY,185 FOSTER ROAD,01 ONE FAMILY DWELLINGS
us-nyc,United States,New York,USD,950000.0,149.759636,2025-02-28,nyc_dof_rolling_sales,149.759636,,,,1970,,,01 ONE FAMILY DWELLINGS,PRINCES BAY,348 ASHLAND AVENUE,01 ONE FAMILY DWELLINGS
us-nyc,United States,New York,USD,772000.0,85.47076,2025-10-15,nyc_dof_rolling_sales,85.47076,,,,1970,,,01 ONE FAMILY DWELLINGS,PRINCES BAY,416 BRADFORD AVENUE,01 ONE FAMILY DWELLINGS
us-nyc,United States,New York,USD,1330000.0,278.616097,2025-01-23,nyc_dof_rolling_sales,278.616097,,,,2011,,,01 ONE FAMILY DWELLINGS,PRINCES BAY,391 ASHLAND AVENUE,01 ONE FAMILY DWELLINGS
us-nyc,United States,New York,USD,830000.0,182.368589,2025-02-20,nyc_dof_rolling_sales,182.368589,,,,1970,,,01 ONE FAMILY DWELLINGS,PRINCES BAY,264 VOGEL AVENUE,01 ONE FAMILY DWELLINGS
us-nyc,United States,New York,USD,953000.0,221.852364,2025-11-19,nyc_dof_rolling_sales,221.852364,,,,2003,,,01 ONE FAMILY DWELLINGS,PRINCES BAY,94 CLEARMONT AVENUE,01 ONE FAMILY DWELLINGS
us-nyc,United States,New York,USD,890000.0,196.02533,2025-11-24,nyc_dof_rolling_sales,196.02533,,,,1988,,,01 ONE FAMILY DWELLINGS,PRINCES BAY,295 VOGEL AVENUE,01 ONE FAMILY DWELLINGS
us-nyc,United States,New York,USD,869000.0,139.726112,2025-03-13,nyc_dof_rolling_sales,139.726112,,,,1935,,,01 ONE FAMILY DWELLINGS,PRINCES BAY,43 GOFF AVENUE,01 ONE FAMILY DWELLINGS
us-nyc,United States,New York,USD,1700000.0,499.167819,2025-07-31,nyc_dof_rolling_sales,499.167819,,,,1992,,,01 ONE FAMILY DWELLINGS,PRINCES BAY,10 MAGUIRE COURT,01 ONE FAMILY DWELLINGS
us-nyc,United States,New York,USD,845000.0,122.63195999999999,2025-02-12,nyc_dof_rolling_sales,122.63195999999999,,,,1925,,,01 ONE FAMILY DWELLINGS,PRINCES BAY,29 IDAHO AVENUE,01 ONE FAMILY DWELLINGS
us-nyc,United States,New York,USD,1593561.0,288.278009,2025-10-14,nyc_dof_rolling_sales,288.278009,,,,2024,,,02 TWO FAMILY DWELLINGS,PRINCES BAY,22 COOPER PLACE,02 TWO FAMILY DWELLINGS
us-nyc,United States,New York,USD,1578288.0,288.278009,2025-09-29,nyc_dof_rolling_sales,288.278009,,,,2024,,,02 TWO FAMILY DWELLINGS,PRINCES BAY,18 COOPER PLACE,02 TWO FAMILY DWELLINGS
us-nyc,United States,New York,USD,1265000.0,228.169768,2025-10-14,nyc_dof_rolling_sales,228.169768,,,,2024,,,02 TWO FAMILY DWELLINGS,PRINCES BAY,N/A SINGLETON STREET,02 TWO FAMILY DWELLINGS
us-nyc,United States,New York,USD,935000.0,253.067772,2025-09-25,nyc_dof_rolling_sales,253.067772,,,,1960,,,02 TWO FAMILY DWELLINGS,PRINCES BAY,25 KNOX STREET,02 TWO FAMILY DWELLINGS
us-nyc,United States,New York,USD,795000.0,190.45115,2025-01-22,nyc_dof_rolling_sales,190.45115,,,,1970,,,02 TWO FAMILY DWELLINGS,PRINCES BAY,23 HANK PLACE,02 TWO FAMILY DWELLINGS
us-nyc,United States,New York,USD,1150000.0,276.479328,2025-03-21,nyc_dof_rolling_sales,276.479328,,,,1985,,,02 TWO FAMILY DWELLINGS,PRINCES BAY,91 HANOVER AVENUE,02 TWO FAMILY DWELLINGS
us-nyc,United States,New York,USD,1200000.0,322.559216,2025-02-05,nyc_dof_rolling_sales,322.559216,,,,1989,,,02 TWO FAMILY DWELLINGS,PRINCES BAY,70 EVERETT AVENUE,02 TWO FAMILY DWELLINGS
us-nyc,United States,New York,USD,1260000.0,261.05743,2025-09-25,nyc_dof_rolling_sales,261.05743,,,,1992,,,02 TWO FAMILY DWELLINGS,PRINCES BAY,100 EVERETT AVENUE,02 TWO FAMILY DWELLINGS
us-nyc,United States,New York,USD,808000.0,307.044415,2025-11-18,nyc_dof_rolling_sales,307.044415,,,,2004,,,02 TWO FAMILY DWELLINGS,PRINCES BAY,99 EXCELSIOR AVENUE,02 TWO FAMILY DWELLINGS
us-nyc,United States,New York,USD,1323725.0,215.256251,2025-07-07,nyc_dof_rolling_sales,215.256251,,,,2024,,,02 TWO FAMILY DWELLINGS,PRINCES BAY,466 VERNON AVE,02 TWO FAMILY DWELLINGS
us-nyc,United States,New York,USD,1398057.0,215.256251,2025-05-30,nyc_dof_rolling_sales,215.256251,,,,2024,,,02 TWO FAMILY DWELLINGS,PRINCES BAY,470 VERNON AVE,02 TWO FAMILY DWELLINGS
us-nyc,United States,New York,USD,930000.0,185.806,2025-09-03,nyc_dof_rolling_sales,185.806,,,,1992,,,02 TWO FAMILY DWELLINGS,PRINCES BAY,296 ASHLAND AVENUE,02 TWO FAMILY DWELLINGS
us-nyc,United States,New York,USD,1578288.0,341.232719,2025-07-01,nyc_dof_rolling_sales,341.232719,,,,2024,,,02 TWO FAMILY DWELLINGS,PRINCES BAY,21 PARKWOOD AVENUE,02 TWO FAMILY DWELLINGS
us-nyc,United States,New York,USD,220000.0,209.403362,2025-04-15,nyc_dof_rolling_sales,209.403362,,,,2006,,,02 TWO FAMILY DWELLINGS,PRINCES BAY,415 ALBOURNE AVENUE,02 TWO FAMILY DWELLINGS
us-nyc,United States,New York,USD,1140000.0,207.731108,2025-11-17,nyc_dof_rolling_sales,207.731108,,,,2004,,,02 TWO FAMILY DWELLINGS,PRINCES BAY,40 TERRACE AVENUE,02 TWO FAMILY DWELLINGS
us-nyc,United States,New York,USD,1250000.0,241.5478,2025-03-13,nyc_dof_rolling_sales,241.5478,,,,1996,,,02 TWO FAMILY DWELLINGS,PRINCES BAY,155 GOFF AVENUE,02 TWO FAMILY DWELLINGS
us-nyc,United States,New York,USD,1550000.0,408.7732,2025-03-17,nyc_dof_rolling_sales,408.7732,,,,1996,,,02 TWO FAMILY DWELLINGS,PRINCES BAY,22 MAGUIRE COURT,02 TWO FAMILY DWELLINGS
us-nyc,United States,New York,USD,860000.0,138.611276,2025-11-18,nyc_dof_rolling_sales,138.611276,,,,2004,,,02 TWO FAMILY DWELLINGS,PRINCES BAY,75 SANTA MONICA LANE,02 TWO FAMILY DWELLINGS
us-nyc,United States,New York,USD,858000.0,160.350578,2025-03-14,nyc_dof_rolling_sales,160.350578,,,,2012,,,02 TWO FAMILY DWELLINGS,PRINCES BAY,26 MALIBU COURT,02 TWO FAMILY DWELLINGS
us-nyc,United States,New York,USD,940000.0,138.611276,2025-03-20,nyc_dof_rolling_sales,138.611276,,,,2005,,,02 TWO FAMILY DWELLINGS,PRINCES BAY,40 SANTA MONICA LANE,02 TWO FAMILY DWELLINGS
us-nyc,United States,New York,USD,1.0,138.611276,2025-05-28,nyc_dof_rolling_sales,138.611276,,,,2007,,,02 TWO FAMILY DWELLINGS,PRINCES BAY,41 FOOTHILL COURT,02 TWO FAMILY DWELLINGS
us-nyc,United States,New York,USD,795000.0,138.611276,2025-02-05,nyc_dof_rolling_sales,138.611276,,,,2005,,,02 TWO FAMILY DWELLINGS,PRINCES BAY,58 SANTA MONICA LANE,02 TWO FAMILY DWELLINGS
us-nyc,United States,New York,USD,860000.0,177.073118,2025-05-27,nyc_dof_rolling_sales,177.073118,,,,2012,,,02 TWO FAMILY DWELLINGS,PRINCES BAY,49 EL CAMINO LOOP,02 TWO FAMILY DWELLINGS
us-nyc,United States,New York,USD,1519000.0,273.13482,2025-08-20,nyc_dof_rolling_sales,273.13482,,,,2011,,,02 TWO FAMILY DWELLINGS,PRINCES BAY,36 IDAHO AVENUE,02 TWO FAMILY DWELLINGS
us-nyc,United States,New York,USD,600000.0,76.644975,2025-05-16,nyc_dof_rolling_sales,76.644975,,,,1960,,,21 OFFICE BUILDINGS,PRINCES BAY,290 SEGUINE AVENUE,21 OFFICE BUILDINGS
us-nyc,United States,New York,USD,1.0,173.72861,2025-10-23,nyc_dof_rolling_sales,173.72861,,,,1989,,,01 ONE FAMILY DWELLINGS,RICHMONDTOWN,190 NUGENT STREET,01 ONE FAMILY DWELLINGS
us-nyc,United States,New York,USD,1200000.0,260.1284,2025-01-08,nyc_dof_rolling_sales,260.1284,,,,2000,,,01 ONE FAMILY DWELLINGS,RICHMONDTOWN,254 MACE STREET,01 ONE FAMILY DWELLINGS
us-nyc,United States,New York,USD,10.0,222.9672,2025-03-19,nyc_dof_rolling_sales,222.9672,,,,1930,,,01 ONE FAMILY DWELLINGS,RICHMONDTOWN,3547 RICHMOND ROAD,01 ONE FAMILY DWELLINGS
us-nyc,United States,New York,USD,1400000.0,334.4508,2025-04-03,nyc_dof_rolling_sales,334.4508,,,,1988,,,01 ONE FAMILY DWELLINGS,RICHMONDTOWN,485 SAINT ANDREWS ROAD,01 ONE FAMILY DWELLINGS
us-nyc,United States,New York,USD,1450000.0,222.9672,2025-07-07,nyc_dof_rolling_sales,222.9672,,,,1925,,,01 ONE FAMILY DWELLINGS,RICHMONDTOWN,476 ST GEORGE ROAD,01 ONE FAMILY DWELLINGS
us-nyc,United States,New York,USD,718000.0,126.34808,2025-02-11,nyc_dof_rolling_sales,126.34808,,,,1965,,,01 ONE FAMILY DWELLINGS,RICHMONDTOWN,27 HITCHCOCK AVENUE,01 ONE FAMILY DWELLINGS
us-nyc,United States,New York,USD,755000.0,118.91584,2025-12-16,nyc_dof_rolling_sales,118.91584,,,,1965,,,01 ONE FAMILY DWELLINGS,RICHMONDTOWN,50 HITCHCOCK AVENUE,01 ONE FAMILY DWELLINGS
us-nyc,United States,New York,USD,750000.0,118.91584,2025-07-17,nyc_dof_rolling_sales,118.91584,,,,1965,,,01 ONE FAMILY DWELLINGS,RICHMONDTOWN,46 HITCHCOCK AVENUE,01 ONE FAMILY DWELLINGS
us-nyc,United States,New York,USD,807000.0,174.750543,2025-09-26,nyc_dof_rolling_sales,174.750543,,,,1960,,,01 ONE FAMILY DWELLINGS,RICHMONDTOWN,39 MORTON STREET,01 ONE FAMILY DWELLINGS
us-nyc,United States,New York,USD,695000.0,101.728785,2025-07-16,nyc_dof_rolling_sales,101.728785,,,,1960,,,01 ONE FAMILY DWELLINGS,RICHMONDTOWN,61 MORTON STREET,01 ONE FAMILY DWELLINGS
us-nyc,United States,New York,USD,10.0,178.002148,2025-05-21,nyc_dof_rolling_sales,178.002148,,,,1965,,,01 ONE FAMILY DWELLINGS,RICHMONDTOWN,50 MORTON STREET,01 ONE FAMILY DWELLINGS
us-nyc,United States,New York,USD,1451006.0,204.3866,2025-03-24,nyc_dof_rolling_sales,204.3866,,,,1940,,,01 ONE FAMILY DWELLINGS,RICHMONDTOWN,77 ARDSLEY STREET,01 ONE FAMILY DWELLINGS
us-nyc,United States,New York,USD,700000.0,95.875896,2025-05-20,nyc_dof_rolling_sales,95.875896,,,,1965,,,01 ONE FAMILY DWELLINGS,RICHMONDTOWN,58 ARDSLEY STREET,01 ONE FAMILY DWELLINGS
us-nyc,United States,New York,USD,925000.0,265.330968,2025-09-12,nyc_dof_rolling_sales,265.330968,,,,1970,,,01 ONE FAMILY DWELLINGS,RICHMONDTOWN,75 MAPLEWOOD AVENUE,01 ONE FAMILY DWELLINGS
us-nyc,United States,New York,USD,900000.0,95.875896,2025-05-07,nyc_dof_rolling_sales,95.875896,,,,1965,,,01 ONE FAMILY DWELLINGS,RICHMONDTOWN,33 NATICK STREET,01 ONE FAMILY DWELLINGS
us-nyc,United States,New York,USD,950000.0,198.440808,2025-03-20,nyc_dof_rolling_sales,198.440808,,,,1965,,,01 ONE FAMILY DWELLINGS,RICHMONDTOWN,69 NATICK STREET,01 ONE FAMILY DWELLINGS
us-nyc,United States,New York,USD,560000.0,72.46433999999999,2025-01-09,nyc_dof_rolling_sales,72.46433999999999,,,,1994,,,01 ONE FAMILY DWELLINGS,RICHMONDTOWN,87 CRANFORD COURT,01 ONE FAMILY DWELLINGS
us-nyc,United States,New York,USD,550000.0,72.46433999999999,2025-05-01,nyc_dof_rolling_sales,72.46433999999999,,,,1994,,,01 ONE FAMILY DWELLINGS,RICHMONDTOWN,93 CRANFORD COURT,01 ONE FAMILY DWELLINGS
us-nyc,United States,New York,USD,835000.0,102.1933,2025-09-15,nyc_dof_rolling_sales,102.1933,,,,1960,,,01 ONE FAMILY DWELLINGS,RICHMONDTOWN,102 BARBARA STREET,01 ONE FAMILY DWELLINGS
us-nyc,United States,New York,USD,725000.0,98.105568,2025-10-20,nyc_dof_rolling_sales,98.105568,,,,1960,,,01 ONE FAMILY DWELLINGS,RICHMONDTOWN,131 WOLVERINE STREET,01 ONE FAMILY DWELLINGS
us-nyc,United States,New York,USD,750000.0,98.105568,2025-10-14,nyc_dof_rolling_sales,98.105568,,,,1960,,,01 ONE FAMILY DWELLINGS,RICHMONDTOWN,135 WOLVERINE STREET,01 ONE FAMILY DWELLINGS
us-nyc,United States,New York,USD,775000.0,125.604856,2025-05-09,nyc_dof_rolling_sales,125.604856,,,,1965,,,01 ONE FAMILY DWELLINGS,RICHMONDTOWN,111 THOMAS STREET,01 ONE FAMILY DWELLINGS
us-nyc,United States,New York,USD,878000.0,96.61912,2025-08-28,nyc_dof_rolling_sales,96.61912,,,,1965,,,01 ONE FAMILY DWELLINGS,RICHMONDTOWN,31 RENE DRIVE,01 ONE FAMILY DWELLINGS
us-nyc,United States,New York,USD,700000.0,89.18688,2025-05-16,nyc_dof_rolling_sales,89.18688,,,,1960,,,01 ONE FAMILY DWELLINGS,RICHMONDTOWN,180 WOLVERINE STREET,01 ONE FAMILY DWELLINGS
us-nyc,United States,New York,USD,739000.0,121.517124,2025-01-06,nyc_dof_rolling_sales,121.517124,,,,1930,,,01 ONE FAMILY DWELLINGS,RICHMONDTOWN,9 CENTER STREET,01 ONE FAMILY DWELLINGS
us-nyc,United States,New York,USD,987703.0,230.492343,2025-04-03,nyc_dof_rolling_sales,230.492343,,,,2024,,,01 ONE FAMILY DWELLINGS,RICHMONDTOWN,7 ANDREWS AVENUE,01 ONE FAMILY DWELLINGS
us-nyc,United States,New York,USD,1221900.0,234.580075,2025-04-02,nyc_dof_rolling_sales,234.580075,,,,2024,,,01 ONE FAMILY DWELLINGS,RICHMONDTOWN,3474 RICHMOND ROAD,01 ONE FAMILY DWELLINGS
us-nyc,United States,New York,USD,1425549.0,299.426369,2025-08-05,nyc_dof_rolling_sales,299.426369,,,,2024,,,01 ONE FAMILY DWELLINGS,RICHMONDTOWN,3462 RICHMOND ROAD,01 ONE FAMILY DWELLINGS
us-nyc,United States,New York,USD,1374638.0,299.426369,2025-04-25,nyc_dof_rolling_sales,299.426369,,,,2024,,,01 ONE FAMILY DWELLINGS,RICHMONDTOWN,3456 RICHMOND ROAD,01 ONE FAMILY DWELLINGS
us-nyc,United States,New York,USD,1556000.0,222.9672,2025-08-20,nyc_dof_rolling_sales,222.9672,,,,2004,,,01 ONE FAMILY DWELLINGS,RICHMONDTOWN,146 ARDSLEY STREET,01 ONE FAMILY DWELLINGS
us-nyc,United States,New York,USD,1020000.0,177.630536,2025-07-22,nyc_dof_rolling_sales,177.630536,,,,1965,,,01 ONE FAMILY DWELLINGS,RICHMONDTOWN,174 NATICK STREET,01 ONE FAMILY DWELLINGS
us-nyc,United States,New York,USD,930000.0,179.116984,2025-10-27,nyc_dof_rolling_sales,179.116984,,,,1965,,,01 ONE FAMILY DWELLINGS,RICHMONDTOWN,274 PARK STREET,01 ONE FAMILY DWELLINGS
us-nyc,United States,New York,USD,1350000.0,317.72826,2025-12-03,nyc_dof_rolling_sales,317.72826,,,,1981,,,01 ONE FAMILY DWELLINGS,RICHMONDTOWN,285 BARBARA STREET,01 ONE FAMILY DWELLINGS
us-nyc,United States,New York,USD,714000.0,102.56491199999999,2025-01-10,nyc_dof_rolling_sales,102.56491199999999,,,,1955,,,01 ONE FAMILY DWELLINGS,RICHMONDTOWN,171 WOLVERINE STREET,01 ONE FAMILY DWELLINGS
us-nyc,United States,New York,USD,760000.0,236.716844,2025-02-25,nyc_dof_rolling_sales,236.716844,,,,1975,,,01 ONE FAMILY DWELLINGS,RICHMONDTOWN,275 THOMAS STREET,01 ONE FAMILY DWELLINGS
us-nyc,United States,New York,USD,955000.0,234.394269,2025-06-05,nyc_dof_rolling_sales,234.394269,,,,1975,,,01 ONE FAMILY DWELLINGS,RICHMONDTOWN,301 THOMAS STREET,01 ONE FAMILY DWELLINGS
us-nyc,United States,New York,USD,950000.0,89.18688,2025-11-19,nyc_dof_rolling_sales,89.18688,,,,1975,,,01 ONE FAMILY DWELLINGS,RICHMONDTOWN,268 THOMAS STREET,01 ONE FAMILY DWELLINGS
us-nyc,United States,New York,USD,820000.0,128.020334,2025-05-16,nyc_dof_rolling_sales,128.020334,,,,1930,,,01 ONE FAMILY DWELLINGS,RICHMONDTOWN,312 ARDSLEY STREET,01 ONE FAMILY DWELLINGS
us-nyc,United States,New York,USD,1275000.0,218.136244,2025-06-12,nyc_dof_rolling_sales,218.136244,,,,1996,,,01 ONE FAMILY DWELLINGS,RICHMONDTOWN,328 NATICK STREET,01 ONE FAMILY DWELLINGS
us-nyc,United States,New York,USD,1399900.0,277.408358,2025-04-03,nyc_dof_rolling_sales,277.408358,,,,2000,,,01 ONE FAMILY DWELLINGS,RICHMONDTOWN,408 THOMAS STREET,01 ONE FAMILY DWELLINGS
us-nyc,United States,New York,USD,975000.0,218.507856,2025-07-11,nyc_dof_rolling_sales,218.507856,,,,1920,,,01 ONE FAMILY DWELLINGS,RICHMONDTOWN,319 CLARKE AVENUE,01 ONE FAMILY DWELLINGS
us-nyc,United States,New York,USD,1130000.0,195.09629999999999,2025-06-09,nyc_dof_rolling_sales,195.09629999999999,,,,1935,,,01 ONE FAMILY DWELLINGS,RICHMONDTOWN,347 CLARKE AVENUE,01 ONE FAMILY DWELLINGS
us-nyc,United States,New York,USD,1753936.0,377.000374,2025-08-25,nyc_dof_rolling_sales,377.000374,,,,2024,,,01 ONE FAMILY DWELLINGS,RICHMONDTOWN,212 CENTER STREET,01 ONE FAMILY DWELLINGS
us-nyc,United States,New York,USD,1530000.0,250.8381,2025-11-14,nyc_dof_rolling_sales,250.8381,,,,1998,,,01 ONE FAMILY DWELLINGS,RICHMONDTOWN,34 MOORE STREET,01 ONE FAMILY DWELLINGS
us-nyc,United States,New York,USD,1014750.0,170.105393,2025-08-18,nyc_dof_rolling_sales,170.105393,,,,1980,,,01 ONE FAMILY DWELLINGS,RICHMONDTOWN,375 CLARKE AVENUE,01 ONE FAMILY DWELLINGS
us-nyc,United States,New York,USD,795000.0,155.798331,2025-01-13,nyc_dof_rolling_sales,155.798331,,,,1960,,,01 ONE FAMILY DWELLINGS,RICHMONDTOWN,364 CLARKE AVENUE,01 ONE FAMILY DWELLINGS
us-nyc,United States,New York,USD,970000.0,148.6448,2025-02-28,nyc_dof_rolling_sales,148.6448,,,,1970,,,01 ONE FAMILY DWELLINGS,RICHMONDTOWN,150 CLARKE AVENUE,01 ONE FAMILY DWELLINGS
us-nyc,United States,New York,USD,740000.0,185.806,2025-03-06,nyc_dof_rolling_sales,185.806,,,,1925,,,02 TWO FAMILY DWELLINGS,RICHMONDTOWN,3219 RICHMOND ROAD,02 TWO FAMILY DWELLINGS
us-nyc,United States,New York,USD,1339325.0,232.2575,2025-04-30,nyc_dof_rolling_sales,232.2575,,,,2024,,,02 TWO FAMILY DWELLINGS,RICHMONDTOWN,N/A AULTMAN AVENUE,02 TWO FAMILY DWELLINGS
us-nyc,United States,New York,USD,1130000.0,202.900152,2025-10-23,nyc_dof_rolling_sales,202.900152,,,,1965,,,02 TWO FAMILY DWELLINGS,RICHMONDTOWN,274 WILDER AVENUE,02 TWO FAMILY DWELLINGS
us-nyc,United States,New York,USD,800000.0,111.669406,2025-12-15,nyc_dof_rolling_sales,111.669406,,,,1955,,,01 ONE FAMILY DWELLINGS,RICHMONDTOWN-LIGHTHS HILL,254 EDINBORO ROAD,01 ONE FAMILY DWELLINGS
us-nyc,United States,New York,USD,1390000.0,302.399265,2025-06-30,nyc_dof_rolling_sales,302.399265,,,,1955,,,01 ONE FAMILY DWELLINGS,RICHMONDTOWN-LIGHTHS HILL,83 MEISNER AVENUE,01 ONE FAMILY DWELLINGS
us-nyc,United States,New York,USD,1575000.0,422.98735899999997,2025-11-05,nyc_dof_rolling_sales,422.98735899999997,,,,1970,,,01 ONE FAMILY DWELLINGS,RICHMONDTOWN-LIGHTHS HILL,16 MEEKER STREET,01 ONE FAMILY DWELLINGS
us-nyc,United States,New York,USD,1150000.0,263.101296,2025-01-17,nyc_dof_rolling_sales,263.101296,,,,1970,,,01 ONE FAMILY DWELLINGS,RICHMONDTOWN-LIGHTHS HILL,6 KENT STREET,01 ONE FAMILY DWELLINGS
us-nyc,United States,New York,USD,2850000.0,241.919412,2025-10-29,nyc_dof_rolling_sales,241.919412,,,,1931,,,01 ONE FAMILY DWELLINGS,ROSEBANK,1101 BAY STREET,01 ONE FAMILY DWELLINGS
us-nyc,United States,New York,USD,551000.0,112.970048,2025-06-24,nyc_dof_rolling_sales,112.970048,,,,1960,,,01 ONE FAMILY DWELLINGS,ROSEBANK,56 CLIFTON AVENUE,01 ONE FAMILY DWELLINGS
us-nyc,United States,New York,USD,450000.0,128.20614,2025-01-27,nyc_dof_rolling_sales,128.20614,,,,1901,,,01 ONE FAMILY DWELLINGS,ROSEBANK,136 GREENFIELD AVENUE,01 ONE FAMILY DWELLINGS
us-nyc,United States,New York,USD,466666.0,109.253928,2025-05-19,nyc_dof_rolling_sales,109.253928,,,,1965,,,01 ONE FAMILY DWELLINGS,ROSEBANK,102 LYNHURST AVENUE,01 ONE FAMILY DWELLINGS
us-nyc,United States,New York,USD,653000.0,109.253928,2025-04-14,nyc_dof_rolling_sales,109.253928,,,,1965,,,01 ONE FAMILY DWELLINGS,ROSEBANK,92 LYNHURST AVENUE,01 ONE FAMILY DWELLINGS
us-nyc,United States,New York,USD,635000.0,171.406035,2025-04-01,nyc_dof_rolling_sales,171.406035,,,,2001,,,01 ONE FAMILY DWELLINGS,ROSEBANK,77 CHESTNUT AVE,01 ONE FAMILY DWELLINGS
us-nyc,United States,New York,USD,445000.0,78.03852,2025-06-16,nyc_dof_rolling_sales,78.03852,,,,1920,,,01 ONE FAMILY DWELLINGS,ROSEBANK,105 CHESTNUT AVENUE,01 ONE FAMILY DWELLINGS
us-nyc,United States,New York,USD,588000.0,78.03852,2025-06-12,nyc_dof_rolling_sales,78.03852,,,,1890,,,01 ONE FAMILY DWELLINGS,ROSEBANK,107 CHESTNUT AVENUE,01 ONE FAMILY DWELLINGS
us-nyc,United States,New York,USD,350000.0,69.67725,2025-02-25,nyc_dof_rolling_sales,69.67725,,,,1890,,,01 ONE FAMILY DWELLINGS,ROSEBANK,119 CHESTNUT AVENUE,01 ONE FAMILY DWELLINGS
us-nyc,United States,New York,USD,725000.0,107.024256,2025-06-06,nyc_dof_rolling_sales,107.024256,,,,1975,,,01 ONE FAMILY DWELLINGS,ROSEBANK,44 ANDERSON STREET,01 ONE FAMILY DWELLINGS
us-nyc,United States,New York,USD,660000.0,123.746796,2025-05-29,nyc_dof_rolling_sales,123.746796,,,,1901,,,01 ONE FAMILY DWELLINGS,ROSEBANK,62 ST MARYS AVENUE,01 ONE FAMILY DWELLINGS
us-nyc,United States,New York,USD,660000.0,153.104144,2025-05-22,nyc_dof_rolling_sales,153.104144,,,,1901,,,01 ONE FAMILY DWELLINGS,ROSEBANK,33 VIRGINIA AVENUE,01 ONE FAMILY DWELLINGS
us-nyc,United States,New York,USD,680000.0,107.76748,2025-04-03,nyc_dof_rolling_sales,107.76748,,,,1910,,,01 ONE FAMILY DWELLINGS,ROSEBANK,227 HYLAN BOULEVARD,01 ONE FAMILY DWELLINGS
us-nyc,United States,New York,USD,775000.0,112.970048,2025-08-13,nyc_dof_rolling_sales,112.970048,,,,1996,,,01 ONE FAMILY DWELLINGS,ROSEBANK,198 HYLAN BOULEVARD,01 ONE FAMILY DWELLINGS
us-nyc,United States,New York,USD,638000.0,93.83203,2025-07-02,nyc_dof_rolling_sales,93.83203,,,,1994,,,01 ONE FAMILY DWELLINGS,ROSEBANK,171 MARYLAND AVENUE,01 ONE FAMILY DWELLINGS
us-nyc,United States,New York,USD,412500.0,100.33524,2025-11-17,nyc_dof_rolling_sales,100.33524,,,,1985,,,01 ONE FAMILY DWELLINGS,ROSEBANK,5 WHITE STREET,01 ONE FAMILY DWELLINGS
us-nyc,United States,New York,USD,490000.0,106.281032,2025-03-10,nyc_dof_rolling_sales,106.281032,,,,1987,,,01 ONE FAMILY DWELLINGS,ROSEBANK,659 TOMPKINS AVENUE,01 ONE FAMILY DWELLINGS
us-nyc,United States,New York,USD,710000.0,120.402288,2025-01-13,nyc_dof_rolling_sales,120.402288,,,,1999,,,01 ONE FAMILY DWELLINGS,ROSEBANK,273 WINGHAM STREET,01 ONE FAMILY DWELLINGS
us-nyc,United States,New York,USD,532481.0,158.399615,2025-10-01,nyc_dof_rolling_sales,158.399615,,,,1996,,,01 ONE FAMILY DWELLINGS,ROSEBANK,293 WINGHAM STREET,01 ONE FAMILY DWELLINGS
us-nyc,United States,New York,USD,650000.0,106.281032,2025-09-29,nyc_dof_rolling_sales,106.281032,,,,1987,,,01 ONE FAMILY DWELLINGS,ROSEBANK,135 ST JOHNS AVENUE,01 ONE FAMILY DWELLINGS
us-nyc,United States,New York,USD,536000.0,106.281032,2025-02-21,nyc_dof_rolling_sales,106.281032,,,,1987,,,01 ONE FAMILY DWELLINGS,ROSEBANK,19 DAYNA DRIVE,01 ONE FAMILY DWELLINGS
us-nyc,United States,New York,USD,580000.0,106.281032,2025-09-15,nyc_dof_rolling_sales,106.281032,,,,1987,,,01 ONE FAMILY DWELLINGS,ROSEBANK,21 DAYNA DRIVE,01 ONE FAMILY DWELLINGS
us-nyc,United States,New York,USD,638000.0,133.037096,2025-09-22,nyc_dof_rolling_sales,133.037096,,,,1989,,,01 ONE FAMILY DWELLINGS,ROSEBANK,20 ST JOHNS AVENUE,01 ONE FAMILY DWELLINGS
us-nyc,United States,New York,USD,545000.0,133.037096,2025-08-26,nyc_dof_rolling_sales,133.037096,,,,1989,,,01 ONE FAMILY DWELLINGS,ROSEBANK,16 ST JOHNS AVENUE,01 ONE FAMILY DWELLINGS
us-nyc,United States,New York,USD,209000.0,105.90942,2025-10-23,nyc_dof_rolling_sales,105.90942,,,,1996,,,01 ONE FAMILY DWELLINGS,ROSEBANK,35 CABOT PLACE,01 ONE FAMILY DWELLINGS
us-nyc,United States,New York,USD,760000.0,105.90942,2025-07-02,nyc_dof_rolling_sales,105.90942,,,,1996,,,01 ONE FAMILY DWELLINGS,ROSEBANK,90 BELAIR ROAD,01 ONE FAMILY DWELLINGS
us-nyc,United States,New York,USD,747621.0,194.724688,2025-03-18,nyc_dof_rolling_sales,194.724688,,,,1920,,,01 ONE FAMILY DWELLINGS,ROSEBANK,1324 BAY ST,01 ONE FAMILY DWELLINGS
us-nyc,United States,New York,USD,450000.0,107.76748,2025-05-13,nyc_dof_rolling_sales,107.76748,,,,1960,,,01 ONE FAMILY DWELLINGS,ROSEBANK,15 HOPE AVENUE,01 ONE FAMILY DWELLINGS
us-nyc,United States,New York,USD,610000.0,111.4836,2025-03-06,nyc_dof_rolling_sales,111.4836,,,,1901,,,01 ONE FAMILY DWELLINGS,ROSEBANK,66 EVELYN PLACE,01 ONE FAMILY DWELLINGS
us-nyc,United States,New York,USD,400000.0,83.6127,2025-01-17,nyc_dof_rolling_sales,83.6127,,,,1950,,,01 ONE FAMILY DWELLINGS,ROSEBANK,45 EGBERT PLACE,01 ONE FAMILY DWELLINGS
us-nyc,United States,New York,USD,641498.0,211.075616,2025-03-19,nyc_dof_rolling_sales,211.075616,,,,1945,,,01 ONE FAMILY DWELLINGS,ROSEBANK,27 EGBERT PLACE,01 ONE FAMILY DWELLINGS
us-nyc,United States,New York,USD,600000.0,94.017836,2025-09-24,nyc_dof_rolling_sales,94.017836,,,,1945,,,01 ONE FAMILY DWELLINGS,ROSEBANK,53 EGBERT PLACE,01 ONE FAMILY DWELLINGS
us-nyc,United States,New York,USD,660000.0,122.63195999999999,2025-03-20,nyc_dof_rolling_sales,122.63195999999999,,,,1999,,,01 ONE FAMILY DWELLINGS,ROSEBANK,70 HOPE LANE,01 ONE FAMILY DWELLINGS
us-nyc,United States,New York,USD,937528.0,191.937598,2025-10-22,nyc_dof_rolling_sales,191.937598,,,,2021,,,01 ONE FAMILY DWELLINGS,ROSEBANK,105 FINGERBOARD ROAD,01 ONE FAMILY DWELLINGS
us-nyc,United States,New York,USD,700000.0,130.807424,2025-08-05,nyc_dof_rolling_sales,130.807424,,,,1997,,,01 ONE FAMILY DWELLINGS,ROSEBANK,58 HOPE LANE,01 ONE FAMILY DWELLINGS
us-nyc,United States,New York,USD,428000.0,136.009992,2025-01-10,nyc_dof_rolling_sales,136.009992,,,,1920,,,01 ONE FAMILY DWELLINGS,ROSEBANK,442 TOMPKINS AVENUE,01 ONE FAMILY DWELLINGS
us-nyc,United States,New York,USD,640000.0,136.009992,2025-10-31,nyc_dof_rolling_sales,136.009992,,,,1920,,,01 ONE FAMILY DWELLINGS,ROSEBANK,442 TOMPKINS AVENUE,01 ONE FAMILY DWELLINGS
us-nyc,United States,New York,USD,550000.0,43.850216,2025-02-12,nyc_dof_rolling_sales,43.850216,,,,1940,,,01 ONE FAMILY DWELLINGS,ROSEBANK,26 SHAUGHNESSY LANE,01 ONE FAMILY DWELLINGS
us-nyc,United States,New York,USD,725000.0,105.90942,2025-11-20,nyc_dof_rolling_sales,105.90942,,,,1997,,,01 ONE FAMILY DWELLINGS,ROSEBANK,243 ST MARYS AVENUE,01 ONE FAMILY DWELLINGS
us-nyc,United States,New York,USD,676000.0,105.90942,2025-09-24,nyc_dof_rolling_sales,105.90942,,,,1997,,,01 ONE FAMILY DWELLINGS,ROSEBANK,247 ST MARYS AVENUE,01 ONE FAMILY DWELLINGS
us-nyc,United States,New York,USD,760000.0,126.34808,2025-11-06,nyc_dof_rolling_sales,126.34808,,,,2003,,,01 ONE FAMILY DWELLINGS,ROSEBANK,271 CLIFTON AVENUE,01 ONE FAMILY DWELLINGS
us-nyc,United States,New York,USD,668000.0,80.639804,2025-08-29,nyc_dof_rolling_sales,80.639804,,,,1920,,,01 ONE FAMILY DWELLINGS,ROSEBANK,295 CLIFTON AVE,01 ONE FAMILY DWELLINGS
us-nyc,United States,New York,USD,820000.0,135.63838,2025-11-25,nyc_dof_rolling_sales,135.63838,,,,2006,,,01 ONE FAMILY DWELLINGS,ROSEBANK,206 VIRGINIA AVENUE,01 ONE FAMILY DWELLINGS
us-nyc,United States,New York,USD,635000.0,122.63195999999999,2025-11-21,nyc_dof_rolling_sales,122.63195999999999,,,,1910,,,01 ONE FAMILY DWELLINGS,ROSEBANK,202 VIRGINIA AVENUE,01 ONE FAMILY DWELLINGS
us-nyc,United States,New York,USD,678000.0,132.293872,2025-07-23,nyc_dof_rolling_sales,132.293872,,,,1910,,,01 ONE FAMILY DWELLINGS,ROSEBANK,193 ST JOHNS AVENUE,01 ONE FAMILY DWELLINGS
us-nyc,United States,New York,USD,640000.0,189.429217,2025-12-16,nyc_dof_rolling_sales,189.429217,,,,1925,,,01 ONE FAMILY DWELLINGS,ROSEBANK,320 CLIFTON AVENUE,01 ONE FAMILY DWELLINGS
us-nyc,United States,New York,USD,590000.0,115.19972,2025-09-18,nyc_dof_rolling_sales,115.19972,,,,1995,,,01 ONE FAMILY DWELLINGS,ROSEBANK,357A HYLAN BOULEVARD,01 ONE FAMILY DWELLINGS
us-nyc,United States,New York,USD,788000.0,124.861632,2025-10-27,nyc_dof_rolling_sales,124.861632,,,,1998,,,01 ONE FAMILY DWELLINGS,ROSEBANK,95 REYNOLDS STREET,01 ONE FAMILY DWELLINGS
us-nyc,United States,New York,USD,200000.0,208.10272,2025-01-29,nyc_dof_rolling_sales,208.10272,,,,2012,,,01 ONE FAMILY DWELLINGS,ROSEBANK,245 ST JOHNS AVENUE,01 ONE FAMILY DWELLINGS
us-nyc,United States,New York,USD,830000.0,136.753216,2025-07-31,nyc_dof_rolling_sales,136.753216,,,,1998,,,01 ONE FAMILY DWELLINGS,ROSEBANK,48 BELLAVISTA COURT,01 ONE FAMILY DWELLINGS
us-nyc,United States,New York,USD,625000.0,85.842372,2025-11-10,nyc_dof_rolling_sales,85.842372,,,,1988,,,01 ONE FAMILY DWELLINGS,ROSEBANK,429 HYLAN BLVD,01 ONE FAMILY DWELLINGS
us-nyc,United States,New York,USD,569998.0,106.83845,2025-10-20,nyc_dof_rolling_sales,106.83845,,,,1988,,,01 ONE FAMILY DWELLINGS,ROSEBANK,34 MARYLAND LANE,01 ONE FAMILY DWELLINGS
us-nyc,United States,New York,USD,865513.0,143.906747,2025-02-27,nyc_dof_rolling_sales,143.906747,,,,2023,,,01 ONE FAMILY DWELLINGS,ROSEBANK,286 ST MARYS AVENUE,01 ONE FAMILY DWELLINGS
us-nyc,United States,New York,USD,720000.0,114.27069,2025-05-07,nyc_dof_rolling_sales,114.27069,,,,1976,,,01 ONE FAMILY DWELLINGS,ROSEBANK,488 CLIFTON AVENUE,01 ONE FAMILY DWELLINGS
us-nyc,United States,New York,USD,830000.0,93.646224,2025-01-17,nyc_dof_rolling_sales,93.646224,,,,1950,,,01 ONE FAMILY DWELLINGS,ROSEBANK,32 LEGION PLACE,01 ONE FAMILY DWELLINGS
us-nyc,United States,New York,USD,630000.0,129.692588,2025-12-09,nyc_dof_rolling_sales,129.692588,,,,1991,,,01 ONE FAMILY DWELLINGS,ROSEBANK,31 LYMAN AVENUE,01 ONE FAMILY DWELLINGS
us-nyc,United States,New York,USD,680000.0,127.834528,2025-04-01,nyc_dof_rolling_sales,127.834528,,,,1965,,,01 ONE FAMILY DWELLINGS,ROSEBANK,93 LYMAN AVENUE,01 ONE FAMILY DWELLINGS
us-nyc,United States,New York,USD,630000.0,92.53138799999999,2025-03-31,nyc_dof_rolling_sales,92.53138799999999,,,,1901,,,01 ONE FAMILY DWELLINGS,ROSEBANK,85 HIGH STREET,01 ONE FAMILY DWELLINGS
us-nyc,United States,New York,USD,720000.0,91.416552,2025-04-17,nyc_dof_rolling_sales,91.416552,,,,1940,,,01 ONE FAMILY DWELLINGS,ROSEBANK,140 LYMAN AVENUE,01 ONE FAMILY DWELLINGS
us-nyc,United States,New York,USD,165000.0,107.76748,2025-02-26,nyc_dof_rolling_sales,107.76748,,,,1901,,,01 ONE FAMILY DWELLINGS,ROSEBANK,26 LYMAN AVENUE,01 ONE FAMILY DWELLINGS
us-nyc,United States,New York,USD,712775.0,125.41905,2025-07-02,nyc_dof_rolling_sales,125.41905,,,,2022,,,01 ONE FAMILY DWELLINGS,ROSEBANK,226 FINGERBOARD ROAD,01 ONE FAMILY DWELLINGS
us-nyc,United States,New York,USD,10.0,167.2254,2025-02-12,nyc_dof_rolling_sales,167.2254,,,,1910,,,02 TWO FAMILY DWELLINGS,ROSEBANK,41 CLIFTON AVENUE,02 TWO FAMILY DWELLINGS
us-nyc,United States,New York,USD,1130000.0,229.842022,2025-07-23,nyc_dof_rolling_sales,229.842022,,,,2024,,,02 TWO FAMILY DWELLINGS,ROSEBANK,N/A CLIFTON AVENUE,02 TWO FAMILY DWELLINGS
us-nyc,United States,New York,USD,916425.0,229.842022,2025-10-17,nyc_dof_rolling_sales,229.842022,,,,2024,,,02 TWO FAMILY DWELLINGS,ROSEBANK,N/A CLIFTON AVENUE,02 TWO FAMILY DWELLINGS
us-nyc,United States,New York,USD,450000.0,157.9351,2025-06-06,nyc_dof_rolling_sales,157.9351,,,,1995,,,02 TWO FAMILY DWELLINGS,ROSEBANK,35A LANGERE PLACE,02 TWO FAMILY DWELLINGS
us-nyc,United States,New York,USD,450000.0,157.9351,2025-06-06,nyc_dof_rolling_sales,157.9351,,,,1995,,,02 TWO FAMILY DWELLINGS,ROSEBANK,35C LANGERE PLACE,02 TWO FAMILY DWELLINGS
us-nyc,United States,New York,USD,450000.0,157.9351,2025-06-06,nyc_dof_rolling_sales,157.9351,,,,1995,,,02 TWO FAMILY DWELLINGS,ROSEBANK,35E LANGERE PLACE,02 TWO FAMILY DWELLINGS
us-nyc,United States,New York,USD,450000.0,161.65122,2025-06-06,nyc_dof_rolling_sales,161.65122,,,,1995,,,02 TWO FAMILY DWELLINGS,ROSEBANK,35G LANGERE PLACE,02 TWO FAMILY DWELLINGS
us-nyc,United States,New York,USD,485000.0,139.3545,2025-01-30,nyc_dof_rolling_sales,139.3545,,,,1899,,,02 TWO FAMILY DWELLINGS,ROSEBANK,21 ORMOND PLACE,02 TWO FAMILY DWELLINGS
us-nyc,United States,New York,USD,720000.0,147.901576,2025-07-03,nyc_dof_rolling_sales,147.901576,,,,1930,,,02 TWO FAMILY DWELLINGS,ROSEBANK,65 ANDERSON STREET,02 TWO FAMILY DWELLINGS
us-nyc,United States,New York,USD,780000.0,353.0314,2025-04-30,nyc_dof_rolling_sales,353.0314,,,,1899,,,02 TWO FAMILY DWELLINGS,ROSEBANK,59 SAINT MARYS AVE,02 TWO FAMILY DWELLINGS
us-nyc,United States,New York,USD,400000.0,353.0314,2025-01-15,nyc_dof_rolling_sales,353.0314,,,,1899,,,02 TWO FAMILY DWELLINGS,ROSEBANK,59 ST MARYS AVENUE,02 TWO FAMILY DWELLINGS
us-nyc,United States,New York,USD,999999.0,274.06385,2025-08-26,nyc_dof_rolling_sales,274.06385,,,,1931,,,02 TWO FAMILY DWELLINGS,ROSEBANK,1200 BAY STREET,02 TWO FAMILY DWELLINGS
us-nyc,United States,New York,USD,800000.0,144.92867999999999,2025-02-10,nyc_dof_rolling_sales,144.92867999999999,,,,2002,,,02 TWO FAMILY DWELLINGS,ROSEBANK,251 MARYLAND AVENUE,02 TWO FAMILY DWELLINGS
us-nyc,United States,New York,USD,790000.0,177.258924,2025-08-25,nyc_dof_rolling_sales,177.258924,,,,1920,,,02 TWO FAMILY DWELLINGS,ROSEBANK,443 HOME AVENUE,02 TWO FAMILY DWELLINGS
us-nyc,United States,New York,USD,927225.0,191.937598,2025-03-07,nyc_dof_rolling_sales,191.937598,,,,2021,,,02 TWO FAMILY DWELLINGS,ROSEBANK,N/A FINGERBOARD ROAD,02 TWO FAMILY DWELLINGS
us-nyc,United States,New York,USD,785000.0,246.19295,2025-05-29,nyc_dof_rolling_sales,246.19295,,,,1935,,,02 TWO FAMILY DWELLINGS,ROSEBANK,189 CHESTNUT AVENUE,02 TWO FAMILY DWELLINGS
us-nyc,United States,New York,USD,600000.0,175.58667,2025-03-11,nyc_dof_rolling_sales,175.58667,,,,1915,,,02 TWO FAMILY DWELLINGS,ROSEBANK,230 CHESTNUT STREET,02 TWO FAMILY DWELLINGS
us-nyc,United States,New York,USD,10.0,144.92867999999999,2025-01-15,nyc_dof_rolling_sales,144.92867999999999,,,,1915,,,02 TWO FAMILY DWELLINGS,ROSEBANK,179 ST MARYS AVENUE,02 TWO FAMILY DWELLINGS
us-nyc,United States,New York,USD,591603.0,144.92867999999999,2025-04-07,nyc_dof_rolling_sales,144.92867999999999,,,,1915,,,02 TWO FAMILY DWELLINGS,ROSEBANK,179 ST MARYS AVENUE,02 TWO FAMILY DWELLINGS
us-nyc,United States,New York,USD,810000.0,142.14159,2025-05-30,nyc_dof_rolling_sales,142.14159,,,,1940,,,02 TWO FAMILY DWELLINGS,ROSEBANK,28 WHITE PLAINS AVENUE,02 TWO FAMILY DWELLINGS
us-nyc,United States,New York,USD,900000.0,169.826684,2025-05-21,nyc_dof_rolling_sales,169.826684,,,,1910,,,02 TWO FAMILY DWELLINGS,ROSEBANK,291 CLIFTON AVENUE,02 TWO FAMILY DWELLINGS
us-nyc,United States,New York,USD,880000.0,218.507856,2025-03-06,nyc_dof_rolling_sales,218.507856,,,,1975,,,02 TWO FAMILY DWELLINGS,ROSEBANK,33 FLETCHER STREET,02 TWO FAMILY DWELLINGS
us-nyc,United States,New York,USD,850000.0,155.055107,2025-06-20,nyc_dof_rolling_sales,155.055107,,,,1945,,,02 TWO FAMILY DWELLINGS,ROSEBANK,301 MARYLAND AVENUE,02 TWO FAMILY DWELLINGS
us-nyc,United States,New York,USD,828000.0,187.292448,2025-02-26,nyc_dof_rolling_sales,187.292448,,,,1965,,,02 TWO FAMILY DWELLINGS,ROSEBANK,487 CLIFTON AVENUE,02 TWO FAMILY DWELLINGS
us-nyc,United States,New York,USD,940000.0,195.09629999999999,2025-06-12,nyc_dof_rolling_sales,195.09629999999999,,,,1965,,,02 TWO FAMILY DWELLINGS,ROSEBANK,47 ROCKWELL AVENUE,02 TWO FAMILY DWELLINGS
us-nyc,United States,New York,USD,847000.0,216.278184,2025-02-11,nyc_dof_rolling_sales,216.278184,,,,1905,,,02 TWO FAMILY DWELLINGS,ROSEBANK,704 TOMPKINS AVENUE,02 TWO FAMILY DWELLINGS
us-nyc,United States,New York,USD,500.0,216.092378,2025-08-28,nyc_dof_rolling_sales,216.092378,,,,1986,,,02 TWO FAMILY DWELLINGS,ROSEBANK,332 ST JOHNS AVENUE,02 TWO FAMILY DWELLINGS
us-nyc,United States,New York,USD,10.0,218.32205,2025-08-05,nyc_dof_rolling_sales,218.32205,,,,1984,,,02 TWO FAMILY DWELLINGS,ROSEBANK,320 ST JOHNS AVENUE,02 TWO FAMILY DWELLINGS
us-nyc,United States,New York,USD,968000.0,168.526042,2025-09-23,nyc_dof_rolling_sales,168.526042,,,,1960,,,02 TWO FAMILY DWELLINGS,ROSEBANK,25 LEGION PLACE,02 TWO FAMILY DWELLINGS
us-nyc,United States,New York,USD,750000.0,150.131248,2025-03-14,nyc_dof_rolling_sales,150.131248,,,,1901,,,02 TWO FAMILY DWELLINGS,ROSEBANK,74 FINGERBOARD ROAD,02 TWO FAMILY DWELLINGS
us-nyc,United States,New York,USD,10.0,154.590592,2025-03-03,nyc_dof_rolling_sales,154.590592,,,,1987,,,02 TWO FAMILY DWELLINGS,ROSEBANK,124 LYMAN AVENUE,02 TWO FAMILY DWELLINGS
us-nyc,United States,New York,USD,998000.0,150.50286,2025-06-17,nyc_dof_rolling_sales,150.50286,,,,2010,,,02 TWO FAMILY DWELLINGS,ROSEBANK,24 LYMAN AVENUE,02 TWO FAMILY DWELLINGS
us-nyc,United States,New York,USD,967338.0,185.06277599999999,2025-05-20,nyc_dof_rolling_sales,185.06277599999999,,,,2022,,,02 TWO FAMILY DWELLINGS,ROSEBANK,224 FINGERBOARD ROAD,02 TWO FAMILY DWELLINGS
us-nyc,United States,New York,USD,452000.0,nan,2025-10-01,nyc_dof_rolling_sales,nan,,,,1988,,,04 TAX CLASS 1 CONDOS,ROSEBANK,"49 HYLAN BOULEVARD, II D",04 TAX CLASS 1 CONDOS
us-nyc,United States,New York,USD,730000.0,nan,2025-06-10,nyc_dof_rolling_sales,nan,,,,1977,,,04 TAX CLASS 1 CONDOS,ROSEBANK,230 GRASMERE DRIVE,04 TAX CLASS 1 CONDOS
us-nyc,United States,New York,USD,750000.0,nan,2025-09-08,nyc_dof_rolling_sales,nan,,,,1977,,,04 TAX CLASS 1 CONDOS,ROSEBANK,282 GRASMERE DRIVE,04 TAX CLASS 1 CONDOS
us-nyc,United States,New York,USD,705000.0,nan,2025-01-23,nyc_dof_rolling_sales,nan,,,,1977,,,04 TAX CLASS 1 CONDOS,ROSEBANK,308 GRASMERE DRIVE,04 TAX CLASS 1 CONDOS
us-nyc,United States,New York,USD,770000.0,nan,2025-11-14,nyc_dof_rolling_sales,nan,,,,1977,,,04 TAX CLASS 1 CONDOS,ROSEBANK,291 HILLBROOK DRIVE,04 TAX CLASS 1 CONDOS
us-nyc,United States,New York,USD,795000.0,nan,2025-10-20,nyc_dof_rolling_sales,nan,,,,1977,,,04 TAX CLASS 1 CONDOS,ROSEBANK,78 CLARADON LANE,04 TAX CLASS 1 CONDOS
us-nyc,United States,New York,USD,600000.0,nan,2025-09-16,nyc_dof_rolling_sales,nan,,,,1977,,,04 TAX CLASS 1 CONDOS,ROSEBANK,74 CLARADON LANE,04 TAX CLASS 1 CONDOS
us-nyc,United States,New York,USD,520000.0,nan,2025-02-13,nyc_dof_rolling_sales,nan,,,,1977,,,04 TAX CLASS 1 CONDOS,ROSEBANK,54 CLARADON LANE,04 TAX CLASS 1 CONDOS
us-nyc,United States,New York,USD,728000.0,nan,2025-11-06,nyc_dof_rolling_sales,nan,,,,1977,,,04 TAX CLASS 1 CONDOS,ROSEBANK,"85 DOGWOOD LANE, 205",04 TAX CLASS 1 CONDOS
us-nyc,United States,New York,USD,590000.0,nan,2025-07-16,nyc_dof_rolling_sales,nan,,,,1977,,,04 TAX CLASS 1 CONDOS,ROSEBANK,90 DOGWOOD LANE,04 TAX CLASS 1 CONDOS
us-nyc,United States,New York,USD,180000.0,nan,2025-04-25,nyc_dof_rolling_sales,nan,,,,1977,,,04 TAX CLASS 1 CONDOS,ROSEBANK,82 DOGWOOD LANE,04 TAX CLASS 1 CONDOS
us-nyc,United States,New York,USD,748000.0,nan,2025-03-27,nyc_dof_rolling_sales,nan,,,,1977,,,04 TAX CLASS 1 CONDOS,ROSEBANK,377 FINGERBOARD ROAD,04 TAX CLASS 1 CONDOS
us-nyc,United States,New York,USD,2700000.0,1802.3182,2025-04-28,nyc_dof_rolling_sales,1802.3182,,,,2002,,,08 RENTALS - ELEVATOR APARTMENTS,ROSEBANK,59 HYLAN BOULEVARD,08 RENTALS - ELEVATOR APARTMENTS
us-nyc,United States,New York,USD,192500.0,nan,2025-12-08,nyc_dof_rolling_sales,nan,,,,1974,,,09 COOPS - WALKUP APARTMENTS,ROSEBANK,"390 MARYLAND AVENUE, 2C",09 COOPS - WALKUP APARTMENTS
us-nyc,United States,New York,USD,245000.0,nan,2025-01-27,nyc_dof_rolling_sales,nan,,,,1974,,,09 COOPS - WALKUP APARTMENTS,ROSEBANK,"406 MARYLAND AVE, 1C",09 COOPS - WALKUP APARTMENTS
us-nyc,United States,New York,USD,265000.0,nan,2025-05-27,nyc_dof_rolling_sales,nan,,,,1974,,,09 COOPS - WALKUP APARTMENTS,ROSEBANK,"416 MARYLAND AVENUE, 2A",09 COOPS - WALKUP APARTMENTS
us-nyc,United States,New York,USD,255000.0,nan,2025-10-17,nyc_dof_rolling_sales,nan,,,,1974,,,09 COOPS - WALKUP APARTMENTS,ROSEBANK,"420 MARYLAND AVENUE, 3B",09 COOPS - WALKUP APARTMENTS
us-nyc,United States,New York,USD,267000.0,nan,2025-12-01,nyc_dof_rolling_sales,nan,,,,1974,,,09 COOPS - WALKUP APARTMENTS,ROSEBANK,"420 MARYLAND AVENUE, 3C",09 COOPS - WALKUP APARTMENTS
us-nyc,United States,New York,USD,300000.0,nan,2025-11-24,nyc_dof_rolling_sales,nan,,,,1974,,,09 COOPS - WALKUP APARTMENTS,ROSEBANK,"422 MARYLAND AVENUE, 1D",09 COOPS - WALKUP APARTMENTS
us-nyc,United States,New York,USD,250000.0,nan,2025-01-13,nyc_dof_rolling_sales,nan,,,,1974,,,09 COOPS - WALKUP APARTMENTS,ROSEBANK,"422 MARYLAND AVENUE, 2A",09 COOPS - WALKUP APARTMENTS
us-nyc,United States,New York,USD,265000.0,nan,2025-07-24,nyc_dof_rolling_sales,nan,,,,1974,,,09 COOPS - WALKUP APARTMENTS,ROSEBANK,"422 MARYLAND AVENUE, 3A",09 COOPS - WALKUP APARTMENTS
us-nyc,United States,New York,USD,299000.0,nan,2025-09-09,nyc_dof_rolling_sales,nan,,,,1985,,,12 CONDOS - WALKUP APARTMENTS,ROSEBANK,"50 BELAIR ROAD, 2H",12 CONDOS - WALKUP APARTMENTS
us-nyc,United States,New York,USD,368000.0,nan,2025-09-29,nyc_dof_rolling_sales,nan,,,,1985,,,12 CONDOS - WALKUP APARTMENTS,ROSEBANK,"50 BELAIR ROAD, 5E",12 CONDOS - WALKUP APARTMENTS
us-nyc,United States,New York,USD,405000.0,nan,2025-03-31,nyc_dof_rolling_sales,nan,,,,1988,,,12 CONDOS - WALKUP APARTMENTS,ROSEBANK,"89A NARROWS ROAD NORTH, 5A",12 CONDOS - WALKUP APARTMENTS
us-nyc,United States,New York,USD,385000.0,nan,2025-04-07,nyc_dof_rolling_sales,nan,,,,1988,,,12 CONDOS - WALKUP APARTMENTS,ROSEBANK,"83B NARROWS ROAD NORTH, 83B",12 CONDOS - WALKUP APARTMENTS
us-nyc,United States,New York,USD,420000.0,nan,2025-03-25,nyc_dof_rolling_sales,nan,,,,1988,,,12 CONDOS - WALKUP APARTMENTS,ROSEBANK,"87B NARROWS ROAD NORTH, 4B",12 CONDOS - WALKUP APARTMENTS
us-nyc,United States,New York,USD,438000.0,nan,2025-12-05,nyc_dof_rolling_sales,nan,,,,1988,,,12 CONDOS - WALKUP APARTMENTS,ROSEBANK,"91C NARROWS ROAD NORTH, 6C",12 CONDOS - WALKUP APARTMENTS
us-nyc,United States,New York,USD,311298.0,nan,2025-07-01,nyc_dof_rolling_sales,nan,,,,1988,,,12 CONDOS - WALKUP APARTMENTS,ROSEBANK,"95D NARROWS ROAD NORTH, 8D",12 CONDOS - WALKUP APARTMENTS
us-nyc,United States,New York,USD,465000.0,nan,2025-04-09,nyc_dof_rolling_sales,nan,,,,1987,,,13 CONDOS - ELEVATOR APARTMENTS,ROSEBANK,"31 HYLAN BLVD, 1D",13 CONDOS - ELEVATOR APARTMENTS
us-nyc,United States,New York,USD,458000.0,nan,2025-05-07,nyc_dof_rolling_sales,nan,,,,1987,,,13 CONDOS - ELEVATOR APARTMENTS,ROSEBANK,"31 HYLAN BOULEVARD, 6C",13 CONDOS - ELEVATOR APARTMENTS
us-nyc,United States,New York,USD,600000.0,nan,2025-06-25,nyc_dof_rolling_sales,nan,,,,1987,,,13 CONDOS - ELEVATOR APARTMENTS,ROSEBANK,"31 HYLAN BOULEVARD, 7A",13 CONDOS - ELEVATOR APARTMENTS
us-nyc,United States,New York,USD,575000.0,nan,2025-11-21,nyc_dof_rolling_sales,nan,,,,1987,,,13 CONDOS - ELEVATOR APARTMENTS,ROSEBANK,"31 HYLAN BOULEVARD, 7B",13 CONDOS - ELEVATOR APARTMENTS
us-nyc,United States,New York,USD,585000.0,nan,2025-10-22,nyc_dof_rolling_sales,nan,,,,1987,,,13 CONDOS - ELEVATOR APARTMENTS,ROSEBANK,"31 HYLAN BOULEVARD, 7D",13 CONDOS - ELEVATOR APARTMENTS
us-nyc,United States,New York,USD,10500000.0,1463.22225,2025-11-24,nyc_dof_rolling_sales,1463.22225,,,,1998,,,22 STORE BUILDINGS,ROSEBANK,1125 BAY STREET,22 STORE BUILDINGS
us-nyc,United States,New York,USD,5700000.0,1659.433386,2025-09-19,nyc_dof_rolling_sales,1659.433386,,,,1930,,,22 STORE BUILDINGS,ROSEBANK,154 LYNHURST AVENUE,22 STORE BUILDINGS
us-nyc,United States,New York,USD,620000.0,206.24466,2025-04-17,nyc_dof_rolling_sales,206.24466,,,,1931,,,22 STORE BUILDINGS,ROSEBANK,1202 BAY STREET,22 STORE BUILDINGS
us-nyc,United States,New York,USD,2850000.0,371.612,2025-10-29,nyc_dof_rolling_sales,371.612,,,,1931,,,37 RELIGIOUS FACILITIES,ROSEBANK,1107 BAY STREET,37 RELIGIOUS FACILITIES
us-nyc,United States,New York,USD,1075000.0,241.5478,2025-07-18,nyc_dof_rolling_sales,241.5478,,,,2000,,,01 ONE FAMILY DWELLINGS,ROSSVILLE,41 COVINGTON CIRCLE,01 ONE FAMILY DWELLINGS
us-nyc,United States,New York,USD,1350000.0,441.475056,2025-10-24,nyc_dof_rolling_sales,441.475056,,,,1985,,,01 ONE FAMILY DWELLINGS,ROSSVILLE,9 MALLOW STREET,01 ONE FAMILY DWELLINGS
us-nyc,United States,New York,USD,950000.0,297.2896,2025-03-10,nyc_dof_rolling_sales,297.2896,,,,1984,,,01 ONE FAMILY DWELLINGS,ROSSVILLE,424 ALVERSON AVENUE,01 ONE FAMILY DWELLINGS
us-nyc,United States,New York,USD,790000.0,148.6448,2025-08-04,nyc_dof_rolling_sales,148.6448,,,,1997,,,01 ONE FAMILY DWELLINGS,ROSSVILLE,102 MALLOW STREET,01 ONE FAMILY DWELLINGS
us-nyc,United States,New York,USD,795000.0,158.306712,2025-05-06,nyc_dof_rolling_sales,158.306712,,,,1994,,,01 ONE FAMILY DWELLINGS,ROSSVILLE,70 POND STREET,01 ONE FAMILY DWELLINGS
us-nyc,United States,New York,USD,950000.0,101.078464,2025-12-10,nyc_dof_rolling_sales,101.078464,,,,1901,,,01 ONE FAMILY DWELLINGS,ROSSVILLE,53 MORRIS STREET,01 ONE FAMILY DWELLINGS
us-nyc,United States,New York,USD,875000.0,121.145512,2025-10-21,nyc_dof_rolling_sales,121.145512,,,,1899,,,01 ONE FAMILY DWELLINGS,ROSSVILLE,43 MORRIS STREET,01 ONE FAMILY DWELLINGS
us-nyc,United States,New York,USD,500000.0,123.746796,2025-07-01,nyc_dof_rolling_sales,123.746796,,,,1986,,,01 ONE FAMILY DWELLINGS,ROSSVILLE,101 REDWOOD LOOP,01 ONE FAMILY DWELLINGS
us-nyc,United States,New York,USD,734500.0,187.66406,2025-11-20,nyc_dof_rolling_sales,187.66406,,,,1986,,,01 ONE FAMILY DWELLINGS,ROSSVILLE,10 IVY COURT,01 ONE FAMILY DWELLINGS
us-nyc,United States,New York,USD,570000.0,101.078464,2025-10-16,nyc_dof_rolling_sales,101.078464,,,,1986,,,01 ONE FAMILY DWELLINGS,ROSSVILLE,32 GERVIL STREET,01 ONE FAMILY DWELLINGS
us-nyc,United States,New York,USD,485000.0,98.105568,2025-03-13,nyc_dof_rolling_sales,98.105568,,,,1986,,,01 ONE FAMILY DWELLINGS,ROSSVILLE,24 LOCUST COURT,01 ONE FAMILY DWELLINGS
us-nyc,United States,New York,USD,10.0,120.030676,2025-04-01,nyc_dof_rolling_sales,120.030676,,,,1986,,,01 ONE FAMILY DWELLINGS,ROSSVILLE,42 LOCUST COURT,01 ONE FAMILY DWELLINGS
us-nyc,United States,New York,USD,820000.0,148.6448,2025-05-23,nyc_dof_rolling_sales,148.6448,,,,1995,,,01 ONE FAMILY DWELLINGS,ROSSVILLE,405 WINANT AVENUE,01 ONE FAMILY DWELLINGS
us-nyc,United States,New York,USD,820000.0,177.351827,2025-05-29,nyc_dof_rolling_sales,177.351827,,,,1999,,,01 ONE FAMILY DWELLINGS,ROSSVILLE,447 WINANT AVENUE,01 ONE FAMILY DWELLINGS
us-nyc,United States,New York,USD,509250.0,123.282281,2025-05-29,nyc_dof_rolling_sales,123.282281,,,,1983,,,01 ONE FAMILY DWELLINGS,ROSSVILLE,57 WESTFIELD AVENUE,01 ONE FAMILY DWELLINGS
us-nyc,United States,New York,USD,845000.0,195.839524,2025-08-06,nyc_dof_rolling_sales,195.839524,,,,1983,,,01 ONE FAMILY DWELLINGS,ROSSVILLE,25 KUNATH AVENUE,01 ONE FAMILY DWELLINGS
us-nyc,United States,New York,USD,510000.0,86.39979,2025-05-19,nyc_dof_rolling_sales,86.39979,,,,1992,,,01 ONE FAMILY DWELLINGS,ROSSVILLE,33 BAR COURT,01 ONE FAMILY DWELLINGS
us-nyc,United States,New York,USD,610000.0,176.5157,2025-08-19,nyc_dof_rolling_sales,176.5157,,,,1992,,,01 ONE FAMILY DWELLINGS,ROSSVILLE,719 CORRELL AVENUE,01 ONE FAMILY DWELLINGS
us-nyc,United States,New York,USD,580000.0,115.19972,2025-01-30,nyc_dof_rolling_sales,115.19972,,,,1987,,,01 ONE FAMILY DWELLINGS,ROSSVILLE,104 WIRT AVE,01 ONE FAMILY DWELLINGS
us-nyc,United States,New York,USD,539302.0,223.338812,2025-10-27,nyc_dof_rolling_sales,223.338812,,,,1990,,,01 ONE FAMILY DWELLINGS,ROSSVILLE,11 ASHLEY LANE,01 ONE FAMILY DWELLINGS
us-nyc,United States,New York,USD,1100000.0,209.03175,2025-11-03,nyc_dof_rolling_sales,209.03175,,,,1997,,,01 ONE FAMILY DWELLINGS,ROSSVILLE,1527 WOODROW ROAD,01 ONE FAMILY DWELLINGS
us-nyc,United States,New York,USD,835000.0,130.0642,2025-11-20,nyc_dof_rolling_sales,130.0642,,,,1997,,,01 ONE FAMILY DWELLINGS,ROSSVILLE,141 SHIEL AVENUE,01 ONE FAMILY DWELLINGS
us-nyc,United States,New York,USD,725000.0,130.0642,2025-01-17,nyc_dof_rolling_sales,130.0642,,,,1995,,,01 ONE FAMILY DWELLINGS,ROSSVILLE,159 SHIEL AVENUE,01 ONE FAMILY DWELLINGS
us-nyc,United States,New York,USD,790000.0,130.0642,2025-07-30,nyc_dof_rolling_sales,130.0642,,,,1995,,,01 ONE FAMILY DWELLINGS,ROSSVILLE,163 SHIEL AVENUE,01 ONE FAMILY DWELLINGS
us-nyc,United States,New York,USD,630000.0,173.72861,2025-03-14,nyc_dof_rolling_sales,173.72861,,,,1992,,,01 ONE FAMILY DWELLINGS,ROSSVILLE,80 ASHLEY LANE,01 ONE FAMILY DWELLINGS
us-nyc,United States,New York,USD,830000.0,148.6448,2025-10-15,nyc_dof_rolling_sales,148.6448,,,,1997,,,01 ONE FAMILY DWELLINGS,ROSSVILLE,270 CANDON AVENUE,01 ONE FAMILY DWELLINGS
us-nyc,United States,New York,USD,605000.0,148.6448,2025-10-27,nyc_dof_rolling_sales,148.6448,,,,1992,,,01 ONE FAMILY DWELLINGS,ROSSVILLE,160 WIRT AVENUE,01 ONE FAMILY DWELLINGS
us-nyc,United States,New York,USD,15000.0,111.4836,2025-09-29,nyc_dof_rolling_sales,111.4836,,,,1990,,,01 ONE FAMILY DWELLINGS,ROSSVILLE,494 WINANT AVENUE,01 ONE FAMILY DWELLINGS
us-nyc,United States,New York,USD,610000.0,168.711848,2025-10-10,nyc_dof_rolling_sales,168.711848,,,,1990,,,01 ONE FAMILY DWELLINGS,ROSSVILLE,129 WIRT AVENUE,01 ONE FAMILY DWELLINGS
us-nyc,United States,New York,USD,2465000.0,160.536384,2025-04-24,nyc_dof_rolling_sales,160.536384,,,,1970,,,02 TWO FAMILY DWELLINGS,ROSSVILLE,434 HUGUENOT AVENUE,02 TWO FAMILY DWELLINGS
us-nyc,United States,New York,USD,1085000.0,315.8702,2025-01-09,nyc_dof_rolling_sales,315.8702,,,,1999,,,02 TWO FAMILY DWELLINGS,ROSSVILLE,350 POWELL STREET,02 TWO FAMILY DWELLINGS
us-nyc,United States,New York,USD,1650000.0,520.2568,2025-04-17,nyc_dof_rolling_sales,520.2568,,,,1996,,,02 TWO FAMILY DWELLINGS,ROSSVILLE,14 POWELL LANE,02 TWO FAMILY DWELLINGS
us-nyc,United States,New York,USD,1450000.0,427.911218,2025-12-12,nyc_dof_rolling_sales,427.911218,,,,1986,,,02 TWO FAMILY DWELLINGS,ROSSVILLE,559 ALVERSON AVENUE,02 TWO FAMILY DWELLINGS
us-nyc,United States,New York,USD,1220000.0,263.101296,2025-03-21,nyc_dof_rolling_sales,263.101296,,,,1986,,,02 TWO FAMILY DWELLINGS,ROSSVILLE,58 MASON BOULEVARD,02 TWO FAMILY DWELLINGS
us-nyc,United States,New York,USD,830000.0,156.07704,2025-07-23,nyc_dof_rolling_sales,156.07704,,,,1997,,,02 TWO FAMILY DWELLINGS,ROSSVILLE,294 ALVERSON AVENUE,02 TWO FAMILY DWELLINGS
us-nyc,United States,New York,USD,860000.0,156.07704,2025-02-18,nyc_dof_rolling_sales,156.07704,,,,1997,,,02 TWO FAMILY DWELLINGS,ROSSVILLE,296 ALVERSON AVENUE,02 TWO FAMILY DWELLINGS
us-nyc,United States,New York,USD,1388138.0,275.92191,2025-10-23,nyc_dof_rolling_sales,275.92191,,,,2024,,,02 TWO FAMILY DWELLINGS,ROSSVILLE,N/A KNESEL STREET,02 TWO FAMILY DWELLINGS
us-nyc,United States,New York,USD,1414235.0,283.725762,2025-05-02,nyc_dof_rolling_sales,283.725762,,,,2024,,,02 TWO FAMILY DWELLINGS,ROSSVILLE,N/A KNESEL STREET,02 TWO FAMILY DWELLINGS
us-nyc,United States,New York,USD,1410276.0,261.614848,2025-11-21,nyc_dof_rolling_sales,261.614848,,,,2023,,,02 TWO FAMILY DWELLINGS,ROSSVILLE,N/A ALVERSON AVENUE,02 TWO FAMILY DWELLINGS
us-nyc,United States,New York,USD,1425550.0,275.550298,2025-01-17,nyc_dof_rolling_sales,275.550298,,,,2024,,,02 TWO FAMILY DWELLINGS,ROSSVILLE,89 MCBAINE AVENUE,02 TWO FAMILY DWELLINGS
us-nyc,United States,New York,USD,1384820.0,275.550298,2025-02-05,nyc_dof_rolling_sales,275.550298,,,,2024,,,02 TWO FAMILY DWELLINGS,ROSSVILLE,93 MCBAINE AVENUE,02 TWO FAMILY DWELLINGS
us-nyc,United States,New York,USD,1596500.0,250.559391,2025-08-25,nyc_dof_rolling_sales,250.559391,,,,2015,,,02 TWO FAMILY DWELLINGS,ROSSVILLE,131 MC BAINE AVENUE,02 TWO FAMILY DWELLINGS
us-nyc,United States,New York,USD,1272813.0,226.869126,2025-01-09,nyc_dof_rolling_sales,226.869126,,,,2024,,,02 TWO FAMILY DWELLINGS,ROSSVILLE,127 MASON BOULEVARD,02 TWO FAMILY DWELLINGS
us-nyc,United States,New York,USD,1272813.0,223.710424,2025-03-28,nyc_dof_rolling_sales,223.710424,,,,2024,,,02 TWO FAMILY DWELLINGS,ROSSVILLE,247 GERVIL STREET,02 TWO FAMILY DWELLINGS
us-nyc,United States,New York,USD,1303360.0,223.710424,2025-04-28,nyc_dof_rolling_sales,223.710424,,,,2024,,,02 TWO FAMILY DWELLINGS,ROSSVILLE,64 HEMLOCK STREET,02 TWO FAMILY DWELLINGS
us-nyc,United States,New York,USD,1298269.0,236.159426,2025-06-03,nyc_dof_rolling_sales,236.159426,,,,2024,,,02 TWO FAMILY DWELLINGS,ROSSVILLE,111 MASON BLVD,02 TWO FAMILY DWELLINGS
us-nyc,United States,New York,USD,1196444.0,229.284604,2025-03-04,nyc_dof_rolling_sales,229.284604,,,,2024,,,02 TWO FAMILY DWELLINGS,ROSSVILLE,119 MASON BOULEVARD,02 TWO FAMILY DWELLINGS
us-nyc,United States,New York,USD,1313543.0,226.869126,2025-04-14,nyc_dof_rolling_sales,226.869126,,,,2024,,,02 TWO FAMILY DWELLINGS,ROSSVILLE,123 MASON BOLUEVARD,02 TWO FAMILY DWELLINGS
us-nyc,United States,New York,USD,880000.0,231.885888,2025-01-31,nyc_dof_rolling_sales,231.885888,,,,1986,,,02 TWO FAMILY DWELLINGS,ROSSVILLE,17 BOMBAY STREET,02 TWO FAMILY DWELLINGS
us-nyc,United States,New York,USD,10.0,231.885888,2025-11-25,nyc_dof_rolling_sales,231.885888,,,,1986,,,02 TWO FAMILY DWELLINGS,ROSSVILLE,762 MAGUIRE AVENUE,02 TWO FAMILY DWELLINGS
us-nyc,United States,New York,USD,1150000.0,209.03175,2025-05-19,nyc_dof_rolling_sales,209.03175,,,,1997,,,02 TWO FAMILY DWELLINGS,ROSSVILLE,246 MCBAINE AVENUE,02 TWO FAMILY DWELLINGS
us-nyc,United States,New York,USD,970000.0,209.03175,2025-11-14,nyc_dof_rolling_sales,209.03175,,,,1997,,,02 TWO FAMILY DWELLINGS,ROSSVILLE,222 MCBAINE AVENUE,02 TWO FAMILY DWELLINGS
us-nyc,United States,New York,USD,1250000.0,209.03175,2025-10-16,nyc_dof_rolling_sales,209.03175,,,,1997,,,02 TWO FAMILY DWELLINGS,ROSSVILLE,218 MCBAINE AVENUE,02 TWO FAMILY DWELLINGS
us-nyc,United States,New York,USD,1200000.0,315.8702,2025-08-27,nyc_dof_rolling_sales,315.8702,,,,1987,,,02 TWO FAMILY DWELLINGS,ROSSVILLE,166 MCBAINE AVENUE,02 TWO FAMILY DWELLINGS
us-nyc,United States,New York,USD,500000.0,268.210961,2025-01-24,nyc_dof_rolling_sales,268.210961,,,,1985,,,02 TWO FAMILY DWELLINGS,ROSSVILLE,58 RADIGAN AVENUE,02 TWO FAMILY DWELLINGS
us-nyc,United States,New York,USD,10.0,185.806,2025-07-02,nyc_dof_rolling_sales,185.806,,,,1996,,,02 TWO FAMILY DWELLINGS,ROSSVILLE,7 SOUTH EDO COURT,02 TWO FAMILY DWELLINGS
us-nyc,United States,New York,USD,10.0,185.806,2025-08-29,nyc_dof_rolling_sales,185.806,,,,1996,,,02 TWO FAMILY DWELLINGS,ROSSVILLE,7 SOUTH EDO COURT,02 TWO FAMILY DWELLINGS
us-nyc,United States,New York,USD,900000.0,209.96078,2025-02-14,nyc_dof_rolling_sales,209.96078,,,,1985,,,02 TWO FAMILY DWELLINGS,ROSSVILLE,73 WIRT AVENUE,02 TWO FAMILY DWELLINGS
us-nyc,United States,New York,USD,1075000.0,209.96078,2025-05-30,nyc_dof_rolling_sales,209.96078,,,,1985,,,02 TWO FAMILY DWELLINGS,ROSSVILLE,77 WIRT AVENUE,02 TWO FAMILY DWELLINGS
us-nyc,United States,New York,USD,999500.0,253.160675,2025-10-07,nyc_dof_rolling_sales,253.160675,,,,1984,,,02 TWO FAMILY DWELLINGS,ROSSVILLE,7 KUNATH AVENUE,02 TWO FAMILY DWELLINGS
us-nyc,United States,New York,USD,960000.0,204.3866,2025-10-09,nyc_dof_rolling_sales,204.3866,,,,2004,,,02 TWO FAMILY DWELLINGS,ROSSVILLE,54 POPLAR AVENUE,02 TWO FAMILY DWELLINGS
us-nyc,United States,New York,USD,1100000.0,380.437785,2025-11-14,nyc_dof_rolling_sales,380.437785,,,,1986,,,02 TWO FAMILY DWELLINGS,ROSSVILLE,669 BLOOMINGDALE ROAD,02 TWO FAMILY DWELLINGS
us-nyc,United States,New York,USD,1087500.0,444.07634,2025-08-14,nyc_dof_rolling_sales,444.07634,,,,1986,,,02 TWO FAMILY DWELLINGS,ROSSVILLE,343 KRAMER AVENUE,02 TWO FAMILY DWELLINGS
us-nyc,United States,New York,USD,1530000.0,390.19259999999997,2025-09-11,nyc_dof_rolling_sales,390.19259999999997,,,,1987,,,02 TWO FAMILY DWELLINGS,ROSSVILLE,111 RADIGAN AVENUE,02 TWO FAMILY DWELLINGS
us-nyc,United States,New York,USD,10.0,211.81884,2025-03-05,nyc_dof_rolling_sales,211.81884,,,,1986,,,02 TWO FAMILY DWELLINGS,ROSSVILLE,166 CHARLESTON AVENUE,02 TWO FAMILY DWELLINGS
us-nyc,United States,New York,USD,10.0,130.0642,2025-07-21,nyc_dof_rolling_sales,130.0642,,,,1995,,,02 TWO FAMILY DWELLINGS,ROSSVILLE,161 CHARLESTON AVENUE,02 TWO FAMILY DWELLINGS
us-nyc,United States,New York,USD,410000.0,nan,2025-11-24,nyc_dof_rolling_sales,nan,,,,1983,,,04 TAX CLASS 1 CONDOS,ROSSVILLE,525 CORRELL AVENUE,04 TAX CLASS 1 CONDOS
us-nyc,United States,New York,USD,529000.0,nan,2025-12-11,nyc_dof_rolling_sales,nan,,,,1983,,,04 TAX CLASS 1 CONDOS,ROSSVILLE,549 CORRELL AVENUE,04 TAX CLASS 1 CONDOS
us-nyc,United States,New York,USD,495000.0,nan,2025-04-23,nyc_dof_rolling_sales,nan,,,,1983,,,04 TAX CLASS 1 CONDOS,ROSSVILLE,559 CORRELL AVENUE,04 TAX CLASS 1 CONDOS
us-nyc,United States,New York,USD,499900.0,nan,2025-08-25,nyc_dof_rolling_sales,nan,,,,1983,,,04 TAX CLASS 1 CONDOS,ROSSVILLE,569 CORRELL AVENUE,04 TAX CLASS 1 CONDOS
us-nyc,United States,New York,USD,216881.0,nan,2025-03-12,nyc_dof_rolling_sales,nan,,,,1983,,,04 TAX CLASS 1 CONDOS,ROSSVILLE,565 CORRELL AVENUE,04 TAX CLASS 1 CONDOS
us-nyc,United States,New York,USD,510000.0,nan,2025-07-15,nyc_dof_rolling_sales,nan,,,,1983,,,04 TAX CLASS 1 CONDOS,ROSSVILLE,575 CORRELL AVENUE,04 TAX CLASS 1 CONDOS
us-nyc,United States,New York,USD,486000.0,nan,2025-01-30,nyc_dof_rolling_sales,nan,,,,1983,,,04 TAX CLASS 1 CONDOS,ROSSVILLE,153 GERVIL STREET,04 TAX CLASS 1 CONDOS
us-nyc,United States,New York,USD,10.0,nan,2025-02-21,nyc_dof_rolling_sales,nan,,,,1983,,,04 TAX CLASS 1 CONDOS,ROSSVILLE,139 GERVIL STREET,04 TAX CLASS 1 CONDOS
us-nyc,United States,New York,USD,485000.0,nan,2025-10-10,nyc_dof_rolling_sales,nan,,,,1983,,,04 TAX CLASS 1 CONDOS,ROSSVILLE,107 GERVIL STREET,04 TAX CLASS 1 CONDOS
us-nyc,United States,New York,USD,510000.0,nan,2025-05-02,nyc_dof_rolling_sales,nan,,,,1985,,,04 TAX CLASS 1 CONDOS,ROSSVILLE,"16 REDWOOD LOOP, 339",04 TAX CLASS 1 CONDOS
us-nyc,United States,New York,USD,10.0,nan,2025-02-21,nyc_dof_rolling_sales,nan,,,,1985,,,04 TAX CLASS 1 CONDOS,ROSSVILLE,595 CORRELL AVENUE,04 TAX CLASS 1 CONDOS
us-nyc,United States,New York,USD,460000.0,nan,2025-11-21,nyc_dof_rolling_sales,nan,,,,1985,,,04 TAX CLASS 1 CONDOS,ROSSVILLE,599 CORRELL AVENUE,04 TAX CLASS 1 CONDOS
us-nyc,United States,New York,USD,10.0,nan,2025-02-21,nyc_dof_rolling_sales,nan,,,,1985,,,04 TAX CLASS 1 CONDOS,ROSSVILLE,627 CORRELL AVENUE,04 TAX CLASS 1 CONDOS
us-nyc,United States,New York,USD,480000.0,nan,2025-10-01,nyc_dof_rolling_sales,nan,,,,1985,,,04 TAX CLASS 1 CONDOS,ROSSVILLE,647 CORRELL AVENUE,04 TAX CLASS 1 CONDOS
us-nyc,United States,New York,USD,530000.0,nan,2025-09-19,nyc_dof_rolling_sales,nan,,,,1983,,,04 TAX CLASS 1 CONDOS,ROSSVILLE,44 CHARLESTON AVENUE,04 TAX CLASS 1 CONDOS
us-nyc,United States,New York,USD,620000.0,nan,2025-06-30,nyc_dof_rolling_sales,nan,,,,1985,,,04 TAX CLASS 1 CONDOS,ROSSVILLE,11 WIRT AVENUE,04 TAX CLASS 1 CONDOS
us-nyc,United States,New York,USD,604000.0,nan,2025-08-08,nyc_dof_rolling_sales,nan,,,,1985,,,04 TAX CLASS 1 CONDOS,ROSSVILLE,21 WIRT AVENUE,04 TAX CLASS 1 CONDOS
us-nyc,United States,New York,USD,665000.0,nan,2025-10-14,nyc_dof_rolling_sales,nan,,,,1981,,,04 TAX CLASS 1 CONDOS,ROSSVILLE,61 BOWER COURT,04 TAX CLASS 1 CONDOS
us-nyc,United States,New York,USD,575000.0,nan,2025-01-29,nyc_dof_rolling_sales,nan,,,,1981,,,04 TAX CLASS 1 CONDOS,ROSSVILLE,93 BOWER COURT,04 TAX CLASS 1 CONDOS
us-nyc,United States,New York,USD,550000.0,nan,2025-11-07,nyc_dof_rolling_sales,nan,,,,1981,,,04 TAX CLASS 1 CONDOS,ROSSVILLE,94 BOWER COURT,04 TAX CLASS 1 CONDOS
us-nyc,United States,New York,USD,649000.0,nan,2025-04-30,nyc_dof_rolling_sales,nan,,,,1982,,,04 TAX CLASS 1 CONDOS,ROSSVILLE,28 HAMPTON PLACE,04 TAX CLASS 1 CONDOS
us-nyc,United States,New York,USD,545000.0,nan,2025-03-27,nyc_dof_rolling_sales,nan,,,,1982,,,04 TAX CLASS 1 CONDOS,ROSSVILLE,35 CHARLESTON AVENUE,04 TAX CLASS 1 CONDOS
us-nyc,United States,New York,USD,515000.0,nan,2025-08-11,nyc_dof_rolling_sales,nan,,,,1983,,,04 TAX CLASS 1 CONDOS,ROSSVILLE,48 CYPRESS LOOP,04 TAX CLASS 1 CONDOS
us-nyc,United States,New York,USD,475000.0,nan,2025-07-14,nyc_dof_rolling_sales,nan,,,,1983,,,04 TAX CLASS 1 CONDOS,ROSSVILLE,57 CYPRESS LOOP,04 TAX CLASS 1 CONDOS
us-nyc,United States,New York,USD,542000.0,nan,2025-12-15,nyc_dof_rolling_sales,nan,,,,1983,,,04 TAX CLASS 1 CONDOS,ROSSVILLE,85 CYPRESS LOOP,04 TAX CLASS 1 CONDOS
us-nyc,United States,New York,USD,495000.0,nan,2025-11-24,nyc_dof_rolling_sales,nan,,,,1985,,,04 TAX CLASS 1 CONDOS,ROSSVILLE,19 MEADOW COURT,04 TAX CLASS 1 CONDOS
us-nyc,United States,New York,USD,73980.0,nan,2025-01-14,nyc_dof_rolling_sales,nan,,,,1984,,,04 TAX CLASS 1 CONDOS,ROSSVILLE,"52 ARROWOOD COURT, 606",04 TAX CLASS 1 CONDOS
us-nyc,United States,New York,USD,800000.0,193.23824,2025-02-19,nyc_dof_rolling_sales,193.23824,,,,1931,,,22 STORE BUILDINGS,ROSSVILLE,2484 ARTHUR KILL ROAD,22 STORE BUILDINGS
us-nyc,United States,New York,USD,7250000.0,1142.7069,2025-02-04,nyc_dof_rolling_sales,1142.7069,,,,1982,,,22 STORE BUILDINGS,ROSSVILLE,961 BLOOMINGDALE ROAD,22 STORE BUILDINGS
us-nyc,United States,New York,USD,7250000.0,83.241088,2025-02-04,nyc_dof_rolling_sales,83.241088,,,,1943,,,30 WAREHOUSES,ROSSVILLE,2664 ARTHUR KILL ROAD,30 WAREHOUSES
us-nyc,United States,New York,USD,1400000.0,65.775324,2025-02-25,nyc_dof_rolling_sales,65.775324,,,,1899,,,01 ONE FAMILY DWELLINGS,ROSSVILLE-CHARLESTON,325 SHARROTTS ROAD,01 ONE FAMILY DWELLINGS
us-nyc,United States,New York,USD,990000.0,256.41228,2025-06-25,nyc_dof_rolling_sales,256.41228,,,,1975,,,01 ONE FAMILY DWELLINGS,ROSSVILLE-CHARLESTON,479 SHARROTTS ROAD,01 ONE FAMILY DWELLINGS
us-nyc,United States,New York,USD,865000.0,167.2254,2025-10-20,nyc_dof_rolling_sales,167.2254,,,,2000,,,01 ONE FAMILY DWELLINGS,ROSSVILLE-CHARLESTON,57 HERRICK AVENUE,01 ONE FAMILY DWELLINGS
us-nyc,United States,New York,USD,735000.0,155.333816,2025-07-21,nyc_dof_rolling_sales,155.333816,,,,2001,,,01 ONE FAMILY DWELLINGS,ROSSVILLE-CHARLESTON,24 OSTRICH COURT,01 ONE FAMILY DWELLINGS
us-nyc,United States,New York,USD,630000.0,155.333816,2025-04-02,nyc_dof_rolling_sales,155.333816,,,,2001,,,01 ONE FAMILY DWELLINGS,ROSSVILLE-CHARLESTON,25 OSTRICH COURT,01 ONE FAMILY DWELLINGS
us-nyc,United States,New York,USD,515000.0,159.328645,2025-03-27,nyc_dof_rolling_sales,159.328645,,,,2001,,,01 ONE FAMILY DWELLINGS,ROSSVILLE-CHARLESTON,102 PITNEY AVENUE,01 ONE FAMILY DWELLINGS
us-nyc,United States,New York,USD,620000.0,166.203467,2025-03-28,nyc_dof_rolling_sales,166.203467,,,,2001,,,01 ONE FAMILY DWELLINGS,ROSSVILLE-CHARLESTON,120 PITNEY AVENUE,01 ONE FAMILY DWELLINGS
us-nyc,United States,New York,USD,550000.0,167.2254,2025-02-28,nyc_dof_rolling_sales,167.2254,,,,1931,,,01 ONE FAMILY DWELLINGS,ROSSVILLE-CHARLESTON,25 WINANT PLACE,01 ONE FAMILY DWELLINGS
us-nyc,United States,New York,USD,840000.0,130.0642,2025-11-12,nyc_dof_rolling_sales,130.0642,,,,1901,,,01 ONE FAMILY DWELLINGS,ROSSVILLE-CHARLESTON,60 ANDROVETTE STREET,01 ONE FAMILY DWELLINGS
us-nyc,United States,New York,USD,803000.0,219.715595,2025-01-13,nyc_dof_rolling_sales,219.715595,,,,2006,,,01 ONE FAMILY DWELLINGS,ROSSVILLE-CHARLESTON,16 CHART LOOP,01 ONE FAMILY DWELLINGS
us-nyc,United States,New York,USD,825000.0,219.715595,2025-04-25,nyc_dof_rolling_sales,219.715595,,,,2006,,,01 ONE FAMILY DWELLINGS,ROSSVILLE-CHARLESTON,12 CHART LOOP,01 ONE FAMILY DWELLINGS
us-nyc,United States,New York,USD,745000.0,231.32847,2025-10-27,nyc_dof_rolling_sales,231.32847,,,,2006,,,01 ONE FAMILY DWELLINGS,ROSSVILLE-CHARLESTON,43 CHART LOOP,01 ONE FAMILY DWELLINGS
us-nyc,United States,New York,USD,817500.0,219.715595,2025-08-26,nyc_dof_rolling_sales,219.715595,,,,2006,,,01 ONE FAMILY DWELLINGS,ROSSVILLE-CHARLESTON,57 CHART LOOP,01 ONE FAMILY DWELLINGS
us-nyc,United States,New York,USD,695000.0,231.32847,2025-10-09,nyc_dof_rolling_sales,231.32847,,,,2006,,,01 ONE FAMILY DWELLINGS,ROSSVILLE-CHARLESTON,53 TOPSIDE LANE,01 ONE FAMILY DWELLINGS
us-nyc,United States,New York,USD,910000.0,231.32847,2025-07-17,nyc_dof_rolling_sales,231.32847,,,,2006,,,01 ONE FAMILY DWELLINGS,ROSSVILLE-CHARLESTON,50 TOPSIDE LANE,01 ONE FAMILY DWELLINGS
us-nyc,United States,New York,USD,858000.0,231.32847,2025-05-12,nyc_dof_rolling_sales,231.32847,,,,2009,,,01 ONE FAMILY DWELLINGS,ROSSVILLE-CHARLESTON,63 PILOT LANE,01 ONE FAMILY DWELLINGS
us-nyc,United States,New York,USD,800000.0,246.19295,2025-09-10,nyc_dof_rolling_sales,246.19295,,,,2006,,,01 ONE FAMILY DWELLINGS,ROSSVILLE-CHARLESTON,70 TOPSIDE LANE,01 ONE FAMILY DWELLINGS
us-nyc,United States,New York,USD,803000.0,219.622692,2025-11-12,nyc_dof_rolling_sales,219.622692,,,,2006,,,01 ONE FAMILY DWELLINGS,ROSSVILLE-CHARLESTON,71 TOPSIDE LANE,01 ONE FAMILY DWELLINGS
us-nyc,United States,New York,USD,975000.0,246.19295,2025-07-17,nyc_dof_rolling_sales,246.19295,,,,2007,,,01 ONE FAMILY DWELLINGS,ROSSVILLE-CHARLESTON,46 TILLER COURT,01 ONE FAMILY DWELLINGS
us-nyc,United States,New York,USD,1225000.0,185.806,2025-07-17,nyc_dof_rolling_sales,185.806,,,,2001,,,02 TWO FAMILY DWELLINGS,ROSSVILLE-CHARLESTON,74 PITNEY AVENUE,02 TWO FAMILY DWELLINGS
us-nyc,United States,New York,USD,900000.0,167.2254,2025-05-27,nyc_dof_rolling_sales,167.2254,,,,2000,,,02 TWO FAMILY DWELLINGS,ROSSVILLE-CHARLESTON,75 HERRICK AVENUE,02 TWO FAMILY DWELLINGS
us-nyc,United States,New York,USD,1300000.0,394.83774999999997,2025-03-20,nyc_dof_rolling_sales,394.83774999999997,,,,1990,,,22 STORE BUILDINGS,ROSSVILLE-CHARLESTON,4278 ARTHUR KILL ROAD,22 STORE BUILDINGS
us-nyc,United States,New York,USD,975000.0,252.69616,2025-07-25,nyc_dof_rolling_sales,252.69616,,,,1972,,,30 WAREHOUSES,ROSSVILLE-CHARLESTON,478 SHARROTTS ROAD,30 WAREHOUSES
us-nyc,United States,New York,USD,2000000.0,607.957232,2025-05-23,nyc_dof_rolling_sales,607.957232,,,,2007,,,30 WAREHOUSES,ROSSVILLE-CHARLESTON,35 MARBLE LOOP,30 WAREHOUSES
us-nyc,United States,New York,USD,550000.0,255.48325,2025-02-28,nyc_dof_rolling_sales,255.48325,,,,1931,,,37 RELIGIOUS FACILITIES,ROSSVILLE-CHARLESTON,19 WINANT PLACE,37 RELIGIOUS FACILITIES
us-nyc,United States,New York,USD,2100000.0,664.25645,2025-11-07,nyc_dof_rolling_sales,664.25645,,,,1996,,,30 WAREHOUSES,ROSSVILLE-PORT MOBIL,115 INDUSTRIAL LOOP,30 WAREHOUSES
us-nyc,United States,New York,USD,10.0,237.83168,2025-08-07,nyc_dof_rolling_sales,237.83168,,,,1979,,,02 TWO FAMILY DWELLINGS,ROSSVILLE-RICHMOND VALLEY,38 WEINER STREET,02 TWO FAMILY DWELLINGS
us-nyc,United States,New York,USD,1325000.0,185.806,2025-01-31,nyc_dof_rolling_sales,185.806,,,,1997,,,02 TWO FAMILY DWELLINGS,ROSSVILLE-RICHMOND VALLEY,61 WEINER STREET,02 TWO FAMILY DWELLINGS
us-nyc,United States,New York,USD,1279000.0,148.6448,2025-08-15,nyc_dof_rolling_sales,148.6448,,,,1993,,,02 TWO FAMILY DWELLINGS,ROSSVILLE-RICHMOND VALLEY,79 WEINER STREET,02 TWO FAMILY DWELLINGS
us-nyc,United States,New York,USD,1527852.0,349.408183,2025-08-27,nyc_dof_rolling_sales,349.408183,,,,2025,,,02 TWO FAMILY DWELLINGS,ROSSVILLE-RICHMOND VALLEY,15 MADSEN AVENUE,02 TWO FAMILY DWELLINGS
us-nyc,United States,New York,USD,1500000.0,273.320626,2025-03-28,nyc_dof_rolling_sales,273.320626,,,,,,,02 TWO FAMILY DWELLINGS,ROSSVILLE-RICHMOND VALLEY,17 MADSEN AVENUE,02 TWO FAMILY DWELLINGS
us-nyc,United States,New York,USD,1365000.0,214.791736,2025-02-04,nyc_dof_rolling_sales,214.791736,,,,1910,,,02 TWO FAMILY DWELLINGS,ROSSVILLE-RICHMOND VALLEY,21 MADSEN AVENUE,02 TWO FAMILY DWELLINGS
us-nyc,United States,New York,USD,1756481.0,416.20544,2025-01-28,nyc_dof_rolling_sales,416.20544,,,,2022,,,02 TWO FAMILY DWELLINGS,ROSSVILLE-RICHMOND VALLEY,17 TORRICE LOOP,02 TWO FAMILY DWELLINGS
us-nyc,United States,New York,USD,1552832.0,487.462041,2025-01-17,nyc_dof_rolling_sales,487.462041,,,,,,,02 TWO FAMILY DWELLINGS,ROSSVILLE-RICHMOND VALLEY,10 TORRICE LOOP,02 TWO FAMILY DWELLINGS
us-nyc,United States,New York,USD,1323725.0,379.322949,2025-04-29,nyc_dof_rolling_sales,379.322949,,,,2022,,,02 TWO FAMILY DWELLINGS,ROSSVILLE-RICHMOND VALLEY,7 TORRICE LOOP,02 TWO FAMILY DWELLINGS
us-nyc,United States,New York,USD,1578288.0,313.826334,2025-08-28,nyc_dof_rolling_sales,313.826334,,,,2025,,,02 TWO FAMILY DWELLINGS,ROSSVILLE-RICHMOND VALLEY,N/A WEINER STREET,02 TWO FAMILY DWELLINGS
us-nyc,United States,New York,USD,500000.0,71.53531,2025-05-09,nyc_dof_rolling_sales,71.53531,,,,1998,,,22 STORE BUILDINGS,ROSSVILLE-RICHMOND VALLEY,51 PAGE AVENUE,22 STORE BUILDINGS
us-nyc,United States,New York,USD,1386870.0,595.415327,2025-10-17,nyc_dof_rolling_sales,595.415327,,,,2003,,,22 STORE BUILDINGS,ROSSVILLE-RICHMOND VALLEY,4850 ARTHUR KILL ROAD,22 STORE BUILDINGS
us-nyc,United States,New York,USD,685000.0,106.931353,2025-03-24,nyc_dof_rolling_sales,106.931353,,,,1935,,,01 ONE FAMILY DWELLINGS,SILVER LAKE,226 CASTLETON AVE,01 ONE FAMILY DWELLINGS
us-nyc,United States,New York,USD,821500.0,152.268017,2025-09-30,nyc_dof_rolling_sales,152.268017,,,,1955,,,01 ONE FAMILY DWELLINGS,SILVER LAKE,3 SILVER LAKE ROAD,01 ONE FAMILY DWELLINGS
us-nyc,United States,New York,USD,815000.0,176.887312,2025-03-18,nyc_dof_rolling_sales,176.887312,,,,1930,,,01 ONE FAMILY DWELLINGS,SILVER LAKE,25 SILVER LAKE ROAD,01 ONE FAMILY DWELLINGS
us-nyc,United States,New York,USD,840000.0,134.523544,2025-08-18,nyc_dof_rolling_sales,134.523544,,,,1899,,,01 ONE FAMILY DWELLINGS,SILVER LAKE,236 HART BOULEVARD,01 ONE FAMILY DWELLINGS
us-nyc,United States,New York,USD,1147500.0,158.678324,2025-02-25,nyc_dof_rolling_sales,158.678324,,,,1930,,,01 ONE FAMILY DWELLINGS,SILVER LAKE,38 LAKEWOOD ROAD,01 ONE FAMILY DWELLINGS
us-nyc,United States,New York,USD,700000.0,164.43831,2025-09-09,nyc_dof_rolling_sales,164.43831,,,,1950,,,01 ONE FAMILY DWELLINGS,SILVER LAKE,6 SILVER COURT,01 ONE FAMILY DWELLINGS
us-nyc,United States,New York,USD,2395000.0,361.113961,2025-06-10,nyc_dof_rolling_sales,361.113961,,,,1988,,,01 ONE FAMILY DWELLINGS,SILVER LAKE,65 GRISWOLD COURT,01 ONE FAMILY DWELLINGS
us-nyc,United States,New York,USD,675000.0,98.105568,2025-06-26,nyc_dof_rolling_sales,98.105568,,,,1930,,,01 ONE FAMILY DWELLINGS,SILVER LAKE,21 DANA STREET,01 ONE FAMILY DWELLINGS
us-nyc,United States,New York,USD,1060000.0,202.993055,2025-02-28,nyc_dof_rolling_sales,202.993055,,,,1920,,,01 ONE FAMILY DWELLINGS,SILVER LAKE,35 CITY BOULEVARD,01 ONE FAMILY DWELLINGS
us-nyc,United States,New York,USD,799000.0,109.253928,2025-07-25,nyc_dof_rolling_sales,109.253928,,,,1940,,,01 ONE FAMILY DWELLINGS,SILVER LAKE,77 CITY BOULEVARD,01 ONE FAMILY DWELLINGS
us-nyc,United States,New York,USD,746499.0,113.713272,2025-11-24,nyc_dof_rolling_sales,113.713272,,,,1930,,,01 ONE FAMILY DWELLINGS,SILVER LAKE,605 BARD AVENUE,01 ONE FAMILY DWELLINGS
us-nyc,United States,New York,USD,788800.0,129.692588,2025-06-11,nyc_dof_rolling_sales,129.692588,,,,1899,,,01 ONE FAMILY DWELLINGS,SILVER LAKE,82 CROSSHILL STREET,01 ONE FAMILY DWELLINGS
us-nyc,United States,New York,USD,1195000.0,155.333816,2025-02-19,nyc_dof_rolling_sales,155.333816,,,,1950,,,01 ONE FAMILY DWELLINGS,SILVER LAKE,24 BIRCH AVENUE,01 ONE FAMILY DWELLINGS
us-nyc,United States,New York,USD,1520000.0,266.445804,2025-07-17,nyc_dof_rolling_sales,266.445804,,,,1940,,,01 ONE FAMILY DWELLINGS,SILVER LAKE,682 METROPOLITAN AVENUE,01 ONE FAMILY DWELLINGS
us-nyc,United States,New York,USD,840000.0,144.371262,2025-01-31,nyc_dof_rolling_sales,144.371262,,,,1931,,,01 ONE FAMILY DWELLINGS,SILVER LAKE,685 BARD AVENUE,01 ONE FAMILY DWELLINGS
us-nyc,United States,New York,USD,785000.0,108.139092,2025-10-15,nyc_dof_rolling_sales,108.139092,,,,1940,,,01 ONE FAMILY DWELLINGS,SILVER LAKE,67 LAWRENCE AVENUE,01 ONE FAMILY DWELLINGS
us-nyc,United States,New York,USD,1.0,133.78032,2025-06-12,nyc_dof_rolling_sales,133.78032,,,,1940,,,01 ONE FAMILY DWELLINGS,SILVER LAKE,221 HART AVENUE,01 ONE FAMILY DWELLINGS
us-nyc,United States,New York,USD,1200000.0,199.369838,2025-06-03,nyc_dof_rolling_sales,199.369838,,,,1960,,,01 ONE FAMILY DWELLINGS,SILVER LAKE,137 LAWRENCE AVENUE,01 ONE FAMILY DWELLINGS
us-nyc,United States,New York,USD,389500.0,144.92867999999999,2025-09-30,nyc_dof_rolling_sales,144.92867999999999,,,,1920,,,01 ONE FAMILY DWELLINGS,SILVER LAKE,668 BARD AVENUE,01 ONE FAMILY DWELLINGS
us-nyc,United States,New York,USD,10.0,296.36057,2025-06-17,nyc_dof_rolling_sales,296.36057,,,,1950,,,01 ONE FAMILY DWELLINGS,SILVER LAKE,52 PARK VIEW PLACE,01 ONE FAMILY DWELLINGS
us-nyc,United States,New York,USD,1380000.0,431.906047,2025-11-05,nyc_dof_rolling_sales,431.906047,,,,1930,,,02 TWO FAMILY DWELLINGS,SILVER LAKE,63 FOREST AVENUE,02 TWO FAMILY DWELLINGS
us-nyc,United States,New York,USD,825000.0,218.507856,2025-02-12,nyc_dof_rolling_sales,218.507856,,,,1955,,,02 TWO FAMILY DWELLINGS,SILVER LAKE,4 HAVEN ESPLANADE,02 TWO FAMILY DWELLINGS
us-nyc,United States,New York,USD,500000.0,135.452574,2025-07-16,nyc_dof_rolling_sales,135.452574,,,,1960,,,02 TWO FAMILY DWELLINGS,SILVER LAKE,132 LAWRENCE AVENUE,02 TWO FAMILY DWELLINGS
us-nyc,United States,New York,USD,1150000.0,353.0314,2025-09-19,nyc_dof_rolling_sales,353.0314,,,,1948,,,07 RENTALS - WALKUP APARTMENTS,SILVER LAKE,358 SHARON AVENUE,07 RENTALS - WALKUP APARTMENTS
us-nyc,United States,New York,USD,499000.0,327.01856,2025-09-02,nyc_dof_rolling_sales,327.01856,,,,1931,,,07 RENTALS - WALKUP APARTMENTS,SILVER LAKE,75 LAWRENCE AVENUE,07 RENTALS - WALKUP APARTMENTS
us-nyc,United States,New York,USD,260000.0,nan,2025-10-23,nyc_dof_rolling_sales,nan,,,,1931,,,13 CONDOS - ELEVATOR APARTMENTS,SILVER LAKE,"215 HART BOULEVARD, 4C",13 CONDOS - ELEVATOR APARTMENTS
us-nyc,United States,New York,USD,2200000.0,294.037995,2025-06-26,nyc_dof_rolling_sales,294.037995,,,,2010,,,22 STORE BUILDINGS,SILVER LAKE,"386 FOREST AVENUE, 1",22 STORE BUILDINGS
us-nyc,United States,New York,USD,525000.0,69.863056,2025-08-15,nyc_dof_rolling_sales,69.863056,,,,1915,,,01 ONE FAMILY DWELLINGS,SOUTH BEACH,37 AUSTIN AVENUE,01 ONE FAMILY DWELLINGS
us-nyc,United States,New York,USD,753505.0,140.469336,2025-06-03,nyc_dof_rolling_sales,140.469336,,,,2023,,,01 ONE FAMILY DWELLINGS,SOUTH BEACH,N/A ROBIN ROAD,01 ONE FAMILY DWELLINGS
us-nyc,United States,New York,USD,677136.0,118.358422,2025-10-09,nyc_dof_rolling_sales,118.358422,,,,2023,,,01 ONE FAMILY DWELLINGS,SOUTH BEACH,91 ROBIN ROAD,01 ONE FAMILY DWELLINGS
us-nyc,United States,New York,USD,915000.0,200.67048,2025-07-29,nyc_dof_rolling_sales,200.67048,,,,1999,,,01 ONE FAMILY DWELLINGS,SOUTH BEACH,76 RAILROAD AVENUE,01 ONE FAMILY DWELLINGS
us-nyc,United States,New York,USD,899000.0,200.67048,2025-03-25,nyc_dof_rolling_sales,200.67048,,,,1999,,,01 ONE FAMILY DWELLINGS,SOUTH BEACH,66 RAILROAD AVENUE,01 ONE FAMILY DWELLINGS
us-nyc,United States,New York,USD,384000.0,119.287452,2025-01-09,nyc_dof_rolling_sales,119.287452,,,,1930,,,01 ONE FAMILY DWELLINGS,SOUTH BEACH,61 ROBIN ROAD,01 ONE FAMILY DWELLINGS
us-nyc,United States,New York,USD,655000.0,119.287452,2025-05-22,nyc_dof_rolling_sales,119.287452,,,,1930,,,01 ONE FAMILY DWELLINGS,SOUTH BEACH,61 ROBIN ROAD,01 ONE FAMILY DWELLINGS
us-nyc,United States,New York,USD,710000.0,109.253928,2025-05-15,nyc_dof_rolling_sales,109.253928,,,,1999,,,01 ONE FAMILY DWELLINGS,SOUTH BEACH,10 CEDAR AVENUE,01 ONE FAMILY DWELLINGS
us-nyc,United States,New York,USD,777000.0,109.253928,2025-07-29,nyc_dof_rolling_sales,109.253928,,,,1999,,,01 ONE FAMILY DWELLINGS,SOUTH BEACH,8 CEDAR AVENUE,01 ONE FAMILY DWELLINGS
us-nyc,United States,New York,USD,570000.0,92.903,2025-11-05,nyc_dof_rolling_sales,92.903,,,,1920,,,01 ONE FAMILY DWELLINGS,SOUTH BEACH,68 MC CLEAN AVENUE,01 ONE FAMILY DWELLINGS
us-nyc,United States,New York,USD,730000.0,111.4836,2025-09-24,nyc_dof_rolling_sales,111.4836,,,,2003,,,01 ONE FAMILY DWELLINGS,SOUTH BEACH,25 PALISADE STREET,01 ONE FAMILY DWELLINGS
us-nyc,United States,New York,USD,630000.0,78.03852,2025-03-31,nyc_dof_rolling_sales,78.03852,,,,1950,,,01 ONE FAMILY DWELLINGS,SOUTH BEACH,14 GUILFORD STREET,01 ONE FAMILY DWELLINGS
us-nyc,United States,New York,USD,768000.0,141.119657,2025-04-22,nyc_dof_rolling_sales,141.119657,,,,1999,,,01 ONE FAMILY DWELLINGS,SOUTH BEACH,190 ARTHUR AVENUE,01 ONE FAMILY DWELLINGS
us-nyc,United States,New York,USD,585000.0,148.6448,2025-07-03,nyc_dof_rolling_sales,148.6448,,,,1945,,,01 ONE FAMILY DWELLINGS,SOUTH BEACH,235 FATHER CAPODANNO BLVD,01 ONE FAMILY DWELLINGS
us-nyc,United States,New York,USD,593336.0,124.861632,2025-04-09,nyc_dof_rolling_sales,124.861632,,,,1955,,,01 ONE FAMILY DWELLINGS,SOUTH BEACH,253 FATHER CAPODANNO BL,01 ONE FAMILY DWELLINGS
us-nyc,United States,New York,USD,680000.0,116.500362,2025-02-25,nyc_dof_rolling_sales,116.500362,,,,2000,,,01 ONE FAMILY DWELLINGS,SOUTH BEACH,134 ALEX CIRCLE,01 ONE FAMILY DWELLINGS
us-nyc,United States,New York,USD,100.0,129.320976,2025-01-08,nyc_dof_rolling_sales,129.320976,,,,1925,,,01 ONE FAMILY DWELLINGS,SOUTH BEACH,32 LINDA AVENUE,01 ONE FAMILY DWELLINGS
us-nyc,United States,New York,USD,680000.0,111.4836,2025-06-17,nyc_dof_rolling_sales,111.4836,,,,1986,,,01 ONE FAMILY DWELLINGS,SOUTH BEACH,9 LINDA AVENUE,01 ONE FAMILY DWELLINGS
us-nyc,United States,New York,USD,595000.0,111.4836,2025-04-29,nyc_dof_rolling_sales,111.4836,,,,1986,,,01 ONE FAMILY DWELLINGS,SOUTH BEACH,27 LINDA AVENUE,01 ONE FAMILY DWELLINGS
us-nyc,United States,New York,USD,638000.0,131.92226,2025-08-21,nyc_dof_rolling_sales,131.92226,,,,1999,,,01 ONE FAMILY DWELLINGS,SOUTH BEACH,12 SEA GATE COURT,01 ONE FAMILY DWELLINGS
us-nyc,United States,New York,USD,660000.0,101.821688,2025-12-09,nyc_dof_rolling_sales,101.821688,,,,1999,,,01 ONE FAMILY DWELLINGS,SOUTH BEACH,66 SEA GATE COURT,01 ONE FAMILY DWELLINGS
us-nyc,United States,New York,USD,1000.0,109.253928,2025-03-06,nyc_dof_rolling_sales,109.253928,,,,1992,,,01 ONE FAMILY DWELLINGS,SOUTH BEACH,22 KERMIT AVENUE,01 ONE FAMILY DWELLINGS
us-nyc,United States,New York,USD,631315.0,109.253928,2025-07-30,nyc_dof_rolling_sales,109.253928,,,,1992,,,01 ONE FAMILY DWELLINGS,SOUTH BEACH,22 KERMIT AVENUE,01 ONE FAMILY DWELLINGS
us-nyc,United States,New York,USD,675000.0,109.253928,2025-03-07,nyc_dof_rolling_sales,109.253928,,,,1992,,,01 ONE FAMILY DWELLINGS,SOUTH BEACH,20 KERMIT AVENUE,01 ONE FAMILY DWELLINGS
us-nyc,United States,New York,USD,835000.0,205.873048,2025-05-13,nyc_dof_rolling_sales,205.873048,,,,1965,,,01 ONE FAMILY DWELLINGS,SOUTH BEACH,20 MALLORY AVENUE,01 ONE FAMILY DWELLINGS
us-nyc,United States,New York,USD,605000.0,108.69651,2025-01-17,nyc_dof_rolling_sales,108.69651,,,,1960,,,01 ONE FAMILY DWELLINGS,SOUTH BEACH,48 LAMPORT BOULEVARD,01 ONE FAMILY DWELLINGS
us-nyc,United States,New York,USD,570000.0,114.27069,2025-09-15,nyc_dof_rolling_sales,114.27069,,,,1960,,,01 ONE FAMILY DWELLINGS,SOUTH BEACH,149 LAMPORT BOULEVARD,01 ONE FAMILY DWELLINGS
us-nyc,United States,New York,USD,600000.0,114.27069,2025-01-30,nyc_dof_rolling_sales,114.27069,,,,1960,,,01 ONE FAMILY DWELLINGS,SOUTH BEACH,127 LAMPORT BLVD,01 ONE FAMILY DWELLINGS
us-nyc,United States,New York,USD,728000.0,114.27069,2025-01-03,nyc_dof_rolling_sales,114.27069,,,,1960,,,01 ONE FAMILY DWELLINGS,SOUTH BEACH,125 LAMPORT BOULEVARD,01 ONE FAMILY DWELLINGS
us-nyc,United States,New York,USD,660000.0,122.63195999999999,2025-09-26,nyc_dof_rolling_sales,122.63195999999999,,,,1960,,,01 ONE FAMILY DWELLINGS,SOUTH BEACH,240 MALLORY AVENUE,01 ONE FAMILY DWELLINGS
us-nyc,United States,New York,USD,335000.0,100.33524,2025-04-09,nyc_dof_rolling_sales,100.33524,,,,1950,,,01 ONE FAMILY DWELLINGS,SOUTH BEACH,243 MALLORY AVENUE,01 ONE FAMILY DWELLINGS
us-nyc,United States,New York,USD,835000.0,89.18688,2025-09-02,nyc_dof_rolling_sales,89.18688,,,,1950,,,01 ONE FAMILY DWELLINGS,SOUTH BEACH,229 MALLORY AVENUE,01 ONE FAMILY DWELLINGS
us-nyc,United States,New York,USD,700000.0,89.18688,2025-05-01,nyc_dof_rolling_sales,89.18688,,,,1950,,,01 ONE FAMILY DWELLINGS,SOUTH BEACH,172 KENSINGTON AVENUE,01 ONE FAMILY DWELLINGS
us-nyc,United States,New York,USD,750000.0,89.18688,2025-09-04,nyc_dof_rolling_sales,89.18688,,,,1950,,,01 ONE FAMILY DWELLINGS,SOUTH BEACH,172 KENSINGTON AVENUE,01 ONE FAMILY DWELLINGS
us-nyc,United States,New York,USD,750000.0,104.05136,2025-04-22,nyc_dof_rolling_sales,104.05136,,,,1965,,,01 ONE FAMILY DWELLINGS,SOUTH BEACH,179 LAMPORT BOULEVARD,01 ONE FAMILY DWELLINGS
us-nyc,United States,New York,USD,580000.0,57.228248,2025-04-18,nyc_dof_rolling_sales,57.228248,,,,1940,,,01 ONE FAMILY DWELLINGS,SOUTH BEACH,285 MALLORY AVENUE,01 ONE FAMILY DWELLINGS
us-nyc,United States,New York,USD,685000.0,111.4836,2025-08-26,nyc_dof_rolling_sales,111.4836,,,,2002,,,01 ONE FAMILY DWELLINGS,SOUTH BEACH,260B KENSINGTON AVENUE,01 ONE FAMILY DWELLINGS
us-nyc,United States,New York,USD,655000.0,106.281032,2025-11-04,nyc_dof_rolling_sales,106.281032,,,,1955,,,01 ONE FAMILY DWELLINGS,SOUTH BEACH,193 OLYMPIA BOULEVARD,01 ONE FAMILY DWELLINGS
us-nyc,United States,New York,USD,610000.0,78.410132,2025-05-02,nyc_dof_rolling_sales,78.410132,,,,1935,,,01 ONE FAMILY DWELLINGS,SOUTH BEACH,254 JEROME AVENUE,01 ONE FAMILY DWELLINGS
us-nyc,United States,New York,USD,567500.0,119.84487,2025-09-10,nyc_dof_rolling_sales,119.84487,,,,1930,,,01 ONE FAMILY DWELLINGS,SOUTH BEACH,129 OLYMPIA BOULEVARD,01 ONE FAMILY DWELLINGS
us-nyc,United States,New York,USD,685000.0,135.266768,2025-05-19,nyc_dof_rolling_sales,135.266768,,,,1960,,,01 ONE FAMILY DWELLINGS,SOUTH BEACH,131 OLYMPIA BOULEVARD,01 ONE FAMILY DWELLINGS
us-nyc,United States,New York,USD,810000.0,111.4836,2025-09-04,nyc_dof_rolling_sales,111.4836,,,,2013,,,01 ONE FAMILY DWELLINGS,SOUTH BEACH,18 JEROME AVENUE,01 ONE FAMILY DWELLINGS
us-nyc,United States,New York,USD,270000.0,92.903,2025-02-19,nyc_dof_rolling_sales,92.903,,,,1992,,,01 ONE FAMILY DWELLINGS,SOUTH BEACH,288 MAJOR AVENUE,01 ONE FAMILY DWELLINGS
us-nyc,United States,New York,USD,720000.0,217.764632,2025-02-19,nyc_dof_rolling_sales,217.764632,,,,1940,,,01 ONE FAMILY DWELLINGS,SOUTH BEACH,70 SAND LANE,01 ONE FAMILY DWELLINGS
us-nyc,United States,New York,USD,1180000.0,122.63195999999999,2025-08-20,nyc_dof_rolling_sales,122.63195999999999,,,,1930,,,01 ONE FAMILY DWELLINGS,SOUTH BEACH,2 BIONIA AVENUE,01 ONE FAMILY DWELLINGS
us-nyc,United States,New York,USD,780000.0,96.61912,2025-10-03,nyc_dof_rolling_sales,96.61912,,,,1960,,,01 ONE FAMILY DWELLINGS,SOUTH BEACH,11 PIAVE AVENUE,01 ONE FAMILY DWELLINGS
us-nyc,United States,New York,USD,999900.0,187.292448,2025-06-09,nyc_dof_rolling_sales,187.292448,,,,1950,,,01 ONE FAMILY DWELLINGS,SOUTH BEACH,162 SAND LANE,01 ONE FAMILY DWELLINGS
us-nyc,United States,New York,USD,525000.0,35.767655,2025-10-27,nyc_dof_rolling_sales,35.767655,,,,1899,,,01 ONE FAMILY DWELLINGS,SOUTH BEACH,90 HICKORY AVENUE,01 ONE FAMILY DWELLINGS
us-nyc,United States,New York,USD,699888.0,94.76106,2025-07-22,nyc_dof_rolling_sales,94.76106,,,,1978,,,01 ONE FAMILY DWELLINGS,SOUTH BEACH,100 BIONIA AVENUE,01 ONE FAMILY DWELLINGS
us-nyc,United States,New York,USD,645000.0,62.988234,2025-11-24,nyc_dof_rolling_sales,62.988234,,,,1925,,,01 ONE FAMILY DWELLINGS,SOUTH BEACH,116 BIONIA AVENUE,01 ONE FAMILY DWELLINGS
us-nyc,United States,New York,USD,640000.0,67.633384,2025-03-25,nyc_dof_rolling_sales,67.633384,,,,1955,,,01 ONE FAMILY DWELLINGS,SOUTH BEACH,76 FOCH AVENUE,01 ONE FAMILY DWELLINGS
us-nyc,United States,New York,USD,212500.0,87.32882,2025-09-08,nyc_dof_rolling_sales,87.32882,,,,1920,,,01 ONE FAMILY DWELLINGS,SOUTH BEACH,49 FOCH AVENUE,01 ONE FAMILY DWELLINGS
us-nyc,United States,New York,USD,625000.0,53.512128,2025-03-10,nyc_dof_rolling_sales,53.512128,,,,1920,,,01 ONE FAMILY DWELLINGS,SOUTH BEACH,21 CAMBRIA STREET,01 ONE FAMILY DWELLINGS
us-nyc,United States,New York,USD,850000.0,167.2254,2025-11-06,nyc_dof_rolling_sales,167.2254,,,,1991,,,01 ONE FAMILY DWELLINGS,SOUTH BEACH,51 LACONIA AVENUE,01 ONE FAMILY DWELLINGS
us-nyc,United States,New York,USD,490000.0,182.08988,2025-08-20,nyc_dof_rolling_sales,182.08988,,,,2001,,,01 ONE FAMILY DWELLINGS,SOUTH BEACH,132 JEROME ROAD,01 ONE FAMILY DWELLINGS
us-nyc,United States,New York,USD,957999.0,176.5157,2025-06-09,nyc_dof_rolling_sales,176.5157,,,,1960,,,01 ONE FAMILY DWELLINGS,SOUTH BEACH,109 LACONIA AVENUE,01 ONE FAMILY DWELLINGS
us-nyc,United States,New York,USD,710000.0,147.158352,2025-11-06,nyc_dof_rolling_sales,147.158352,,,,1996,,,01 ONE FAMILY DWELLINGS,SOUTH BEACH,160 REID AVENUE,01 ONE FAMILY DWELLINGS
us-nyc,United States,New York,USD,625000.0,97.54814999999999,2025-01-27,nyc_dof_rolling_sales,97.54814999999999,,,,1989,,,01 ONE FAMILY DWELLINGS,SOUTH BEACH,138 REID AVENUE,01 ONE FAMILY DWELLINGS
us-nyc,United States,New York,USD,131622.0,174.007319,2025-02-26,nyc_dof_rolling_sales,174.007319,,,,1965,,,01 ONE FAMILY DWELLINGS,SOUTH BEACH,19 XENIA STREET,01 ONE FAMILY DWELLINGS
us-nyc,United States,New York,USD,710000.0,102.936524,2025-09-30,nyc_dof_rolling_sales,102.936524,,,,1970,,,01 ONE FAMILY DWELLINGS,SOUTH BEACH,181 BENTON AVENUE,01 ONE FAMILY DWELLINGS
us-nyc,United States,New York,USD,688000.0,102.936524,2025-07-08,nyc_dof_rolling_sales,102.936524,,,,1970,,,01 ONE FAMILY DWELLINGS,SOUTH BEACH,179 BENTON AVENUE,01 ONE FAMILY DWELLINGS
us-nyc,United States,New York,USD,715000.0,102.936524,2025-02-19,nyc_dof_rolling_sales,102.936524,,,,1960,,,01 ONE FAMILY DWELLINGS,SOUTH BEACH,32 XENIA STREET,01 ONE FAMILY DWELLINGS
us-nyc,United States,New York,USD,800000.0,104.422972,2025-12-02,nyc_dof_rolling_sales,104.422972,,,,1960,,,01 ONE FAMILY DWELLINGS,SOUTH BEACH,275 HURLBERT STREET,01 ONE FAMILY DWELLINGS
us-nyc,United States,New York,USD,750000.0,100.33524,2025-08-04,nyc_dof_rolling_sales,100.33524,,,,1960,,,01 ONE FAMILY DWELLINGS,SOUTH BEACH,395 ATLANTIC AVENUE,01 ONE FAMILY DWELLINGS
us-nyc,United States,New York,USD,10.0,108.69651,2025-09-04,nyc_dof_rolling_sales,108.69651,,,,1965,,,01 ONE FAMILY DWELLINGS,SOUTH BEACH,430 ATLANTIC AVENUE,01 ONE FAMILY DWELLINGS
us-nyc,United States,New York,USD,525000.0,72.46433999999999,2025-03-20,nyc_dof_rolling_sales,72.46433999999999,,,,1988,,,01 ONE FAMILY DWELLINGS,SOUTH BEACH,453 RARITAN AVENUE,01 ONE FAMILY DWELLINGS
us-nyc,United States,New York,USD,830000.0,142.234493,2025-03-12,nyc_dof_rolling_sales,142.234493,,,,2022,,,01 ONE FAMILY DWELLINGS,SOUTH BEACH,433 DELAWARE AVENUE,01 ONE FAMILY DWELLINGS
us-nyc,United States,New York,USD,954100.0,160.257675,2025-07-02,nyc_dof_rolling_sales,160.257675,,,,2024,,,01 ONE FAMILY DWELLINGS,SOUTH BEACH,N/A ALTER AVENUE,01 ONE FAMILY DWELLINGS
us-nyc,United States,New York,USD,967338.0,160.164772,2025-06-27,nyc_dof_rolling_sales,160.164772,,,,2024,,,01 ONE FAMILY DWELLINGS,SOUTH BEACH,N/A ALTER AVENUE,01 ONE FAMILY DWELLINGS
us-nyc,United States,New York,USD,770000.0,117.05778,2025-07-02,nyc_dof_rolling_sales,117.05778,,,,1925,,,01 ONE FAMILY DWELLINGS,SOUTH BEACH,369 CROMWELL AVENUE,01 ONE FAMILY DWELLINGS
us-nyc,United States,New York,USD,813000.0,97.54814999999999,2025-10-15,nyc_dof_rolling_sales,97.54814999999999,,,,1950,,,01 ONE FAMILY DWELLINGS,SOUTH BEACH,366 CROMWELL AVENUE,01 ONE FAMILY DWELLINGS
us-nyc,United States,New York,USD,625000.0,104.05136,2025-06-18,nyc_dof_rolling_sales,104.05136,,,,1990,,,01 ONE FAMILY DWELLINGS,SOUTH BEACH,404 GARRETSON AVENUE,01 ONE FAMILY DWELLINGS
us-nyc,United States,New York,USD,730000.0,104.05136,2025-10-03,nyc_dof_rolling_sales,104.05136,,,,1998,,,01 ONE FAMILY DWELLINGS,SOUTH BEACH,104 OBERLIN STREET,01 ONE FAMILY DWELLINGS
us-nyc,United States,New York,USD,680000.0,114.27069,2025-08-01,nyc_dof_rolling_sales,114.27069,,,,2000,,,01 ONE FAMILY DWELLINGS,SOUTH BEACH,341 PARKINSON AVENUE,01 ONE FAMILY DWELLINGS
us-nyc,United States,New York,USD,615000.0,167.2254,2025-01-31,nyc_dof_rolling_sales,167.2254,,,,1988,,,01 ONE FAMILY DWELLINGS,SOUTH BEACH,278 NORWAY AVENUE,01 ONE FAMILY DWELLINGS
us-nyc,United States,New York,USD,540000.0,167.2254,2025-03-07,nyc_dof_rolling_sales,167.2254,,,,1988,,,01 ONE FAMILY DWELLINGS,SOUTH BEACH,17 TONY COURT,01 ONE FAMILY DWELLINGS
us-nyc,United States,New York,USD,638000.0,107.024256,2025-08-20,nyc_dof_rolling_sales,107.024256,,,,1975,,,01 ONE FAMILY DWELLINGS,SOUTH BEACH,66 OLYMPIA BOULEVARD,01 ONE FAMILY DWELLINGS
us-nyc,United States,New York,USD,640000.0,138.611276,2025-03-27,nyc_dof_rolling_sales,138.611276,,,,2001,,,01 ONE FAMILY DWELLINGS,SOUTH BEACH,119 OCEANSIDE AVENUE,01 ONE FAMILY DWELLINGS
us-nyc,United States,New York,USD,725000.0,138.611276,2025-09-18,nyc_dof_rolling_sales,138.611276,,,,2001,,,01 ONE FAMILY DWELLINGS,SOUTH BEACH,12 QUINCY AVE,01 ONE FAMILY DWELLINGS
us-nyc,United States,New York,USD,768000.0,107.76748,2025-09-05,nyc_dof_rolling_sales,107.76748,,,,2002,,,01 ONE FAMILY DWELLINGS,SOUTH BEACH,25 PEARSALL STREET,01 ONE FAMILY DWELLINGS
us-nyc,United States,New York,USD,597500.0,120.7739,2025-08-26,nyc_dof_rolling_sales,120.7739,,,,1990,,,01 ONE FAMILY DWELLINGS,SOUTH BEACH,104 PEARSALL STREET,01 ONE FAMILY DWELLINGS
us-nyc,United States,New York,USD,590000.0,97.54814999999999,2025-02-03,nyc_dof_rolling_sales,97.54814999999999,,,,1990,,,01 ONE FAMILY DWELLINGS,SOUTH BEACH,110 PEARSALL STREET,01 ONE FAMILY DWELLINGS
us-nyc,United States,New York,USD,10.0,127.834528,2025-07-31,nyc_dof_rolling_sales,127.834528,,,,2003,,,01 ONE FAMILY DWELLINGS,SOUTH BEACH,364 SAND LANE,01 ONE FAMILY DWELLINGS
us-nyc,United States,New York,USD,658000.0,155.612525,2025-09-09,nyc_dof_rolling_sales,155.612525,,,,2002,,,01 ONE FAMILY DWELLINGS,SOUTH BEACH,51 CRESTWATER COURT,01 ONE FAMILY DWELLINGS
us-nyc,United States,New York,USD,639999.0,155.612525,2025-07-29,nyc_dof_rolling_sales,155.612525,,,,2002,,,01 ONE FAMILY DWELLINGS,SOUTH BEACH,55 CRESTWATER COURT,01 ONE FAMILY DWELLINGS
us-nyc,United States,New York,USD,1400000.0,206.802078,2025-07-08,nyc_dof_rolling_sales,206.802078,,,,1925,,,02 TWO FAMILY DWELLINGS,SOUTH BEACH,72 MILLS AVENUE,02 TWO FAMILY DWELLINGS
us-nyc,United States,New York,USD,1200000.0,424.752516,2025-08-07,nyc_dof_rolling_sales,424.752516,,,,1940,,,02 TWO FAMILY DWELLINGS,SOUTH BEACH,68 AUSTIN AVENUE,02 TWO FAMILY DWELLINGS
us-nyc,United States,New York,USD,1474935.0,235.602008,2025-07-02,nyc_dof_rolling_sales,235.602008,,,,,,,02 TWO FAMILY DWELLINGS,SOUTH BEACH,N/A WATERFORD COURT,02 TWO FAMILY DWELLINGS
us-nyc,United States,New York,USD,100000.0,148.6448,2025-04-17,nyc_dof_rolling_sales,148.6448,,,,2004,,,02 TWO FAMILY DWELLINGS,SOUTH BEACH,141 JACKSON AVENUE,02 TWO FAMILY DWELLINGS
us-nyc,United States,New York,USD,710000.0,232.2575,2025-03-05,nyc_dof_rolling_sales,232.2575,,,,1985,,,02 TWO FAMILY DWELLINGS,SOUTH BEACH,117 FATHER CAPODANNO BL,02 TWO FAMILY DWELLINGS
us-nyc,United States,New York,USD,865820.0,179.860208,2025-07-22,nyc_dof_rolling_sales,179.860208,,,,1940,,,02 TWO FAMILY DWELLINGS,SOUTH BEACH,166 JEROME AVENUE,02 TWO FAMILY DWELLINGS
us-nyc,United States,New York,USD,1230000.0,178.37376,2025-03-24,nyc_dof_rolling_sales,178.37376,,,,2007,,,02 TWO FAMILY DWELLINGS,SOUTH BEACH,270 LAMPORT BOULEVARD,02 TWO FAMILY DWELLINGS
us-nyc,United States,New York,USD,1280500.0,264.77355,2025-08-06,nyc_dof_rolling_sales,264.77355,,,,1960,,,02 TWO FAMILY DWELLINGS,SOUTH BEACH,267 LAMPORT BOULEVARD,02 TWO FAMILY DWELLINGS
us-nyc,United States,New York,USD,1451911.0,250.8381,2025-07-09,nyc_dof_rolling_sales,250.8381,,,,2024,,,02 TWO FAMILY DWELLINGS,SOUTH BEACH,379 MC CLEAN AVENUE,02 TWO FAMILY DWELLINGS
us-nyc,United States,New York,USD,1374638.0,204.572406,2025-08-01,nyc_dof_rolling_sales,204.572406,,,,2024,,,02 TWO FAMILY DWELLINGS,SOUTH BEACH,25 HICKORY AVENUE,02 TWO FAMILY DWELLINGS
us-nyc,United States,New York,USD,1400000.0,232.814918,2025-09-08,nyc_dof_rolling_sales,232.814918,,,,,,,02 TWO FAMILY DWELLINGS,SOUTH BEACH,125 JEROME AVENUE,02 TWO FAMILY DWELLINGS
us-nyc,United States,New York,USD,1424532.0,247.400689,2025-08-13,nyc_dof_rolling_sales,247.400689,,,,2025,,,02 TWO FAMILY DWELLINGS,SOUTH BEACH,117 JEROME AVENUE,02 TWO FAMILY DWELLINGS
us-nyc,United States,New York,USD,1405185.0,247.400689,2025-07-21,nyc_dof_rolling_sales,247.400689,,,,,,,02 TWO FAMILY DWELLINGS,SOUTH BEACH,113 JEROME AVENUE,02 TWO FAMILY DWELLINGS
us-nyc,United States,New York,USD,1413331.0,247.400689,2025-08-18,nyc_dof_rolling_sales,247.400689,,,,2025,,,02 TWO FAMILY DWELLINGS,SOUTH BEACH,N/A JEROME AVENUE,02 TWO FAMILY DWELLINGS
us-nyc,United States,New York,USD,1425550.0,247.400689,2025-06-12,nyc_dof_rolling_sales,247.400689,,,,2025,,,02 TWO FAMILY DWELLINGS,SOUTH BEACH,105 JEROME AVENUE,02 TWO FAMILY DWELLINGS
us-nyc,United States,New York,USD,1425550.0,247.029077,2025-05-08,nyc_dof_rolling_sales,247.029077,,,,2025,,,02 TWO FAMILY DWELLINGS,SOUTH BEACH,N/A BIONIA AVENUE,02 TWO FAMILY DWELLINGS
us-nyc,United States,New York,USD,975000.0,253.253578,2025-09-01,nyc_dof_rolling_sales,253.253578,,,,2025,,,02 TWO FAMILY DWELLINGS,SOUTH BEACH,N/A BIONIA AVENUE,02 TWO FAMILY DWELLINGS
us-nyc,United States,New York,USD,1225000.0,201.59951,2025-04-03,nyc_dof_rolling_sales,201.59951,,,,2005,,,02 TWO FAMILY DWELLINGS,SOUTH BEACH,15 PERSHING STREET,02 TWO FAMILY DWELLINGS
us-nyc,United States,New York,USD,400000.0,210.88981,2025-06-23,nyc_dof_rolling_sales,210.88981,,,,1950,,,02 TWO FAMILY DWELLINGS,SOUTH BEACH,382 MC CLEAN AVENUE,02 TWO FAMILY DWELLINGS
us-nyc,United States,New York,USD,970000.0,196.211136,2025-04-23,nyc_dof_rolling_sales,196.211136,,,,1965,,,02 TWO FAMILY DWELLINGS,SOUTH BEACH,378 MC CLEAN AVENUE,02 TWO FAMILY DWELLINGS
us-nyc,United States,New York,USD,750000.0,69.491444,2025-08-07,nyc_dof_rolling_sales,69.491444,,,,1965,,,02 TWO FAMILY DWELLINGS,SOUTH BEACH,139 BIONIA AVENUE,02 TWO FAMILY DWELLINGS
us-nyc,United States,New York,USD,865000.0,106.281032,2025-06-26,nyc_dof_rolling_sales,106.281032,,,,1955,,,02 TWO FAMILY DWELLINGS,SOUTH BEACH,136 BIONIA AVENUE,02 TWO FAMILY DWELLINGS
us-nyc,United States,New York,USD,1200000.0,234.11556,2025-02-26,nyc_dof_rolling_sales,234.11556,,,,2008,,,02 TWO FAMILY DWELLINGS,SOUTH BEACH,145 LINWOOD AVENUE,02 TWO FAMILY DWELLINGS
us-nyc,United States,New York,USD,770000.0,164.252504,2025-11-17,nyc_dof_rolling_sales,164.252504,,,,1925,,,02 TWO FAMILY DWELLINGS,SOUTH BEACH,260 SAND LANE,02 TWO FAMILY DWELLINGS
us-nyc,United States,New York,USD,655000.0,156.07704,2025-07-10,nyc_dof_rolling_sales,156.07704,,,,1925,,,02 TWO FAMILY DWELLINGS,SOUTH BEACH,17 RUTH PLACE,02 TWO FAMILY DWELLINGS
us-nyc,United States,New York,USD,999799.0,220.737528,2025-05-21,nyc_dof_rolling_sales,220.737528,,,,1960,,,02 TWO FAMILY DWELLINGS,SOUTH BEACH,199 EVERGREEN AVENUE,02 TWO FAMILY DWELLINGS
us-nyc,United States,New York,USD,1435000.0,256.783892,2025-07-28,nyc_dof_rolling_sales,256.783892,,,,2014,,,02 TWO FAMILY DWELLINGS,SOUTH BEACH,186 LACONIA AVENUE,02 TWO FAMILY DWELLINGS
us-nyc,United States,New York,USD,999000.0,202.900152,2025-10-01,nyc_dof_rolling_sales,202.900152,,,,1960,,,02 TWO FAMILY DWELLINGS,SOUTH BEACH,160 LACONIA AVENUE,02 TWO FAMILY DWELLINGS
us-nyc,United States,New York,USD,1075000.0,214.60593,2025-10-22,nyc_dof_rolling_sales,214.60593,,,,1955,,,02 TWO FAMILY DWELLINGS,SOUTH BEACH,428 CROMWELL AVENUE,02 TWO FAMILY DWELLINGS
us-nyc,United States,New York,USD,825000.0,89.18688,2025-01-21,nyc_dof_rolling_sales,89.18688,,,,1947,,,02 TWO FAMILY DWELLINGS,SOUTH BEACH,59 SCOTT AVENUE,02 TWO FAMILY DWELLINGS
us-nyc,United States,New York,USD,1445915.0,378.11521,2025-07-10,nyc_dof_rolling_sales,378.11521,,,,2024,,,02 TWO FAMILY DWELLINGS,SOUTH BEACH,23 VULCAN STREET,02 TWO FAMILY DWELLINGS
us-nyc,United States,New York,USD,600000.0,151.617696,2025-06-10,nyc_dof_rolling_sales,151.617696,,,,1915,,,02 TWO FAMILY DWELLINGS,SOUTH BEACH,11 BALFOUR STREET,02 TWO FAMILY DWELLINGS
us-nyc,United States,New York,USD,835000.0,205.12982399999999,2025-06-02,nyc_dof_rolling_sales,205.12982399999999,,,,1930,,,02 TWO FAMILY DWELLINGS,SOUTH BEACH,18 BALFOUR STREET,02 TWO FAMILY DWELLINGS
us-nyc,United States,New York,USD,960000.0,228.54138,2025-06-26,nyc_dof_rolling_sales,228.54138,,,,1931,,,02 TWO FAMILY DWELLINGS,SOUTH BEACH,35 ANDREWS STREET,02 TWO FAMILY DWELLINGS
us-nyc,United States,New York,USD,840000.0,119.84487,2025-01-27,nyc_dof_rolling_sales,119.84487,,,,2004,,,02 TWO FAMILY DWELLINGS,SOUTH BEACH,481A FR CAPODANNO BLVD,02 TWO FAMILY DWELLINGS
us-nyc,United States,New York,USD,1320000.0,332.964352,2025-04-24,nyc_dof_rolling_sales,332.964352,,,,1930,,,03 THREE FAMILY DWELLINGS,SOUTH BEACH,435 CROMWELL AVENUE,03 THREE FAMILY DWELLINGS
us-nyc,United States,New York,USD,930000.0,233.743948,2025-06-05,nyc_dof_rolling_sales,233.743948,,,,1925,,,03 THREE FAMILY DWELLINGS,SOUTH BEACH,427 CROMWELL AVENUE,03 THREE FAMILY DWELLINGS
us-nyc,United States,New York,USD,888000.0,156.07704,2025-03-26,nyc_dof_rolling_sales,156.07704,,,,1910,,,03 THREE FAMILY DWELLINGS,SOUTH BEACH,17 WINFIELD STREET,03 THREE FAMILY DWELLINGS
us-nyc,United States,New York,USD,1039800.0,169.455072,2025-07-25,nyc_dof_rolling_sales,169.455072,,,,1960,,,03 THREE FAMILY DWELLINGS,SOUTH BEACH,24 WINFIELD STREET,03 THREE FAMILY DWELLINGS
us-nyc,United States,New York,USD,780000.0,nan,2025-09-19,nyc_dof_rolling_sales,nan,,,,1925,,,04 TAX CLASS 1 CONDOS,SOUTH BEACH,"329 OLYMPIA BOULEVARD, B",04 TAX CLASS 1 CONDOS
us-nyc,United States,New York,USD,916425.0,nan,2025-01-06,nyc_dof_rolling_sales,nan,,,,2023,,,04 TAX CLASS 1 CONDOS,SOUTH BEACH,"43 PEARSALL STREET, 2",04 TAX CLASS 1 CONDOS
us-nyc,United States,New York,USD,1525000.0,423.63768,2025-04-02,nyc_dof_rolling_sales,423.63768,,,,1985,,,07 RENTALS - WALKUP APARTMENTS,SOUTH BEACH,414 GARRETSON AVENUE,07 RENTALS - WALKUP APARTMENTS
us-nyc,United States,New York,USD,999000.0,267.56064,2025-05-06,nyc_dof_rolling_sales,267.56064,,,,2002,,,21 OFFICE BUILDINGS,SOUTH BEACH,343 SAND LANE,21 OFFICE BUILDINGS
us-nyc,United States,New York,USD,1270000.0,322.187604,2025-05-22,nyc_dof_rolling_sales,322.187604,,,,1986,,,21 OFFICE BUILDINGS,SOUTH BEACH,1186 HYLAN BOULEVARD,21 OFFICE BUILDINGS
us-nyc,United States,New York,USD,1750000.0,286.14124,2025-10-22,nyc_dof_rolling_sales,286.14124,,,,1960,,,22 STORE BUILDINGS,SOUTH BEACH,1450 HYLAN BOULEVARD,22 STORE BUILDINGS
us-nyc,United States,New York,USD,11721900.0,3344.508,2025-11-07,nyc_dof_rolling_sales,3344.508,,,,1976,,,29 COMMERCIAL GARAGES,SOUTH BEACH,111 QUINTARD STREET,29 COMMERCIAL GARAGES
us-nyc,United States,New York,USD,9215800.0,1897.543775,2025-11-07,nyc_dof_rolling_sales,1897.543775,,,,1985,,,29 COMMERCIAL GARAGES,SOUTH BEACH,1590 HYLAN BOULEVARD,29 COMMERCIAL GARAGES
us-nyc,United States,New York,USD,530000.0,181.625365,2025-02-06,nyc_dof_rolling_sales,181.625365,,,,1899,,,01 ONE FAMILY DWELLINGS,STAPLETON,208 VAN DUZER STREET,01 ONE FAMILY DWELLINGS
us-nyc,United States,New York,USD,639800.0,133.78032,2025-07-25,nyc_dof_rolling_sales,133.78032,,,,2003,,,01 ONE FAMILY DWELLINGS,STAPLETON,105 BEACH STREET,01 ONE FAMILY DWELLINGS
us-nyc,United States,New York,USD,1000.0,197.88339,2025-08-20,nyc_dof_rolling_sales,197.88339,,,,1915,,,01 ONE FAMILY DWELLINGS,STAPLETON,14 JACKSON STREET,01 ONE FAMILY DWELLINGS
us-nyc,United States,New York,USD,710000.0,176.980215,2025-01-28,nyc_dof_rolling_sales,176.980215,,,,1905,,,01 ONE FAMILY DWELLINGS,STAPLETON,166 WRIGHT STREET,01 ONE FAMILY DWELLINGS
us-nyc,United States,New York,USD,870000.0,275.085783,2025-10-09,nyc_dof_rolling_sales,275.085783,,,,1905,,,01 ONE FAMILY DWELLINGS,STAPLETON,46 SMITH TERRACE,01 ONE FAMILY DWELLINGS
us-nyc,United States,New York,USD,390390.0,111.4836,2025-10-28,nyc_dof_rolling_sales,111.4836,,,,2005,,,01 ONE FAMILY DWELLINGS,STAPLETON,12 TOMPKINS PLACE,01 ONE FAMILY DWELLINGS
us-nyc,United States,New York,USD,436000.0,92.903,2025-06-20,nyc_dof_rolling_sales,92.903,,,,1989,,,01 ONE FAMILY DWELLINGS,STAPLETON,23 TAPPEN COURT,01 ONE FAMILY DWELLINGS
us-nyc,United States,New York,USD,443000.0,92.903,2025-12-02,nyc_dof_rolling_sales,92.903,,,,1989,,,01 ONE FAMILY DWELLINGS,STAPLETON,25 TAPPEN COURT,01 ONE FAMILY DWELLINGS
us-nyc,United States,New York,USD,500000.0,133.037096,2025-04-29,nyc_dof_rolling_sales,133.037096,,,,1915,,,01 ONE FAMILY DWELLINGS,STAPLETON,17 TOMPKINS STREET,01 ONE FAMILY DWELLINGS
us-nyc,United States,New York,USD,250000.0,67.633384,2025-02-14,nyc_dof_rolling_sales,67.633384,,,,1899,,,01 ONE FAMILY DWELLINGS,STAPLETON,14 QUINN STREET,01 ONE FAMILY DWELLINGS
us-nyc,United States,New York,USD,545000.0,74.3224,2025-11-19,nyc_dof_rolling_sales,74.3224,,,,1935,,,01 ONE FAMILY DWELLINGS,STAPLETON,483 VAN DUZER STREET,01 ONE FAMILY DWELLINGS
us-nyc,United States,New York,USD,10.0,184.319552,2025-05-21,nyc_dof_rolling_sales,184.319552,,,,1910,,,01 ONE FAMILY DWELLINGS,STAPLETON,85 GORDON STREET,01 ONE FAMILY DWELLINGS
us-nyc,United States,New York,USD,560000.0,128.20614,2025-03-10,nyc_dof_rolling_sales,128.20614,,,,1931,,,01 ONE FAMILY DWELLINGS,STAPLETON,191 BROAD STREET,01 ONE FAMILY DWELLINGS
us-nyc,United States,New York,USD,420610.0,128.577752,2025-10-14,nyc_dof_rolling_sales,128.577752,,,,1930,,,01 ONE FAMILY DWELLINGS,STAPLETON,599 VAN DUZER STREET,01 ONE FAMILY DWELLINGS
us-nyc,United States,New York,USD,759000.0,162.022832,2025-06-09,nyc_dof_rolling_sales,162.022832,,,,1935,,,01 ONE FAMILY DWELLINGS,STAPLETON,90 TARGEE STREET,01 ONE FAMILY DWELLINGS
us-nyc,United States,New York,USD,418888.0,83.6127,2025-06-23,nyc_dof_rolling_sales,83.6127,,,,1998,,,01 ONE FAMILY DWELLINGS,STAPLETON,36 HILL STREET,01 ONE FAMILY DWELLINGS
us-nyc,United States,New York,USD,425000.0,83.6127,2025-04-28,nyc_dof_rolling_sales,83.6127,,,,1998,,,01 ONE FAMILY DWELLINGS,STAPLETON,30 HILL STREET,01 ONE FAMILY DWELLINGS
us-nyc,United States,New York,USD,493800.0,83.6127,2025-08-05,nyc_dof_rolling_sales,83.6127,,,,1998,,,01 ONE FAMILY DWELLINGS,STAPLETON,37 SUSAN CT,01 ONE FAMILY DWELLINGS
us-nyc,United States,New York,USD,359970.0,106.281032,2025-07-22,nyc_dof_rolling_sales,106.281032,,,,1925,,,01 ONE FAMILY DWELLINGS,STAPLETON,88 COURSEN PL,01 ONE FAMILY DWELLINGS
us-nyc,United States,New York,USD,10.0,106.281032,2025-05-13,nyc_dof_rolling_sales,106.281032,,,,1925,,,01 ONE FAMILY DWELLINGS,STAPLETON,88 COURSEN PLACE,01 ONE FAMILY DWELLINGS
us-nyc,United States,New York,USD,490000.0,104.794584,2025-07-24,nyc_dof_rolling_sales,104.794584,,,,1925,,,01 ONE FAMILY DWELLINGS,STAPLETON,94 COURSEN PLACE,01 ONE FAMILY DWELLINGS
us-nyc,United States,New York,USD,610000.0,118.91584,2025-06-04,nyc_dof_rolling_sales,118.91584,,,,1925,,,01 ONE FAMILY DWELLINGS,STAPLETON,116 COURSEN PLACE,01 ONE FAMILY DWELLINGS
us-nyc,United States,New York,USD,579000.0,109.62554,2025-08-05,nyc_dof_rolling_sales,109.62554,,,,1915,,,01 ONE FAMILY DWELLINGS,STAPLETON,119 OSGOOD AVENUE,01 ONE FAMILY DWELLINGS
us-nyc,United States,New York,USD,622000.0,124.118408,2025-08-22,nyc_dof_rolling_sales,124.118408,,,,1920,,,01 ONE FAMILY DWELLINGS,STAPLETON,50 COURSEN PLACE,01 ONE FAMILY DWELLINGS
us-nyc,United States,New York,USD,635000.0,92.252679,2025-11-12,nyc_dof_rolling_sales,92.252679,,,,1920,,,01 ONE FAMILY DWELLINGS,STAPLETON,229 GORDON STREET,01 ONE FAMILY DWELLINGS
us-nyc,United States,New York,USD,300000.0,96.061702,2025-01-06,nyc_dof_rolling_sales,96.061702,,,,1920,,,01 ONE FAMILY DWELLINGS,STAPLETON,208 GORDON STREET,01 ONE FAMILY DWELLINGS
us-nyc,United States,New York,USD,520000.0,139.3545,2025-03-26,nyc_dof_rolling_sales,139.3545,,,,1960,,,01 ONE FAMILY DWELLINGS,STAPLETON,216 GORDON STREET,01 ONE FAMILY DWELLINGS
us-nyc,United States,New York,USD,710000.0,121.145512,2025-02-03,nyc_dof_rolling_sales,121.145512,,,,2012,,,01 ONE FAMILY DWELLINGS,STAPLETON,274 GORDON STREET,01 ONE FAMILY DWELLINGS
us-nyc,United States,New York,USD,600000.0,120.402288,2025-05-07,nyc_dof_rolling_sales,120.402288,,,,1920,,,01 ONE FAMILY DWELLINGS,STAPLETON,17 LAUREL AVENUE,01 ONE FAMILY DWELLINGS
us-nyc,United States,New York,USD,1250000.0,379.04424,2025-08-11,nyc_dof_rolling_sales,379.04424,,,,1915,,,01 ONE FAMILY DWELLINGS,STAPLETON,19 OCCIDENT AVENUE,01 ONE FAMILY DWELLINGS
us-nyc,United States,New York,USD,650000.0,159.79316,2025-08-28,nyc_dof_rolling_sales,159.79316,,,,1975,,,01 ONE FAMILY DWELLINGS,STAPLETON,15 OCCIDENT AVENUE,01 ONE FAMILY DWELLINGS
us-nyc,United States,New York,USD,1.0,167.2254,2025-03-25,nyc_dof_rolling_sales,167.2254,,,,1910,,,01 ONE FAMILY DWELLINGS,STAPLETON,41 PEARL STREET,01 ONE FAMILY DWELLINGS
us-nyc,United States,New York,USD,350000.0,188.035672,2025-09-15,nyc_dof_rolling_sales,188.035672,,,,1901,,,01 ONE FAMILY DWELLINGS,STAPLETON,12 PEARL STREET,01 ONE FAMILY DWELLINGS
us-nyc,United States,New York,USD,190000.0,447.79246,2025-12-10,nyc_dof_rolling_sales,447.79246,,,,1910,,,02 TWO FAMILY DWELLINGS,STAPLETON,595 BAY STREET,02 TWO FAMILY DWELLINGS
us-nyc,United States,New York,USD,640000.0,317.542454,2025-11-06,nyc_dof_rolling_sales,317.542454,,,,1931,,,02 TWO FAMILY DWELLINGS,STAPLETON,26 WATER STREET,02 TWO FAMILY DWELLINGS
us-nyc,United States,New York,USD,555000.0,346.52819,2025-08-04,nyc_dof_rolling_sales,346.52819,,,,1910,,,02 TWO FAMILY DWELLINGS,STAPLETON,637 BAY STREET,02 TWO FAMILY DWELLINGS
us-nyc,United States,New York,USD,455000.0,246.100047,2025-10-07,nyc_dof_rolling_sales,246.100047,,,,1899,,,02 TWO FAMILY DWELLINGS,STAPLETON,57 CLINTON STREET,02 TWO FAMILY DWELLINGS
us-nyc,United States,New York,USD,1000.0,122.63195999999999,2025-04-04,nyc_dof_rolling_sales,122.63195999999999,,,,1910,,,02 TWO FAMILY DWELLINGS,STAPLETON,253 VAN DUZER STREET,02 TWO FAMILY DWELLINGS
us-nyc,United States,New York,USD,685000.0,215.349154,2025-07-30,nyc_dof_rolling_sales,215.349154,,,,1901,,,02 TWO FAMILY DWELLINGS,STAPLETON,115 PROSPECT STREET,02 TWO FAMILY DWELLINGS
us-nyc,United States,New York,USD,479750.0,167.318303,2025-08-20,nyc_dof_rolling_sales,167.318303,,,,1915,,,02 TWO FAMILY DWELLINGS,STAPLETON,161 WRIGHT STREET,02 TWO FAMILY DWELLINGS
us-nyc,United States,New York,USD,1055000.0,204.3866,2025-10-07,nyc_dof_rolling_sales,204.3866,,,,2024,,,02 TWO FAMILY DWELLINGS,STAPLETON,146 BEACH STREET,02 TWO FAMILY DWELLINGS
us-nyc,United States,New York,USD,1058980.0,204.3866,2025-10-29,nyc_dof_rolling_sales,204.3866,,,,2024,,,02 TWO FAMILY DWELLINGS,STAPLETON,144 BEACH STREET,02 TWO FAMILY DWELLINGS
us-nyc,United States,New York,USD,1050000.0,204.3866,2025-07-11,nyc_dof_rolling_sales,204.3866,,,,2024,,,02 TWO FAMILY DWELLINGS,STAPLETON,140 BEACH STREET,02 TWO FAMILY DWELLINGS
us-nyc,United States,New York,USD,992794.0,204.3866,2025-10-08,nyc_dof_rolling_sales,204.3866,,,,2024,,,02 TWO FAMILY DWELLINGS,STAPLETON,136 BEACH STREET,02 TWO FAMILY DWELLINGS
us-nyc,United States,New York,USD,1200000.0,621.52107,2025-10-08,nyc_dof_rolling_sales,621.52107,,,,2002,,,02 TWO FAMILY DWELLINGS,STAPLETON,586 BAY STREET,02 TWO FAMILY DWELLINGS
us-nyc,United States,New York,USD,650000.0,122.63195999999999,2025-03-06,nyc_dof_rolling_sales,122.63195999999999,,,,1910,,,02 TWO FAMILY DWELLINGS,STAPLETON,63 GORDON STREET,02 TWO FAMILY DWELLINGS
us-nyc,United States,New York,USD,10.0,176.144088,2025-03-05,nyc_dof_rolling_sales,176.144088,,,,1920,,,02 TWO FAMILY DWELLINGS,STAPLETON,32 HUDSON STREET,02 TWO FAMILY DWELLINGS
us-nyc,United States,New York,USD,550000.0,162.394444,2025-06-17,nyc_dof_rolling_sales,162.394444,,,,1920,,,02 TWO FAMILY DWELLINGS,STAPLETON,30 HUDSON STREET,02 TWO FAMILY DWELLINGS
us-nyc,United States,New York,USD,760000.0,197.697584,2025-04-24,nyc_dof_rolling_sales,197.697584,,,,1930,,,02 TWO FAMILY DWELLINGS,STAPLETON,70 GORDON STREET,02 TWO FAMILY DWELLINGS
us-nyc,United States,New York,USD,660000.0,183.94794,2025-08-21,nyc_dof_rolling_sales,183.94794,,,,1925,,,02 TWO FAMILY DWELLINGS,STAPLETON,121 OSGOOD AVENUE,02 TWO FAMILY DWELLINGS
us-nyc,United States,New York,USD,550000.0,91.97397,2025-06-06,nyc_dof_rolling_sales,91.97397,,,,2005,,,02 TWO FAMILY DWELLINGS,STAPLETON,174 PINE PLACE,02 TWO FAMILY DWELLINGS
us-nyc,United States,New York,USD,510000.0,245.26391999999998,2025-04-21,nyc_dof_rolling_sales,245.26391999999998,,,,1920,,,02 TWO FAMILY DWELLINGS,STAPLETON,243 WARD AVENUE,02 TWO FAMILY DWELLINGS
us-nyc,United States,New York,USD,470000.0,120.402288,2025-04-07,nyc_dof_rolling_sales,120.402288,,,,1901,,,03 THREE FAMILY DWELLINGS,STAPLETON,52 GORDON STREET,03 THREE FAMILY DWELLINGS
us-nyc,United States,New York,USD,380000.0,260.1284,2025-09-19,nyc_dof_rolling_sales,260.1284,,,,1930,,,03 THREE FAMILY DWELLINGS,STAPLETON,207 TARGEE STREET,03 THREE FAMILY DWELLINGS
us-nyc,United States,New York,USD,480000.0,260.1284,2025-07-03,nyc_dof_rolling_sales,260.1284,,,,1930,,,03 THREE FAMILY DWELLINGS,STAPLETON,207 TARGEE STREET,03 THREE FAMILY DWELLINGS
us-nyc,United States,New York,USD,1000000.0,811.97222,2025-03-19,nyc_dof_rolling_sales,811.97222,,,,1930,,,07 RENTALS - WALKUP APARTMENTS,STAPLETON,91 BROAD STREET,07 RENTALS - WALKUP APARTMENTS
us-nyc,United States,New York,USD,1100000.0,406.543528,2025-06-09,nyc_dof_rolling_sales,406.543528,,,,2008,,,14 RENTALS - 4-10 UNIT,STAPLETON,12 CROSS STREET,14 RENTALS - 4-10 UNIT
us-nyc,United States,New York,USD,770000.0,278.709,2025-11-03,nyc_dof_rolling_sales,278.709,,,,1931,,,14 RENTALS - 4-10 UNIT,STAPLETON,582 BAY STREET,14 RENTALS - 4-10 UNIT
us-nyc,United States,New York,USD,1600000.0,195.09629999999999,2025-04-01,nyc_dof_rolling_sales,195.09629999999999,,,,1931,,,22 STORE BUILDINGS,STAPLETON,78 CANAL STREET,22 STORE BUILDINGS
us-nyc,United States,New York,USD,80000.0,171.684744,2025-08-21,nyc_dof_rolling_sales,171.684744,,,,1899,,,01 ONE FAMILY DWELLINGS,STAPLETON-CLIFTON,146 NORWOOD AVENUE,01 ONE FAMILY DWELLINGS
us-nyc,United States,New York,USD,515000.0,222.409782,2025-04-01,nyc_dof_rolling_sales,222.409782,,,,1905,,,01 ONE FAMILY DWELLINGS,STAPLETON-CLIFTON,112 NORWOOD AVENUE,01 ONE FAMILY DWELLINGS
us-nyc,United States,New York,USD,467000.0,171.127326,2025-05-29,nyc_dof_rolling_sales,171.127326,,,,1901,,,01 ONE FAMILY DWELLINGS,STAPLETON-CLIFTON,311 TOMPKINS AVENUE,01 ONE FAMILY DWELLINGS
us-nyc,United States,New York,USD,55000.0,195.09629999999999,2025-01-24,nyc_dof_rolling_sales,195.09629999999999,,,,2001,,,01 ONE FAMILY DWELLINGS,STAPLETON-CLIFTON,23 DEL RAY COURT,01 ONE FAMILY DWELLINGS
us-nyc,United States,New York,USD,305000.0,89.18688,2025-03-28,nyc_dof_rolling_sales,89.18688,,,,1991,,,01 ONE FAMILY DWELLINGS,STAPLETON-CLIFTON,22 GREENFIELD COURT,01 ONE FAMILY DWELLINGS
us-nyc,United States,New York,USD,600000.0,89.18688,2025-09-19,nyc_dof_rolling_sales,89.18688,,,,1991,,,01 ONE FAMILY DWELLINGS,STAPLETON-CLIFTON,22 GREENFIELD COURT,01 ONE FAMILY DWELLINGS
us-nyc,United States,New York,USD,80000.0,130.528715,2025-04-02,nyc_dof_rolling_sales,130.528715,,,,2002,,,01 ONE FAMILY DWELLINGS,STAPLETON-CLIFTON,68 MERIVALE LANE,01 ONE FAMILY DWELLINGS
us-nyc,United States,New York,USD,560000.0,107.024256,2025-07-28,nyc_dof_rolling_sales,107.024256,,,,1940,,,01 ONE FAMILY DWELLINGS,STAPLETON-CLIFTON,190 VANDERBILT AVENUE,01 ONE FAMILY DWELLINGS
us-nyc,United States,New York,USD,595000.0,150.874472,2025-04-04,nyc_dof_rolling_sales,150.874472,,,,1965,,,01 ONE FAMILY DWELLINGS,STAPLETON-CLIFTON,92 PARK HILL LANE,01 ONE FAMILY DWELLINGS
us-nyc,United States,New York,USD,780000.0,165.181534,2025-10-06,nyc_dof_rolling_sales,165.181534,,,,2015,,,01 ONE FAMILY DWELLINGS,STAPLETON-CLIFTON,41 BURGUNDY LOOP,01 ONE FAMILY DWELLINGS
us-nyc,United States,New York,USD,750000.0,144.464165,2025-06-23,nyc_dof_rolling_sales,144.464165,,,,1965,,,01 ONE FAMILY DWELLINGS,SUNNYSIDE,96 HIGHLAND AVE,01 ONE FAMILY DWELLINGS
us-nyc,United States,New York,USD,785000.0,136.474507,2025-10-30,nyc_dof_rolling_sales,136.474507,,,,1955,,,01 ONE FAMILY DWELLINGS,SUNNYSIDE,106 HIGHLAND AVENUE,01 ONE FAMILY DWELLINGS
us-nyc,United States,New York,USD,1272811.0,207.266593,2025-01-16,nyc_dof_rolling_sales,207.266593,,,,2024,,,01 ONE FAMILY DWELLINGS,SUNNYSIDE,113 GLENWOOD AVE,01 ONE FAMILY DWELLINGS
us-nyc,United States,New York,USD,1247356.0,207.266593,2025-01-23,nyc_dof_rolling_sales,207.266593,,,,2024,,,01 ONE FAMILY DWELLINGS,SUNNYSIDE,115 GLENWOOD AVE,01 ONE FAMILY DWELLINGS
us-nyc,United States,New York,USD,825000.0,122.260348,2025-03-28,nyc_dof_rolling_sales,122.260348,,,,1944,,,01 ONE FAMILY DWELLINGS,SUNNYSIDE,138 GLENWOOD AVE,01 ONE FAMILY DWELLINGS
us-nyc,United States,New York,USD,1200000.0,179.860208,2025-09-29,nyc_dof_rolling_sales,179.860208,,,,2024,,,01 ONE FAMILY DWELLINGS,SUNNYSIDE,150 DUDLEY AVENUE,01 ONE FAMILY DWELLINGS
us-nyc,United States,New York,USD,860000.0,120.7739,2025-08-19,nyc_dof_rolling_sales,120.7739,,,,1945,,,01 ONE FAMILY DWELLINGS,SUNNYSIDE,118 VAN CORTLANDT AVENUE,01 ONE FAMILY DWELLINGS
us-nyc,United States,New York,USD,775000.0,111.111988,2025-10-28,nyc_dof_rolling_sales,111.111988,,,,1945,,,01 ONE FAMILY DWELLINGS,SUNNYSIDE,18 ELM PLACE,01 ONE FAMILY DWELLINGS
us-nyc,United States,New York,USD,280000.0,98.848792,2025-10-15,nyc_dof_rolling_sales,98.848792,,,,1930,,,01 ONE FAMILY DWELLINGS,SUNNYSIDE,112 GRAND AVENUE,01 ONE FAMILY DWELLINGS
us-nyc,United States,New York,USD,560038.0,222.223976,2025-06-23,nyc_dof_rolling_sales,222.223976,,,,1965,,,01 ONE FAMILY DWELLINGS,SUNNYSIDE,7 SUNNYSIDE TERRACE,01 ONE FAMILY DWELLINGS
us-nyc,United States,New York,USD,720000.0,80.268192,2025-04-30,nyc_dof_rolling_sales,80.268192,,,,1960,,,01 ONE FAMILY DWELLINGS,SUNNYSIDE,36 SUNNYSIDE TERRACE,01 ONE FAMILY DWELLINGS
us-nyc,United States,New York,USD,729988.0,142.699008,2025-04-08,nyc_dof_rolling_sales,142.699008,,,,1985,,,01 ONE FAMILY DWELLINGS,SUNNYSIDE,131 GRAND AVENUE,01 ONE FAMILY DWELLINGS
us-nyc,United States,New York,USD,850000.0,98.848792,2025-02-19,nyc_dof_rolling_sales,98.848792,,,,1960,,,01 ONE FAMILY DWELLINGS,SUNNYSIDE,145 RUGBY AVENUE,01 ONE FAMILY DWELLINGS
us-nyc,United States,New York,USD,1099710.0,258.177437,2025-06-20,nyc_dof_rolling_sales,258.177437,,,,2024,,,01 ONE FAMILY DWELLINGS,SUNNYSIDE,14 RIDGE COURT,01 ONE FAMILY DWELLINGS
us-nyc,United States,New York,USD,1038615.0,255.576153,2025-11-19,nyc_dof_rolling_sales,255.576153,,,,2024,,,01 ONE FAMILY DWELLINGS,SUNNYSIDE,12 RIDGE COURT,01 ONE FAMILY DWELLINGS
us-nyc,United States,New York,USD,800000.0,129.971297,2025-05-14,nyc_dof_rolling_sales,129.971297,,,,1955,,,01 ONE FAMILY DWELLINGS,SUNNYSIDE,48 SENECA AVENUE,01 ONE FAMILY DWELLINGS
us-nyc,United States,New York,USD,737000.0,243.127151,2025-04-15,nyc_dof_rolling_sales,243.127151,,,,1988,,,01 ONE FAMILY DWELLINGS,SUNNYSIDE,85 ONTARIO AVENUE,01 ONE FAMILY DWELLINGS
us-nyc,United States,New York,USD,650000.0,96.61912,2025-10-14,nyc_dof_rolling_sales,96.61912,,,,1930,,,01 ONE FAMILY DWELLINGS,SUNNYSIDE,34 TIOGA STREET,01 ONE FAMILY DWELLINGS
us-nyc,United States,New York,USD,10.0,74.3224,2025-10-15,nyc_dof_rolling_sales,74.3224,,,,1970,,,01 ONE FAMILY DWELLINGS,SUNNYSIDE,74 ONEIDA AVENUE,01 ONE FAMILY DWELLINGS
us-nyc,United States,New York,USD,800000.0,156.07704,2025-01-10,nyc_dof_rolling_sales,156.07704,,,,1955,,,01 ONE FAMILY DWELLINGS,SUNNYSIDE,146 LOGAN AVENUE,01 ONE FAMILY DWELLINGS
us-nyc,United States,New York,USD,770000.0,128.763558,2025-11-03,nyc_dof_rolling_sales,128.763558,,,,1982,,,01 ONE FAMILY DWELLINGS,SUNNYSIDE,110 ONTARIO AVENUE,01 ONE FAMILY DWELLINGS
us-nyc,United States,New York,USD,690000.0,133.78032,2025-05-12,nyc_dof_rolling_sales,133.78032,,,,1970,,,01 ONE FAMILY DWELLINGS,SUNNYSIDE,105 LABAU AVENUE,01 ONE FAMILY DWELLINGS
us-nyc,United States,New York,USD,675000.0,75.437236,2025-02-07,nyc_dof_rolling_sales,75.437236,,,,1950,,,01 ONE FAMILY DWELLINGS,SUNNYSIDE,47 BRISTOL AVENUE,01 ONE FAMILY DWELLINGS
us-nyc,United States,New York,USD,650000.0,100.33524,2025-03-10,nyc_dof_rolling_sales,100.33524,,,,1930,,,01 ONE FAMILY DWELLINGS,SUNNYSIDE,83 WALTERS AVENUE,01 ONE FAMILY DWELLINGS
us-nyc,United States,New York,USD,625000.0,72.46433999999999,2025-05-09,nyc_dof_rolling_sales,72.46433999999999,,,,1960,,,01 ONE FAMILY DWELLINGS,SUNNYSIDE,67 WALTERS AVENUE,01 ONE FAMILY DWELLINGS
us-nyc,United States,New York,USD,651680.0,218.507856,2025-01-31,nyc_dof_rolling_sales,218.507856,,,,1975,,,01 ONE FAMILY DWELLINGS,SUNNYSIDE,398 LITTLE CLOVE ROAD,01 ONE FAMILY DWELLINGS
us-nyc,United States,New York,USD,100000.0,136.381604,2025-05-05,nyc_dof_rolling_sales,136.381604,,,,1899,,,01 ONE FAMILY DWELLINGS,SUNNYSIDE,80 WINDSOR ROAD,01 ONE FAMILY DWELLINGS
us-nyc,United States,New York,USD,799900.0,170.198296,2025-01-06,nyc_dof_rolling_sales,170.198296,,,,1915,,,02 TWO FAMILY DWELLINGS,SUNNYSIDE,24 GRAND AVENUE,02 TWO FAMILY DWELLINGS
us-nyc,United States,New York,USD,864000.0,157.377682,2025-11-03,nyc_dof_rolling_sales,157.377682,,,,1945,,,02 TWO FAMILY DWELLINGS,SUNNYSIDE,169 VAN CORTLANDT AVENUE,02 TWO FAMILY DWELLINGS
us-nyc,United States,New York,USD,1085000.0,176.5157,2025-09-10,nyc_dof_rolling_sales,176.5157,,,,1965,,,02 TWO FAMILY DWELLINGS,SUNNYSIDE,1 FOOTE AVENUE,02 TWO FAMILY DWELLINGS
us-nyc,United States,New York,USD,820000.0,157.9351,2025-07-10,nyc_dof_rolling_sales,157.9351,,,,2003,,,02 TWO FAMILY DWELLINGS,SUNNYSIDE,21 CAYUGA AVENUE,02 TWO FAMILY DWELLINGS
us-nyc,United States,New York,USD,10.0,122.910669,2025-10-07,nyc_dof_rolling_sales,122.910669,,,,1935,,,02 TWO FAMILY DWELLINGS,SUNNYSIDE,108 SENECA AVENUE,02 TWO FAMILY DWELLINGS
us-nyc,United States,New York,USD,925000.0,169.826684,2025-04-01,nyc_dof_rolling_sales,169.826684,,,,1975,,,02 TWO FAMILY DWELLINGS,SUNNYSIDE,110 LOGAN AVENUE,02 TWO FAMILY DWELLINGS
us-nyc,United States,New York,USD,820000.0,214.141415,2025-07-25,nyc_dof_rolling_sales,214.141415,,,,1920,,,02 TWO FAMILY DWELLINGS,SUNNYSIDE,17 RENWICK AVENUE,02 TWO FAMILY DWELLINGS
us-nyc,United States,New York,USD,800000.0,183.576328,2025-07-01,nyc_dof_rolling_sales,183.576328,,,,1975,,,03 THREE FAMILY DWELLINGS,SUNNYSIDE,76 HIGHLAND AVENUE,03 THREE FAMILY DWELLINGS
us-nyc,United States,New York,USD,260000.0,nan,2025-01-28,nyc_dof_rolling_sales,nan,,,,1981,,,13 CONDOS - ELEVATOR APARTMENTS,SUNNYSIDE,"830 HOWARD AVENUE, 1D",13 CONDOS - ELEVATOR APARTMENTS
us-nyc,United States,New York,USD,349000.0,nan,2025-01-28,nyc_dof_rolling_sales,nan,,,,1981,,,13 CONDOS - ELEVATOR APARTMENTS,SUNNYSIDE,"830 HOWARD AVENUE, 4B",13 CONDOS - ELEVATOR APARTMENTS
us-nyc,United States,New York,USD,407000.0,nan,2025-07-28,nyc_dof_rolling_sales,nan,,,,1981,,,13 CONDOS - ELEVATOR APARTMENTS,SUNNYSIDE,"830 HOWARD AVENUE, 4H",13 CONDOS - ELEVATOR APARTMENTS
us-nyc,United States,New York,USD,350000.0,nan,2025-10-30,nyc_dof_rolling_sales,nan,,,,1981,,,13 CONDOS - ELEVATOR APARTMENTS,SUNNYSIDE,"830 HOWARD AVENUE, 6D",13 CONDOS - ELEVATOR APARTMENTS
us-nyc,United States,New York,USD,359000.0,nan,2025-05-30,nyc_dof_rolling_sales,nan,,,,1981,,,13 CONDOS - ELEVATOR APARTMENTS,SUNNYSIDE,"850 HOWARD AVENUE, 1J",13 CONDOS - ELEVATOR APARTMENTS
us-nyc,United States,New York,USD,375000.0,nan,2025-07-09,nyc_dof_rolling_sales,nan,,,,1981,,,13 CONDOS - ELEVATOR APARTMENTS,SUNNYSIDE,"850 HOWARD AVENUE, 3J",13 CONDOS - ELEVATOR APARTMENTS
us-nyc,United States,New York,USD,355000.0,nan,2025-04-10,nyc_dof_rolling_sales,nan,,,,1981,,,13 CONDOS - ELEVATOR APARTMENTS,SUNNYSIDE,"850 HOWARD AVENUE, 6K",13 CONDOS - ELEVATOR APARTMENTS
us-nyc,United States,New York,USD,1635000.0,323.30244,2025-04-28,nyc_dof_rolling_sales,323.30244,,,,1964,,,21 OFFICE BUILDINGS,SUNNYSIDE,1368 CLOVE ROAD,21 OFFICE BUILDINGS
us-nyc,United States,New York,USD,655000.0,113.34166,2025-07-23,nyc_dof_rolling_sales,113.34166,,,,1955,,,21 OFFICE BUILDINGS,SUNNYSIDE,1292 VICTORY BOULEVARD,21 OFFICE BUILDINGS
us-nyc,United States,New York,USD,1200000.0,324.695985,2025-09-24,nyc_dof_rolling_sales,324.695985,,,,1975,,,01 ONE FAMILY DWELLINGS,TODT HILL,11 SHIELDS PLACE,01 ONE FAMILY DWELLINGS
us-nyc,United States,New York,USD,1275000.0,390.19259999999997,2025-04-08,nyc_dof_rolling_sales,390.19259999999997,,,,1935,,,01 ONE FAMILY DWELLINGS,TODT HILL,354 DEERE PARK PLACE,01 ONE FAMILY DWELLINGS
us-nyc,United States,New York,USD,960000.0,245.728435,2025-11-12,nyc_dof_rolling_sales,245.728435,,,,1960,,,01 ONE FAMILY DWELLINGS,TODT HILL,399 OCEAN TERRACE,01 ONE FAMILY DWELLINGS
us-nyc,United States,New York,USD,2400000.0,287.9993,2025-05-28,nyc_dof_rolling_sales,287.9993,,,,1935,,,01 ONE FAMILY DWELLINGS,TODT HILL,283 OCEAN TERRACE,01 ONE FAMILY DWELLINGS
us-nyc,United States,New York,USD,1750000.0,173.171192,2025-07-29,nyc_dof_rolling_sales,173.171192,,,,1970,,,01 ONE FAMILY DWELLINGS,TODT HILL,334 OCEAN TERRACE,01 ONE FAMILY DWELLINGS
us-nyc,United States,New York,USD,1800000.0,256.41228,2025-12-05,nyc_dof_rolling_sales,256.41228,,,,1970,,,01 ONE FAMILY DWELLINGS,TODT HILL,61 WOODHAVEN AVENUE,01 ONE FAMILY DWELLINGS
us-nyc,United States,New York,USD,10.0,140.469336,2025-02-12,nyc_dof_rolling_sales,140.469336,,,,1955,,,01 ONE FAMILY DWELLINGS,TODT HILL,82 ROMER ROAD,01 ONE FAMILY DWELLINGS
us-nyc,United States,New York,USD,2225000.0,627.838474,2025-06-20,nyc_dof_rolling_sales,627.838474,,,,1965,,,01 ONE FAMILY DWELLINGS,TODT HILL,60 ROMER ROAD,01 ONE FAMILY DWELLINGS
us-nyc,United States,New York,USD,3000000.0,557.418,2025-05-02,nyc_dof_rolling_sales,557.418,,,,1982,,,01 ONE FAMILY DWELLINGS,TODT HILL,12 ROMER ROAD,01 ONE FAMILY DWELLINGS
us-nyc,United States,New York,USD,4800000.0,520.2568,2025-05-27,nyc_dof_rolling_sales,520.2568,,,,2001,,,01 ONE FAMILY DWELLINGS,TODT HILL,35 PETER COURT,01 ONE FAMILY DWELLINGS
us-nyc,United States,New York,USD,1088000.0,499.446528,2025-07-22,nyc_dof_rolling_sales,499.446528,,,,1997,,,01 ONE FAMILY DWELLINGS,TODT HILL,41 ROMER ROAD,01 ONE FAMILY DWELLINGS
us-nyc,United States,New York,USD,1750000.0,317.72826,2025-02-13,nyc_dof_rolling_sales,317.72826,,,,1940,,,01 ONE FAMILY DWELLINGS,TODT HILL,221 BENEDICT ROAD,01 ONE FAMILY DWELLINGS
us-nyc,United States,New York,USD,1800000.0,317.72826,2025-06-03,nyc_dof_rolling_sales,317.72826,,,,1940,,,01 ONE FAMILY DWELLINGS,TODT HILL,221 BENEDICT ROAD,01 ONE FAMILY DWELLINGS
us-nyc,United States,New York,USD,1475000.0,324.603082,2025-04-09,nyc_dof_rolling_sales,324.603082,,,,1940,,,01 ONE FAMILY DWELLINGS,TODT HILL,20 CORNWALL AVENUE,01 ONE FAMILY DWELLINGS
us-nyc,United States,New York,USD,8500000.0,612.695285,2025-08-29,nyc_dof_rolling_sales,612.695285,,,,1970,,,01 ONE FAMILY DWELLINGS,TODT HILL,57 ST JAMES PLACE,01 ONE FAMILY DWELLINGS
us-nyc,United States,New York,USD,1500000.0,305.465064,2025-04-17,nyc_dof_rolling_sales,305.465064,,,,1960,,,01 ONE FAMILY DWELLINGS,TODT HILL,55 BUTTONWOOD ROAD,01 ONE FAMILY DWELLINGS
us-nyc,United States,New York,USD,2200000.0,300.262496,2025-06-05,nyc_dof_rolling_sales,300.262496,,,,1925,,,01 ONE FAMILY DWELLINGS,TODT HILL,647 TODT HILL ROAD,01 ONE FAMILY DWELLINGS
us-nyc,United States,New York,USD,2900000.0,623.100421,2025-02-18,nyc_dof_rolling_sales,623.100421,,,,1999,,,01 ONE FAMILY DWELLINGS,TODT HILL,29 ANNFIELD CT,01 ONE FAMILY DWELLINGS
us-nyc,United States,New York,USD,2950000.0,377.743598,2025-08-05,nyc_dof_rolling_sales,377.743598,,,,2012,,,01 ONE FAMILY DWELLINGS,TODT HILL,563 TODT HILL ROAD,01 ONE FAMILY DWELLINGS
us-nyc,United States,New York,USD,2200000.0,292.087032,2025-04-23,nyc_dof_rolling_sales,292.087032,,,,1985,,,01 ONE FAMILY DWELLINGS,TODT HILL,13 WHITWELL PLACE,01 ONE FAMILY DWELLINGS
us-nyc,United States,New York,USD,1350000.0,380.530688,2025-09-11,nyc_dof_rolling_sales,380.530688,,,,1899,,,01 ONE FAMILY DWELLINGS,TODT HILL,5 WESTENTRY ROAD,01 ONE FAMILY DWELLINGS
us-nyc,United States,New York,USD,1980000.0,213.212385,2025-10-28,nyc_dof_rolling_sales,213.212385,,,,1955,,,01 ONE FAMILY DWELLINGS,TODT HILL,81 COPPERLEAF TERRACE,01 ONE FAMILY DWELLINGS
us-nyc,United States,New York,USD,2350000.0,648.834552,2025-12-02,nyc_dof_rolling_sales,648.834552,,,,1950,,,01 ONE FAMILY DWELLINGS,TODT HILL,25 THE OVAL,01 ONE FAMILY DWELLINGS
us-nyc,United States,New York,USD,1955000.0,428.747345,2025-04-30,nyc_dof_rolling_sales,428.747345,,,,1955,,,01 ONE FAMILY DWELLINGS,TODT HILL,40 CHARTER OAK ROAD,01 ONE FAMILY DWELLINGS
us-nyc,United States,New York,USD,1250000.0,195.09629999999999,2025-01-17,nyc_dof_rolling_sales,195.09629999999999,,,,1967,,,01 ONE FAMILY DWELLINGS,TODT HILL,56 HILLTOP TERRACE,01 ONE FAMILY DWELLINGS
us-nyc,United States,New York,USD,900000.0,101.078464,2025-10-30,nyc_dof_rolling_sales,101.078464,,,,1950,,,01 ONE FAMILY DWELLINGS,TODT HILL,949 TODT HILL ROAD,01 ONE FAMILY DWELLINGS
us-nyc,United States,New York,USD,1272813.0,136.753216,2025-01-21,nyc_dof_rolling_sales,136.753216,,,,1960,,,01 ONE FAMILY DWELLINGS,TODT HILL,1085 TODT HILL ROAD,01 ONE FAMILY DWELLINGS
us-nyc,United States,New York,USD,3600000.0,476.59239,2025-04-25,nyc_dof_rolling_sales,476.59239,,,,1925,,,01 ONE FAMILY DWELLINGS,TODT HILL,131 CLIFFWOOD AVENUE,01 ONE FAMILY DWELLINGS
us-nyc,United States,New York,USD,720000.0,181.253753,2025-09-19,nyc_dof_rolling_sales,181.253753,,,,1960,,,01 ONE FAMILY DWELLINGS,TOMPKINSVILLE,63 OXFORD PLACE,01 ONE FAMILY DWELLINGS
us-nyc,United States,New York,USD,640000.0,109.253928,2025-07-22,nyc_dof_rolling_sales,109.253928,,,,2001,,,01 ONE FAMILY DWELLINGS,TOMPKINSVILLE,49 GRANT STREET,01 ONE FAMILY DWELLINGS
us-nyc,United States,New York,USD,570000.0,109.253928,2025-03-12,nyc_dof_rolling_sales,109.253928,,,,2001,,,01 ONE FAMILY DWELLINGS,TOMPKINSVILLE,73 MARGO LOOP,01 ONE FAMILY DWELLINGS
us-nyc,United States,New York,USD,855000.0,226.68332,2025-05-07,nyc_dof_rolling_sales,226.68332,,,,1899,,,01 ONE FAMILY DWELLINGS,TOMPKINSVILLE,172 ST PAULS AVENUE,01 ONE FAMILY DWELLINGS
us-nyc,United States,New York,USD,613000.0,85.47076,2025-05-29,nyc_dof_rolling_sales,85.47076,,,,1955,,,01 ONE FAMILY DWELLINGS,TOMPKINSVILLE,135 WARD AVENUE,01 ONE FAMILY DWELLINGS
us-nyc,United States,New York,USD,940000.0,170.848617,2025-08-11,nyc_dof_rolling_sales,170.848617,,,,1910,,,01 ONE FAMILY DWELLINGS,TOMPKINSVILLE,12 NIXON AVENUE,01 ONE FAMILY DWELLINGS
us-nyc,United States,New York,USD,583000.0,112.041018,2025-02-28,nyc_dof_rolling_sales,112.041018,,,,1920,,,01 ONE FAMILY DWELLINGS,TOMPKINSVILLE,29 EDGAR TERRACE,01 ONE FAMILY DWELLINGS
us-nyc,United States,New York,USD,650000.0,123.096475,2025-06-23,nyc_dof_rolling_sales,123.096475,,,,2005,,,01 ONE FAMILY DWELLINGS,TOMPKINSVILLE,53 WILLIS AVENUE,01 ONE FAMILY DWELLINGS
us-nyc,United States,New York,USD,690000.0,184.784067,2025-08-21,nyc_dof_rolling_sales,184.784067,,,,1935,,,01 ONE FAMILY DWELLINGS,TOMPKINSVILLE,45 BAYVIEW PLACE,01 ONE FAMILY DWELLINGS
us-nyc,United States,New York,USD,772750.0,185.527291,2025-02-07,nyc_dof_rolling_sales,185.527291,,,,1925,,,01 ONE FAMILY DWELLINGS,TOMPKINSVILLE,101 CEBRA AVENUE,01 ONE FAMILY DWELLINGS
us-nyc,United States,New York,USD,460000.0,107.76748,2025-03-12,nyc_dof_rolling_sales,107.76748,,,,1988,,,01 ONE FAMILY DWELLINGS,TOMPKINSVILLE,88 CEBRA AVENUE,01 ONE FAMILY DWELLINGS
us-nyc,United States,New York,USD,555000.0,162.022832,2025-06-16,nyc_dof_rolling_sales,162.022832,,,,1989,,,01 ONE FAMILY DWELLINGS,TOMPKINSVILLE,208 WARD AVE,01 ONE FAMILY DWELLINGS
us-nyc,United States,New York,USD,300000.0,162.022832,2025-01-14,nyc_dof_rolling_sales,162.022832,,,,1989,,,01 ONE FAMILY DWELLINGS,TOMPKINSVILLE,208 WARD AVENUE,01 ONE FAMILY DWELLINGS
us-nyc,United States,New York,USD,505000.0,121.888736,2025-02-14,nyc_dof_rolling_sales,121.888736,,,,1989,,,01 ONE FAMILY DWELLINGS,TOMPKINSVILLE,105 CLARK LANE,01 ONE FAMILY DWELLINGS
us-nyc,United States,New York,USD,52000.0,117.05778,2025-03-04,nyc_dof_rolling_sales,117.05778,,,,1989,,,01 ONE FAMILY DWELLINGS,TOMPKINSVILLE,70A CLARK LANE,01 ONE FAMILY DWELLINGS
us-nyc,United States,New York,USD,665000.0,356.74752,2025-11-03,nyc_dof_rolling_sales,356.74752,,,,1989,,,01 ONE FAMILY DWELLINGS,TOMPKINSVILLE,41 CHESTER PLACE,01 ONE FAMILY DWELLINGS
us-nyc,United States,New York,USD,1300000.0,371.612,2025-03-06,nyc_dof_rolling_sales,371.612,,,,2000,,,01 ONE FAMILY DWELLINGS,TOMPKINSVILLE,65 LOUIS ST,01 ONE FAMILY DWELLINGS
us-nyc,United States,New York,USD,400000.0,243.034248,2025-10-06,nyc_dof_rolling_sales,243.034248,,,,1901,,,02 TWO FAMILY DWELLINGS,TOMPKINSVILLE,42 OXFORD PLACE,02 TWO FAMILY DWELLINGS
us-nyc,United States,New York,USD,350000.0,272.019984,2025-09-23,nyc_dof_rolling_sales,272.019984,,,,1910,,,02 TWO FAMILY DWELLINGS,TOMPKINSVILLE,365 VICTORY BOULEVARD,02 TWO FAMILY DWELLINGS
us-nyc,United States,New York,USD,535000.0,104.237166,2025-03-24,nyc_dof_rolling_sales,104.237166,,,,1899,,,02 TWO FAMILY DWELLINGS,TOMPKINSVILLE,74 SWAN STREET,02 TWO FAMILY DWELLINGS
us-nyc,United States,New York,USD,100000.0,190.07953799999999,2025-10-14,nyc_dof_rolling_sales,190.07953799999999,,,,1925,,,02 TWO FAMILY DWELLINGS,TOMPKINSVILLE,102 TOMPKINS CIRCLE,02 TWO FAMILY DWELLINGS
us-nyc,United States,New York,USD,495000.0,138.611276,2025-08-08,nyc_dof_rolling_sales,138.611276,,,,1931,,,02 TWO FAMILY DWELLINGS,TOMPKINSVILLE,10 FIEDLER AVENUE,02 TWO FAMILY DWELLINGS
us-nyc,United States,New York,USD,495000.0,138.797082,2025-08-08,nyc_dof_rolling_sales,138.797082,,,,1931,,,02 TWO FAMILY DWELLINGS,TOMPKINSVILLE,32 FIEDLER AVENUE,02 TWO FAMILY DWELLINGS
us-nyc,United States,New York,USD,495000.0,138.704179,2025-08-08,nyc_dof_rolling_sales,138.704179,,,,1931,,,02 TWO FAMILY DWELLINGS,TOMPKINSVILLE,8 EDGAR TERRACE,02 TWO FAMILY DWELLINGS
us-nyc,United States,New York,USD,615000.0,138.704179,2025-08-08,nyc_dof_rolling_sales,138.704179,,,,1931,,,02 TWO FAMILY DWELLINGS,TOMPKINSVILLE,10 EDGAR TERR,02 TWO FAMILY DWELLINGS
us-nyc,United States,New York,USD,949000.0,186.920836,2025-01-07,nyc_dof_rolling_sales,186.920836,,,,2004,,,02 TWO FAMILY DWELLINGS,TOMPKINSVILLE,38 EDGAR TERRACE,02 TWO FAMILY DWELLINGS
us-nyc,United States,New York,USD,850000.0,196.95436,2025-07-09,nyc_dof_rolling_sales,196.95436,,,,1915,,,02 TWO FAMILY DWELLINGS,TOMPKINSVILLE,1 ROSEWOOD PLACE,02 TWO FAMILY DWELLINGS
us-nyc,United States,New York,USD,916425.0,195.653718,2025-04-29,nyc_dof_rolling_sales,195.653718,,,,2023,,,02 TWO FAMILY DWELLINGS,TOMPKINSVILLE,N/A CHESTER PLACE,02 TWO FAMILY DWELLINGS
us-nyc,United States,New York,USD,916425.0,195.653718,2025-05-06,nyc_dof_rolling_sales,195.653718,,,,2023,,,02 TWO FAMILY DWELLINGS,TOMPKINSVILLE,N/A CHESTER PLACE,02 TWO FAMILY DWELLINGS
us-nyc,United States,New York,USD,625000.0,121.888736,2025-07-30,nyc_dof_rolling_sales,121.888736,,,,1990,,,02 TWO FAMILY DWELLINGS,TOMPKINSVILLE,29A CLARK LANE,02 TWO FAMILY DWELLINGS
us-nyc,United States,New York,USD,464879.0,111.4836,2025-07-31,nyc_dof_rolling_sales,111.4836,,,,1990,,,02 TWO FAMILY DWELLINGS,TOMPKINSVILLE,79 CLARK LANE,02 TWO FAMILY DWELLINGS
us-nyc,United States,New York,USD,441090.0,218.32205,2025-09-25,nyc_dof_rolling_sales,218.32205,,,,1915,,,03 THREE FAMILY DWELLINGS,TOMPKINSVILLE,45 ST PAULS AVENUE,03 THREE FAMILY DWELLINGS
us-nyc,United States,New York,USD,815000.0,380.530688,2025-06-03,nyc_dof_rolling_sales,380.530688,,,,1931,,,07 RENTALS - WALKUP APARTMENTS,TOMPKINSVILLE,89 OXFORD PLACE,07 RENTALS - WALKUP APARTMENTS
us-nyc,United States,New York,USD,1150000.0,488.298168,2025-02-28,nyc_dof_rolling_sales,488.298168,,,,1931,,,07 RENTALS - WALKUP APARTMENTS,TOMPKINSVILLE,90 OXFORD PLACE,07 RENTALS - WALKUP APARTMENTS
us-nyc,United States,New York,USD,770000.0,251.302615,2025-10-29,nyc_dof_rolling_sales,251.302615,,,,1915,,,07 RENTALS - WALKUP APARTMENTS,TOMPKINSVILLE,360 VICTORY BOULEVARD,07 RENTALS - WALKUP APARTMENTS
us-nyc,United States,New York,USD,230500.0,nan,2025-06-30,nyc_dof_rolling_sales,nan,,,,1962,,,13 CONDOS - ELEVATOR APARTMENTS,TOMPKINSVILLE,"55 AUSTIN PLACE, 1T",13 CONDOS - ELEVATOR APARTMENTS
us-nyc,United States,New York,USD,75000.0,nan,2025-06-05,nyc_dof_rolling_sales,nan,,,,1962,,,13 CONDOS - ELEVATOR APARTMENTS,TOMPKINSVILLE,"55 AUSTIN PLACE, 2T",13 CONDOS - ELEVATOR APARTMENTS
us-nyc,United States,New York,USD,440000.0,nan,2025-03-03,nyc_dof_rolling_sales,nan,,,,1962,,,13 CONDOS - ELEVATOR APARTMENTS,TOMPKINSVILLE,"55 AUSTIN PLACE, 5B",13 CONDOS - ELEVATOR APARTMENTS
us-nyc,United States,New York,USD,375000.0,nan,2025-04-04,nyc_dof_rolling_sales,nan,,,,1962,,,13 CONDOS - ELEVATOR APARTMENTS,TOMPKINSVILLE,"55 AUSTIN PLACE, 5P",13 CONDOS - ELEVATOR APARTMENTS
us-nyc,United States,New York,USD,300000.0,nan,2025-02-26,nyc_dof_rolling_sales,nan,,,,1962,,,13 CONDOS - ELEVATOR APARTMENTS,TOMPKINSVILLE,"55 AUSTIN PLACE, 6H",13 CONDOS - ELEVATOR APARTMENTS
us-nyc,United States,New York,USD,330000.0,nan,2025-10-29,nyc_dof_rolling_sales,nan,,,,1962,,,13 CONDOS - ELEVATOR APARTMENTS,TOMPKINSVILLE,"55 AUSTIN PLACE, 7M",13 CONDOS - ELEVATOR APARTMENTS
us-nyc,United States,New York,USD,1050000.0,517.283904,2025-06-05,nyc_dof_rolling_sales,517.283904,,,,1930,,,21 OFFICE BUILDINGS,TOMPKINSVILLE,15 ST PAULS AVENUE,21 OFFICE BUILDINGS
us-nyc,United States,New York,USD,2000000.0,311.782468,2025-05-21,nyc_dof_rolling_sales,311.782468,,,,2009,,,01 ONE FAMILY DWELLINGS,TOTTENVILLE,27 BELWOOD LOOP,01 ONE FAMILY DWELLINGS
us-nyc,United States,New York,USD,1300000.0,257.34131,2025-11-13,nyc_dof_rolling_sales,257.34131,,,,2012,,,01 ONE FAMILY DWELLINGS,TOTTENVILLE,80 BELWOOD LOOP,01 ONE FAMILY DWELLINGS
us-nyc,United States,New York,USD,2400000.0,358.60558,2025-02-26,nyc_dof_rolling_sales,358.60558,,,,2011,,,01 ONE FAMILY DWELLINGS,TOTTENVILLE,25 LEONELLO LANE,01 ONE FAMILY DWELLINGS
us-nyc,United States,New York,USD,1240000.0,258.363243,2025-10-24,nyc_dof_rolling_sales,258.363243,,,,2019,,,01 ONE FAMILY DWELLINGS,TOTTENVILLE,428 PAGE AVENUE,01 ONE FAMILY DWELLINGS
us-nyc,United States,New York,USD,1275000.0,231.607179,2025-06-30,nyc_dof_rolling_sales,231.607179,,,,2019,,,01 ONE FAMILY DWELLINGS,TOTTENVILLE,394 PAGE AVENUE,01 ONE FAMILY DWELLINGS
us-nyc,United States,New York,USD,1500000.0,422.522844,2025-07-08,nyc_dof_rolling_sales,422.522844,,,,2019,,,01 ONE FAMILY DWELLINGS,TOTTENVILLE,211 CHEEVERS LANE,01 ONE FAMILY DWELLINGS
us-nyc,United States,New York,USD,1200000.0,423.63768,2025-02-21,nyc_dof_rolling_sales,423.63768,,,,1988,,,01 ONE FAMILY DWELLINGS,TOTTENVILLE,66 HAYWOOD STREET,01 ONE FAMILY DWELLINGS
us-nyc,United States,New York,USD,1520000.0,434.78604,2025-01-06,nyc_dof_rolling_sales,434.78604,,,,1988,,,01 ONE FAMILY DWELLINGS,TOTTENVILLE,35 POE STREET,01 ONE FAMILY DWELLINGS
us-nyc,United States,New York,USD,670970.0,387.40551,2025-08-14,nyc_dof_rolling_sales,387.40551,,,,2002,,,01 ONE FAMILY DWELLINGS,TOTTENVILLE,7126 AMBOY ROAD,01 ONE FAMILY DWELLINGS
us-nyc,United States,New York,USD,825000.0,133.78032,2025-01-17,nyc_dof_rolling_sales,133.78032,,,,1950,,,01 ONE FAMILY DWELLINGS,TOTTENVILLE,28 JOLINE LANE,01 ONE FAMILY DWELLINGS
us-nyc,United States,New York,USD,950000.0,207.080787,2025-04-30,nyc_dof_rolling_sales,207.080787,,,,2005,,,01 ONE FAMILY DWELLINGS,TOTTENVILLE,91 SPRAGUE AVENUE,01 ONE FAMILY DWELLINGS
us-nyc,United States,New York,USD,783750.0,81.75464,2025-06-06,nyc_dof_rolling_sales,81.75464,,,,1920,,,01 ONE FAMILY DWELLINGS,TOTTENVILLE,362 BREHAUT AVENUE,01 ONE FAMILY DWELLINGS
us-nyc,United States,New York,USD,1240000.0,185.806,2025-03-14,nyc_dof_rolling_sales,185.806,,,,2002,,,01 ONE FAMILY DWELLINGS,TOTTENVILLE,355 BREHAUT AVENUE,01 ONE FAMILY DWELLINGS
us-nyc,United States,New York,USD,515000.0,78.03852,2025-04-01,nyc_dof_rolling_sales,78.03852,,,,1940,,,01 ONE FAMILY DWELLINGS,TOTTENVILLE,39 SPRAGUE AVENUE,01 ONE FAMILY DWELLINGS
us-nyc,United States,New York,USD,575000.0,159.421548,2025-04-14,nyc_dof_rolling_sales,159.421548,,,,1990,,,01 ONE FAMILY DWELLINGS,TOTTENVILLE,237 LORETTO STREET,01 ONE FAMILY DWELLINGS
us-nyc,United States,New York,USD,569000.0,139.633209,2025-09-10,nyc_dof_rolling_sales,139.633209,,,,1990,,,01 ONE FAMILY DWELLINGS,TOTTENVILLE,241 LORETTO STREET,01 ONE FAMILY DWELLINGS
us-nyc,United States,New York,USD,565000.0,139.633209,2025-07-16,nyc_dof_rolling_sales,139.633209,,,,1990,,,01 ONE FAMILY DWELLINGS,TOTTENVILLE,259 LORETTO STREET,01 ONE FAMILY DWELLINGS
us-nyc,United States,New York,USD,560000.0,77.295296,2025-01-30,nyc_dof_rolling_sales,77.295296,,,,1989,,,01 ONE FAMILY DWELLINGS,TOTTENVILLE,17 SEA CREST LANE,01 ONE FAMILY DWELLINGS
us-nyc,United States,New York,USD,555000.0,102.1933,2025-07-18,nyc_dof_rolling_sales,102.1933,,,,1999,,,01 ONE FAMILY DWELLINGS,TOTTENVILLE,36 WINDING WOODS LOOP,01 ONE FAMILY DWELLINGS
us-nyc,United States,New York,USD,499000.0,86.39979,2025-05-09,nyc_dof_rolling_sales,86.39979,,,,1994,,,01 ONE FAMILY DWELLINGS,TOTTENVILLE,67 WILDWOOD,01 ONE FAMILY DWELLINGS
us-nyc,United States,New York,USD,465000.0,70.234668,2025-03-14,nyc_dof_rolling_sales,70.234668,,,,1990,,,01 ONE FAMILY DWELLINGS,TOTTENVILLE,18 SEA CREST LANE,01 ONE FAMILY DWELLINGS
us-nyc,United States,New York,USD,485000.0,92.624291,2025-01-06,nyc_dof_rolling_sales,92.624291,,,,1995,,,01 ONE FAMILY DWELLINGS,TOTTENVILLE,39 SANDY LANE,01 ONE FAMILY DWELLINGS
us-nyc,United States,New York,USD,10.0,137.49644,2025-07-29,nyc_dof_rolling_sales,137.49644,,,,1994,,,01 ONE FAMILY DWELLINGS,TOTTENVILLE,300 LORETTO STREET,01 ONE FAMILY DWELLINGS
us-nyc,United States,New York,USD,780000.0,137.49644,2025-10-10,nyc_dof_rolling_sales,137.49644,,,,1994,,,01 ONE FAMILY DWELLINGS,TOTTENVILLE,579 ROCKAWAY STREET,01 ONE FAMILY DWELLINGS
us-nyc,United States,New York,USD,760000.0,156.07704,2025-04-02,nyc_dof_rolling_sales,156.07704,,,,2002,,,01 ONE FAMILY DWELLINGS,TOTTENVILLE,537 YETMAN AVENUE,01 ONE FAMILY DWELLINGS
us-nyc,United States,New York,USD,2500000.0,243.777472,2025-05-21,nyc_dof_rolling_sales,243.777472,,,,1920,,,01 ONE FAMILY DWELLINGS,TOTTENVILLE,82 SPRAGUE AVENUE,01 ONE FAMILY DWELLINGS
us-nyc,United States,New York,USD,750000.0,92.903,2025-06-02,nyc_dof_rolling_sales,92.903,,,,1945,,,01 ONE FAMILY DWELLINGS,TOTTENVILLE,357 SLEIGHT AVENUE,01 ONE FAMILY DWELLINGS
us-nyc,United States,New York,USD,1050000.0,299.519272,2025-04-28,nyc_dof_rolling_sales,299.519272,,,,1899,,,01 ONE FAMILY DWELLINGS,TOTTENVILLE,24 SPRAGUE AVENUE,01 ONE FAMILY DWELLINGS
us-nyc,United States,New York,USD,635000.0,100.521046,2025-09-05,nyc_dof_rolling_sales,100.521046,,,,2016,,,01 ONE FAMILY DWELLINGS,TOTTENVILLE,668 YETMAN AVENUE,01 ONE FAMILY DWELLINGS
us-nyc,United States,New York,USD,765000.0,167.2254,2025-05-19,nyc_dof_rolling_sales,167.2254,,,,1994,,,01 ONE FAMILY DWELLINGS,TOTTENVILLE,670 YETMAN AVENUE,01 ONE FAMILY DWELLINGS
us-nyc,United States,New York,USD,700000.0,122.817766,2025-03-14,nyc_dof_rolling_sales,122.817766,,,,1984,,,01 ONE FAMILY DWELLINGS,TOTTENVILLE,358 MANHATTAN STREET,01 ONE FAMILY DWELLINGS
us-nyc,United States,New York,USD,1325000.0,78.317229,2025-05-13,nyc_dof_rolling_sales,78.317229,,,,1945,,,01 ONE FAMILY DWELLINGS,TOTTENVILLE,411 YETMAN AVENUE,01 ONE FAMILY DWELLINGS
us-nyc,United States,New York,USD,735000.0,109.997152,2025-11-13,nyc_dof_rolling_sales,109.997152,,,,1935,,,01 ONE FAMILY DWELLINGS,TOTTENVILLE,434 YETMAN AVENUE,01 ONE FAMILY DWELLINGS
us-nyc,United States,New York,USD,590000.0,107.024256,2025-07-16,nyc_dof_rolling_sales,107.024256,,,,1965,,,01 ONE FAMILY DWELLINGS,TOTTENVILLE,189 MANHATTAN STREET,01 ONE FAMILY DWELLINGS
us-nyc,United States,New York,USD,650000.0,106.281032,2025-03-24,nyc_dof_rolling_sales,106.281032,,,,1915,,,01 ONE FAMILY DWELLINGS,TOTTENVILLE,364 SLEIGHT AVENUE,01 ONE FAMILY DWELLINGS
us-nyc,United States,New York,USD,520000.0,114.549399,2025-03-26,nyc_dof_rolling_sales,114.549399,,,,2005,,,01 ONE FAMILY DWELLINGS,TOTTENVILLE,7382E AMBOY ROAD,01 ONE FAMILY DWELLINGS
us-nyc,United States,New York,USD,605000.0,89.18688,2025-04-10,nyc_dof_rolling_sales,89.18688,,,,1965,,,01 ONE FAMILY DWELLINGS,TOTTENVILLE,404 MAIN STREET,01 ONE FAMILY DWELLINGS
us-nyc,United States,New York,USD,790000.0,102.1933,2025-02-21,nyc_dof_rolling_sales,102.1933,,,,1965,,,01 ONE FAMILY DWELLINGS,TOTTENVILLE,323 MAIN STREET,01 ONE FAMILY DWELLINGS
us-nyc,United States,New York,USD,10.0,306.858609,2025-01-07,nyc_dof_rolling_sales,306.858609,,,,1991,,,01 ONE FAMILY DWELLINGS,TOTTENVILLE,254 FINLAY STREET,01 ONE FAMILY DWELLINGS
us-nyc,United States,New York,USD,1400000.0,320.51535,2025-05-02,nyc_dof_rolling_sales,320.51535,,,,1994,,,01 ONE FAMILY DWELLINGS,TOTTENVILLE,227 CONNECTICUT STREET,01 ONE FAMILY DWELLINGS
us-nyc,United States,New York,USD,800000.0,232.2575,2025-01-29,nyc_dof_rolling_sales,232.2575,,,,1985,,,01 ONE FAMILY DWELLINGS,TOTTENVILLE,115 ASPINWALL STREET,01 ONE FAMILY DWELLINGS
us-nyc,United States,New York,USD,550000.0,102.1933,2025-06-20,nyc_dof_rolling_sales,102.1933,,,,1960,,,01 ONE FAMILY DWELLINGS,TOTTENVILLE,7610 AMBOY ROAD,01 ONE FAMILY DWELLINGS
us-nyc,United States,New York,USD,875000.0,184.505358,2025-04-30,nyc_dof_rolling_sales,184.505358,,,,1925,,,01 ONE FAMILY DWELLINGS,TOTTENVILLE,7638 AMBOY ROAD,01 ONE FAMILY DWELLINGS
us-nyc,United States,New York,USD,598888.0,297.2896,2025-03-14,nyc_dof_rolling_sales,297.2896,,,,1995,,,01 ONE FAMILY DWELLINGS,TOTTENVILLE,242 CONNECTICUT STREET,01 ONE FAMILY DWELLINGS
us-nyc,United States,New York,USD,500000.0,185.806,2025-09-19,nyc_dof_rolling_sales,185.806,,,,1988,,,01 ONE FAMILY DWELLINGS,TOTTENVILLE,92 CONNECTICUT STREET,01 ONE FAMILY DWELLINGS
us-nyc,United States,New York,USD,527000.0,89.18688,2025-03-31,nyc_dof_rolling_sales,89.18688,,,,1920,,,01 ONE FAMILY DWELLINGS,TOTTENVILLE,15 SATTERLEE STREET,01 ONE FAMILY DWELLINGS
us-nyc,United States,New York,USD,580403.0,245.449726,2025-08-26,nyc_dof_rolling_sales,245.449726,,,,2005,,,01 ONE FAMILY DWELLINGS,TOTTENVILLE,4 WOOD LANE,01 ONE FAMILY DWELLINGS
us-nyc,United States,New York,USD,30000.0,114.456496,2025-04-24,nyc_dof_rolling_sales,114.456496,,,,1910,,,01 ONE FAMILY DWELLINGS,TOTTENVILLE,61 GIRARD STREET,01 ONE FAMILY DWELLINGS
us-nyc,United States,New York,USD,525000.0,156.07704,2025-06-17,nyc_dof_rolling_sales,156.07704,,,,1988,,,01 ONE FAMILY DWELLINGS,TOTTENVILLE,22 GIRARD STREET,01 ONE FAMILY DWELLINGS
us-nyc,United States,New York,USD,510000.0,167.2254,2025-10-31,nyc_dof_rolling_sales,167.2254,,,,1988,,,01 ONE FAMILY DWELLINGS,TOTTENVILLE,42 GIRARD STREET,01 ONE FAMILY DWELLINGS
us-nyc,United States,New York,USD,647000.0,171.684744,2025-04-01,nyc_dof_rolling_sales,171.684744,,,,1901,,,01 ONE FAMILY DWELLINGS,TOTTENVILLE,60 TYRRELL STREET,01 ONE FAMILY DWELLINGS
us-nyc,United States,New York,USD,499000.0,157.9351,2025-08-05,nyc_dof_rolling_sales,157.9351,,,,1998,,,01 ONE FAMILY DWELLINGS,TOTTENVILLE,30 CONFERENCE COURT,01 ONE FAMILY DWELLINGS
us-nyc,United States,New York,USD,880000.0,198.998226,2025-05-01,nyc_dof_rolling_sales,198.998226,,,,1901,,,01 ONE FAMILY DWELLINGS,TOTTENVILLE,5461 ARTHUR KILL ROAD,01 ONE FAMILY DWELLINGS
us-nyc,United States,New York,USD,811000.0,131.550648,2025-01-30,nyc_dof_rolling_sales,131.550648,,,,1925,,,01 ONE FAMILY DWELLINGS,TOTTENVILLE,5 HOPPING AVENUE,01 ONE FAMILY DWELLINGS
us-nyc,United States,New York,USD,1410000.0,450.765356,2025-07-01,nyc_dof_rolling_sales,450.765356,,,,1995,,,01 ONE FAMILY DWELLINGS,TOTTENVILLE,25 AVIVA COURT,01 ONE FAMILY DWELLINGS
us-nyc,United States,New York,USD,710000.0,116.314556,2025-10-30,nyc_dof_rolling_sales,116.314556,,,,1915,,,01 ONE FAMILY DWELLINGS,TOTTENVILLE,22 MURRAY STREET,01 ONE FAMILY DWELLINGS
us-nyc,United States,New York,USD,1100000.0,222.9672,2025-07-15,nyc_dof_rolling_sales,222.9672,,,,2001,,,01 ONE FAMILY DWELLINGS,TOTTENVILLE,59 LION STREET,01 ONE FAMILY DWELLINGS
us-nyc,United States,New York,USD,459000.0,76.644975,2025-03-25,nyc_dof_rolling_sales,76.644975,,,,1931,,,01 ONE FAMILY DWELLINGS,TOTTENVILLE,13 MAIDEN LANE,01 ONE FAMILY DWELLINGS
us-nyc,United States,New York,USD,10.0,126.34808,2025-07-30,nyc_dof_rolling_sales,126.34808,,,,1915,,,01 ONE FAMILY DWELLINGS,TOTTENVILLE,185 FISHER AVENUE,01 ONE FAMILY DWELLINGS
us-nyc,United States,New York,USD,738000.0,175.122155,2025-10-15,nyc_dof_rolling_sales,175.122155,,,,1899,,,01 ONE FAMILY DWELLINGS,TOTTENVILLE,133 FISHER AVENUE,01 ONE FAMILY DWELLINGS
us-nyc,United States,New York,USD,935000.0,232.629112,2025-04-23,nyc_dof_rolling_sales,232.629112,,,,1901,,,01 ONE FAMILY DWELLINGS,TOTTENVILLE,121 WOOD AVENUE,01 ONE FAMILY DWELLINGS
us-nyc,United States,New York,USD,200000.0,126.812595,2025-07-23,nyc_dof_rolling_sales,126.812595,,,,1901,,,01 ONE FAMILY DWELLINGS,TOTTENVILLE,186 FISHER AVENUE,01 ONE FAMILY DWELLINGS
us-nyc,United States,New York,USD,779000.0,75.065624,2025-09-16,nyc_dof_rolling_sales,75.065624,,,,1901,,,01 ONE FAMILY DWELLINGS,TOTTENVILLE,171 LEE AVENUE,01 ONE FAMILY DWELLINGS
us-nyc,United States,New York,USD,975000.0,195.09629999999999,2025-04-17,nyc_dof_rolling_sales,195.09629999999999,,,,2005,,,01 ONE FAMILY DWELLINGS,TOTTENVILLE,162 WOOD AVENUE,01 ONE FAMILY DWELLINGS
us-nyc,United States,New York,USD,746500.0,190.172441,2025-03-10,nyc_dof_rolling_sales,190.172441,,,,1901,,,01 ONE FAMILY DWELLINGS,TOTTENVILLE,5356 ARTHUR KILL ROAD,01 ONE FAMILY DWELLINGS
us-nyc,United States,New York,USD,500000.0,150.50286,2025-01-17,nyc_dof_rolling_sales,150.50286,,,,1901,,,01 ONE FAMILY DWELLINGS,TOTTENVILLE,5396 ARTHUR KILL ROAD,01 ONE FAMILY DWELLINGS
us-nyc,United States,New York,USD,1350000.0,354.703654,2025-08-12,nyc_dof_rolling_sales,354.703654,,,,1901,,,01 ONE FAMILY DWELLINGS,TOTTENVILLE,535 CRAIG AVENUE,01 ONE FAMILY DWELLINGS
us-nyc,United States,New York,USD,796950.0,114.828108,2025-01-29,nyc_dof_rolling_sales,114.828108,,,,1920,,,01 ONE FAMILY DWELLINGS,TOTTENVILLE,255 BREHAUT AVENUE,01 ONE FAMILY DWELLINGS
us-nyc,United States,New York,USD,880000.0,90.301716,2025-08-13,nyc_dof_rolling_sales,90.301716,,,,1965,,,01 ONE FAMILY DWELLINGS,TOTTENVILLE,126 CRAIG AVENUE,01 ONE FAMILY DWELLINGS
us-nyc,United States,New York,USD,1050000.0,90.301716,2025-05-20,nyc_dof_rolling_sales,90.301716,,,,1965,,,01 ONE FAMILY DWELLINGS,TOTTENVILLE,126 CRAIG AVENUE,01 ONE FAMILY DWELLINGS
us-nyc,United States,New York,USD,10.0,278.523194,2025-02-26,nyc_dof_rolling_sales,278.523194,,,,1983,,,01 ONE FAMILY DWELLINGS,TOTTENVILLE,104 NASHVILLE STREET,01 ONE FAMILY DWELLINGS
us-nyc,United States,New York,USD,200000.0,109.62554,2025-06-19,nyc_dof_rolling_sales,109.62554,,,,1910,,,01 ONE FAMILY DWELLINGS,TOTTENVILLE,227 BARNARD AVENUE,01 ONE FAMILY DWELLINGS
us-nyc,United States,New York,USD,600000.0,98.105568,2025-02-03,nyc_dof_rolling_sales,98.105568,,,,1965,,,01 ONE FAMILY DWELLINGS,TOTTENVILLE,214 BREHAUT AVENUE,01 ONE FAMILY DWELLINGS
us-nyc,United States,New York,USD,865000.0,133.78032,2025-07-09,nyc_dof_rolling_sales,133.78032,,,,1997,,,01 ONE FAMILY DWELLINGS,TOTTENVILLE,269 FISHER AVENUE,01 ONE FAMILY DWELLINGS
us-nyc,United States,New York,USD,312500.0,127.091304,2025-08-19,nyc_dof_rolling_sales,127.091304,,,,1945,,,01 ONE FAMILY DWELLINGS,TOTTENVILLE,224 FISHER AVENUE,01 ONE FAMILY DWELLINGS
us-nyc,United States,New York,USD,999999.0,294.130898,2025-07-09,nyc_dof_rolling_sales,294.130898,,,,1920,,,01 ONE FAMILY DWELLINGS,TOTTENVILLE,197 JOHNSON AVENUE,01 ONE FAMILY DWELLINGS
us-nyc,United States,New York,USD,1550000.0,408.7732,2025-10-28,nyc_dof_rolling_sales,408.7732,,,,1995,,,02 TWO FAMILY DWELLINGS,TOTTENVILLE,10 SPRUCE COURT,02 TWO FAMILY DWELLINGS
us-nyc,United States,New York,USD,1465000.0,204.3866,2025-11-13,nyc_dof_rolling_sales,204.3866,,,,2001,,,02 TWO FAMILY DWELLINGS,TOTTENVILLE,31 DELL COURT,02 TWO FAMILY DWELLINGS
us-nyc,United States,New York,USD,1800000.0,315.8702,2025-11-06,nyc_dof_rolling_sales,315.8702,,,,2000,,,02 TWO FAMILY DWELLINGS,TOTTENVILLE,11 LULU COURT,02 TWO FAMILY DWELLINGS
us-nyc,United States,New York,USD,2500000.0,380.9023,2025-11-18,nyc_dof_rolling_sales,380.9023,,,,2001,,,02 TWO FAMILY DWELLINGS,TOTTENVILLE,327 SPRAGUE AVENUE,02 TWO FAMILY DWELLINGS
us-nyc,United States,New York,USD,999000.0,250.8381,2025-08-28,nyc_dof_rolling_sales,250.8381,,,,2005,,,02 TWO FAMILY DWELLINGS,TOTTENVILLE,303 SPRAGUE AVENUE,02 TWO FAMILY DWELLINGS
us-nyc,United States,New York,USD,1800000.0,273.13482,2025-10-02,nyc_dof_rolling_sales,273.13482,,,,1983,,,02 TWO FAMILY DWELLINGS,TOTTENVILLE,81 SPRAGUE AVENUE,02 TWO FAMILY DWELLINGS
us-nyc,United States,New York,USD,1050000.0,189.243411,2025-07-09,nyc_dof_rolling_sales,189.243411,,,,2004,,,02 TWO FAMILY DWELLINGS,TOTTENVILLE,66 JOLINE AVENUE,02 TWO FAMILY DWELLINGS
us-nyc,United States,New York,USD,1004051.0,239.68974,2025-09-24,nyc_dof_rolling_sales,239.68974,,,,1984,,,02 TWO FAMILY DWELLINGS,TOTTENVILLE,94 JOLINE AVENUE,02 TWO FAMILY DWELLINGS
us-nyc,United States,New York,USD,835000.0,180.04601399999999,2025-09-04,nyc_dof_rolling_sales,180.04601399999999,,,,1940,,,02 TWO FAMILY DWELLINGS,TOTTENVILLE,29 TRUMAN STREET,02 TWO FAMILY DWELLINGS
us-nyc,United States,New York,USD,835000.0,140.469336,2025-09-11,nyc_dof_rolling_sales,140.469336,,,,2001,,,02 TWO FAMILY DWELLINGS,TOTTENVILLE,5 SPRAGUE AVENUE,02 TWO FAMILY DWELLINGS
us-nyc,United States,New York,USD,1325000.0,195.375009,2025-11-20,nyc_dof_rolling_sales,195.375009,,,,2006,,,02 TWO FAMILY DWELLINGS,TOTTENVILLE,660 ROCKAWAY STREET,02 TWO FAMILY DWELLINGS
us-nyc,United States,New York,USD,1160000.0,213.6769,2025-01-08,nyc_dof_rolling_sales,213.6769,,,,1988,,,02 TWO FAMILY DWELLINGS,TOTTENVILLE,611 YETMAN AVENUE,02 TWO FAMILY DWELLINGS
us-nyc,United States,New York,USD,775000.0,212.562064,2025-05-06,nyc_dof_rolling_sales,212.562064,,,,1930,,,02 TWO FAMILY DWELLINGS,TOTTENVILLE,114 SPRAGUE AVENUE,02 TWO FAMILY DWELLINGS
us-nyc,United States,New York,USD,1225000.0,200.67048,2025-03-28,nyc_dof_rolling_sales,200.67048,,,,2001,,,02 TWO FAMILY DWELLINGS,TOTTENVILLE,15 PETUNIA COURT,02 TWO FAMILY DWELLINGS
us-nyc,United States,New York,USD,875000.0,254.182608,2025-05-08,nyc_dof_rolling_sales,254.182608,,,,2001,,,02 TWO FAMILY DWELLINGS,TOTTENVILLE,34 DELIA COURT,02 TWO FAMILY DWELLINGS
us-nyc,United States,New York,USD,1400000.0,378.579725,2025-07-28,nyc_dof_rolling_sales,378.579725,,,,2006,,,02 TWO FAMILY DWELLINGS,TOTTENVILLE,376 MANHATTAN STREET,02 TWO FAMILY DWELLINGS
us-nyc,United States,New York,USD,2030000.0,398.182258,2025-09-15,nyc_dof_rolling_sales,398.182258,,,,1989,,,02 TWO FAMILY DWELLINGS,TOTTENVILLE,261 CHELSEA STREET,02 TWO FAMILY DWELLINGS
us-nyc,United States,New York,USD,1100000.0,204.3866,2025-08-22,nyc_dof_rolling_sales,204.3866,,,,2000,,,02 TWO FAMILY DWELLINGS,TOTTENVILLE,384 YETMAN AVENUE,02 TWO FAMILY DWELLINGS
us-nyc,United States,New York,USD,1260000.0,206.802078,2025-09-04,nyc_dof_rolling_sales,206.802078,,,,2008,,,02 TWO FAMILY DWELLINGS,TOTTENVILLE,183 BRIGHTON STREET,02 TWO FAMILY DWELLINGS
us-nyc,United States,New York,USD,1279000.0,261.98646,2025-08-14,nyc_dof_rolling_sales,261.98646,,,,1988,,,02 TWO FAMILY DWELLINGS,TOTTENVILLE,165 CHELSEA STREET,02 TWO FAMILY DWELLINGS
us-nyc,United States,New York,USD,990000.0,297.847018,2025-01-21,nyc_dof_rolling_sales,297.847018,,,,1992,,,02 TWO FAMILY DWELLINGS,TOTTENVILLE,341 SWINNERTON STREET,02 TWO FAMILY DWELLINGS
us-nyc,United States,New York,USD,1392500.0,254.182608,2025-11-03,nyc_dof_rolling_sales,254.182608,,,,2001,,,02 TWO FAMILY DWELLINGS,TOTTENVILLE,237 SWINNERTON STREET,02 TWO FAMILY DWELLINGS
us-nyc,United States,New York,USD,930000.0,221.480752,2025-06-24,nyc_dof_rolling_sales,221.480752,,,,2024,,,02 TWO FAMILY DWELLINGS,TOTTENVILLE,N/A CHELSEA STREET,02 TWO FAMILY DWELLINGS
us-nyc,United States,New York,USD,855000.0,273.13482,2025-03-28,nyc_dof_rolling_sales,273.13482,,,,1990,,,02 TWO FAMILY DWELLINGS,TOTTENVILLE,274 MAIN STREET,02 TWO FAMILY DWELLINGS
us-nyc,United States,New York,USD,850000.0,260.685818,2025-12-09,nyc_dof_rolling_sales,260.685818,,,,1985,,,02 TWO FAMILY DWELLINGS,TOTTENVILLE,68 SWINNERTON STREET,02 TWO FAMILY DWELLINGS
us-nyc,United States,New York,USD,1135000.0,235.23039599999998,2025-01-08,nyc_dof_rolling_sales,235.23039599999998,,,,1985,,,02 TWO FAMILY DWELLINGS,TOTTENVILLE,7324 HYLAN BOULEVARD,02 TWO FAMILY DWELLINGS
us-nyc,United States,New York,USD,1300000.0,202.064025,2025-01-10,nyc_dof_rolling_sales,202.064025,,,,1999,,,02 TWO FAMILY DWELLINGS,TOTTENVILLE,138 FINLAY STREET,02 TWO FAMILY DWELLINGS
us-nyc,United States,New York,USD,1645000.0,359.53461,2025-06-11,nyc_dof_rolling_sales,359.53461,,,,2000,,,02 TWO FAMILY DWELLINGS,TOTTENVILLE,61 ASPINWALL STREET,02 TWO FAMILY DWELLINGS
us-nyc,United States,New York,USD,1350000.0,278.709,2025-08-19,nyc_dof_rolling_sales,278.709,,,,1995,,,02 TWO FAMILY DWELLINGS,TOTTENVILLE,184 CONNECTICUT STREET,02 TWO FAMILY DWELLINGS
us-nyc,United States,New York,USD,1455000.0,380.9023,2025-01-07,nyc_dof_rolling_sales,380.9023,,,,1986,,,02 TWO FAMILY DWELLINGS,TOTTENVILLE,326 SHORE ROAD,02 TWO FAMILY DWELLINGS
us-nyc,United States,New York,USD,10.0,185.806,2025-07-18,nyc_dof_rolling_sales,185.806,,,,2001,,,02 TWO FAMILY DWELLINGS,TOTTENVILLE,60 MEAGAN LOOP,02 TWO FAMILY DWELLINGS
us-nyc,United States,New York,USD,1175000.0,226.68332,2025-07-21,nyc_dof_rolling_sales,226.68332,,,,2019,,,02 TWO FAMILY DWELLINGS,TOTTENVILLE,5407 ARTHUR KILL ROAD,02 TWO FAMILY DWELLINGS
us-nyc,United States,New York,USD,10.0,640.10167,2025-05-14,nyc_dof_rolling_sales,640.10167,,,,1955,,,02 TWO FAMILY DWELLINGS,TOTTENVILLE,69 HOPPING AVENUE,02 TWO FAMILY DWELLINGS
us-nyc,United States,New York,USD,1227500.0,265.238065,2025-07-28,nyc_dof_rolling_sales,265.238065,,,,2001,,,02 TWO FAMILY DWELLINGS,TOTTENVILLE,170 BREHAUT AVENUE,02 TWO FAMILY DWELLINGS
us-nyc,United States,New York,USD,975000.0,234.11556,2025-08-27,nyc_dof_rolling_sales,234.11556,,,,1950,,,02 TWO FAMILY DWELLINGS,TOTTENVILLE,164 LEE AVENUE,02 TWO FAMILY DWELLINGS
us-nyc,United States,New York,USD,1250000.0,395.302265,2025-10-08,nyc_dof_rolling_sales,395.302265,,,,2004,,,02 TWO FAMILY DWELLINGS,TOTTENVILLE,5362 ARTHUR KILL ROAD,02 TWO FAMILY DWELLINGS
us-nyc,United States,New York,USD,782500.0,139.3545,2025-01-16,nyc_dof_rolling_sales,139.3545,,,,1997,,,02 TWO FAMILY DWELLINGS,TOTTENVILLE,467 CRAIG AVENUE,02 TWO FAMILY DWELLINGS
us-nyc,United States,New York,USD,1221900.0,227.240738,2025-10-16,nyc_dof_rolling_sales,227.240738,,,,2025,,,02 TWO FAMILY DWELLINGS,TOTTENVILLE,N/A BUTLER AVENUE,02 TWO FAMILY DWELLINGS
us-nyc,United States,New York,USD,977520.0,227.240738,2025-11-06,nyc_dof_rolling_sales,227.240738,,,,2025,,,02 TWO FAMILY DWELLINGS,TOTTENVILLE,137 BUTLER AVENUE,02 TWO FAMILY DWELLINGS
us-nyc,United States,New York,USD,1058980.0,227.51944699999999,2025-11-06,nyc_dof_rolling_sales,227.51944699999999,,,,2025,,,02 TWO FAMILY DWELLINGS,TOTTENVILLE,133 BUTLER AVENUE,02 TWO FAMILY DWELLINGS
us-nyc,United States,New York,USD,975000.0,305.65087,2025-05-07,nyc_dof_rolling_sales,305.65087,,,,2001,,,02 TWO FAMILY DWELLINGS,TOTTENVILLE,10 SIMON COURT,02 TWO FAMILY DWELLINGS
us-nyc,United States,New York,USD,1049000.0,246.19295,2025-05-28,nyc_dof_rolling_sales,246.19295,,,,2000,,,02 TWO FAMILY DWELLINGS,TOTTENVILLE,23 FERGUSON COURT,02 TWO FAMILY DWELLINGS
us-nyc,United States,New York,USD,999000.0,269.4187,2025-11-21,nyc_dof_rolling_sales,269.4187,,,,2000,,,02 TWO FAMILY DWELLINGS,TOTTENVILLE,24 FERGUSON COURT,02 TWO FAMILY DWELLINGS
us-nyc,United States,New York,USD,1325000.0,250.8381,2025-09-18,nyc_dof_rolling_sales,250.8381,,,,2001,,,02 TWO FAMILY DWELLINGS,TOTTENVILLE,6 HALE STREET,02 TWO FAMILY DWELLINGS
us-nyc,United States,New York,USD,1080000.0,290.78639,2025-05-12,nyc_dof_rolling_sales,290.78639,,,,2004,,,02 TWO FAMILY DWELLINGS,TOTTENVILLE,112 LENHART STREET,02 TWO FAMILY DWELLINGS
us-nyc,United States,New York,USD,1020000.0,262.079363,2025-02-11,nyc_dof_rolling_sales,262.079363,,,,2005,,,02 TWO FAMILY DWELLINGS,TOTTENVILLE,68 CRAIG AVENUE,02 TWO FAMILY DWELLINGS
us-nyc,United States,New York,USD,1265000.0,374.306187,2025-01-27,nyc_dof_rolling_sales,374.306187,,,,2001,,,02 TWO FAMILY DWELLINGS,TOTTENVILLE,229 YETMAN AVENUE,02 TWO FAMILY DWELLINGS
us-nyc,United States,New York,USD,775000.0,169.455072,2025-08-26,nyc_dof_rolling_sales,169.455072,,,,1899,,,02 TWO FAMILY DWELLINGS,TOTTENVILLE,195 YETMAN AVENUE,02 TWO FAMILY DWELLINGS
us-nyc,United States,New York,USD,1300000.0,253.439384,2025-11-03,nyc_dof_rolling_sales,253.439384,,,,2025,,,02 TWO FAMILY DWELLINGS,TOTTENVILLE,155 BENTLEY STREET,02 TWO FAMILY DWELLINGS
us-nyc,United States,New York,USD,1327500.0,253.439384,2025-11-03,nyc_dof_rolling_sales,253.439384,,,,2025,,,02 TWO FAMILY DWELLINGS,TOTTENVILLE,151 BENTLEY STREET,02 TWO FAMILY DWELLINGS
us-nyc,United States,New York,USD,547695.0,nan,2025-02-13,nyc_dof_rolling_sales,nan,,,,1988,,,04 TAX CLASS 1 CONDOS,TOTTENVILLE,"372 SPRAGUE AVENUE, 34",04 TAX CLASS 1 CONDOS
us-nyc,United States,New York,USD,455000.0,nan,2025-10-03,nyc_dof_rolling_sales,nan,,,,1988,,,04 TAX CLASS 1 CONDOS,TOTTENVILLE,"221 WINDING WOODS LOOP, 55",04 TAX CLASS 1 CONDOS
us-nyc,United States,New York,USD,439000.0,nan,2025-06-11,nyc_dof_rolling_sales,nan,,,,1988,,,04 TAX CLASS 1 CONDOS,TOTTENVILLE,"207 WINDING WOODS LOOP, 82",04 TAX CLASS 1 CONDOS
us-nyc,United States,New York,USD,380000.0,nan,2025-06-30,nyc_dof_rolling_sales,nan,,,,1988,,,04 TAX CLASS 1 CONDOS,TOTTENVILLE,"110 SURFSIDE PLAZA, 88",04 TAX CLASS 1 CONDOS
us-nyc,United States,New York,USD,230000.0,nan,2025-01-13,nyc_dof_rolling_sales,nan,,,,1988,,,04 TAX CLASS 1 CONDOS,TOTTENVILLE,"120 SURFSIDE PLAZA, 93",04 TAX CLASS 1 CONDOS
us-nyc,United States,New York,USD,475000.0,nan,2025-07-10,nyc_dof_rolling_sales,nan,,,,1988,,,04 TAX CLASS 1 CONDOS,TOTTENVILLE,"156 SURFSIDE PLAZA, 100",04 TAX CLASS 1 CONDOS
us-nyc,United States,New York,USD,564438.0,193.981464,2025-01-21,nyc_dof_rolling_sales,193.981464,,,,1945,,,22 STORE BUILDINGS,TOTTENVILLE,7420 AMBOY ROAD,22 STORE BUILDINGS
us-nyc,United States,New York,USD,745000.0,106.281032,2025-06-04,nyc_dof_rolling_sales,106.281032,,,,1955,,,01 ONE FAMILY DWELLINGS,TRAVIS,3880 VICTORY BOULEVARD,01 ONE FAMILY DWELLINGS
us-nyc,United States,New York,USD,390390.0,111.669406,2025-07-31,nyc_dof_rolling_sales,111.669406,,,,2004,,,01 ONE FAMILY DWELLINGS,TRAVIS,131 RIDGEWAY AVENUE,01 ONE FAMILY DWELLINGS
us-nyc,United States,New York,USD,375000.0,111.669406,2025-07-10,nyc_dof_rolling_sales,111.669406,,,,2004,,,01 ONE FAMILY DWELLINGS,TRAVIS,36 CALVANICO LANE,01 ONE FAMILY DWELLINGS
us-nyc,United States,New York,USD,650000.0,107.024256,2025-05-28,nyc_dof_rolling_sales,107.024256,,,,1975,,,01 ONE FAMILY DWELLINGS,TRAVIS,25 CHURCH AVENUE,01 ONE FAMILY DWELLINGS
us-nyc,United States,New York,USD,675000.0,107.024256,2025-10-24,nyc_dof_rolling_sales,107.024256,,,,1975,,,01 ONE FAMILY DWELLINGS,TRAVIS,33 CHURCH AVENUE,01 ONE FAMILY DWELLINGS
us-nyc,United States,New York,USD,500000.0,115.19972,2025-03-06,nyc_dof_rolling_sales,115.19972,,,,1989,,,01 ONE FAMILY DWELLINGS,TRAVIS,25 SIMMONS LOOP,01 ONE FAMILY DWELLINGS
us-nyc,United States,New York,USD,660000.0,116.12875,2025-01-30,nyc_dof_rolling_sales,116.12875,,,,1905,,,01 ONE FAMILY DWELLINGS,TRAVIS,18 CHURCH AVENUE,01 ONE FAMILY DWELLINGS
us-nyc,United States,New York,USD,823000.0,134.70935,2025-10-15,nyc_dof_rolling_sales,134.70935,,,,2003,,,01 ONE FAMILY DWELLINGS,TRAVIS,95 BURKE AVENUE,01 ONE FAMILY DWELLINGS
us-nyc,United States,New York,USD,720888.0,134.70935,2025-06-11,nyc_dof_rolling_sales,134.70935,,,,2003,,,01 ONE FAMILY DWELLINGS,TRAVIS,87 BURKE AVENUE,01 ONE FAMILY DWELLINGS
us-nyc,United States,New York,USD,450000.0,125.233244,2025-11-11,nyc_dof_rolling_sales,125.233244,,,,1989,,,01 ONE FAMILY DWELLINGS,TRAVIS,17 TEMPLE COURT,01 ONE FAMILY DWELLINGS
us-nyc,United States,New York,USD,640000.0,89.18688,2025-07-15,nyc_dof_rolling_sales,89.18688,,,,1960,,,01 ONE FAMILY DWELLINGS,TRAVIS,44 MILDRED AVENUE,01 ONE FAMILY DWELLINGS
us-nyc,United States,New York,USD,750000.0,140.655142,2025-05-05,nyc_dof_rolling_sales,140.655142,,,,2024,,,01 ONE FAMILY DWELLINGS,TRAVIS,N/A WILD AVENUE,01 ONE FAMILY DWELLINGS
us-nyc,United States,New York,USD,763688.0,140.655142,2025-01-06,nyc_dof_rolling_sales,140.655142,,,,2024,,,01 ONE FAMILY DWELLINGS,TRAVIS,149 WILD AVENUE,01 ONE FAMILY DWELLINGS
us-nyc,United States,New York,USD,636000.0,117.05778,2025-02-20,nyc_dof_rolling_sales,117.05778,,,,2003,,,01 ONE FAMILY DWELLINGS,TRAVIS,168 MELVIN AVENUE,01 ONE FAMILY DWELLINGS
us-nyc,United States,New York,USD,799900.0,152.732532,2025-05-28,nyc_dof_rolling_sales,152.732532,,,,2013,,,01 ONE FAMILY DWELLINGS,TRAVIS,39 ALBERTA AVENUE,01 ONE FAMILY DWELLINGS
us-nyc,United States,New York,USD,763586.0,163.137668,2025-01-27,nyc_dof_rolling_sales,163.137668,,,,2024,,,01 ONE FAMILY DWELLINGS,TRAVIS,N/A MELVIN AVENUE,01 ONE FAMILY DWELLINGS
us-nyc,United States,New York,USD,763686.0,163.137668,2025-01-03,nyc_dof_rolling_sales,163.137668,,,,2024,,,01 ONE FAMILY DWELLINGS,TRAVIS,N/A MELVIN AVENUE,01 ONE FAMILY DWELLINGS
us-nyc,United States,New York,USD,916607.0,168.526042,2025-04-29,nyc_dof_rolling_sales,168.526042,,,,2024,,,01 ONE FAMILY DWELLINGS,TRAVIS,N/A WILD AVENUE,01 ONE FAMILY DWELLINGS
us-nyc,United States,New York,USD,916424.0,168.526042,2025-06-30,nyc_dof_rolling_sales,168.526042,,,,2024,,,01 ONE FAMILY DWELLINGS,TRAVIS,N/A WILD AVENUE,01 ONE FAMILY DWELLINGS
us-nyc,United States,New York,USD,715000.0,125.41905,2025-06-18,nyc_dof_rolling_sales,125.41905,,,,2003,,,01 ONE FAMILY DWELLINGS,TRAVIS,59 BERESFORD AVENUE,01 ONE FAMILY DWELLINGS
us-nyc,United States,New York,USD,864494.0,170.662811,2025-11-04,nyc_dof_rolling_sales,170.662811,,,,2025,,,01 ONE FAMILY DWELLINGS,TRAVIS,N/A WILD AVENUE,01 ONE FAMILY DWELLINGS
us-nyc,United States,New York,USD,720000.0,133.78032,2025-06-27,nyc_dof_rolling_sales,133.78032,,,,2014,,,01 ONE FAMILY DWELLINGS,TRAVIS,52 WILD AVE,01 ONE FAMILY DWELLINGS
us-nyc,United States,New York,USD,290000.0,137.49644,2025-06-16,nyc_dof_rolling_sales,137.49644,,,,1989,,,01 ONE FAMILY DWELLINGS,TRAVIS,66 WILD AVENUE,01 ONE FAMILY DWELLINGS
us-nyc,United States,New York,USD,755000.0,137.124828,2025-08-25,nyc_dof_rolling_sales,137.124828,,,,1965,,,01 ONE FAMILY DWELLINGS,TRAVIS,14 PRICES LANE,01 ONE FAMILY DWELLINGS
us-nyc,United States,New York,USD,705000.0,94.76106,2025-04-02,nyc_dof_rolling_sales,94.76106,,,,1955,,,01 ONE FAMILY DWELLINGS,TRAVIS,42 BURKE AVENUE,01 ONE FAMILY DWELLINGS
us-nyc,United States,New York,USD,690000.0,92.903,2025-10-24,nyc_dof_rolling_sales,92.903,,,,1990,,,01 ONE FAMILY DWELLINGS,TRAVIS,165 CANNON AVENUE,01 ONE FAMILY DWELLINGS
us-nyc,United States,New York,USD,880000.0,172.985386,2025-09-16,nyc_dof_rolling_sales,172.985386,,,,2017,,,01 ONE FAMILY DWELLINGS,TRAVIS,39 CANNON AVE,01 ONE FAMILY DWELLINGS
us-nyc,United States,New York,USD,815000.0,159.97896599999999,2025-01-10,nyc_dof_rolling_sales,159.97896599999999,,,,2017,,,01 ONE FAMILY DWELLINGS,TRAVIS,31 CANNON AVENUE,01 ONE FAMILY DWELLINGS
us-nyc,United States,New York,USD,650000.0,111.4836,2025-12-09,nyc_dof_rolling_sales,111.4836,,,,1899,,,01 ONE FAMILY DWELLINGS,TRAVIS,3945 VICTORY BOULEVARD,01 ONE FAMILY DWELLINGS
us-nyc,United States,New York,USD,420000.0,106.281032,2025-06-26,nyc_dof_rolling_sales,106.281032,,,,1901,,,01 ONE FAMILY DWELLINGS,TRAVIS,173 LATIMER AVENUE,01 ONE FAMILY DWELLINGS
us-nyc,United States,New York,USD,570000.0,nan,2025-09-09,nyc_dof_rolling_sales,nan,,,,1983,,,04 TAX CLASS 1 CONDOS,TRAVIS,261E SIGNS ROAD,04 TAX CLASS 1 CONDOS
us-nyc,United States,New York,USD,450000.0,nan,2025-03-24,nyc_dof_rolling_sales,nan,,,,1983,,,04 TAX CLASS 1 CONDOS,TRAVIS,271E SIGNS ROAD,04 TAX CLASS 1 CONDOS
us-nyc,United States,New York,USD,610000.0,nan,2025-07-21,nyc_dof_rolling_sales,nan,,,,1983,,,04 TAX CLASS 1 CONDOS,TRAVIS,281C SIGNS ROAD,04 TAX CLASS 1 CONDOS
us-nyc,United States,New York,USD,615000.0,nan,2025-12-01,nyc_dof_rolling_sales,nan,,,,1983,,,04 TAX CLASS 1 CONDOS,TRAVIS,180E DINSMORE STREET,04 TAX CLASS 1 CONDOS
us-nyc,United States,New York,USD,600000.0,nan,2025-02-25,nyc_dof_rolling_sales,nan,,,,1983,,,04 TAX CLASS 1 CONDOS,TRAVIS,180G DINSMORE STREET,04 TAX CLASS 1 CONDOS
us-nyc,United States,New York,USD,1000.0,2434.151503,2025-10-10,nyc_dof_rolling_sales,2434.151503,,,,1991,,,27 FACTORIES,TRAVIS,4352 VICTORY BOULEVARD,27 FACTORIES
us-nyc,United States,New York,USD,640000.0,91.788164,2025-11-17,nyc_dof_rolling_sales,91.788164,,,,1955,,,01 ONE FAMILY DWELLINGS,WEST NEW BRIGHTON,245 FILLMORE STREET,01 ONE FAMILY DWELLINGS
us-nyc,United States,New York,USD,640000.0,91.788164,2025-08-13,nyc_dof_rolling_sales,91.788164,,,,1955,,,01 ONE FAMILY DWELLINGS,WEST NEW BRIGHTON,238 VAN BUREN STREET,01 ONE FAMILY DWELLINGS
us-nyc,United States,New York,USD,850000.0,209.682071,2025-06-18,nyc_dof_rolling_sales,209.682071,,,,1901,,,01 ONE FAMILY DWELLINGS,WEST NEW BRIGHTON,30 CLINTON COURT,01 ONE FAMILY DWELLINGS
us-nyc,United States,New York,USD,1200000.0,217.021408,2025-10-08,nyc_dof_rolling_sales,217.021408,,,,1945,,,01 ONE FAMILY DWELLINGS,WEST NEW BRIGHTON,60 WESTBURY AVENUE,01 ONE FAMILY DWELLINGS
us-nyc,United States,New York,USD,1050000.0,211.075616,2025-07-03,nyc_dof_rolling_sales,211.075616,,,,1920,,,01 ONE FAMILY DWELLINGS,WEST NEW BRIGHTON,15 WESTBURY AVENUE,01 ONE FAMILY DWELLINGS
us-nyc,United States,New York,USD,800000.0,132.85129,2025-01-23,nyc_dof_rolling_sales,132.85129,,,,1920,,,01 ONE FAMILY DWELLINGS,WEST NEW BRIGHTON,42 BRENTWOOD AVE,01 ONE FAMILY DWELLINGS
us-nyc,United States,New York,USD,938000.0,130.0642,2025-08-18,nyc_dof_rolling_sales,130.0642,,,,1950,,,01 ONE FAMILY DWELLINGS,WEST NEW BRIGHTON,28 DEVON PLACE,01 ONE FAMILY DWELLINGS
us-nyc,United States,New York,USD,1900000.0,365.10879,2025-05-08,nyc_dof_rolling_sales,365.10879,,,,2016,,,01 ONE FAMILY DWELLINGS,WEST NEW BRIGHTON,400 PROSPECT AVENUE,01 ONE FAMILY DWELLINGS
us-nyc,United States,New York,USD,650000.0,217.39302,2025-04-28,nyc_dof_rolling_sales,217.39302,,,,1950,,,01 ONE FAMILY DWELLINGS,WEST NEW BRIGHTON,70 SPRINGHILL AVE,01 ONE FAMILY DWELLINGS
us-nyc,United States,New York,USD,880000.0,251.302615,2025-05-29,nyc_dof_rolling_sales,251.302615,,,,1930,,,01 ONE FAMILY DWELLINGS,WEST NEW BRIGHTON,88 CONYINGHAM AVENUE,01 ONE FAMILY DWELLINGS
us-nyc,United States,New York,USD,920000.0,144.557068,2025-06-20,nyc_dof_rolling_sales,144.557068,,,,1935,,,01 ONE FAMILY DWELLINGS,WEST NEW BRIGHTON,46 ROKEBY PLACE,01 ONE FAMILY DWELLINGS
us-nyc,United States,New York,USD,770000.0,120.402288,2025-09-17,nyc_dof_rolling_sales,120.402288,,,,1960,,,01 ONE FAMILY DWELLINGS,WEST NEW BRIGHTON,328 STANLEY AVENUE,01 ONE FAMILY DWELLINGS
us-nyc,United States,New York,USD,589000.0,119.84487,2025-10-28,nyc_dof_rolling_sales,119.84487,,,,1910,,,01 ONE FAMILY DWELLINGS,WEST NEW BRIGHTON,414 CASTLETON AVENUE,01 ONE FAMILY DWELLINGS
us-nyc,United States,New York,USD,810000.0,151.617696,2025-12-02,nyc_dof_rolling_sales,151.617696,,,,1925,,,01 ONE FAMILY DWELLINGS,WEST NEW BRIGHTON,112 DELAFIELD AVENUE,01 ONE FAMILY DWELLINGS
us-nyc,United States,New York,USD,890000.0,160.536384,2025-05-28,nyc_dof_rolling_sales,160.536384,,,,1925,,,01 ONE FAMILY DWELLINGS,WEST NEW BRIGHTON,63 GREGG PLACE,01 ONE FAMILY DWELLINGS
us-nyc,United States,New York,USD,750000.0,141.584172,2025-01-14,nyc_dof_rolling_sales,141.584172,,,,1940,,,01 ONE FAMILY DWELLINGS,WEST NEW BRIGHTON,86 ELWOOD PLACE,01 ONE FAMILY DWELLINGS
us-nyc,United States,New York,USD,896500.0,123.375184,2025-05-28,nyc_dof_rolling_sales,123.375184,,,,1950,,,01 ONE FAMILY DWELLINGS,WEST NEW BRIGHTON,97 DELAFIELD AVENUE,01 ONE FAMILY DWELLINGS
us-nyc,United States,New York,USD,720000.0,120.7739,2025-06-09,nyc_dof_rolling_sales,120.7739,,,,1925,,,01 ONE FAMILY DWELLINGS,WEST NEW BRIGHTON,514 KISSEL AVENUE,01 ONE FAMILY DWELLINGS
us-nyc,United States,New York,USD,725000.0,157.377682,2025-10-27,nyc_dof_rolling_sales,157.377682,,,,1901,,,01 ONE FAMILY DWELLINGS,WEST NEW BRIGHTON,486 HENDERSON AVENUE,01 ONE FAMILY DWELLINGS
us-nyc,United States,New York,USD,900000.0,241.919412,2025-09-02,nyc_dof_rolling_sales,241.919412,,,,1920,,,01 ONE FAMILY DWELLINGS,WEST NEW BRIGHTON,15 ST AUSTINS PLACE,01 ONE FAMILY DWELLINGS
us-nyc,United States,New York,USD,500000.0,178.37376,2025-09-30,nyc_dof_rolling_sales,178.37376,,,,1960,,,01 ONE FAMILY DWELLINGS,WEST NEW BRIGHTON,430 BARD AVENUE,01 ONE FAMILY DWELLINGS
us-nyc,United States,New York,USD,650000.0,133.78032,2025-12-04,nyc_dof_rolling_sales,133.78032,,,,1925,,,01 ONE FAMILY DWELLINGS,WEST NEW BRIGHTON,244 DELAFIELD AVENUE,01 ONE FAMILY DWELLINGS
us-nyc,United States,New York,USD,600000.0,85.284954,2025-02-26,nyc_dof_rolling_sales,85.284954,,,,1925,,,01 ONE FAMILY DWELLINGS,WEST NEW BRIGHTON,75 DEKAY STREET,01 ONE FAMILY DWELLINGS
us-nyc,United States,New York,USD,595000.0,121.145512,2025-06-26,nyc_dof_rolling_sales,121.145512,,,,1925,,,01 ONE FAMILY DWELLINGS,WEST NEW BRIGHTON,371 PELTON AVENUE,01 ONE FAMILY DWELLINGS
us-nyc,United States,New York,USD,10.0,89.093977,2025-08-22,nyc_dof_rolling_sales,89.093977,,,,1955,,,01 ONE FAMILY DWELLINGS,WEST NEW BRIGHTON,438 PELTON AVENUE,01 ONE FAMILY DWELLINGS
us-nyc,United States,New York,USD,600000.0,142.699008,2025-09-25,nyc_dof_rolling_sales,142.699008,,,,1980,,,01 ONE FAMILY DWELLINGS,WEST NEW BRIGHTON,498 DAVIS AVENUE,01 ONE FAMILY DWELLINGS
us-nyc,United States,New York,USD,1000.0,89.930104,2025-09-27,nyc_dof_rolling_sales,89.930104,,,,1905,,,01 ONE FAMILY DWELLINGS,WEST NEW BRIGHTON,51 NORTH BURGHER AVENUE,01 ONE FAMILY DWELLINGS
us-nyc,United States,New York,USD,655000.0,124.211311,2025-05-22,nyc_dof_rolling_sales,124.211311,,,,1920,,,01 ONE FAMILY DWELLINGS,WEST NEW BRIGHTON,29 NORTH BURGHER AVENUE,01 ONE FAMILY DWELLINGS
us-nyc,United States,New York,USD,635000.0,101.078464,2025-05-30,nyc_dof_rolling_sales,101.078464,,,,2004,,,01 ONE FAMILY DWELLINGS,WEST NEW BRIGHTON,171 NORTH BURGHER AVENUE,01 ONE FAMILY DWELLINGS
us-nyc,United States,New York,USD,810000.0,259.19937,2025-03-27,nyc_dof_rolling_sales,259.19937,,,,1925,,,01 ONE FAMILY DWELLINGS,WEST NEW BRIGHTON,374 OAKLAND AVENUE,01 ONE FAMILY DWELLINGS
us-nyc,United States,New York,USD,645000.0,117.98681,2025-10-29,nyc_dof_rolling_sales,117.98681,,,,1940,,,01 ONE FAMILY DWELLINGS,WEST NEW BRIGHTON,358 SHEFFIELD STREET,01 ONE FAMILY DWELLINGS
us-nyc,United States,New York,USD,545000.0,120.402288,2025-05-20,nyc_dof_rolling_sales,120.402288,,,,2000,,,01 ONE FAMILY DWELLINGS,WEST NEW BRIGHTON,151 BROADWAY,01 ONE FAMILY DWELLINGS
us-nyc,United States,New York,USD,540000.0,80.268192,2025-09-16,nyc_dof_rolling_sales,80.268192,,,,1901,,,01 ONE FAMILY DWELLINGS,WEST NEW BRIGHTON,16 DOE PLACE,01 ONE FAMILY DWELLINGS
us-nyc,United States,New York,USD,400000.0,113.34166,2025-09-26,nyc_dof_rolling_sales,113.34166,,,,2003,,,01 ONE FAMILY DWELLINGS,WEST NEW BRIGHTON,36 WINEGAR LANE,01 ONE FAMILY DWELLINGS
us-nyc,United States,New York,USD,449900.0,158.028003,2025-08-18,nyc_dof_rolling_sales,158.028003,,,,1990,,,01 ONE FAMILY DWELLINGS,WEST NEW BRIGHTON,206 MARKET STREET,01 ONE FAMILY DWELLINGS
us-nyc,United States,New York,USD,600000.0,100.33524,2025-06-30,nyc_dof_rolling_sales,100.33524,,,,1965,,,01 ONE FAMILY DWELLINGS,WEST NEW BRIGHTON,25 SENECA STREET,01 ONE FAMILY DWELLINGS
us-nyc,United States,New York,USD,586000.0,114.363593,2025-10-08,nyc_dof_rolling_sales,114.363593,,,,1915,,,01 ONE FAMILY DWELLINGS,WEST NEW BRIGHTON,486 DELAFIELD AVENUE,01 ONE FAMILY DWELLINGS
us-nyc,United States,New York,USD,353886.0,93.646224,2025-04-17,nyc_dof_rolling_sales,93.646224,,,,2003,,,01 ONE FAMILY DWELLINGS,WEST NEW BRIGHTON,35 ALASKA STREET,01 ONE FAMILY DWELLINGS
us-nyc,United States,New York,USD,540000.0,93.646224,2025-06-06,nyc_dof_rolling_sales,93.646224,,,,2003,,,01 ONE FAMILY DWELLINGS,WEST NEW BRIGHTON,35 ALASKA STREET,01 ONE FAMILY DWELLINGS
us-nyc,United States,New York,USD,375000.0,58.52889,2025-01-30,nyc_dof_rolling_sales,58.52889,,,,1930,,,01 ONE FAMILY DWELLINGS,WEST NEW BRIGHTON,22 TOMPKINS COURT,01 ONE FAMILY DWELLINGS
us-nyc,United States,New York,USD,4900000.0,102.657815,2025-10-03,nyc_dof_rolling_sales,102.657815,,,,1920,,,01 ONE FAMILY DWELLINGS,WEST NEW BRIGHTON,25 TOMPKINS COURT,01 ONE FAMILY DWELLINGS
us-nyc,United States,New York,USD,718000.0,185.806,2025-10-21,nyc_dof_rolling_sales,185.806,,,,1899,,,01 ONE FAMILY DWELLINGS,WEST NEW BRIGHTON,21 TRINITY PLACE,01 ONE FAMILY DWELLINGS
us-nyc,United States,New York,USD,376875.0,105.90942,2025-04-23,nyc_dof_rolling_sales,105.90942,,,,1920,,,01 ONE FAMILY DWELLINGS,WEST NEW BRIGHTON,123 ALASKA STREET,01 ONE FAMILY DWELLINGS
us-nyc,United States,New York,USD,450000.0,106.281032,2025-10-03,nyc_dof_rolling_sales,106.281032,,,,2003,,,01 ONE FAMILY DWELLINGS,WEST NEW BRIGHTON,76 ALASKA STREET,01 ONE FAMILY DWELLINGS
us-nyc,United States,New York,USD,510000.0,93.646224,2025-09-30,nyc_dof_rolling_sales,93.646224,,,,2003,,,01 ONE FAMILY DWELLINGS,WEST NEW BRIGHTON,160 ALASKA STREET,01 ONE FAMILY DWELLINGS
us-nyc,United States,New York,USD,368000.0,58.064375,2025-01-08,nyc_dof_rolling_sales,58.064375,,,,1945,,,01 ONE FAMILY DWELLINGS,WEST NEW BRIGHTON,169 TAYLOR STREET,01 ONE FAMILY DWELLINGS
us-nyc,United States,New York,USD,549000.0,108.510704,2025-06-27,nyc_dof_rolling_sales,108.510704,,,,1934,,,01 ONE FAMILY DWELLINGS,WEST NEW BRIGHTON,10 TAYLOR COURT,01 ONE FAMILY DWELLINGS
us-nyc,United States,New York,USD,100.0,124.118408,2025-05-20,nyc_dof_rolling_sales,124.118408,,,,1910,,,01 ONE FAMILY DWELLINGS,WEST NEW BRIGHTON,14 DONGAN STREET,01 ONE FAMILY DWELLINGS
us-nyc,United States,New York,USD,492900.0,111.4836,2025-05-12,nyc_dof_rolling_sales,111.4836,,,,1940,,,01 ONE FAMILY DWELLINGS,WEST NEW BRIGHTON,157 CLOVE ROAD,01 ONE FAMILY DWELLINGS
us-nyc,United States,New York,USD,550000.0,133.78032,2025-06-20,nyc_dof_rolling_sales,133.78032,,,,1901,,,01 ONE FAMILY DWELLINGS,WEST NEW BRIGHTON,66 BODINE STREET,01 ONE FAMILY DWELLINGS
us-nyc,United States,New York,USD,450000.0,102.56491199999999,2025-06-17,nyc_dof_rolling_sales,102.56491199999999,,,,1910,,,01 ONE FAMILY DWELLINGS,WEST NEW BRIGHTON,78 BODINE STREET,01 ONE FAMILY DWELLINGS
us-nyc,United States,New York,USD,635000.0,144.557068,2025-11-10,nyc_dof_rolling_sales,144.557068,,,,1899,,,01 ONE FAMILY DWELLINGS,WEST NEW BRIGHTON,143 BODINE STREET,01 ONE FAMILY DWELLINGS
us-nyc,United States,New York,USD,513000.0,134.70935,2025-09-10,nyc_dof_rolling_sales,134.70935,,,,2006,,,01 ONE FAMILY DWELLINGS,WEST NEW BRIGHTON,31 GIACOMO LANE,01 ONE FAMILY DWELLINGS
us-nyc,United States,New York,USD,740000.0,195.09629999999999,2025-06-18,nyc_dof_rolling_sales,195.09629999999999,,,,1940,,,01 ONE FAMILY DWELLINGS,WEST NEW BRIGHTON,243 JEWETT AVENUE,01 ONE FAMILY DWELLINGS
us-nyc,United States,New York,USD,585000.0,122.63195999999999,2025-10-14,nyc_dof_rolling_sales,122.63195999999999,,,,1920,,,01 ONE FAMILY DWELLINGS,WEST NEW BRIGHTON,145 ROE STREET,01 ONE FAMILY DWELLINGS
us-nyc,United States,New York,USD,675000.0,113.713272,2025-07-14,nyc_dof_rolling_sales,113.713272,,,,1910,,,01 ONE FAMILY DWELLINGS,WEST NEW BRIGHTON,139 ROE STREET,01 ONE FAMILY DWELLINGS
us-nyc,United States,New York,USD,530000.0,167.2254,2025-01-03,nyc_dof_rolling_sales,167.2254,,,,1901,,,01 ONE FAMILY DWELLINGS,WEST NEW BRIGHTON,127 ROE STREET,01 ONE FAMILY DWELLINGS
us-nyc,United States,New York,USD,650000.0,139.3545,2025-01-27,nyc_dof_rolling_sales,139.3545,,,,1920,,,01 ONE FAMILY DWELLINGS,WEST NEW BRIGHTON,329 TAYLOR STREET,01 ONE FAMILY DWELLINGS
us-nyc,United States,New York,USD,600000.0,122.44615399999999,2025-01-30,nyc_dof_rolling_sales,122.44615399999999,,,,1899,,,01 ONE FAMILY DWELLINGS,WEST NEW BRIGHTON,287 MYRTLE AVENUE,01 ONE FAMILY DWELLINGS
us-nyc,United States,New York,USD,775000.0,113.713272,2025-07-11,nyc_dof_rolling_sales,113.713272,,,,1901,,,01 ONE FAMILY DWELLINGS,WEST NEW BRIGHTON,264 MYRTLE AVE,01 ONE FAMILY DWELLINGS
us-nyc,United States,New York,USD,610000.0,109.253928,2025-08-06,nyc_dof_rolling_sales,109.253928,,,,2001,,,01 ONE FAMILY DWELLINGS,WEST NEW BRIGHTON,25 LYCEUM COURT,01 ONE FAMILY DWELLINGS
us-nyc,United States,New York,USD,525000.0,109.253928,2025-09-17,nyc_dof_rolling_sales,109.253928,,,,2001,,,01 ONE FAMILY DWELLINGS,WEST NEW BRIGHTON,68 LYCEUM COURT,01 ONE FAMILY DWELLINGS
us-nyc,United States,New York,USD,560000.0,109.253928,2025-05-09,nyc_dof_rolling_sales,109.253928,,,,2001,,,01 ONE FAMILY DWELLINGS,WEST NEW BRIGHTON,22 LYCEUM COURT,01 ONE FAMILY DWELLINGS
us-nyc,United States,New York,USD,400000.0,144.557068,2025-01-27,nyc_dof_rolling_sales,144.557068,,,,1935,,,01 ONE FAMILY DWELLINGS,WEST NEW BRIGHTON,61 GREENLEAF AVENUE,01 ONE FAMILY DWELLINGS
us-nyc,United States,New York,USD,780000.0,178.37376,2025-06-30,nyc_dof_rolling_sales,178.37376,,,,1910,,,01 ONE FAMILY DWELLINGS,WEST NEW BRIGHTON,514 CLOVE ROAD,01 ONE FAMILY DWELLINGS
us-nyc,United States,New York,USD,649000.0,113.713272,2025-02-18,nyc_dof_rolling_sales,113.713272,,,,1925,,,01 ONE FAMILY DWELLINGS,WEST NEW BRIGHTON,801 DELAFIELD AVENUE,01 ONE FAMILY DWELLINGS
us-nyc,United States,New York,USD,727000.0,131.92226,2025-04-25,nyc_dof_rolling_sales,131.92226,,,,1930,,,01 ONE FAMILY DWELLINGS,WEST NEW BRIGHTON,833 DELAFIELD AVENUE,01 ONE FAMILY DWELLINGS
us-nyc,United States,New York,USD,490000.0,103.679748,2025-01-09,nyc_dof_rolling_sales,103.679748,,,,1920,,,01 ONE FAMILY DWELLINGS,WEST NEW BRIGHTON,863 DELAFIELD AVENUE,01 ONE FAMILY DWELLINGS
us-nyc,United States,New York,USD,759999.0,103.679748,2025-05-16,nyc_dof_rolling_sales,103.679748,,,,1920,,,01 ONE FAMILY DWELLINGS,WEST NEW BRIGHTON,863 DELAFIELD AVENUE,01 ONE FAMILY DWELLINGS
us-nyc,United States,New York,USD,736450.0,170.569908,2025-10-07,nyc_dof_rolling_sales,170.569908,,,,1899,,,01 ONE FAMILY DWELLINGS,WEST NEW BRIGHTON,119 DUBOIS AVENUE,01 ONE FAMILY DWELLINGS
us-nyc,United States,New York,USD,515000.0,110.55457,2025-03-10,nyc_dof_rolling_sales,110.55457,,,,1985,,,01 ONE FAMILY DWELLINGS,WEST NEW BRIGHTON,144 MARION STREET,01 ONE FAMILY DWELLINGS
us-nyc,United States,New York,USD,540000.0,111.4836,2025-11-19,nyc_dof_rolling_sales,111.4836,,,,2001,,,01 ONE FAMILY DWELLINGS,WEST NEW BRIGHTON,283 JEWETT AVENUE,01 ONE FAMILY DWELLINGS
us-nyc,United States,New York,USD,535000.0,111.4836,2025-07-11,nyc_dof_rolling_sales,111.4836,,,,2001,,,01 ONE FAMILY DWELLINGS,WEST NEW BRIGHTON,273B JEWETT AVENUE,01 ONE FAMILY DWELLINGS
us-nyc,United States,New York,USD,755000.0,175.772476,2025-05-14,nyc_dof_rolling_sales,175.772476,,,,1901,,,02 TWO FAMILY DWELLINGS,WEST NEW BRIGHTON,244 FILLMORE STREET,02 TWO FAMILY DWELLINGS
us-nyc,United States,New York,USD,1323725.0,227.054932,2025-12-19,nyc_dof_rolling_sales,227.054932,,,,2024,,,02 TWO FAMILY DWELLINGS,WEST NEW BRIGHTON,279 STANLEY AVE,02 TWO FAMILY DWELLINGS
us-nyc,United States,New York,USD,1200000.0,227.054932,2025-03-21,nyc_dof_rolling_sales,227.054932,,,,2024,,,02 TWO FAMILY DWELLINGS,WEST NEW BRIGHTON,N/A PORTLAND PLACE,02 TWO FAMILY DWELLINGS
us-nyc,United States,New York,USD,341000.0,185.806,2025-06-24,nyc_dof_rolling_sales,185.806,,,,1995,,,02 TWO FAMILY DWELLINGS,WEST NEW BRIGHTON,387 CASTLETON AVENUE,02 TWO FAMILY DWELLINGS
us-nyc,United States,New York,USD,573500.0,88.908171,2025-12-11,nyc_dof_rolling_sales,88.908171,,,,1930,,,02 TWO FAMILY DWELLINGS,WEST NEW BRIGHTON,776 BRIGHTON AVENUE,02 TWO FAMILY DWELLINGS
us-nyc,United States,New York,USD,815000.0,204.3866,2025-05-06,nyc_dof_rolling_sales,204.3866,,,,1980,,,02 TWO FAMILY DWELLINGS,WEST NEW BRIGHTON,14 ELWOOD PLACE,02 TWO FAMILY DWELLINGS
us-nyc,United States,New York,USD,285000.0,178.37376,2025-11-21,nyc_dof_rolling_sales,178.37376,,,,1920,,,02 TWO FAMILY DWELLINGS,WEST NEW BRIGHTON,475 KISSEL AVENUE,02 TWO FAMILY DWELLINGS
us-nyc,United States,New York,USD,925000.0,185.806,2025-04-11,nyc_dof_rolling_sales,185.806,,,,1940,,,02 TWO FAMILY DWELLINGS,WEST NEW BRIGHTON,47 HUNTER PLACE,02 TWO FAMILY DWELLINGS
us-nyc,United States,New York,USD,975000.0,339.653368,2025-04-30,nyc_dof_rolling_sales,339.653368,,,,1935,,,02 TWO FAMILY DWELLINGS,WEST NEW BRIGHTON,450 KISSEL AVENUE,02 TWO FAMILY DWELLINGS
us-nyc,United States,New York,USD,400000.0,194.817591,2025-03-18,nyc_dof_rolling_sales,194.817591,,,,1960,,,02 TWO FAMILY DWELLINGS,WEST NEW BRIGHTON,828 CASTLETON AVENUE,02 TWO FAMILY DWELLINGS
us-nyc,United States,New York,USD,325000.0,151.989308,2025-08-05,nyc_dof_rolling_sales,151.989308,,,,1920,,,02 TWO FAMILY DWELLINGS,WEST NEW BRIGHTON,350 PELTON AVENUE,02 TWO FAMILY DWELLINGS
us-nyc,United States,New York,USD,645000.0,157.563488,2025-04-24,nyc_dof_rolling_sales,157.563488,,,,1989,,,02 TWO FAMILY DWELLINGS,WEST NEW BRIGHTON,109 ELM STREET,02 TWO FAMILY DWELLINGS
us-nyc,United States,New York,USD,446300.0,158.306712,2025-09-03,nyc_dof_rolling_sales,158.306712,,,,1920,,,02 TWO FAMILY DWELLINGS,WEST NEW BRIGHTON,274 OAKLAND AVENUE,02 TWO FAMILY DWELLINGS
us-nyc,United States,New York,USD,840000.0,212.562064,2025-05-01,nyc_dof_rolling_sales,212.562064,,,,1965,,,02 TWO FAMILY DWELLINGS,WEST NEW BRIGHTON,265 BEMENT AVENUE,02 TWO FAMILY DWELLINGS
us-nyc,United States,New York,USD,350000.0,155.14801,2025-07-11,nyc_dof_rolling_sales,155.14801,,,,1910,,,02 TWO FAMILY DWELLINGS,WEST NEW BRIGHTON,195 ELM STREET,02 TWO FAMILY DWELLINGS
us-nyc,United States,New York,USD,810000.0,179.767305,2025-06-17,nyc_dof_rolling_sales,179.767305,,,,1910,,,02 TWO FAMILY DWELLINGS,WEST NEW BRIGHTON,325 N BURGHER AVENUE,02 TWO FAMILY DWELLINGS
us-nyc,United States,New York,USD,150000.0,132.479678,2025-02-20,nyc_dof_rolling_sales,132.479678,,,,1955,,,02 TWO FAMILY DWELLINGS,WEST NEW BRIGHTON,406 BEMENT AVENUE,02 TWO FAMILY DWELLINGS
us-nyc,United States,New York,USD,700000.0,189.52212,2025-06-06,nyc_dof_rolling_sales,189.52212,,,,2008,,,02 TWO FAMILY DWELLINGS,WEST NEW BRIGHTON,131 BROADWAY,02 TWO FAMILY DWELLINGS
us-nyc,United States,New York,USD,495000.0,131.550648,2025-02-03,nyc_dof_rolling_sales,131.550648,,,,1899,,,02 TWO FAMILY DWELLINGS,WEST NEW BRIGHTON,128 CAMPBELL AVENUE,02 TWO FAMILY DWELLINGS
us-nyc,United States,New York,USD,610000.0,153.28995,2025-09-23,nyc_dof_rolling_sales,153.28995,,,,1935,,,02 TWO FAMILY DWELLINGS,WEST NEW BRIGHTON,727 HENDERSON AVENUE,02 TWO FAMILY DWELLINGS
us-nyc,United States,New York,USD,750000.0,230.306537,2025-02-05,nyc_dof_rolling_sales,230.306537,,,,1910,,,02 TWO FAMILY DWELLINGS,WEST NEW BRIGHTON,177 CAMPBELL AVENUE,02 TWO FAMILY DWELLINGS
us-nyc,United States,New York,USD,519856.0,122.63195999999999,2025-07-30,nyc_dof_rolling_sales,122.63195999999999,,,,1899,,,02 TWO FAMILY DWELLINGS,WEST NEW BRIGHTON,33 SOUTH STREET,02 TWO FAMILY DWELLINGS
us-nyc,United States,New York,USD,779000.0,219.25108,2025-03-03,nyc_dof_rolling_sales,219.25108,,,,1899,,,02 TWO FAMILY DWELLINGS,WEST NEW BRIGHTON,413 CARY AVENUE,02 TWO FAMILY DWELLINGS
us-nyc,United States,New York,USD,533000.0,179.116984,2025-05-16,nyc_dof_rolling_sales,179.116984,,,,1910,,,02 TWO FAMILY DWELLINGS,WEST NEW BRIGHTON,421 CARY AVENUE,02 TWO FAMILY DWELLINGS
us-nyc,United States,New York,USD,600000.0,139.075791,2025-06-05,nyc_dof_rolling_sales,139.075791,,,,1910,,,02 TWO FAMILY DWELLINGS,WEST NEW BRIGHTON,427 CARY AVENUE,02 TWO FAMILY DWELLINGS
us-nyc,United States,New York,USD,750000.0,185.806,2025-10-09,nyc_dof_rolling_sales,185.806,,,,1931,,,02 TWO FAMILY DWELLINGS,WEST NEW BRIGHTON,58 SENECA STREET,02 TWO FAMILY DWELLINGS
us-nyc,United States,New York,USD,705000.0,129.506782,2025-12-08,nyc_dof_rolling_sales,129.506782,,,,1940,,,02 TWO FAMILY DWELLINGS,WEST NEW BRIGHTON,386 NORTH BURGHER AVENUE,02 TWO FAMILY DWELLINGS
us-nyc,United States,New York,USD,650000.0,156.07704,2025-10-09,nyc_dof_rolling_sales,156.07704,,,,1940,,,02 TWO FAMILY DWELLINGS,WEST NEW BRIGHTON,485 DELAFIELD AVENUE,02 TWO FAMILY DWELLINGS
us-nyc,United States,New York,USD,799000.0,183.390522,2025-10-20,nyc_dof_rolling_sales,183.390522,,,,1920,,,02 TWO FAMILY DWELLINGS,WEST NEW BRIGHTON,481 BROADWAY,02 TWO FAMILY DWELLINGS
us-nyc,United States,New York,USD,360000.0,102.657815,2025-07-16,nyc_dof_rolling_sales,102.657815,,,,1901,,,02 TWO FAMILY DWELLINGS,WEST NEW BRIGHTON,19 TOMPKINS COURT,02 TWO FAMILY DWELLINGS
us-nyc,United States,New York,USD,605000.0,202.900152,2025-03-17,nyc_dof_rolling_sales,202.900152,,,,1899,,,02 TWO FAMILY DWELLINGS,WEST NEW BRIGHTON,137 WOODRUFF LANE,02 TWO FAMILY DWELLINGS
us-nyc,United States,New York,USD,750000.0,212.562064,2025-04-30,nyc_dof_rolling_sales,212.562064,,,,1899,,,02 TWO FAMILY DWELLINGS,WEST NEW BRIGHTON,173 TAYLOR STREET,02 TWO FAMILY DWELLINGS
us-nyc,United States,New York,USD,500000.0,134.244835,2025-02-24,nyc_dof_rolling_sales,134.244835,,,,2002,,,02 TWO FAMILY DWELLINGS,WEST NEW BRIGHTON,32 BARKER STREET,02 TWO FAMILY DWELLINGS
us-nyc,United States,New York,USD,605000.0,234.765881,2025-05-29,nyc_dof_rolling_sales,234.765881,,,,1901,,,02 TWO FAMILY DWELLINGS,WEST NEW BRIGHTON,1756 RICHMOND TERRACE,02 TWO FAMILY DWELLINGS
us-nyc,United States,New York,USD,425000.0,138.611276,2025-04-10,nyc_dof_rolling_sales,138.611276,,,,1920,,,02 TWO FAMILY DWELLINGS,WEST NEW BRIGHTON,73 DE GROOT PLACE,02 TWO FAMILY DWELLINGS
us-nyc,United States,New York,USD,450000.0,209.96078,2025-10-08,nyc_dof_rolling_sales,209.96078,,,,1899,,,02 TWO FAMILY DWELLINGS,WEST NEW BRIGHTON,159 BODINE STREET,02 TWO FAMILY DWELLINGS
us-nyc,United States,New York,USD,530000.0,198.719517,2025-07-15,nyc_dof_rolling_sales,198.719517,,,,1930,,,02 TWO FAMILY DWELLINGS,WEST NEW BRIGHTON,304 BROADWAY,02 TWO FAMILY DWELLINGS
us-nyc,United States,New York,USD,960000.0,276.85094,2025-01-30,nyc_dof_rolling_sales,276.85094,,,,1899,,,02 TWO FAMILY DWELLINGS,WEST NEW BRIGHTON,320 BROADWAY,02 TWO FAMILY DWELLINGS
us-nyc,United States,New York,USD,738000.0,282.42512,2025-08-12,nyc_dof_rolling_sales,282.42512,,,,1930,,,02 TWO FAMILY DWELLINGS,WEST NEW BRIGHTON,25 ELIZABETH STREET,02 TWO FAMILY DWELLINGS
us-nyc,United States,New York,USD,638000.0,183.762134,2025-03-27,nyc_dof_rolling_sales,183.762134,,,,2004,,,02 TWO FAMILY DWELLINGS,WEST NEW BRIGHTON,49 ROE STREET,02 TWO FAMILY DWELLINGS
us-nyc,United States,New York,USD,650000.0,192.123404,2025-04-24,nyc_dof_rolling_sales,192.123404,,,,1925,,,02 TWO FAMILY DWELLINGS,WEST NEW BRIGHTON,227 TAYLOR STREET,02 TWO FAMILY DWELLINGS
us-nyc,United States,New York,USD,400000.0,185.806,2025-06-12,nyc_dof_rolling_sales,185.806,,,,1899,,,02 TWO FAMILY DWELLINGS,WEST NEW BRIGHTON,332 CLOVE ROAD,02 TWO FAMILY DWELLINGS
us-nyc,United States,New York,USD,916425.0,341.325622,2025-05-30,nyc_dof_rolling_sales,341.325622,,,,1899,,,02 TWO FAMILY DWELLINGS,WEST NEW BRIGHTON,781 POST AVENUE,02 TWO FAMILY DWELLINGS
us-nyc,United States,New York,USD,400000.0,169.455072,2025-02-21,nyc_dof_rolling_sales,169.455072,,,,1899,,,02 TWO FAMILY DWELLINGS,WEST NEW BRIGHTON,857 POST AVENUE,02 TWO FAMILY DWELLINGS
us-nyc,United States,New York,USD,744500.0,165.738952,2025-01-15,nyc_dof_rolling_sales,165.738952,,,,1920,,,02 TWO FAMILY DWELLINGS,WEST NEW BRIGHTON,162 MYRTLE AVENUE,02 TWO FAMILY DWELLINGS
us-nyc,United States,New York,USD,982000.0,233.000724,2025-04-02,nyc_dof_rolling_sales,233.000724,,,,2024,,,02 TWO FAMILY DWELLINGS,WEST NEW BRIGHTON,N/A CLOVE ROAD,02 TWO FAMILY DWELLINGS
us-nyc,United States,New York,USD,1109893.0,233.000724,2025-04-21,nyc_dof_rolling_sales,233.000724,,,,2024,,,02 TWO FAMILY DWELLINGS,WEST NEW BRIGHTON,437 CLOVE ROAD,02 TWO FAMILY DWELLINGS
us-nyc,United States,New York,USD,750000.0,240.990382,2025-03-24,nyc_dof_rolling_sales,240.990382,,,,1899,,,02 TWO FAMILY DWELLINGS,WEST NEW BRIGHTON,479 CLOVE ROAD,02 TWO FAMILY DWELLINGS
us-nyc,United States,New York,USD,710000.0,206.616272,2025-02-19,nyc_dof_rolling_sales,206.616272,,,,1899,,,02 TWO FAMILY DWELLINGS,WEST NEW BRIGHTON,658 DELAFIELD AVENUE,02 TWO FAMILY DWELLINGS
us-nyc,United States,New York,USD,1.0,197.697584,2025-07-29,nyc_dof_rolling_sales,197.697584,,,,1930,,,02 TWO FAMILY DWELLINGS,WEST NEW BRIGHTON,51 GREENLEAF AVENUE,02 TWO FAMILY DWELLINGS
us-nyc,United States,New York,USD,580000.0,98.47718,2025-07-21,nyc_dof_rolling_sales,98.47718,,,,2002,,,02 TWO FAMILY DWELLINGS,WEST NEW BRIGHTON,730 POST AVENUE,02 TWO FAMILY DWELLINGS
us-nyc,United States,New York,USD,700000.0,178.37376,2025-08-21,nyc_dof_rolling_sales,178.37376,,,,1930,,,02 TWO FAMILY DWELLINGS,WEST NEW BRIGHTON,39 CORNELL AVENUE,02 TWO FAMILY DWELLINGS
us-nyc,United States,New York,USD,640000.0,148.273188,2025-04-11,nyc_dof_rolling_sales,148.273188,,,,1955,,,02 TWO FAMILY DWELLINGS,WEST NEW BRIGHTON,32 FLOYD STREET,02 TWO FAMILY DWELLINGS
us-nyc,United States,New York,USD,880000.0,303.235392,2025-02-28,nyc_dof_rolling_sales,303.235392,,,,1920,,,02 TWO FAMILY DWELLINGS,WEST NEW BRIGHTON,331 JEWETT AVENUE,02 TWO FAMILY DWELLINGS
us-nyc,United States,New York,USD,390000.0,nan,2025-11-19,nyc_dof_rolling_sales,nan,,,,1990,,,04 TAX CLASS 1 CONDOS,WEST NEW BRIGHTON,"126H CASSIDY PLACE, 118",04 TAX CLASS 1 CONDOS
us-nyc,United States,New York,USD,308300.0,nan,2025-01-24,nyc_dof_rolling_sales,nan,,,,1990,,,04 TAX CLASS 1 CONDOS,WEST NEW BRIGHTON,"490 CLOVE ROAD, 1E",04 TAX CLASS 1 CONDOS
us-nyc,United States,New York,USD,275000.0,nan,2025-06-27,nyc_dof_rolling_sales,nan,,,,1990,,,04 TAX CLASS 1 CONDOS,WEST NEW BRIGHTON,"490 CLOVE ROAD, 3G",04 TAX CLASS 1 CONDOS
us-nyc,United States,New York,USD,10.0,21973.696269,2025-09-15,nyc_dof_rolling_sales,21973.696269,,,,2007,,,07 RENTALS - WALKUP APARTMENTS,WEST NEW BRIGHTON,60 NORTH BURGHER AVENUE,07 RENTALS - WALKUP APARTMENTS
us-nyc,United States,New York,USD,1075000.0,353.0314,2025-09-11,nyc_dof_rolling_sales,353.0314,,,,1933,,,07 RENTALS - WALKUP APARTMENTS,WEST NEW BRIGHTON,602 CARY AVENUE,07 RENTALS - WALKUP APARTMENTS
us-nyc,United States,New York,USD,3400000.0,2118.1884,2025-09-08,nyc_dof_rolling_sales,2118.1884,,,,1971,,,07 RENTALS - WALKUP APARTMENTS,WEST NEW BRIGHTON,136 GREENLEAF AVENUE,07 RENTALS - WALKUP APARTMENTS
us-nyc,United States,New York,USD,295000.0,nan,2025-11-04,nyc_dof_rolling_sales,nan,,,,1950,,,09 COOPS - WALKUP APARTMENTS,WEST NEW BRIGHTON,"521 CASTLETON AVENUE, 2E",09 COOPS - WALKUP APARTMENTS
us-nyc,United States,New York,USD,200000.0,nan,2025-09-30,nyc_dof_rolling_sales,nan,,,,1950,,,09 COOPS - WALKUP APARTMENTS,WEST NEW BRIGHTON,"545 CASTLETON AVENUE, 1D",09 COOPS - WALKUP APARTMENTS
us-nyc,United States,New York,USD,219000.0,nan,2025-01-09,nyc_dof_rolling_sales,nan,,,,1950,,,09 COOPS - WALKUP APARTMENTS,WEST NEW BRIGHTON,"565 CASTLETON AVENUE, 1A",09 COOPS - WALKUP APARTMENTS
us-nyc,United States,New York,USD,183000.0,nan,2025-01-14,nyc_dof_rolling_sales,nan,,,,1950,,,09 COOPS - WALKUP APARTMENTS,WEST NEW BRIGHTON,"565 CASTLETON AVENUE, 2A",09 COOPS - WALKUP APARTMENTS
us-nyc,United States,New York,USD,225000.0,nan,2025-05-28,nyc_dof_rolling_sales,nan,,,,1950,,,09 COOPS - WALKUP APARTMENTS,WEST NEW BRIGHTON,"585 CASTLETON AVENUE, 2B",09 COOPS - WALKUP APARTMENTS
us-nyc,United States,New York,USD,180000.0,nan,2025-03-13,nyc_dof_rolling_sales,nan,,,,1988,,,13 CONDOS - ELEVATOR APARTMENTS,WEST NEW BRIGHTON,"999 FOREST AVENUE, 1G",13 CONDOS - ELEVATOR APARTMENTS
us-nyc,United States,New York,USD,490000.0,nan,2025-11-03,nyc_dof_rolling_sales,nan,,,,2021,,,15 CONDOS - 2-10 UNIT RESIDENTIAL,WEST NEW BRIGHTON,"1131 FOREST AVENUE, 2B",15 CONDOS - 2-10 UNIT RESIDENTIAL
us-nyc,United States,New York,USD,1100000.0,349.779795,2025-04-03,nyc_dof_rolling_sales,349.779795,,,,1899,,,22 STORE BUILDINGS,WEST NEW BRIGHTON,772 RICHMOND TERRACE,22 STORE BUILDINGS
us-nyc,United States,New York,USD,435000.0,148.6448,2025-07-02,nyc_dof_rolling_sales,148.6448,,,,1930,,,22 STORE BUILDINGS,WEST NEW BRIGHTON,506-508 HENDERSON AVE,22 STORE BUILDINGS
us-nyc,United States,New York,USD,640000.0,148.180285,2025-04-15,nyc_dof_rolling_sales,148.180285,,,,1930,,,22 STORE BUILDINGS,WEST NEW BRIGHTON,498 HENDERSON AVENUE,22 STORE BUILDINGS
us-nyc,United States,New York,USD,1025000.0,324.881791,2025-01-22,nyc_dof_rolling_sales,324.881791,,,,1920,,,22 STORE BUILDINGS,WEST NEW BRIGHTON,653 HENDERSON AVENUE,22 STORE BUILDINGS
us-nyc,United States,New York,USD,4900000.0,907.569407,2025-10-03,nyc_dof_rolling_sales,907.569407,,,,1981,,,27 FACTORIES,WEST NEW BRIGHTON,34 VAN STREET,27 FACTORIES
us-nyc,United States,New York,USD,45000.0,52.02568,2025-03-10,nyc_dof_rolling_sales,52.02568,,,,1940,,,29 COMMERCIAL GARAGES,WEST NEW BRIGHTON,7 ALBAN STREET,29 COMMERCIAL GARAGES
us-nyc,United States,New York,USD,495000.0,334.4508,2025-02-03,nyc_dof_rolling_sales,334.4508,,,,1935,,,29 COMMERCIAL GARAGES,WEST NEW BRIGHTON,116 CAMPBELL AVENUE,29 COMMERCIAL GARAGES
us-nyc,United States,New York,USD,6175000.0,3530.314,2025-10-10,nyc_dof_rolling_sales,3530.314,,,,1936,,,29 COMMERCIAL GARAGES,WEST NEW BRIGHTON,1893 RICHMOND TERRACE,29 COMMERCIAL GARAGES
us-nyc,United States,New York,USD,45000.0,141.119657,2025-03-10,nyc_dof_rolling_sales,141.119657,,,,1940,,,30 WAREHOUSES,WEST NEW BRIGHTON,9 ALBAN STREET,30 WAREHOUSES
us-nyc,United States,New York,USD,4900000.0,325.1605,2025-10-03,nyc_dof_rolling_sales,325.1605,,,,1931,,,30 WAREHOUSES,WEST NEW BRIGHTON,5 BARRETT LANE,30 WAREHOUSES
us-nyc,United States,New York,USD,4900000.0,270.34773,2025-10-03,nyc_dof_rolling_sales,270.34773,,,,1960,,,30 WAREHOUSES,WEST NEW BRIGHTON,56 TOMPKINS COURT,30 WAREHOUSES
us-nyc,United States,New York,USD,4900000.0,626.259123,2025-10-03,nyc_dof_rolling_sales,626.259123,,,,1952,,,30 WAREHOUSES,WEST NEW BRIGHTON,22 VAN STREET,30 WAREHOUSES
us-nyc,United States,New York,USD,791000.0,108.69651,2025-06-26,nyc_dof_rolling_sales,108.69651,,,,1950,,,01 ONE FAMILY DWELLINGS,WESTERLEIGH,109 BURNSIDE AVENUE,01 ONE FAMILY DWELLINGS
us-nyc,United States,New York,USD,675000.0,115.19972,2025-10-23,nyc_dof_rolling_sales,115.19972,,,,1920,,,01 ONE FAMILY DWELLINGS,WESTERLEIGH,57 BURNSIDE AVENUE,01 ONE FAMILY DWELLINGS
us-nyc,United States,New York,USD,659200.0,136.753216,2025-04-29,nyc_dof_rolling_sales,136.753216,,,,1920,,,01 ONE FAMILY DWELLINGS,WESTERLEIGH,35 BURNSIDE AVENUE,01 ONE FAMILY DWELLINGS
us-nyc,United States,New York,USD,615500.0,111.4836,2025-01-03,nyc_dof_rolling_sales,111.4836,,,,1920,,,01 ONE FAMILY DWELLINGS,WESTERLEIGH,70 BURNSIDE AVENUE,01 ONE FAMILY DWELLINGS
us-nyc,United States,New York,USD,565000.0,121.888736,2025-03-20,nyc_dof_rolling_sales,121.888736,,,,1991,,,01 ONE FAMILY DWELLINGS,WESTERLEIGH,43 LIVERMORE AVENUE,01 ONE FAMILY DWELLINGS
us-nyc,United States,New York,USD,665000.0,107.024256,2025-07-03,nyc_dof_rolling_sales,107.024256,,,,1920,,,01 ONE FAMILY DWELLINGS,WESTERLEIGH,11 ST. ANTHONY PLACE,01 ONE FAMILY DWELLINGS
us-nyc,United States,New York,USD,708000.0,115.942944,2025-04-18,nyc_dof_rolling_sales,115.942944,,,,1920,,,01 ONE FAMILY DWELLINGS,WESTERLEIGH,15 CLARK PLACE,01 ONE FAMILY DWELLINGS
us-nyc,United States,New York,USD,605000.0,102.286203,2025-10-17,nyc_dof_rolling_sales,102.286203,,,,1920,,,01 ONE FAMILY DWELLINGS,WESTERLEIGH,22 MARIANNE STREET,01 ONE FAMILY DWELLINGS
us-nyc,United States,New York,USD,85000.0,90.02300699999999,2025-08-27,nyc_dof_rolling_sales,90.02300699999999,,,,1920,,,01 ONE FAMILY DWELLINGS,WESTERLEIGH,73 THE BOULEVARD,01 ONE FAMILY DWELLINGS
us-nyc,United States,New York,USD,810000.0,113.806175,2025-03-11,nyc_dof_rolling_sales,113.806175,,,,1955,,,01 ONE FAMILY DWELLINGS,WESTERLEIGH,177 CLINTON B. FISKE AVENUE,01 ONE FAMILY DWELLINGS
us-nyc,United States,New York,USD,324480.0,96.433314,2025-10-28,nyc_dof_rolling_sales,96.433314,,,,1930,,,01 ONE FAMILY DWELLINGS,WESTERLEIGH,116 BIDWELL AVENUE,01 ONE FAMILY DWELLINGS
us-nyc,United States,New York,USD,700000.0,90.580425,2025-04-17,nyc_dof_rolling_sales,90.580425,,,,1950,,,01 ONE FAMILY DWELLINGS,WESTERLEIGH,120 DICKIE AVENUE,01 ONE FAMILY DWELLINGS
us-nyc,United States,New York,USD,1527375.0,410.445454,2025-01-24,nyc_dof_rolling_sales,410.445454,,,,2014,,,01 ONE FAMILY DWELLINGS,WESTERLEIGH,457 MAINE AVENUE,01 ONE FAMILY DWELLINGS
us-nyc,United States,New York,USD,745000.0,81.568834,2025-09-05,nyc_dof_rolling_sales,81.568834,,,,1950,,,01 ONE FAMILY DWELLINGS,WESTERLEIGH,177 WOOLLEY AVENUE,01 ONE FAMILY DWELLINGS
us-nyc,United States,New York,USD,735000.0,107.953286,2025-08-06,nyc_dof_rolling_sales,107.953286,,,,1915,,,01 ONE FAMILY DWELLINGS,WESTERLEIGH,221 ST JOHN AVE,01 ONE FAMILY DWELLINGS
us-nyc,United States,New York,USD,692500.0,152.36092,2025-10-15,nyc_dof_rolling_sales,152.36092,,,,1915,,,01 ONE FAMILY DWELLINGS,WESTERLEIGH,251 ST JOHN AVENUE,01 ONE FAMILY DWELLINGS
us-nyc,United States,New York,USD,1050000.0,259.570982,2025-01-15,nyc_dof_rolling_sales,259.570982,,,,1899,,,01 ONE FAMILY DWELLINGS,WESTERLEIGH,260 WILLARD AVENUE,01 ONE FAMILY DWELLINGS
us-nyc,United States,New York,USD,499950.0,101.821688,2025-01-16,nyc_dof_rolling_sales,101.821688,,,,1925,,,01 ONE FAMILY DWELLINGS,WESTERLEIGH,287 WILLARD AVENUE,01 ONE FAMILY DWELLINGS
us-nyc,United States,New York,USD,600000.0,108.789413,2025-05-15,nyc_dof_rolling_sales,108.789413,,,,1920,,,01 ONE FAMILY DWELLINGS,WESTERLEIGH,224 BIDWELL AVENUE,01 ONE FAMILY DWELLINGS
us-nyc,United States,New York,USD,10.0,71.53531,2025-05-19,nyc_dof_rolling_sales,71.53531,,,,1955,,,01 ONE FAMILY DWELLINGS,WESTERLEIGH,265 BIDWELL AVENUE,01 ONE FAMILY DWELLINGS
us-nyc,United States,New York,USD,537500.0,71.349504,2025-11-06,nyc_dof_rolling_sales,71.349504,,,,1945,,,01 ONE FAMILY DWELLINGS,WESTERLEIGH,249 DICKIE AVENUE,01 ONE FAMILY DWELLINGS
us-nyc,United States,New York,USD,650000.0,109.253928,2025-06-10,nyc_dof_rolling_sales,109.253928,,,,1920,,,01 ONE FAMILY DWELLINGS,WESTERLEIGH,241 DICKIE AVENUE,01 ONE FAMILY DWELLINGS
us-nyc,United States,New York,USD,850000.0,111.948115,2025-05-14,nyc_dof_rolling_sales,111.948115,,,,1930,,,01 ONE FAMILY DWELLINGS,WESTERLEIGH,296 DEMOREST AVENUE,01 ONE FAMILY DWELLINGS
us-nyc,United States,New York,USD,725000.0,118.91584,2025-04-14,nyc_dof_rolling_sales,118.91584,,,,1925,,,01 ONE FAMILY DWELLINGS,WESTERLEIGH,287 DICKIE AVENUE,01 ONE FAMILY DWELLINGS
us-nyc,United States,New York,USD,655000.0,89.18688,2025-11-12,nyc_dof_rolling_sales,89.18688,,,,1950,,,01 ONE FAMILY DWELLINGS,WESTERLEIGH,284 BIDWELL AVENUE,01 ONE FAMILY DWELLINGS
us-nyc,United States,New York,USD,545000.0,113.713272,2025-04-28,nyc_dof_rolling_sales,113.713272,,,,1925,,,01 ONE FAMILY DWELLINGS,WESTERLEIGH,225 LIVERMORE AVENUE,01 ONE FAMILY DWELLINGS
us-nyc,United States,New York,USD,690000.0,89.18688,2025-05-08,nyc_dof_rolling_sales,89.18688,,,,1950,,,01 ONE FAMILY DWELLINGS,WESTERLEIGH,198 LIVERMORE AVENUE,01 ONE FAMILY DWELLINGS
us-nyc,United States,New York,USD,947000.0,102.56491199999999,2025-01-28,nyc_dof_rolling_sales,102.56491199999999,,,,1925,,,01 ONE FAMILY DWELLINGS,WESTERLEIGH,254 DICKIE AVENUE,01 ONE FAMILY DWELLINGS
us-nyc,United States,New York,USD,520000.0,101.450076,2025-09-09,nyc_dof_rolling_sales,101.450076,,,,1960,,,01 ONE FAMILY DWELLINGS,WESTERLEIGH,305 LIVERMORE AVENUE,01 ONE FAMILY DWELLINGS
us-nyc,United States,New York,USD,644000.0,116.964877,2025-01-23,nyc_dof_rolling_sales,116.964877,,,,1945,,,01 ONE FAMILY DWELLINGS,WESTERLEIGH,278 LIVERMORE AVENUE,01 ONE FAMILY DWELLINGS
us-nyc,United States,New York,USD,780000.0,149.388024,2025-10-15,nyc_dof_rolling_sales,149.388024,,,,1930,,,01 ONE FAMILY DWELLINGS,WESTERLEIGH,2 SMITH COURT,01 ONE FAMILY DWELLINGS
us-nyc,United States,New York,USD,561000.0,140.748045,2025-06-25,nyc_dof_rolling_sales,140.748045,,,,1986,,,01 ONE FAMILY DWELLINGS,WESTERLEIGH,35 VOGEL LOOP,01 ONE FAMILY DWELLINGS
us-nyc,United States,New York,USD,583000.0,140.748045,2025-08-28,nyc_dof_rolling_sales,140.748045,,,,1986,,,01 ONE FAMILY DWELLINGS,WESTERLEIGH,23 VOGEL LOOP,01 ONE FAMILY DWELLINGS
us-nyc,United States,New York,USD,880000.0,118.91584,2025-09-30,nyc_dof_rolling_sales,118.91584,,,,1930,,,01 ONE FAMILY DWELLINGS,WESTERLEIGH,110 WATCHOGUE ROAD,01 ONE FAMILY DWELLINGS
us-nyc,United States,New York,USD,500.0,126.34808,2025-04-09,nyc_dof_rolling_sales,126.34808,,,,1925,,,01 ONE FAMILY DWELLINGS,WESTERLEIGH,64 WATCHOGUE ROAD,01 ONE FAMILY DWELLINGS
us-nyc,United States,New York,USD,610000.0,148.6448,2025-10-23,nyc_dof_rolling_sales,148.6448,,,,1993,,,01 ONE FAMILY DWELLINGS,WESTERLEIGH,27 FREDERICK STREET,01 ONE FAMILY DWELLINGS
us-nyc,United States,New York,USD,595000.0,148.6448,2025-03-24,nyc_dof_rolling_sales,148.6448,,,,1993,,,01 ONE FAMILY DWELLINGS,WESTERLEIGH,29 FREDERICK STREET,01 ONE FAMILY DWELLINGS
us-nyc,United States,New York,USD,630000.0,130.0642,2025-08-27,nyc_dof_rolling_sales,130.0642,,,,1993,,,01 ONE FAMILY DWELLINGS,WESTERLEIGH,61 AVON LANE,01 ONE FAMILY DWELLINGS
us-nyc,United States,New York,USD,900000.0,139.3545,2025-06-18,nyc_dof_rolling_sales,139.3545,,,,2016,,,01 ONE FAMILY DWELLINGS,WESTERLEIGH,78 BYRNE AVENUE,01 ONE FAMILY DWELLINGS
us-nyc,United States,New York,USD,1384820.0,163.50928,2025-07-23,nyc_dof_rolling_sales,163.50928,,,,2024,,,01 ONE FAMILY DWELLINGS,WESTERLEIGH,42 O'CONNOR AVENUE,01 ONE FAMILY DWELLINGS
us-nyc,United States,New York,USD,615000.0,109.997152,2025-06-12,nyc_dof_rolling_sales,109.997152,,,,1920,,,01 ONE FAMILY DWELLINGS,WESTERLEIGH,352 DEMOREST AVENUE,01 ONE FAMILY DWELLINGS
us-nyc,United States,New York,USD,715000.0,65.0321,2025-06-09,nyc_dof_rolling_sales,65.0321,,,,1955,,,01 ONE FAMILY DWELLINGS,WESTERLEIGH,175 CASWELL AVENUE,01 ONE FAMILY DWELLINGS
us-nyc,United States,New York,USD,720000.0,114.27069,2025-10-29,nyc_dof_rolling_sales,114.27069,,,,1960,,,01 ONE FAMILY DWELLINGS,WESTERLEIGH,101 DELMORE STREET,01 ONE FAMILY DWELLINGS
us-nyc,United States,New York,USD,740000.0,148.6448,2025-03-19,nyc_dof_rolling_sales,148.6448,,,,1960,,,01 ONE FAMILY DWELLINGS,WESTERLEIGH,265 COLLFIELD AVENUE,01 ONE FAMILY DWELLINGS
us-nyc,United States,New York,USD,840000.0,101.450076,2025-08-04,nyc_dof_rolling_sales,101.450076,,,,1960,,,01 ONE FAMILY DWELLINGS,WESTERLEIGH,304 CRYSTAL AVENUE,01 ONE FAMILY DWELLINGS
us-nyc,United States,New York,USD,715000.0,111.111988,2025-01-09,nyc_dof_rolling_sales,111.111988,,,,1960,,,01 ONE FAMILY DWELLINGS,WESTERLEIGH,232 COLLFIELD AVENUE,01 ONE FAMILY DWELLINGS
us-nyc,United States,New York,USD,830000.0,111.111988,2025-08-11,nyc_dof_rolling_sales,111.111988,,,,1960,,,01 ONE FAMILY DWELLINGS,WESTERLEIGH,242 COLLFIELD AVENUE,01 ONE FAMILY DWELLINGS
us-nyc,United States,New York,USD,1100000.0,109.253928,2025-05-08,nyc_dof_rolling_sales,109.253928,,,,1955,,,01 ONE FAMILY DWELLINGS,WESTERLEIGH,255 CASWELL AVENUE,01 ONE FAMILY DWELLINGS
us-nyc,United States,New York,USD,700000.0,111.4836,2025-04-11,nyc_dof_rolling_sales,111.4836,,,,1997,,,01 ONE FAMILY DWELLINGS,WESTERLEIGH,343 STEWART AVENUE,01 ONE FAMILY DWELLINGS
us-nyc,United States,New York,USD,481000.0,120.7739,2025-05-27,nyc_dof_rolling_sales,120.7739,,,,1989,,,01 ONE FAMILY DWELLINGS,WESTERLEIGH,291 CASWELL AVENUE,01 ONE FAMILY DWELLINGS
us-nyc,United States,New York,USD,780000.0,120.7739,2025-10-08,nyc_dof_rolling_sales,120.7739,,,,1989,,,01 ONE FAMILY DWELLINGS,WESTERLEIGH,291 CASWELL AVENUE,01 ONE FAMILY DWELLINGS
us-nyc,United States,New York,USD,592250.0,83.6127,2025-01-27,nyc_dof_rolling_sales,83.6127,,,,1955,,,01 ONE FAMILY DWELLINGS,WESTERLEIGH,442 WATCHOGUE ROAD,01 ONE FAMILY DWELLINGS
us-nyc,United States,New York,USD,665000.0,108.69651,2025-02-18,nyc_dof_rolling_sales,108.69651,,,,1955,,,01 ONE FAMILY DWELLINGS,WESTERLEIGH,363 COLLFIELD AVENUE,01 ONE FAMILY DWELLINGS
us-nyc,United States,New York,USD,1050000.0,278.709,2025-03-20,nyc_dof_rolling_sales,278.709,,,,1960,,,01 ONE FAMILY DWELLINGS,WESTERLEIGH,469 STEWART AVENUE,01 ONE FAMILY DWELLINGS
us-nyc,United States,New York,USD,720000.0,83.705603,2025-04-11,nyc_dof_rolling_sales,83.705603,,,,1930,,,01 ONE FAMILY DWELLINGS,WESTERLEIGH,320 BRYSON AVENUE,01 ONE FAMILY DWELLINGS
us-nyc,United States,New York,USD,890000.0,153.104144,2025-03-06,nyc_dof_rolling_sales,153.104144,,,,1930,,,01 ONE FAMILY DWELLINGS,WESTERLEIGH,97 AUBURN AVENUE,01 ONE FAMILY DWELLINGS
us-nyc,United States,New York,USD,731000.0,112.41263,2025-06-17,nyc_dof_rolling_sales,112.41263,,,,1955,,,01 ONE FAMILY DWELLINGS,WESTERLEIGH,453 WILLOWBROOK ROAD,01 ONE FAMILY DWELLINGS
us-nyc,United States,New York,USD,725000.0,104.237166,2025-08-27,nyc_dof_rolling_sales,104.237166,,,,1945,,,01 ONE FAMILY DWELLINGS,WESTERLEIGH,282 CASWELL AVENUE,01 ONE FAMILY DWELLINGS
us-nyc,United States,New York,USD,605000.0,81.290125,2025-03-24,nyc_dof_rolling_sales,81.290125,,,,1955,,,01 ONE FAMILY DWELLINGS,WESTERLEIGH,518 STEWART AVENUE,01 ONE FAMILY DWELLINGS
us-nyc,United States,New York,USD,940000.0,240.804576,2025-07-17,nyc_dof_rolling_sales,240.804576,,,,1930,,,01 ONE FAMILY DWELLINGS,WESTERLEIGH,63 RIEGELMANN STREET,01 ONE FAMILY DWELLINGS
us-nyc,United States,New York,USD,10.0,130.435812,2025-04-23,nyc_dof_rolling_sales,130.435812,,,,1930,,,01 ONE FAMILY DWELLINGS,WESTERLEIGH,25 PONTIAC STREET,01 ONE FAMILY DWELLINGS
us-nyc,United States,New York,USD,765000.0,135.452574,2025-03-05,nyc_dof_rolling_sales,135.452574,,,,1930,,,01 ONE FAMILY DWELLINGS,WESTERLEIGH,21 ARNPRIOR STREET,01 ONE FAMILY DWELLINGS
us-nyc,United States,New York,USD,720000.0,143.813844,2025-03-06,nyc_dof_rolling_sales,143.813844,,,,1950,,,01 ONE FAMILY DWELLINGS,WESTERLEIGH,40 COLLFIELD AVENUE,01 ONE FAMILY DWELLINGS
us-nyc,United States,New York,USD,595000.0,84.54173,2025-08-25,nyc_dof_rolling_sales,84.54173,,,,1940,,,01 ONE FAMILY DWELLINGS,WESTERLEIGH,95 BRYSON AVENUE,01 ONE FAMILY DWELLINGS
us-nyc,United States,New York,USD,695888.0,109.997152,2025-10-20,nyc_dof_rolling_sales,109.997152,,,,1960,,,01 ONE FAMILY DWELLINGS,WESTERLEIGH,127 GLASCOE AVENUE,01 ONE FAMILY DWELLINGS
us-nyc,United States,New York,USD,675000.0,96.990732,2025-08-06,nyc_dof_rolling_sales,96.990732,,,,1930,,,01 ONE FAMILY DWELLINGS,WESTERLEIGH,265 WATERS AVENUE,01 ONE FAMILY DWELLINGS
us-nyc,United States,New York,USD,949000.0,176.5157,2025-05-02,nyc_dof_rolling_sales,176.5157,,,,1960,,,01 ONE FAMILY DWELLINGS,WESTERLEIGH,268 LEONARD AVENUE,01 ONE FAMILY DWELLINGS
us-nyc,United States,New York,USD,655000.0,100.33524,2025-08-05,nyc_dof_rolling_sales,100.33524,,,,1945,,,01 ONE FAMILY DWELLINGS,WESTERLEIGH,221 WILLOWBROOK ROAD,01 ONE FAMILY DWELLINGS
us-nyc,United States,New York,USD,525000.0,98.47718,2025-09-03,nyc_dof_rolling_sales,98.47718,,,,1991,,,01 ONE FAMILY DWELLINGS,WESTERLEIGH,24 HOUSTON LANE,01 ONE FAMILY DWELLINGS
us-nyc,United States,New York,USD,135000.0,98.47718,2025-03-31,nyc_dof_rolling_sales,98.47718,,,,1991,,,01 ONE FAMILY DWELLINGS,WESTERLEIGH,56 HOUSTON LANE,01 ONE FAMILY DWELLINGS
us-nyc,United States,New York,USD,10.0,120.7739,2025-05-27,nyc_dof_rolling_sales,120.7739,,,,1970,,,01 ONE FAMILY DWELLINGS,WESTERLEIGH,204 WILLOWBROOK ROAD,01 ONE FAMILY DWELLINGS
us-nyc,United States,New York,USD,460000.0,74.3224,2025-04-09,nyc_dof_rolling_sales,74.3224,,,,1929,,,01 ONE FAMILY DWELLINGS,WESTERLEIGH,142 VEDDER AVENUE,01 ONE FAMILY DWELLINGS
us-nyc,United States,New York,USD,690000.0,106.281032,2025-11-20,nyc_dof_rolling_sales,106.281032,,,,1965,,,01 ONE FAMILY DWELLINGS,WESTERLEIGH,18 LEVIT AVENUE,01 ONE FAMILY DWELLINGS
us-nyc,United States,New York,USD,720000.0,167.2254,2025-09-10,nyc_dof_rolling_sales,167.2254,,,,1970,,,01 ONE FAMILY DWELLINGS,WESTERLEIGH,70 LYON PLACE,01 ONE FAMILY DWELLINGS
us-nyc,United States,New York,USD,715000.0,111.948115,2025-09-17,nyc_dof_rolling_sales,111.948115,,,,1955,,,01 ONE FAMILY DWELLINGS,WESTERLEIGH,129 HOME PLACE,01 ONE FAMILY DWELLINGS
us-nyc,United States,New York,USD,10.0,96.61912,2025-06-09,nyc_dof_rolling_sales,96.61912,,,,1955,,,01 ONE FAMILY DWELLINGS,WESTERLEIGH,90 HOME PLACE,01 ONE FAMILY DWELLINGS
us-nyc,United States,New York,USD,565000.0,125.976468,2025-09-11,nyc_dof_rolling_sales,125.976468,,,,1930,,,01 ONE FAMILY DWELLINGS,WESTERLEIGH,332 WILLOWBROOK ROAD,01 ONE FAMILY DWELLINGS
us-nyc,United States,New York,USD,680000.0,116.314556,2025-11-19,nyc_dof_rolling_sales,116.314556,,,,1935,,,01 ONE FAMILY DWELLINGS,WESTERLEIGH,13 HAWTHORNE AVENUE,01 ONE FAMILY DWELLINGS
us-nyc,United States,New York,USD,615000.0,114.084884,2025-08-08,nyc_dof_rolling_sales,114.084884,,,,1920,,,01 ONE FAMILY DWELLINGS,WESTERLEIGH,458 WATCHOGUE ROAD,01 ONE FAMILY DWELLINGS
us-nyc,United States,New York,USD,672000.0,124.861632,2025-04-01,nyc_dof_rolling_sales,124.861632,,,,1989,,,01 ONE FAMILY DWELLINGS,WESTERLEIGH,14 FRANCINE LANE,01 ONE FAMILY DWELLINGS
us-nyc,United States,New York,USD,890000.0,183.576328,2025-01-22,nyc_dof_rolling_sales,183.576328,,,,1970,,,01 ONE FAMILY DWELLINGS,WESTERLEIGH,342 CASWELL AVENUE,01 ONE FAMILY DWELLINGS
us-nyc,United States,New York,USD,850000.0,118.451325,2025-05-14,nyc_dof_rolling_sales,118.451325,,,,1960,,,01 ONE FAMILY DWELLINGS,WESTERLEIGH,203 AUBURN AVENUE,01 ONE FAMILY DWELLINGS
us-nyc,United States,New York,USD,357000.0,96.61912,2025-08-04,nyc_dof_rolling_sales,96.61912,,,,1955,,,01 ONE FAMILY DWELLINGS,WESTERLEIGH,38 TREMONT AVENUE,01 ONE FAMILY DWELLINGS
us-nyc,United States,New York,USD,974900.0,155.14801,2025-08-11,nyc_dof_rolling_sales,155.14801,,,,1955,,,01 ONE FAMILY DWELLINGS,WESTERLEIGH,39 CANTERBURY AVENUE,01 ONE FAMILY DWELLINGS
us-nyc,United States,New York,USD,675000.0,150.50286,2025-02-06,nyc_dof_rolling_sales,150.50286,,,,1965,,,01 ONE FAMILY DWELLINGS,WESTERLEIGH,43 TREMONT AVENUE,01 ONE FAMILY DWELLINGS
us-nyc,United States,New York,USD,825000.0,110.368764,2025-02-12,nyc_dof_rolling_sales,110.368764,,,,1955,,,01 ONE FAMILY DWELLINGS,WESTERLEIGH,508 WILLOWBROOK ROAD,01 ONE FAMILY DWELLINGS
us-nyc,United States,New York,USD,680000.0,111.4836,2025-06-17,nyc_dof_rolling_sales,111.4836,,,,2003,,,01 ONE FAMILY DWELLINGS,WESTERLEIGH,3A MONTAUK PLACE,01 ONE FAMILY DWELLINGS
us-nyc,United States,New York,USD,95000.0,204.3866,2025-01-31,nyc_dof_rolling_sales,204.3866,,,,1965,,,01 ONE FAMILY DWELLINGS,WESTERLEIGH,32 MONTAUK PLACE,01 ONE FAMILY DWELLINGS
us-nyc,United States,New York,USD,875000.0,194.260173,2025-03-18,nyc_dof_rolling_sales,194.260173,,,,1965,,,01 ONE FAMILY DWELLINGS,WESTERLEIGH,291 WOODBINE AVENUE,01 ONE FAMILY DWELLINGS
us-nyc,United States,New York,USD,645000.0,111.4836,2025-04-18,nyc_dof_rolling_sales,111.4836,,,,1990,,,01 ONE FAMILY DWELLINGS,WESTERLEIGH,101 WYONA AVENUE,01 ONE FAMILY DWELLINGS
us-nyc,United States,New York,USD,860000.0,173.914416,2025-05-15,nyc_dof_rolling_sales,173.914416,,,,1965,,,02 TWO FAMILY DWELLINGS,WESTERLEIGH,99 BURNSIDE AVENUE,02 TWO FAMILY DWELLINGS
us-nyc,United States,New York,USD,990000.0,334.4508,2025-04-25,nyc_dof_rolling_sales,334.4508,,,,2007,,,02 TWO FAMILY DWELLINGS,WESTERLEIGH,688 JEWETT AVENUE,02 TWO FAMILY DWELLINGS
us-nyc,United States,New York,USD,818000.0,169.08346,2025-11-06,nyc_dof_rolling_sales,169.08346,,,,1915,,,02 TWO FAMILY DWELLINGS,WESTERLEIGH,412 COLLEGE AVENUE,02 TWO FAMILY DWELLINGS
us-nyc,United States,New York,USD,888000.0,207.731108,2025-05-29,nyc_dof_rolling_sales,207.731108,,,,1925,,,02 TWO FAMILY DWELLINGS,WESTERLEIGH,347 MAINE AVENUE,02 TWO FAMILY DWELLINGS
us-nyc,United States,New York,USD,790000.0,101.450076,2025-12-05,nyc_dof_rolling_sales,101.450076,,,,1930,,,02 TWO FAMILY DWELLINGS,WESTERLEIGH,142 NEAL DOW AVENUE,02 TWO FAMILY DWELLINGS
us-nyc,United States,New York,USD,1300000.0,274.99288,2025-05-19,nyc_dof_rolling_sales,274.99288,,,,1899,,,02 TWO FAMILY DWELLINGS,WESTERLEIGH,202 DICKIE AVENUE,02 TWO FAMILY DWELLINGS
us-nyc,United States,New York,USD,997885.0,217.207214,2025-06-25,nyc_dof_rolling_sales,217.207214,,,,2024,,,02 TWO FAMILY DWELLINGS,WESTERLEIGH,38 MARKHAM PLACE,02 TWO FAMILY DWELLINGS
us-nyc,United States,New York,USD,1440824.0,379.601658,2025-03-21,nyc_dof_rolling_sales,379.601658,,,,2024,,,02 TWO FAMILY DWELLINGS,WESTERLEIGH,51 MARBLE STREET,02 TWO FAMILY DWELLINGS
us-nyc,United States,New York,USD,1476463.0,379.601658,2025-03-11,nyc_dof_rolling_sales,379.601658,,,,2024,,,02 TWO FAMILY DWELLINGS,WESTERLEIGH,57 MARBLE STREET,02 TWO FAMILY DWELLINGS
us-nyc,United States,New York,USD,888000.0,133.78032,2025-08-27,nyc_dof_rolling_sales,133.78032,,,,2004,,,02 TWO FAMILY DWELLINGS,WESTERLEIGH,15 MANN AVENUE,02 TWO FAMILY DWELLINGS
us-nyc,United States,New York,USD,685000.0,113.713272,2025-07-01,nyc_dof_rolling_sales,113.713272,,,,1925,,,02 TWO FAMILY DWELLINGS,WESTERLEIGH,79 BYRNE AVENUE,02 TWO FAMILY DWELLINGS
us-nyc,United States,New York,USD,1364455.0,264.216132,2025-12-04,nyc_dof_rolling_sales,264.216132,,,,2024,,,02 TWO FAMILY DWELLINGS,WESTERLEIGH,46 O'CONNOR AVENUE,02 TWO FAMILY DWELLINGS
us-nyc,United States,New York,USD,725000.0,152.732532,2025-10-01,nyc_dof_rolling_sales,152.732532,,,,1920,,,02 TWO FAMILY DWELLINGS,WESTERLEIGH,353 CHEVES AVENUE,02 TWO FAMILY DWELLINGS
us-nyc,United States,New York,USD,840000.0,191.751792,2025-02-10,nyc_dof_rolling_sales,191.751792,,,,1920,,,02 TWO FAMILY DWELLINGS,WESTERLEIGH,349 LIVERMORE AVENUE,02 TWO FAMILY DWELLINGS
us-nyc,United States,New York,USD,1.0,170.94152,2025-07-29,nyc_dof_rolling_sales,170.94152,,,,1920,,,02 TWO FAMILY DWELLINGS,WESTERLEIGH,11 RUTH STREET,02 TWO FAMILY DWELLINGS
us-nyc,United States,New York,USD,1175000.0,260.1284,2025-01-15,nyc_dof_rolling_sales,260.1284,,,,2001,,,02 TWO FAMILY DWELLINGS,WESTERLEIGH,408 LIVERMORE AVENUE,02 TWO FAMILY DWELLINGS
us-nyc,United States,New York,USD,10.0,183.390522,2025-10-16,nyc_dof_rolling_sales,183.390522,,,,1970,,,02 TWO FAMILY DWELLINGS,WESTERLEIGH,473 WOOLLEY AVENUE,02 TWO FAMILY DWELLINGS
us-nyc,United States,New York,USD,995517.0,251.023906,2025-02-11,nyc_dof_rolling_sales,251.023906,,,,2016,,,02 TWO FAMILY DWELLINGS,WESTERLEIGH,223 COLLFIELD,02 TWO FAMILY DWELLINGS
us-nyc,United States,New York,USD,930000.0,205.873048,2025-09-03,nyc_dof_rolling_sales,205.873048,,,,1975,,,02 TWO FAMILY DWELLINGS,WESTERLEIGH,2409 VICTORY BOULEVARD,02 TWO FAMILY DWELLINGS
us-nyc,United States,New York,USD,999000.0,190.45115,2025-06-13,nyc_dof_rolling_sales,190.45115,,,,2005,,,02 TWO FAMILY DWELLINGS,WESTERLEIGH,501 WILLOWBROOK ROAD,02 TWO FAMILY DWELLINGS
us-nyc,United States,New York,USD,530000.0,148.6448,2025-05-21,nyc_dof_rolling_sales,148.6448,,,,1955,,,02 TWO FAMILY DWELLINGS,WESTERLEIGH,601 COLLEGE AVENUE,02 TWO FAMILY DWELLINGS
us-nyc,United States,New York,USD,820000.0,235.787814,2025-07-07,nyc_dof_rolling_sales,235.787814,,,,1970,,,02 TWO FAMILY DWELLINGS,WESTERLEIGH,130 GALLOWAY AVENUE,02 TWO FAMILY DWELLINGS
us-nyc,United States,New York,USD,715000.0,117.05778,2025-01-27,nyc_dof_rolling_sales,117.05778,,,,2001,,,02 TWO FAMILY DWELLINGS,WESTERLEIGH,23 GLORIA COURT,02 TWO FAMILY DWELLINGS
us-nyc,United States,New York,USD,999999.0,316.241812,2025-02-25,nyc_dof_rolling_sales,316.241812,,,,1970,,,02 TWO FAMILY DWELLINGS,WESTERLEIGH,43 DEVENS STREET,02 TWO FAMILY DWELLINGS
us-nyc,United States,New York,USD,700000.0,210.704004,2025-10-10,nyc_dof_rolling_sales,210.704004,,,,1970,,,02 TWO FAMILY DWELLINGS,WESTERLEIGH,43 JAFFE STREET,02 TWO FAMILY DWELLINGS
us-nyc,United States,New York,USD,925000.0,246.007144,2025-01-16,nyc_dof_rolling_sales,246.007144,,,,1970,,,02 TWO FAMILY DWELLINGS,WESTERLEIGH,35 THURSTON STREET,02 TWO FAMILY DWELLINGS
us-nyc,United States,New York,USD,199161.0,217.578826,2025-03-07,nyc_dof_rolling_sales,217.578826,,,,1970,,,02 TWO FAMILY DWELLINGS,WESTERLEIGH,8 THURSTON STREET,02 TWO FAMILY DWELLINGS
us-nyc,United States,New York,USD,885000.0,215.349154,2025-02-07,nyc_dof_rolling_sales,215.349154,,,,1975,,,02 TWO FAMILY DWELLINGS,WESTERLEIGH,220 WOODBINE AVENUE,02 TWO FAMILY DWELLINGS
us-nyc,United States,New York,USD,999000.0,213.6769,2025-10-10,nyc_dof_rolling_sales,213.6769,,,,1970,,,02 TWO FAMILY DWELLINGS,WESTERLEIGH,319 WOODBINE AVENUE,02 TWO FAMILY DWELLINGS
us-nyc,United States,New York,USD,528000.0,nan,2025-06-09,nyc_dof_rolling_sales,nan,,,,1977,,,04 TAX CLASS 1 CONDOS,WESTERLEIGH,"403 WILLOW ROAD EAST, 2",04 TAX CLASS 1 CONDOS
us-nyc,United States,New York,USD,540000.0,nan,2025-11-10,nyc_dof_rolling_sales,nan,,,,1977,,,04 TAX CLASS 1 CONDOS,WESTERLEIGH,"444 CASWELL AVENUE, 2",04 TAX CLASS 1 CONDOS
us-nyc,United States,New York,USD,550000.0,nan,2025-08-12,nyc_dof_rolling_sales,nan,,,,1977,,,04 TAX CLASS 1 CONDOS,WESTERLEIGH,"430 CASWELL AVENUE, 1",04 TAX CLASS 1 CONDOS
us-nyc,United States,New York,USD,525000.0,nan,2025-06-03,nyc_dof_rolling_sales,nan,,,,1977,,,04 TAX CLASS 1 CONDOS,WESTERLEIGH,"430 CASWELL AVENUE, 2",04 TAX CLASS 1 CONDOS
us-nyc,United States,New York,USD,520000.0,nan,2025-10-01,nyc_dof_rolling_sales,nan,,,,1977,,,04 TAX CLASS 1 CONDOS,WESTERLEIGH,"432 CASWELL AVENUE, 2",04 TAX CLASS 1 CONDOS
us-nyc,United States,New York,USD,535000.0,nan,2025-12-05,nyc_dof_rolling_sales,nan,,,,1977,,,04 TAX CLASS 1 CONDOS,WESTERLEIGH,"443 WILLOW ROAD EAST, 1",04 TAX CLASS 1 CONDOS
us-nyc,United States,New York,USD,532000.0,nan,2025-07-08,nyc_dof_rolling_sales,nan,,,,1977,,,04 TAX CLASS 1 CONDOS,WESTERLEIGH,"461 WILLOW ROAD EAST, 2",04 TAX CLASS 1 CONDOS
us-nyc,United States,New York,USD,495000.0,nan,2025-01-17,nyc_dof_rolling_sales,nan,,,,1980,,,04 TAX CLASS 1 CONDOS,WESTERLEIGH,"491 WILLOW ROAD EAST, 1",04 TAX CLASS 1 CONDOS
us-nyc,United States,New York,USD,498000.0,nan,2025-08-07,nyc_dof_rolling_sales,nan,,,,1978,,,04 TAX CLASS 1 CONDOS,WESTERLEIGH,"539 WILLOW ROAD EAST, 1",04 TAX CLASS 1 CONDOS
us-nyc,United States,New York,USD,465000.0,nan,2025-06-26,nyc_dof_rolling_sales,nan,,,,1978,,,04 TAX CLASS 1 CONDOS,WESTERLEIGH,"535 WILLOW ROAD EAST, 2",04 TAX CLASS 1 CONDOS
us-nyc,United States,New York,USD,910000.0,398.368064,2025-01-29,nyc_dof_rolling_sales,398.368064,,,,1930,,,07 RENTALS - WALKUP APARTMENTS,WESTERLEIGH,153-155 WILLOWBROOK ROAD,07 RENTALS - WALKUP APARTMENTS
us-nyc,United States,New York,USD,750000.0,195.09629999999999,2025-06-17,nyc_dof_rolling_sales,195.09629999999999,,,,1940,,,21 OFFICE BUILDINGS,WESTERLEIGH,1340 FOREST AVENUE,21 OFFICE BUILDINGS
us-nyc,United States,New York,USD,800000.0,256.41228,2025-11-18,nyc_dof_rolling_sales,256.41228,,,,1940,,,22 STORE BUILDINGS,WESTERLEIGH,1328 FOREST AVENUE,22 STORE BUILDINGS
us-nyc,United States,New York,USD,2200000.0,505.39232,2025-08-26,nyc_dof_rolling_sales,505.39232,,,,1955,,,22 STORE BUILDINGS,WESTERLEIGH,832 JEWETT AVENUE,22 STORE BUILDINGS
us-nyc,United States,New York,USD,1000000.0,371.612,2025-10-07,nyc_dof_rolling_sales,371.612,,,,1954,,,29 COMMERCIAL GARAGES,WESTERLEIGH,2041 VICTORY BLVD,29 COMMERCIAL GARAGES
us-nyc,United States,New York,USD,875000.0,86.028178,2025-10-29,nyc_dof_rolling_sales,86.028178,,,,1955,,,01 ONE FAMILY DWELLINGS,WILLOWBROOK,124 BYRNE AVENUE,01 ONE FAMILY DWELLINGS
us-nyc,United States,New York,USD,664000.0,101.450076,2025-04-29,nyc_dof_rolling_sales,101.450076,,,,1955,,,01 ONE FAMILY DWELLINGS,WILLOWBROOK,239 BYRNE AVENUE,01 ONE FAMILY DWELLINGS
us-nyc,United States,New York,USD,710000.0,96.61912,2025-07-11,nyc_dof_rolling_sales,96.61912,,,,1955,,,01 ONE FAMILY DWELLINGS,WILLOWBROOK,204 BYRNE AVENUE,01 ONE FAMILY DWELLINGS
us-nyc,United States,New York,USD,342000.0,96.61912,2025-07-21,nyc_dof_rolling_sales,96.61912,,,,1955,,,01 ONE FAMILY DWELLINGS,WILLOWBROOK,254 BYRNE AVENUE,01 ONE FAMILY DWELLINGS
us-nyc,United States,New York,USD,715548.0,84.727536,2025-05-16,nyc_dof_rolling_sales,84.727536,,,,1950,,,01 ONE FAMILY DWELLINGS,WILLOWBROOK,70 KELL AVENUE,01 ONE FAMILY DWELLINGS
us-nyc,United States,New York,USD,575000.0,177.537633,2025-03-27,nyc_dof_rolling_sales,177.537633,,,,1950,,,01 ONE FAMILY DWELLINGS,WILLOWBROOK,74 KELL AVENUE,01 ONE FAMILY DWELLINGS
us-nyc,United States,New York,USD,860000.0,163.880892,2025-05-01,nyc_dof_rolling_sales,163.880892,,,,1950,,,01 ONE FAMILY DWELLINGS,WILLOWBROOK,253 PURDY AVENUE,01 ONE FAMILY DWELLINGS
us-nyc,United States,New York,USD,500000.0,102.1933,2025-10-30,nyc_dof_rolling_sales,102.1933,,,,1930,,,01 ONE FAMILY DWELLINGS,WILLOWBROOK,53 CARMEL AVENUE,01 ONE FAMILY DWELLINGS
us-nyc,United States,New York,USD,640000.0,96.61912,2025-11-03,nyc_dof_rolling_sales,96.61912,,,,1940,,,01 ONE FAMILY DWELLINGS,WILLOWBROOK,36 CARMEL AVENUE,01 ONE FAMILY DWELLINGS
us-nyc,United States,New York,USD,665000.0,104.05136,2025-06-10,nyc_dof_rolling_sales,104.05136,,,,1965,,,01 ONE FAMILY DWELLINGS,WILLOWBROOK,555 INGRAM AVENUE,01 ONE FAMILY DWELLINGS
us-nyc,United States,New York,USD,810000.0,170.94152,2025-01-13,nyc_dof_rolling_sales,170.94152,,,,1955,,,01 ONE FAMILY DWELLINGS,WILLOWBROOK,535 INGRAM AVENUE,01 ONE FAMILY DWELLINGS
us-nyc,United States,New York,USD,773870.0,175.58667,2025-01-28,nyc_dof_rolling_sales,175.58667,,,,2024,,,01 ONE FAMILY DWELLINGS,WILLOWBROOK,N/A ARDMORE AVENUE,01 ONE FAMILY DWELLINGS
us-nyc,United States,New York,USD,648000.0,123.003572,2025-09-22,nyc_dof_rolling_sales,123.003572,,,,1920,,,01 ONE FAMILY DWELLINGS,WILLOWBROOK,24 MARTIN AVENUE,01 ONE FAMILY DWELLINGS
us-nyc,United States,New York,USD,550000.0,85.377857,2025-07-10,nyc_dof_rolling_sales,85.377857,,,,1950,,,01 ONE FAMILY DWELLINGS,WILLOWBROOK,523 WOOLLEY AVENUE,01 ONE FAMILY DWELLINGS
us-nyc,United States,New York,USD,553928.0,111.4836,2025-07-31,nyc_dof_rolling_sales,111.4836,,,,2007,,,01 ONE FAMILY DWELLINGS,WILLOWBROOK,118 MARTIN AVENUE,01 ONE FAMILY DWELLINGS
us-nyc,United States,New York,USD,635000.0,84.727536,2025-10-31,nyc_dof_rolling_sales,84.727536,,,,1980,,,01 ONE FAMILY DWELLINGS,WILLOWBROOK,591 WOOLLEY AVENUE,01 ONE FAMILY DWELLINGS
us-nyc,United States,New York,USD,860000.0,161.465414,2025-07-22,nyc_dof_rolling_sales,161.465414,,,,1960,,,01 ONE FAMILY DWELLINGS,WILLOWBROOK,12 CRAFTON AVENUE,01 ONE FAMILY DWELLINGS
us-nyc,United States,New York,USD,649888.0,112.970048,2025-03-12,nyc_dof_rolling_sales,112.970048,,,,1975,,,01 ONE FAMILY DWELLINGS,WILLOWBROOK,449 NORTH GANNON AVENUE,01 ONE FAMILY DWELLINGS
us-nyc,United States,New York,USD,510000.0,126.34808,2025-03-26,nyc_dof_rolling_sales,126.34808,,,,1988,,,01 ONE FAMILY DWELLINGS,WILLOWBROOK,17 ROOSEVELT COURT,01 ONE FAMILY DWELLINGS
us-nyc,United States,New York,USD,1200000.0,196.211136,2025-03-24,nyc_dof_rolling_sales,196.211136,,,,1930,,,01 ONE FAMILY DWELLINGS,WILLOWBROOK,1161 WILLOWBROOK ROAD,01 ONE FAMILY DWELLINGS
us-nyc,United States,New York,USD,825000.0,198.069196,2025-06-10,nyc_dof_rolling_sales,198.069196,,,,1970,,,01 ONE FAMILY DWELLINGS,WILLOWBROOK,729 WESTWOOD AVENUE,01 ONE FAMILY DWELLINGS
us-nyc,United States,New York,USD,809000.0,145.85771,2025-05-29,nyc_dof_rolling_sales,145.85771,,,,1975,,,01 ONE FAMILY DWELLINGS,WILLOWBROOK,334 KELL AVENUE,01 ONE FAMILY DWELLINGS
us-nyc,United States,New York,USD,825000.0,145.85771,2025-01-10,nyc_dof_rolling_sales,145.85771,,,,1975,,,01 ONE FAMILY DWELLINGS,WILLOWBROOK,302 KELL AVENUE,01 ONE FAMILY DWELLINGS
us-nyc,United States,New York,USD,825000.0,133.78032,2025-03-24,nyc_dof_rolling_sales,133.78032,,,,1970,,,01 ONE FAMILY DWELLINGS,WILLOWBROOK,1107 WILLOWBROOK RD,01 ONE FAMILY DWELLINGS
us-nyc,United States,New York,USD,729000.0,126.719692,2025-07-02,nyc_dof_rolling_sales,126.719692,,,,1970,,,01 ONE FAMILY DWELLINGS,WILLOWBROOK,203 ARDMORE AVENUE,01 ONE FAMILY DWELLINGS
us-nyc,United States,New York,USD,780000.0,115.942944,2025-11-17,nyc_dof_rolling_sales,115.942944,,,,1970,,,01 ONE FAMILY DWELLINGS,WILLOWBROOK,207 MARTIN AVENUE,01 ONE FAMILY DWELLINGS
us-nyc,United States,New York,USD,993000.0,216.46399,2025-08-06,nyc_dof_rolling_sales,216.46399,,,,1965,,,01 ONE FAMILY DWELLINGS,WILLOWBROOK,294 SHERADEN AVENUE,01 ONE FAMILY DWELLINGS
us-nyc,United States,New York,USD,930000.0,232.629112,2025-08-06,nyc_dof_rolling_sales,232.629112,,,,1965,,,01 ONE FAMILY DWELLINGS,WILLOWBROOK,267 ARDMORE AVENUE,01 ONE FAMILY DWELLINGS
us-nyc,United States,New York,USD,1217500.0,172.427968,2025-08-11,nyc_dof_rolling_sales,172.427968,,,,1970,,,01 ONE FAMILY DWELLINGS,WILLOWBROOK,949 WESTWOOD AVENUE,01 ONE FAMILY DWELLINGS
us-nyc,United States,New York,USD,957041.0,149.480927,2025-08-25,nyc_dof_rolling_sales,149.480927,,,,2024,,,01 ONE FAMILY DWELLINGS,WILLOWBROOK,N/A WILLOWBROOK ROAD,01 ONE FAMILY DWELLINGS
us-nyc,United States,New York,USD,765000.0,141.21256,2025-06-09,nyc_dof_rolling_sales,141.21256,,,,1980,,,01 ONE FAMILY DWELLINGS,WILLOWBROOK,680 STEWART AVENUE,01 ONE FAMILY DWELLINGS
us-nyc,United States,New York,USD,655000.0,121.888736,2025-05-23,nyc_dof_rolling_sales,121.888736,,,,1988,,,01 ONE FAMILY DWELLINGS,WILLOWBROOK,173 ROOSEVELT AVENUE,01 ONE FAMILY DWELLINGS
us-nyc,United States,New York,USD,645000.0,122.63195999999999,2025-09-30,nyc_dof_rolling_sales,122.63195999999999,,,,1998,,,01 ONE FAMILY DWELLINGS,WILLOWBROOK,147 ROOSEVELT AVENUE,01 ONE FAMILY DWELLINGS
us-nyc,United States,New York,USD,965000.0,98.848792,2025-04-10,nyc_dof_rolling_sales,98.848792,,,,1940,,,01 ONE FAMILY DWELLINGS,WILLOWBROOK,532 BUCHANAN AVENUE,01 ONE FAMILY DWELLINGS
us-nyc,United States,New York,USD,990000.0,157.00607,2025-10-29,nyc_dof_rolling_sales,157.00607,,,,2005,,,01 ONE FAMILY DWELLINGS,WILLOWBROOK,47 TALARICO COURT,01 ONE FAMILY DWELLINGS
us-nyc,United States,New York,USD,680000.0,204.3866,2025-02-06,nyc_dof_rolling_sales,204.3866,,,,1999,,,01 ONE FAMILY DWELLINGS,WILLOWBROOK,18 LARRISON LOOP,01 ONE FAMILY DWELLINGS
us-nyc,United States,New York,USD,730000.0,111.297794,2025-09-03,nyc_dof_rolling_sales,111.297794,,,,1996,,,01 ONE FAMILY DWELLINGS,WILLOWBROOK,66 FILLMORE AVENUE,01 ONE FAMILY DWELLINGS
us-nyc,United States,New York,USD,745000.0,111.4836,2025-08-21,nyc_dof_rolling_sales,111.4836,,,,1996,,,01 ONE FAMILY DWELLINGS,WILLOWBROOK,68 FILLMORE AVENUE,01 ONE FAMILY DWELLINGS
us-nyc,United States,New York,USD,812500.0,133.78032,2025-04-02,nyc_dof_rolling_sales,133.78032,,,,1965,,,01 ONE FAMILY DWELLINGS,WILLOWBROOK,69 BIRCHARD AVE.,01 ONE FAMILY DWELLINGS
us-nyc,United States,New York,USD,713000.0,111.4836,2025-07-28,nyc_dof_rolling_sales,111.4836,,,,2005,,,01 ONE FAMILY DWELLINGS,WILLOWBROOK,88 GWENN LOOP,01 ONE FAMILY DWELLINGS
us-nyc,United States,New York,USD,850000.0,102.1933,2025-05-07,nyc_dof_rolling_sales,102.1933,,,,1925,,,01 ONE FAMILY DWELLINGS,WILLOWBROOK,841 ROCKLAND AVENUE,01 ONE FAMILY DWELLINGS
us-nyc,United States,New York,USD,729000.0,130.0642,2025-06-23,nyc_dof_rolling_sales,130.0642,,,,2005,,,01 ONE FAMILY DWELLINGS,WILLOWBROOK,25 GWENN LOOP,01 ONE FAMILY DWELLINGS
us-nyc,United States,New York,USD,1260000.0,204.3866,2025-11-24,nyc_dof_rolling_sales,204.3866,,,,1975,,,01 ONE FAMILY DWELLINGS,WILLOWBROOK,159 FIELDS AVENUE,01 ONE FAMILY DWELLINGS
us-nyc,United States,New York,USD,790000.0,140.469336,2025-08-27,nyc_dof_rolling_sales,140.469336,,,,1965,,,01 ONE FAMILY DWELLINGS,WILLOWBROOK,45 DOROTHY STREET,01 ONE FAMILY DWELLINGS
us-nyc,United States,New York,USD,675000.0,120.030676,2025-01-22,nyc_dof_rolling_sales,120.030676,,,,1970,,,01 ONE FAMILY DWELLINGS,WILLOWBROOK,40 BOONE STREET,01 ONE FAMILY DWELLINGS
us-nyc,United States,New York,USD,700000.0,113.713272,2025-03-10,nyc_dof_rolling_sales,113.713272,,,,1970,,,01 ONE FAMILY DWELLINGS,WILLOWBROOK,491 HAROLD STREET,01 ONE FAMILY DWELLINGS
us-nyc,United States,New York,USD,944000.0,169.826684,2025-02-20,nyc_dof_rolling_sales,169.826684,,,,1960,,,01 ONE FAMILY DWELLINGS,WILLOWBROOK,27 BOONE STREET,01 ONE FAMILY DWELLINGS
us-nyc,United States,New York,USD,870000.0,194.631785,2025-04-30,nyc_dof_rolling_sales,194.631785,,,,1985,,,01 ONE FAMILY DWELLINGS,WILLOWBROOK,152 JOSEPH AVE,01 ONE FAMILY DWELLINGS
us-nyc,United States,New York,USD,950000.0,154.590592,2025-03-14,nyc_dof_rolling_sales,154.590592,,,,1965,,,01 ONE FAMILY DWELLINGS,WILLOWBROOK,46 MC DONALD STREET,01 ONE FAMILY DWELLINGS
us-nyc,United States,New York,USD,1150000.0,154.590592,2025-03-03,nyc_dof_rolling_sales,154.590592,,,,1965,,,01 ONE FAMILY DWELLINGS,WILLOWBROOK,42 MC DONALD STREET,01 ONE FAMILY DWELLINGS
us-nyc,United States,New York,USD,733000.0,209.589168,2025-04-29,nyc_dof_rolling_sales,209.589168,,,,1982,,,01 ONE FAMILY DWELLINGS,WILLOWBROOK,61 OAKVILLE STREET,01 ONE FAMILY DWELLINGS
us-nyc,United States,New York,USD,725000.0,156.07704,2025-06-04,nyc_dof_rolling_sales,156.07704,,,,1970,,,01 ONE FAMILY DWELLINGS,WILLOWBROOK,86 SUNSET AVENUE,01 ONE FAMILY DWELLINGS
us-nyc,United States,New York,USD,655000.0,107.024256,2025-03-27,nyc_dof_rolling_sales,107.024256,,,,1970,,,01 ONE FAMILY DWELLINGS,WILLOWBROOK,110 SUNSET AVENUE,01 ONE FAMILY DWELLINGS
us-nyc,United States,New York,USD,740000.0,104.05136,2025-02-10,nyc_dof_rolling_sales,104.05136,,,,1955,,,01 ONE FAMILY DWELLINGS,WILLOWBROOK,1044 WILLOWBROOK ROAD,01 ONE FAMILY DWELLINGS
us-nyc,United States,New York,USD,1500000.0,333.986285,2025-06-25,nyc_dof_rolling_sales,333.986285,,,,1985,,,01 ONE FAMILY DWELLINGS,WILLOWBROOK,93 JOSEPH AVENUE,01 ONE FAMILY DWELLINGS
us-nyc,United States,New York,USD,1675000.0,278.709,2025-01-13,nyc_dof_rolling_sales,278.709,,,,1994,,,01 ONE FAMILY DWELLINGS,WILLOWBROOK,33 WASHINGTON AVENUE,01 ONE FAMILY DWELLINGS
us-nyc,United States,New York,USD,880000.0,207.545302,2025-10-21,nyc_dof_rolling_sales,207.545302,,,,1970,,,01 ONE FAMILY DWELLINGS,WILLOWBROOK,58 DARCEY AVENUE,01 ONE FAMILY DWELLINGS
us-nyc,United States,New York,USD,925000.0,213.583997,2025-02-28,nyc_dof_rolling_sales,213.583997,,,,1985,,,01 ONE FAMILY DWELLINGS,WILLOWBROOK,732 WILLOWBROOK ROAD,01 ONE FAMILY DWELLINGS
us-nyc,United States,New York,USD,980000.0,333.428867,2025-04-29,nyc_dof_rolling_sales,333.428867,,,,1955,,,02 TWO FAMILY DWELLINGS,WILLOWBROOK,166 MANN AVENUE,02 TWO FAMILY DWELLINGS
us-nyc,United States,New York,USD,847000.0,178.37376,2025-12-16,nyc_dof_rolling_sales,178.37376,,,,1950,,,02 TWO FAMILY DWELLINGS,WILLOWBROOK,267 PURDY AVENUE,02 TWO FAMILY DWELLINGS
us-nyc,United States,New York,USD,755000.0,145.300292,2025-02-12,nyc_dof_rolling_sales,145.300292,,,,1980,,,02 TWO FAMILY DWELLINGS,WILLOWBROOK,305 PURDY AVENUE,02 TWO FAMILY DWELLINGS
us-nyc,United States,New York,USD,850000.0,231.885888,2025-07-11,nyc_dof_rolling_sales,231.885888,,,,1978,,,02 TWO FAMILY DWELLINGS,WILLOWBROOK,2272 VICTORY BOULEVARD,02 TWO FAMILY DWELLINGS
us-nyc,United States,New York,USD,1112000.0,200.67048,2025-07-28,nyc_dof_rolling_sales,200.67048,,,,1950,,,02 TWO FAMILY DWELLINGS,WILLOWBROOK,66 ARDMORE AVE,02 TWO FAMILY DWELLINGS
us-nyc,United States,New York,USD,910000.0,184.87697,2025-06-27,nyc_dof_rolling_sales,184.87697,,,,1974,,,02 TWO FAMILY DWELLINGS,WILLOWBROOK,365 BUCHANAN AVENUE,02 TWO FAMILY DWELLINGS
us-nyc,United States,New York,USD,850000.0,126.719692,2025-04-23,nyc_dof_rolling_sales,126.719692,,,,2005,,,02 TWO FAMILY DWELLINGS,WILLOWBROOK,8 ROOSEVELT AVENUE,02 TWO FAMILY DWELLINGS
us-nyc,United States,New York,USD,63000.0,191.565986,2025-02-12,nyc_dof_rolling_sales,191.565986,,,,1980,,,02 TWO FAMILY DWELLINGS,WILLOWBROOK,428 BUCHANAN AVENUE,02 TWO FAMILY DWELLINGS
us-nyc,United States,New York,USD,999000.0,192.495016,2025-12-11,nyc_dof_rolling_sales,192.495016,,,,1970,,,02 TWO FAMILY DWELLINGS,WILLOWBROOK,198 WARWICK AVENUE,02 TWO FAMILY DWELLINGS
us-nyc,United States,New York,USD,829000.0,164.252504,2025-01-16,nyc_dof_rolling_sales,164.252504,,,,1980,,,02 TWO FAMILY DWELLINGS,WILLOWBROOK,941 WILLOWBROOK ROAD,02 TWO FAMILY DWELLINGS
us-nyc,United States,New York,USD,970000.0,218.786565,2025-10-23,nyc_dof_rolling_sales,218.786565,,,,1970,,,02 TWO FAMILY DWELLINGS,WILLOWBROOK,85 DAWSON STREET,02 TWO FAMILY DWELLINGS
us-nyc,United States,New York,USD,1090000.0,212.933676,2025-06-05,nyc_dof_rolling_sales,212.933676,,,,1970,,,02 TWO FAMILY DWELLINGS,WILLOWBROOK,73 DAWSON STREET,02 TWO FAMILY DWELLINGS
us-nyc,United States,New York,USD,1060000.0,242.291024,2025-03-03,nyc_dof_rolling_sales,242.291024,,,,1975,,,02 TWO FAMILY DWELLINGS,WILLOWBROOK,246 CRAFTON AVENUE,02 TWO FAMILY DWELLINGS
us-nyc,United States,New York,USD,1150000.0,199.927256,2025-06-13,nyc_dof_rolling_sales,199.927256,,,,1970,,,02 TWO FAMILY DWELLINGS,WILLOWBROOK,202 WOODWARD AVENUE,02 TWO FAMILY DWELLINGS
us-nyc,United States,New York,USD,990000.0,179.116984,2025-08-21,nyc_dof_rolling_sales,179.116984,,,,1975,,,02 TWO FAMILY DWELLINGS,WILLOWBROOK,20 BASCOM PLACE,02 TWO FAMILY DWELLINGS
us-nyc,United States,New York,USD,829000.0,120.030676,2025-07-23,nyc_dof_rolling_sales,120.030676,,,,1998,,,02 TWO FAMILY DWELLINGS,WILLOWBROOK,61 SUNSET AVENUE,02 TWO FAMILY DWELLINGS
us-nyc,United States,New York,USD,10.0,195.09629999999999,2025-07-17,nyc_dof_rolling_sales,195.09629999999999,,,,1970,,,02 TWO FAMILY DWELLINGS,WILLOWBROOK,783 ROCKLAND AVENUE,02 TWO FAMILY DWELLINGS
us-nyc,United States,New York,USD,970000.0,222.131073,2025-04-03,nyc_dof_rolling_sales,222.131073,,,,1970,,,02 TWO FAMILY DWELLINGS,WILLOWBROOK,32 NORWICH STREET,02 TWO FAMILY DWELLINGS
us-nyc,United States,New York,USD,755000.0,204.3866,2025-01-17,nyc_dof_rolling_sales,204.3866,,,,1980,,,02 TWO FAMILY DWELLINGS,WILLOWBROOK,20 FIELD STREET,02 TWO FAMILY DWELLINGS
us-nyc,United States,New York,USD,1100000.0,202.900152,2025-10-03,nyc_dof_rolling_sales,202.900152,,,,1975,,,02 TWO FAMILY DWELLINGS,WILLOWBROOK,51 ROANOKE STREET,02 TWO FAMILY DWELLINGS
us-nyc,United States,New York,USD,1120000.0,184.87697,2025-07-24,nyc_dof_rolling_sales,184.87697,,,,1965,,,02 TWO FAMILY DWELLINGS,WILLOWBROOK,48 DOROTHY STREET,02 TWO FAMILY DWELLINGS
us-nyc,United States,New York,USD,950000.0,206.616272,2025-09-01,nyc_dof_rolling_sales,206.616272,,,,1970,,,02 TWO FAMILY DWELLINGS,WILLOWBROOK,49 DEWHURST,02 TWO FAMILY DWELLINGS
us-nyc,United States,New York,USD,1500000.0,234.11556,2025-12-02,nyc_dof_rolling_sales,234.11556,,,,1960,,,02 TWO FAMILY DWELLINGS,WILLOWBROOK,15 BOONE STREET,02 TWO FAMILY DWELLINGS
us-nyc,United States,New York,USD,1100000.0,281.681896,2025-09-09,nyc_dof_rolling_sales,281.681896,,,,1937,,,03 THREE FAMILY DWELLINGS,WILLOWBROOK,318 HAROLD STREET,03 THREE FAMILY DWELLINGS
us-nyc,United States,New York,USD,439000.0,nan,2025-03-31,nyc_dof_rolling_sales,nan,,,,1991,,,04 TAX CLASS 1 CONDOS,WILLOWBROOK,"339B HAROLD STREET, 2",04 TAX CLASS 1 CONDOS
us-nyc,United States,New York,USD,468000.0,nan,2025-10-10,nyc_dof_rolling_sales,nan,,,,1992,,,04 TAX CLASS 1 CONDOS,WILLOWBROOK,"546B BUCHANAN AVENUE, 26",04 TAX CLASS 1 CONDOS
us-nyc,United States,New York,USD,435000.0,nan,2025-04-14,nyc_dof_rolling_sales,nan,,,,1991,,,04 TAX CLASS 1 CONDOS,WILLOWBROOK,"50A BRADLEY COURT, 51",04 TAX CLASS 1 CONDOS
us-nyc,United States,New York,USD,433630.0,nan,2025-11-07,nyc_dof_rolling_sales,nan,,,,1991,,,04 TAX CLASS 1 CONDOS,WILLOWBROOK,"50B BRADLEY COURT, 52",04 TAX CLASS 1 CONDOS
us-nyc,United States,New York,USD,411100.0,nan,2025-05-13,nyc_dof_rolling_sales,nan,,,,1991,,,04 TAX CLASS 1 CONDOS,WILLOWBROOK,30 BRADLEY COURT,04 TAX CLASS 1 CONDOS
us-nyc,United States,New York,USD,525000.0,nan,2025-08-13,nyc_dof_rolling_sales,nan,,,,2015,,,04 TAX CLASS 1 CONDOS,WILLOWBROOK,"1235 FOREST HILL ROAD, 1J",04 TAX CLASS 1 CONDOS
us-nyc,United States,New York,USD,451230.0,nan,2025-04-03,nyc_dof_rolling_sales,nan,,,,1979,,,04 TAX CLASS 1 CONDOS,WILLOWBROOK,"33 DREYER AVENUE, #6",04 TAX CLASS 1 CONDOS
us-nyc,United States,New York,USD,637000.0,nan,2025-10-27,nyc_dof_rolling_sales,nan,,,,1979,,,04 TAX CLASS 1 CONDOS,WILLOWBROOK,35 DREYER AVENUE,04 TAX CLASS 1 CONDOS
us-nyc,United States,New York,USD,10.0,nan,2025-04-02,nyc_dof_rolling_sales,nan,,,,1980,,,04 TAX CLASS 1 CONDOS,WILLOWBROOK,401 HAWTHORNE AVENUE,04 TAX CLASS 1 CONDOS
us-nyc,United States,New York,USD,450000.0,445.9344,2025-09-09,nyc_dof_rolling_sales,445.9344,,,,1979,,,29 COMMERCIAL GARAGES,WILLOWBROOK,14 NEPTUNE PLACE,29 COMMERCIAL GARAGES
us-nyc,United States,New York,USD,525000.0,nan,2025-08-13,nyc_dof_rolling_sales,nan,,,,2015,,,44 CONDO PARKING,WILLOWBROOK,"1235 FOREST HILL ROAD, P18",44 CONDO PARKING
us-nyc,United States,New York,USD,900000.0,167.2254,2025-09-04,nyc_dof_rolling_sales,167.2254,,,,1974,,,01 ONE FAMILY DWELLINGS,WOODROW,1888 DRUMGOOLE ROAD WEST,01 ONE FAMILY DWELLINGS
us-nyc,United States,New York,USD,1125000.0,227.798156,2025-04-01,nyc_dof_rolling_sales,227.798156,,,,1980,,,01 ONE FAMILY DWELLINGS,WOODROW,997 EDGEGROVE AVENUE,01 ONE FAMILY DWELLINGS
us-nyc,United States,New York,USD,728000.0,135.266768,2025-06-13,nyc_dof_rolling_sales,135.266768,,,,1986,,,01 ONE FAMILY DWELLINGS,WOODROW,626 RAMONA AVENUE,01 ONE FAMILY DWELLINGS
us-nyc,United States,New York,USD,700000.0,135.266768,2025-01-13,nyc_dof_rolling_sales,135.266768,,,,1986,,,01 ONE FAMILY DWELLINGS,WOODROW,624 RAMONA AVENUE,01 ONE FAMILY DWELLINGS
us-nyc,United States,New York,USD,1200000.0,120.7739,2025-07-29,nyc_dof_rolling_sales,120.7739,,,,1930,,,01 ONE FAMILY DWELLINGS,WOODROW,909 RATHBUN AVENUE,01 ONE FAMILY DWELLINGS
us-nyc,United States,New York,USD,890000.0,199.369838,2025-03-07,nyc_dof_rolling_sales,199.369838,,,,1985,,,01 ONE FAMILY DWELLINGS,WOODROW,957 RATHBUN AVENUE,01 ONE FAMILY DWELLINGS
us-nyc,United States,New York,USD,775000.0,138.982888,2025-06-23,nyc_dof_rolling_sales,138.982888,,,,1984,,,01 ONE FAMILY DWELLINGS,WOODROW,994 RENSSELAER AVENUE,01 ONE FAMILY DWELLINGS
us-nyc,United States,New York,USD,750000.0,138.982888,2025-08-18,nyc_dof_rolling_sales,138.982888,,,,1984,,,01 ONE FAMILY DWELLINGS,WOODROW,988 RENSSELAER AVENUE,01 ONE FAMILY DWELLINGS
us-nyc,United States,New York,USD,660000.0,93.646224,2025-10-16,nyc_dof_rolling_sales,93.646224,,,,1965,,,01 ONE FAMILY DWELLINGS,WOODROW,960 RENSSELAER AVENUE,01 ONE FAMILY DWELLINGS
us-nyc,United States,New York,USD,950000.0,181.253753,2025-06-26,nyc_dof_rolling_sales,181.253753,,,,1970,,,01 ONE FAMILY DWELLINGS,WOODROW,935 SHELDON AVENUE,01 ONE FAMILY DWELLINGS
us-nyc,United States,New York,USD,798000.0,91.788164,2025-03-31,nyc_dof_rolling_sales,91.788164,,,,1960,,,01 ONE FAMILY DWELLINGS,WOODROW,951 SINCLAIR AVENUE,01 ONE FAMILY DWELLINGS
us-nyc,United States,New York,USD,750000.0,97.54814999999999,2025-07-08,nyc_dof_rolling_sales,97.54814999999999,,,,1960,,,01 ONE FAMILY DWELLINGS,WOODROW,896 STAFFORD AVENUE,01 ONE FAMILY DWELLINGS
us-nyc,United States,New York,USD,715000.0,81.75464,2025-08-28,nyc_dof_rolling_sales,81.75464,,,,1955,,,01 ONE FAMILY DWELLINGS,WOODROW,184 RAMAPO AVENUE,01 ONE FAMILY DWELLINGS
us-nyc,United States,New York,USD,838000.0,183.576328,2025-06-25,nyc_dof_rolling_sales,183.576328,,,,1975,,,01 ONE FAMILY DWELLINGS,WOODROW,192 RAMAPO AVENUE,01 ONE FAMILY DWELLINGS
us-nyc,United States,New York,USD,740000.0,78.03852,2025-04-30,nyc_dof_rolling_sales,78.03852,,,,1955,,,01 ONE FAMILY DWELLINGS,WOODROW,153 RAMAPO AVENUE,01 ONE FAMILY DWELLINGS
us-nyc,United States,New York,USD,780000.0,190.265344,2025-10-27,nyc_dof_rolling_sales,190.265344,,,,1975,,,01 ONE FAMILY DWELLINGS,WOODROW,142 WIELAND AVENUE,01 ONE FAMILY DWELLINGS
us-nyc,United States,New York,USD,795000.0,240.432964,2025-11-25,nyc_dof_rolling_sales,240.432964,,,,1970,,,01 ONE FAMILY DWELLINGS,WOODROW,1272 WOODROW ROAD,01 ONE FAMILY DWELLINGS
us-nyc,United States,New York,USD,1100000.0,338.910144,2025-01-31,nyc_dof_rolling_sales,338.910144,,,,1984,,,01 ONE FAMILY DWELLINGS,WOODROW,151 WIELAND AVENUE,01 ONE FAMILY DWELLINGS
us-nyc,United States,New York,USD,537500.0,89.18688,2025-04-03,nyc_dof_rolling_sales,89.18688,,,,1987,,,01 ONE FAMILY DWELLINGS,WOODROW,383 MAGUIRE AVENUE,01 ONE FAMILY DWELLINGS
us-nyc,United States,New York,USD,550000.0,89.18688,2025-02-25,nyc_dof_rolling_sales,89.18688,,,,1987,,,01 ONE FAMILY DWELLINGS,WOODROW,1050A RATHBUN AVENUE,01 ONE FAMILY DWELLINGS
us-nyc,United States,New York,USD,630000.0,89.18688,2025-08-12,nyc_dof_rolling_sales,89.18688,,,,1987,,,01 ONE FAMILY DWELLINGS,WOODROW,731D RAMONA AVENUE,01 ONE FAMILY DWELLINGS
us-nyc,United States,New York,USD,900000.0,148.6448,2025-05-29,nyc_dof_rolling_sales,148.6448,,,,2002,,,01 ONE FAMILY DWELLINGS,WOODROW,1083 SHELDON AVENUE,01 ONE FAMILY DWELLINGS
us-nyc,United States,New York,USD,685000.0,115.19972,2025-10-27,nyc_dof_rolling_sales,115.19972,,,,1987,,,01 ONE FAMILY DWELLINGS,WOODROW,1054 RENSSELAER AVENUE,01 ONE FAMILY DWELLINGS
us-nyc,United States,New York,USD,603688.0,115.19972,2025-03-12,nyc_dof_rolling_sales,115.19972,,,,1987,,,01 ONE FAMILY DWELLINGS,WOODROW,1042 RENSSELAER AVENUE,01 ONE FAMILY DWELLINGS
us-nyc,United States,New York,USD,720000.0,133.78032,2025-11-05,nyc_dof_rolling_sales,133.78032,,,,1987,,,01 ONE FAMILY DWELLINGS,WOODROW,1030 RENSSELAER AVENUE,01 ONE FAMILY DWELLINGS
us-nyc,United States,New York,USD,844600.0,147.901576,2025-06-30,nyc_dof_rolling_sales,147.901576,,,,1998,,,01 ONE FAMILY DWELLINGS,WOODROW,1010 SHELDON AVENUE,01 ONE FAMILY DWELLINGS
us-nyc,United States,New York,USD,720000.0,114.177787,2025-01-22,nyc_dof_rolling_sales,114.177787,,,,1980,,,01 ONE FAMILY DWELLINGS,WOODROW,18 ALYSIA COURT,01 ONE FAMILY DWELLINGS
us-nyc,United States,New York,USD,973000.0,218.32205,2025-09-05,nyc_dof_rolling_sales,218.32205,,,,1994,,,01 ONE FAMILY DWELLINGS,WOODROW,23 HELENE COURT,01 ONE FAMILY DWELLINGS
us-nyc,United States,New York,USD,755000.0,137.49644,2025-10-08,nyc_dof_rolling_sales,137.49644,,,,1998,,,01 ONE FAMILY DWELLINGS,WOODROW,31 HARRIS LANE,01 ONE FAMILY DWELLINGS
us-nyc,United States,New York,USD,725000.0,133.687417,2025-05-29,nyc_dof_rolling_sales,133.687417,,,,2000,,,01 ONE FAMILY DWELLINGS,WOODROW,109 HARRIS LANE,01 ONE FAMILY DWELLINGS
us-nyc,United States,New York,USD,920000.0,203.45757,2025-09-23,nyc_dof_rolling_sales,203.45757,,,,2017,,,01 ONE FAMILY DWELLINGS,WOODROW,16 BERKSHIRE LANE,01 ONE FAMILY DWELLINGS
us-nyc,United States,New York,USD,982611.0,166.29637,2025-07-10,nyc_dof_rolling_sales,166.29637,,,,2021,,,01 ONE FAMILY DWELLINGS,WOODROW,22 HARRIS LANE,01 ONE FAMILY DWELLINGS
us-nyc,United States,New York,USD,982611.0,166.29637,2025-08-06,nyc_dof_rolling_sales,166.29637,,,,2021,,,01 ONE FAMILY DWELLINGS,WOODROW,N/A HARRIS LANE,01 ONE FAMILY DWELLINGS
us-nyc,United States,New York,USD,997885.0,166.29637,2025-07-29,nyc_dof_rolling_sales,166.29637,,,,2021,,,01 ONE FAMILY DWELLINGS,WOODROW,N/A HARRIS LANE,01 ONE FAMILY DWELLINGS
us-nyc,United States,New York,USD,967338.0,166.29637,2025-08-01,nyc_dof_rolling_sales,166.29637,,,,2021,,,01 ONE FAMILY DWELLINGS,WOODROW,30 HARRIS LANE,01 ONE FAMILY DWELLINGS
us-nyc,United States,New York,USD,965301.0,166.29637,2025-05-27,nyc_dof_rolling_sales,166.29637,,,,2021,,,01 ONE FAMILY DWELLINGS,WOODROW,N/A HARRIS LANE,01 ONE FAMILY DWELLINGS
us-nyc,United States,New York,USD,967338.0,166.29637,2025-05-29,nyc_dof_rolling_sales,166.29637,,,,2021,,,01 ONE FAMILY DWELLINGS,WOODROW,36 HARRIS LANE,01 ONE FAMILY DWELLINGS
us-nyc,United States,New York,USD,965000.0,166.29637,2025-06-03,nyc_dof_rolling_sales,166.29637,,,,2021,,,01 ONE FAMILY DWELLINGS,WOODROW,N/A HARRIS LANE,01 ONE FAMILY DWELLINGS
us-nyc,United States,New York,USD,996000.0,166.29637,2025-05-20,nyc_dof_rolling_sales,166.29637,,,,2021,,,01 ONE FAMILY DWELLINGS,WOODROW,N/A HARRIS LANE,01 ONE FAMILY DWELLINGS
us-nyc,United States,New York,USD,839999.0,133.037096,2025-06-17,nyc_dof_rolling_sales,133.037096,,,,2012,,,01 ONE FAMILY DWELLINGS,WOODROW,39 PLUMTREE LANE,01 ONE FAMILY DWELLINGS
us-nyc,United States,New York,USD,840000.0,115.19972,2025-11-18,nyc_dof_rolling_sales,115.19972,,,,2011,,,01 ONE FAMILY DWELLINGS,WOODROW,97 CRABTREE AVENUE,01 ONE FAMILY DWELLINGS
us-nyc,United States,New York,USD,460000.0,95.875896,2025-04-17,nyc_dof_rolling_sales,95.875896,,,,1991,,,01 ONE FAMILY DWELLINGS,WOODROW,15 LORRAINE LOOP,01 ONE FAMILY DWELLINGS
us-nyc,United States,New York,USD,550000.0,95.875896,2025-03-27,nyc_dof_rolling_sales,95.875896,,,,1991,,,01 ONE FAMILY DWELLINGS,WOODROW,28 LORRAINE LOOP,01 ONE FAMILY DWELLINGS
us-nyc,United States,New York,USD,550000.0,145.85771,2025-11-24,nyc_dof_rolling_sales,145.85771,,,,1991,,,01 ONE FAMILY DWELLINGS,WOODROW,852 BLOOMINGDALE ROAD,01 ONE FAMILY DWELLINGS
us-nyc,United States,New York,USD,590000.0,145.85771,2025-07-15,nyc_dof_rolling_sales,145.85771,,,,1992,,,01 ONE FAMILY DWELLINGS,WOODROW,106 LORRAINE LOOP,01 ONE FAMILY DWELLINGS
us-nyc,United States,New York,USD,565000.0,133.315805,2025-01-22,nyc_dof_rolling_sales,133.315805,,,,1990,,,01 ONE FAMILY DWELLINGS,WOODROW,185 LORRAINE LOOP,01 ONE FAMILY DWELLINGS
us-nyc,United States,New York,USD,630000.0,145.85771,2025-07-18,nyc_dof_rolling_sales,145.85771,,,,1990,,,01 ONE FAMILY DWELLINGS,WOODROW,157 LORRAINE LOOP,01 ONE FAMILY DWELLINGS
us-nyc,United States,New York,USD,624000.0,133.315805,2025-07-16,nyc_dof_rolling_sales,133.315805,,,,1990,,,01 ONE FAMILY DWELLINGS,WOODROW,121 LORRAINE LOOP,01 ONE FAMILY DWELLINGS
us-nyc,United States,New York,USD,610000.0,97.54814999999999,2025-11-14,nyc_dof_rolling_sales,97.54814999999999,,,,1990,,,01 ONE FAMILY DWELLINGS,WOODROW,71 LORRAINE LOOP,01 ONE FAMILY DWELLINGS
us-nyc,United States,New York,USD,743660.0,163.50928,2025-07-30,nyc_dof_rolling_sales,163.50928,,,,1998,,,01 ONE FAMILY DWELLINGS,WOODROW,28 MANDY COURT,01 ONE FAMILY DWELLINGS
us-nyc,United States,New York,USD,575000.0,155.333816,2025-04-15,nyc_dof_rolling_sales,155.333816,,,,1992,,,01 ONE FAMILY DWELLINGS,WOODROW,151 PEMBROOK LOOP,01 ONE FAMILY DWELLINGS
us-nyc,United States,New York,USD,585000.0,155.333816,2025-05-02,nyc_dof_rolling_sales,155.333816,,,,1992,,,01 ONE FAMILY DWELLINGS,WOODROW,120 PEMBROOK LOOP,01 ONE FAMILY DWELLINGS
us-nyc,United States,New York,USD,680740.0,155.333816,2025-10-08,nyc_dof_rolling_sales,155.333816,,,,1992,,,01 ONE FAMILY DWELLINGS,WOODROW,124 PEMBROOK LOOP,01 ONE FAMILY DWELLINGS
us-nyc,United States,New York,USD,700000.0,176.5157,2025-10-30,nyc_dof_rolling_sales,176.5157,,,,1992,,,01 ONE FAMILY DWELLINGS,WOODROW,182 PEMBROOK LOOP,01 ONE FAMILY DWELLINGS
us-nyc,United States,New York,USD,730000.0,178.37376,2025-01-09,nyc_dof_rolling_sales,178.37376,,,,1993,,,01 ONE FAMILY DWELLINGS,WOODROW,202 PEMBROOK LOOP,01 ONE FAMILY DWELLINGS
us-nyc,United States,New York,USD,800000.0,167.2254,2025-10-24,nyc_dof_rolling_sales,167.2254,,,,1996,,,01 ONE FAMILY DWELLINGS,WOODROW,27 SONIA COURT,01 ONE FAMILY DWELLINGS
us-nyc,United States,New York,USD,1125000.0,178.37376,2025-03-18,nyc_dof_rolling_sales,178.37376,,,,2000,,,01 ONE FAMILY DWELLINGS,WOODROW,37 PITNEY AVENUE,01 ONE FAMILY DWELLINGS
us-nyc,United States,New York,USD,825000.0,209.03175,2025-07-23,nyc_dof_rolling_sales,209.03175,,,,2001,,,01 ONE FAMILY DWELLINGS,WOODROW,86 AMBASSADOR LANE,01 ONE FAMILY DWELLINGS
us-nyc,United States,New York,USD,620721.0,215.16334799999998,2025-10-06,nyc_dof_rolling_sales,215.16334799999998,,,,1974,,,02 TWO FAMILY DWELLINGS,WOODROW,276 FOSTER ROAD,02 TWO FAMILY DWELLINGS
us-nyc,United States,New York,USD,1399000.0,389.449376,2025-07-03,nyc_dof_rolling_sales,389.449376,,,,2004,,,02 TWO FAMILY DWELLINGS,WOODROW,1044 EDGEGROVE AVENUE,02 TWO FAMILY DWELLINGS
us-nyc,United States,New York,USD,980000.0,278.709,2025-09-18,nyc_dof_rolling_sales,278.709,,,,1980,,,02 TWO FAMILY DWELLINGS,WOODROW,1020 IONIA AVENUE,02 TWO FAMILY DWELLINGS
us-nyc,United States,New York,USD,1512101.0,277.594164,2025-01-29,nyc_dof_rolling_sales,277.594164,,,,2023,,,02 TWO FAMILY DWELLINGS,WOODROW,1015 EDGEGROVE AVENUE,02 TWO FAMILY DWELLINGS
us-nyc,United States,New York,USD,917000.0,236.159426,2025-02-18,nyc_dof_rolling_sales,236.159426,,,,1985,,,02 TWO FAMILY DWELLINGS,WOODROW,966 SHELDON AVENUE,02 TWO FAMILY DWELLINGS
us-nyc,United States,New York,USD,879000.0,218.507856,2025-08-15,nyc_dof_rolling_sales,218.507856,,,,1981,,,02 TWO FAMILY DWELLINGS,WOODROW,963 SINCLAIR AVENUE,02 TWO FAMILY DWELLINGS
us-nyc,United States,New York,USD,997000.0,208.474332,2025-08-21,nyc_dof_rolling_sales,208.474332,,,,1987,,,02 TWO FAMILY DWELLINGS,WOODROW,1008 RATHBUN AVENUE,02 TWO FAMILY DWELLINGS
us-nyc,United States,New York,USD,585000.0,133.78032,2025-02-07,nyc_dof_rolling_sales,133.78032,,,,1987,,,02 TWO FAMILY DWELLINGS,WOODROW,1043 RATHBUN AVENUE,02 TWO FAMILY DWELLINGS
us-nyc,United States,New York,USD,10.0,397.996452,2025-04-02,nyc_dof_rolling_sales,397.996452,,,,1980,,,02 TWO FAMILY DWELLINGS,WOODROW,1036 SINCLAIR AVENUE,02 TWO FAMILY DWELLINGS
us-nyc,United States,New York,USD,1100000.0,214.791736,2025-07-18,nyc_dof_rolling_sales,214.791736,,,,1980,,,02 TWO FAMILY DWELLINGS,WOODROW,75 MARVIN ROAD,02 TWO FAMILY DWELLINGS
us-nyc,United States,New York,USD,785000.0,204.3866,2025-11-18,nyc_dof_rolling_sales,204.3866,,,,1983,,,02 TWO FAMILY DWELLINGS,WOODROW,53 MARISA CIRCLE,02 TWO FAMILY DWELLINGS
us-nyc,United States,New York,USD,1050000.0,241.5478,2025-10-30,nyc_dof_rolling_sales,241.5478,,,,2001,,,02 TWO FAMILY DWELLINGS,WOODROW,19 LYNBROOK COURT,02 TWO FAMILY DWELLINGS
us-nyc,United States,New York,USD,1650000.0,249.165846,2025-01-24,nyc_dof_rolling_sales,249.165846,,,,1983,,,02 TWO FAMILY DWELLINGS,WOODROW,5 ANTHONY STREET,02 TWO FAMILY DWELLINGS
us-nyc,United States,New York,USD,1100000.0,241.5478,2025-05-13,nyc_dof_rolling_sales,241.5478,,,,2001,,,02 TWO FAMILY DWELLINGS,WOODROW,60 DEXTER AVENUE,02 TWO FAMILY DWELLINGS
us-nyc,United States,New York,USD,990000.0,241.5478,2025-10-31,nyc_dof_rolling_sales,241.5478,,,,2001,,,02 TWO FAMILY DWELLINGS,WOODROW,18 LYNBROOK COURT,02 TWO FAMILY DWELLINGS
us-nyc,United States,New York,USD,1360000.0,220.18010999999998,2025-11-26,nyc_dof_rolling_sales,220.18010999999998,,,,2011,,,02 TWO FAMILY DWELLINGS,WOODROW,24 BROOKSIDE LOOP,02 TWO FAMILY DWELLINGS
us-nyc,United States,New York,USD,400000.0,169.08346,2025-06-18,nyc_dof_rolling_sales,169.08346,,,,1999,,,02 TWO FAMILY DWELLINGS,WOODROW,47 CLAY PIT ROAD,02 TWO FAMILY DWELLINGS
us-nyc,United States,New York,USD,778500.0,130.99323,2025-08-26,nyc_dof_rolling_sales,130.99323,,,,2001,,,02 TWO FAMILY DWELLINGS,WOODROW,622 BLOOMINGDALE ROAD,02 TWO FAMILY DWELLINGS
us-nyc,United States,New York,USD,1160000.0,383.131972,2025-04-30,nyc_dof_rolling_sales,383.131972,,,,2021,,,02 TWO FAMILY DWELLINGS,WOODROW,74 HARRIS LANE,02 TWO FAMILY DWELLINGS
us-nyc,United States,New York,USD,825000.0,232.814918,2025-08-04,nyc_dof_rolling_sales,232.814918,,,,1999,,,02 TWO FAMILY DWELLINGS,WOODROW,24 WHITE OAK LANE,02 TWO FAMILY DWELLINGS
us-nyc,United States,New York,USD,750000.0,125.41905,2025-05-21,nyc_dof_rolling_sales,125.41905,,,,1997,,,02 TWO FAMILY DWELLINGS,WOODROW,36 SHARROTTS LANE,02 TWO FAMILY DWELLINGS
us-nyc,United States,New York,USD,885000.0,250.8381,2025-05-29,nyc_dof_rolling_sales,250.8381,,,,1996,,,02 TWO FAMILY DWELLINGS,WOODROW,37 RED CEDAR LANE,02 TWO FAMILY DWELLINGS
us-nyc,United States,New York,USD,885000.0,250.8381,2025-09-22,nyc_dof_rolling_sales,250.8381,,,,1996,,,02 TWO FAMILY DWELLINGS,WOODROW,49 WHITE OAK LANE,02 TWO FAMILY DWELLINGS
us-nyc,United States,New York,USD,880000.0,250.8381,2025-02-24,nyc_dof_rolling_sales,250.8381,,,,1996,,,02 TWO FAMILY DWELLINGS,WOODROW,39 SPRUCE LANE,02 TWO FAMILY DWELLINGS
us-nyc,United States,New York,USD,890000.0,250.8381,2025-04-08,nyc_dof_rolling_sales,250.8381,,,,1996,,,02 TWO FAMILY DWELLINGS,WOODROW,15 SPRUCE LANE,02 TWO FAMILY DWELLINGS
us-nyc,United States,New York,USD,765000.0,133.78032,2025-02-12,nyc_dof_rolling_sales,133.78032,,,,1996,,,02 TWO FAMILY DWELLINGS,WOODROW,115 SALAMANDER COURT,02 TWO FAMILY DWELLINGS
us-nyc,United States,New York,USD,850000.0,120.7739,2025-09-08,nyc_dof_rolling_sales,120.7739,,,,1996,,,02 TWO FAMILY DWELLINGS,WOODROW,78 DARNELL LANE,02 TWO FAMILY DWELLINGS
us-nyc,United States,New York,USD,855000.0,232.2575,2025-09-16,nyc_dof_rolling_sales,232.2575,,,,1995,,,02 TWO FAMILY DWELLINGS,WOODROW,100 ROBIN COURT,02 TWO FAMILY DWELLINGS
us-nyc,United States,New York,USD,885000.0,239.225225,2025-10-22,nyc_dof_rolling_sales,239.225225,,,,1998,,,02 TWO FAMILY DWELLINGS,WOODROW,37 QUAIL LANE,02 TWO FAMILY DWELLINGS
us-nyc,United States,New York,USD,999999.0,348.38625,2025-02-05,nyc_dof_rolling_sales,348.38625,,,,1999,,,21 OFFICE BUILDINGS,WOODROW,520 BLOOMINGDALE ROAD,21 OFFICE BUILDINGS
