market_id,country,city,currency,price,area_m2,transaction_date,source,gross_area_m2,rooms,floor,floors,construction_year,lat,long,property_type,neighborhood,address,building_class
us-nyc,United States,New York,USD,362000.0,127.64872199999999,2025-06-25,nyc_dof_rolling_sales,127.64872199999999,,,,1899,,,01 ONE FAMILY DWELLINGS,BATHGATE,416 EAST 180TH STREET,01 ONE FAMILY DWELLINGS
us-nyc,United States,New York,USD,520000.0,139.075791,2025-09-04,nyc_dof_rolling_sales,139.075791,,,,1899,,,01 ONE FAMILY DWELLINGS,BATHGATE,4449 PARK AVENUE,01 ONE FAMILY DWELLINGS
us-nyc,United States,New York,USD,500000.0,140.840948,2025-12-02,nyc_dof_rolling_sales,140.840948,,,,1910,,,01 ONE FAMILY DWELLINGS,BATHGATE,2058 BATHGATE AVENUE,01 ONE FAMILY DWELLINGS
us-nyc,United States,New York,USD,373500.0,222.9672,2025-02-22,nyc_dof_rolling_sales,222.9672,,,,1993,,,02 TWO FAMILY DWELLINGS,BATHGATE,513 EAST 171,02 TWO FAMILY DWELLINGS
us-nyc,United States,New York,USD,10.0,222.9672,2025-10-14,nyc_dof_rolling_sales,222.9672,,,,1993,,,02 TWO FAMILY DWELLINGS,BATHGATE,513 EAST 171 STREET,02 TWO FAMILY DWELLINGS
us-nyc,United States,New York,USD,565000.0,153.104144,2025-05-12,nyc_dof_rolling_sales,153.104144,,,,1901,,,02 TWO FAMILY DWELLINGS,BATHGATE,411 EAST 180TH STREET,02 TWO FAMILY DWELLINGS
us-nyc,United States,New York,USD,700000.0,139.075791,2025-09-30,nyc_dof_rolling_sales,139.075791,,,,1899,,,02 TWO FAMILY DWELLINGS,BATHGATE,4465 PARK AVENUE,02 TWO FAMILY DWELLINGS
us-nyc,United States,New York,USD,875000.0,198.440808,2025-05-30,nyc_dof_rolling_sales,198.440808,,,,1995,,,02 TWO FAMILY DWELLINGS,BATHGATE,1945 WASHINGTON AVENUE,02 TWO FAMILY DWELLINGS
us-nyc,United States,New York,USD,640000.0,217.39302,2025-02-26,nyc_dof_rolling_sales,217.39302,,,,1998,,,02 TWO FAMILY DWELLINGS,BATHGATE,464 EAST 179TH STREET,02 TWO FAMILY DWELLINGS
us-nyc,United States,New York,USD,565000.0,128.391946,2025-11-21,nyc_dof_rolling_sales,128.391946,,,,1899,,,02 TWO FAMILY DWELLINGS,BATHGATE,4442 PARK AVENUE,02 TWO FAMILY DWELLINGS
us-nyc,United States,New York,USD,710000.0,191.38018,2025-02-18,nyc_dof_rolling_sales,191.38018,,,,1901,,,02 TWO FAMILY DWELLINGS,BATHGATE,450 EAST 186 STREET,02 TWO FAMILY DWELLINGS
us-nyc,United States,New York,USD,555000.0,217.39302,2025-01-17,nyc_dof_rolling_sales,217.39302,,,,1998,,,02 TWO FAMILY DWELLINGS,BATHGATE,2008 BATHGATE AVENUE,02 TWO FAMILY DWELLINGS
us-nyc,United States,New York,USD,930000.0,217.39302,2025-05-22,nyc_dof_rolling_sales,217.39302,,,,1998,,,02 TWO FAMILY DWELLINGS,BATHGATE,2008 BATHGATE AVENUE,02 TWO FAMILY DWELLINGS
us-nyc,United States,New York,USD,2820000.0,348.38625,2025-08-07,nyc_dof_rolling_sales,348.38625,,,,1931,,,02 TWO FAMILY DWELLINGS,BATHGATE,4411 3 AVENUE,02 TWO FAMILY DWELLINGS
us-nyc,United States,New York,USD,849999.0,246.378756,2025-05-23,nyc_dof_rolling_sales,246.378756,,,,1901,,,02 TWO FAMILY DWELLINGS,BATHGATE,2305 BATHGATE AVENUE,02 TWO FAMILY DWELLINGS
us-nyc,United States,New York,USD,1050000.0,215.16334799999998,2025-12-03,nyc_dof_rolling_sales,215.16334799999998,,,,1899,,,03 THREE FAMILY DWELLINGS,BATHGATE,4354 PARK AVENUE,03 THREE FAMILY DWELLINGS
us-nyc,United States,New York,USD,806000.0,247.493592,2025-04-29,nyc_dof_rolling_sales,247.493592,,,,1910,,,03 THREE FAMILY DWELLINGS,BATHGATE,459 EAST 185TH STREET,03 THREE FAMILY DWELLINGS
us-nyc,United States,New York,USD,1050000.0,211.81884,2025-03-18,nyc_dof_rolling_sales,211.81884,,,,1910,,,03 THREE FAMILY DWELLINGS,BATHGATE,452 CYRUS PLACE,03 THREE FAMILY DWELLINGS
us-nyc,United States,New York,USD,325000.0,180.603432,2025-03-11,nyc_dof_rolling_sales,180.603432,,,,1899,,,07 RENTALS - WALKUP APARTMENTS,BATHGATE,1583 WASHINGTON AVENUE,07 RENTALS - WALKUP APARTMENTS
us-nyc,United States,New York,USD,1050000.0,858.42372,2025-11-14,nyc_dof_rolling_sales,858.42372,,,,1909,,,07 RENTALS - WALKUP APARTMENTS,BATHGATE,2408 WEBSTER AVENUE,07 RENTALS - WALKUP APARTMENTS
us-nyc,United States,New York,USD,1050000.0,867.063699,2025-11-14,nyc_dof_rolling_sales,867.063699,,,,1909,,,07 RENTALS - WALKUP APARTMENTS,BATHGATE,2420 WEBSTER AVENUE,07 RENTALS - WALKUP APARTMENTS
us-nyc,United States,New York,USD,1400000.0,819.40446,2025-08-28,nyc_dof_rolling_sales,819.40446,,,,1910,,,07 RENTALS - WALKUP APARTMENTS,BATHGATE,2248 BASSFORD AVENUE,07 RENTALS - WALKUP APARTMENTS
us-nyc,United States,New York,USD,110000.0,nan,2025-09-03,nyc_dof_rolling_sales,nan,,,,1941,,,10 COOPS - ELEVATOR APARTMENTS,BATHGATE,"495 E 178TH ST, 3G",10 COOPS - ELEVATOR APARTMENTS
us-nyc,United States,New York,USD,70000.0,nan,2025-05-30,nyc_dof_rolling_sales,nan,,,,1941,,,10 COOPS - ELEVATOR APARTMENTS,BATHGATE,"495 E 178TH STREET, 3C",10 COOPS - ELEVATOR APARTMENTS
us-nyc,United States,New York,USD,90000.0,nan,2025-02-13,nyc_dof_rolling_sales,nan,,,,1941,,,10 COOPS - ELEVATOR APARTMENTS,BATHGATE,"495 EAST 178TH STREET, 1G",10 COOPS - ELEVATOR APARTMENTS
us-nyc,United States,New York,USD,50000.0,nan,2025-02-14,nyc_dof_rolling_sales,nan,,,,1941,,,10 COOPS - ELEVATOR APARTMENTS,BATHGATE,"495 EAST 178TH STREET, 3F",10 COOPS - ELEVATOR APARTMENTS
us-nyc,United States,New York,USD,1800000.0,1107.496663,2025-03-31,nyc_dof_rolling_sales,1107.496663,,,,1931,,,14 RENTALS - 4-10 UNIT,BATHGATE,1570 WEBSTER AVENUE,14 RENTALS - 4-10 UNIT
us-nyc,United States,New York,USD,1300000.0,551.84382,2025-07-03,nyc_dof_rolling_sales,551.84382,,,,2011,,,14 RENTALS - 4-10 UNIT,BATHGATE,3825 3 AVENUE,14 RENTALS - 4-10 UNIT
us-nyc,United States,New York,USD,2820000.0,557.418,2025-08-07,nyc_dof_rolling_sales,557.418,,,,1931,,,14 RENTALS - 4-10 UNIT,BATHGATE,4413 3 AVENUE,14 RENTALS - 4-10 UNIT
us-nyc,United States,New York,USD,2000000.0,546.26964,2025-06-30,nyc_dof_rolling_sales,546.26964,,,,1931,,,22 STORE BUILDINGS,BATHGATE,445 EAST TREMONT AVE,22 STORE BUILDINGS
us-nyc,United States,New York,USD,1400000.0,464.515,2025-07-23,nyc_dof_rolling_sales,464.515,,,,1954,,,30 WAREHOUSES,BATHGATE,410 EAST 174 STREET,30 WAREHOUSES
us-nyc,United States,New York,USD,1190000.0,209.03175,2025-04-04,nyc_dof_rolling_sales,209.03175,,,,1910,,,30 WAREHOUSES,BATHGATE,4239 PARK AVENUE,30 WAREHOUSES
us-nyc,United States,New York,USD,3750000.0,868.64305,2025-04-04,nyc_dof_rolling_sales,868.64305,,,,1931,,,32 HOSPITAL AND HEALTH FACILITIES,BATHGATE,4137 3 AVENUE,32 HOSPITAL AND HEALTH FACILITIES
us-nyc,United States,New York,USD,875000.0,390.19259999999997,2025-12-09,nyc_dof_rolling_sales,390.19259999999997,,,,1930,,,37 RELIGIOUS FACILITIES,BATHGATE,450 EAST 172ND STREET,37 RELIGIOUS FACILITIES
us-nyc,United States,New York,USD,1250000.0,237.83168,2025-06-24,nyc_dof_rolling_sales,237.83168,,,,1931,,,37 RELIGIOUS FACILITIES,BATHGATE,4511 PARK AVENUE,37 RELIGIOUS FACILITIES
us-nyc,United States,New York,USD,1188000.0,692.12735,2025-03-28,nyc_dof_rolling_sales,692.12735,,,,1911,,,37 RELIGIOUS FACILITIES,BATHGATE,448 EAST 180 STREET,37 RELIGIOUS FACILITIES
us-nyc,United States,New York,USD,408500.0,130.435812,2025-09-19,nyc_dof_rolling_sales,130.435812,,,,1899,,,01 ONE FAMILY DWELLINGS,BAYCHESTER,1135 EAST 211 STREET,01 ONE FAMILY DWELLINGS
us-nyc,United States,New York,USD,535000.0,140.469336,2025-11-28,nyc_dof_rolling_sales,140.469336,,,,1950,,,01 ONE FAMILY DWELLINGS,BAYCHESTER,1118 EAST 213 STREET,01 ONE FAMILY DWELLINGS
us-nyc,United States,New York,USD,593000.0,105.90942,2025-10-24,nyc_dof_rolling_sales,105.90942,,,,1945,,,01 ONE FAMILY DWELLINGS,BAYCHESTER,1141 EAST 213TH STREET,01 ONE FAMILY DWELLINGS
us-nyc,United States,New York,USD,625000.0,160.907996,2025-01-03,nyc_dof_rolling_sales,160.907996,,,,1945,,,01 ONE FAMILY DWELLINGS,BAYCHESTER,1130 EAST 215 STREET,01 ONE FAMILY DWELLINGS
us-nyc,United States,New York,USD,1.0,175.58667,2025-01-27,nyc_dof_rolling_sales,175.58667,,,,1950,,,01 ONE FAMILY DWELLINGS,BAYCHESTER,3832 LACONIA AVENUE,01 ONE FAMILY DWELLINGS
us-nyc,United States,New York,USD,415000.0,157.00607,2025-09-05,nyc_dof_rolling_sales,157.00607,,,,1950,,,01 ONE FAMILY DWELLINGS,BAYCHESTER,1457 STICKNEY PLACE,01 ONE FAMILY DWELLINGS
us-nyc,United States,New York,USD,475000.0,59.829532,2025-05-22,nyc_dof_rolling_sales,59.829532,,,,1910,,,01 ONE FAMILY DWELLINGS,BAYCHESTER,3866 LACONIA AVE,01 ONE FAMILY DWELLINGS
us-nyc,United States,New York,USD,400000.0,195.09629999999999,2025-01-03,nyc_dof_rolling_sales,195.09629999999999,,,,1950,,,01 ONE FAMILY DWELLINGS,BAYCHESTER,3482 MICKLE AVENUE,01 ONE FAMILY DWELLINGS
us-nyc,United States,New York,USD,753000.0,195.09629999999999,2025-04-23,nyc_dof_rolling_sales,195.09629999999999,,,,1950,,,01 ONE FAMILY DWELLINGS,BAYCHESTER,3482 MICKLE AVENUE,01 ONE FAMILY DWELLINGS
us-nyc,United States,New York,USD,360000.0,163.880892,2025-01-06,nyc_dof_rolling_sales,163.880892,,,,1960,,,01 ONE FAMILY DWELLINGS,BAYCHESTER,3412 KINGSLAND AVENUE,01 ONE FAMILY DWELLINGS
us-nyc,United States,New York,USD,790000.0,163.880892,2025-07-14,nyc_dof_rolling_sales,163.880892,,,,1960,,,01 ONE FAMILY DWELLINGS,BAYCHESTER,3412 KINGSLAND AVENUE,01 ONE FAMILY DWELLINGS
us-nyc,United States,New York,USD,500000.0,183.390522,2025-06-25,nyc_dof_rolling_sales,183.390522,,,,1901,,,01 ONE FAMILY DWELLINGS,BAYCHESTER,1320 EAST 222 STREET,01 ONE FAMILY DWELLINGS
us-nyc,United States,New York,USD,10.0,159.235742,2025-01-30,nyc_dof_rolling_sales,159.235742,,,,1950,,,01 ONE FAMILY DWELLINGS,BAYCHESTER,3422 GUNTHER AVE,01 ONE FAMILY DWELLINGS
us-nyc,United States,New York,USD,410000.0,123.56099,2025-09-12,nyc_dof_rolling_sales,123.56099,,,,1940,,,01 ONE FAMILY DWELLINGS,BAYCHESTER,3311 BOUCK AVENUE,01 ONE FAMILY DWELLINGS
us-nyc,United States,New York,USD,440000.0,166.760885,2025-06-25,nyc_dof_rolling_sales,166.760885,,,,1940,,,01 ONE FAMILY DWELLINGS,BAYCHESTER,3329 WILSON AVE,01 ONE FAMILY DWELLINGS
us-nyc,United States,New York,USD,10.0,225.75429,2025-07-10,nyc_dof_rolling_sales,225.75429,,,,1930,,,01 ONE FAMILY DWELLINGS,BAYCHESTER,3320 WILSON AVENUE,01 ONE FAMILY DWELLINGS
us-nyc,United States,New York,USD,550000.0,166.760885,2025-04-10,nyc_dof_rolling_sales,166.760885,,,,1935,,,01 ONE FAMILY DWELLINGS,BAYCHESTER,3304 FISH AVENUE,01 ONE FAMILY DWELLINGS
us-nyc,United States,New York,USD,785000.0,161.837026,2025-01-21,nyc_dof_rolling_sales,161.837026,,,,1930,,,01 ONE FAMILY DWELLINGS,BAYCHESTER,3229 FISH AVE,01 ONE FAMILY DWELLINGS
us-nyc,United States,New York,USD,710000.0,117.05778,2025-07-25,nyc_dof_rolling_sales,117.05778,,,,1950,,,01 ONE FAMILY DWELLINGS,BAYCHESTER,3233 CORSA AVE,01 ONE FAMILY DWELLINGS
us-nyc,United States,New York,USD,380000.0,118.91584,2025-02-17,nyc_dof_rolling_sales,118.91584,,,,1920,,,01 ONE FAMILY DWELLINGS,BAYCHESTER,3232 FENTON AVENUE,01 ONE FAMILY DWELLINGS
us-nyc,United States,New York,USD,590000.0,130.807424,2025-07-01,nyc_dof_rolling_sales,130.807424,,,,1920,,,01 ONE FAMILY DWELLINGS,BAYCHESTER,3244 FENTON AVENUE,01 ONE FAMILY DWELLINGS
us-nyc,United States,New York,USD,600000.0,150.50286,2025-08-11,nyc_dof_rolling_sales,150.50286,,,,1950,,,01 ONE FAMILY DWELLINGS,BAYCHESTER,3339 EASTCHESTER ROAD,01 ONE FAMILY DWELLINGS
us-nyc,United States,New York,USD,566878.0,67.075966,2025-09-23,nyc_dof_rolling_sales,67.075966,,,,1930,,,01 ONE FAMILY DWELLINGS,BAYCHESTER,3321 MICKLE AVENUE,01 ONE FAMILY DWELLINGS
us-nyc,United States,New York,USD,1.0,117.05778,2025-03-21,nyc_dof_rolling_sales,117.05778,,,,1940,,,01 ONE FAMILY DWELLINGS,BAYCHESTER,3313 MICKLE AVENUE,01 ONE FAMILY DWELLINGS
us-nyc,United States,New York,USD,272000.0,173.078289,2025-03-13,nyc_dof_rolling_sales,173.078289,,,,1950,,,01 ONE FAMILY DWELLINGS,BAYCHESTER,3331 KINGSLAND AVE,01 ONE FAMILY DWELLINGS
us-nyc,United States,New York,USD,635000.0,133.037096,2025-05-19,nyc_dof_rolling_sales,133.037096,,,,1970,,,01 ONE FAMILY DWELLINGS,BAYCHESTER,3316 MICKLE AVENUE,01 ONE FAMILY DWELLINGS
us-nyc,United States,New York,USD,764000.0,167.039594,2025-12-03,nyc_dof_rolling_sales,167.039594,,,,1899,,,01 ONE FAMILY DWELLINGS,BAYCHESTER,1602 TILLOTSON AVENUE,01 ONE FAMILY DWELLINGS
us-nyc,United States,New York,USD,530000.0,117.05778,2025-05-29,nyc_dof_rolling_sales,117.05778,,,,1950,,,01 ONE FAMILY DWELLINGS,BAYCHESTER,3236 CORSA AVENUE,01 ONE FAMILY DWELLINGS
us-nyc,United States,New York,USD,625000.0,159.235742,2025-09-22,nyc_dof_rolling_sales,159.235742,,,,1955,,,01 ONE FAMILY DWELLINGS,BAYCHESTER,3343 TIEMANN AVENUE,01 ONE FAMILY DWELLINGS
us-nyc,United States,New York,USD,640000.0,156.355749,2025-06-17,nyc_dof_rolling_sales,156.355749,,,,1950,,,01 ONE FAMILY DWELLINGS,BAYCHESTER,3311 GUNTHER AVENUE,01 ONE FAMILY DWELLINGS
us-nyc,United States,New York,USD,175580.0,142.977717,2025-08-07,nyc_dof_rolling_sales,142.977717,,,,1950,,,01 ONE FAMILY DWELLINGS,BAYCHESTER,3307 GUNTHER AVENUE,01 ONE FAMILY DWELLINGS
us-nyc,United States,New York,USD,514607.0,88.072044,2025-03-26,nyc_dof_rolling_sales,88.072044,,,,1960,,,01 ONE FAMILY DWELLINGS,BAYCHESTER,3342 GUNTHER AVENUE,01 ONE FAMILY DWELLINGS
us-nyc,United States,New York,USD,636000.0,141.955784,2025-06-30,nyc_dof_rolling_sales,141.955784,,,,1901,,,01 ONE FAMILY DWELLINGS,BAYCHESTER,3112 TIEMANN AVENUE,01 ONE FAMILY DWELLINGS
us-nyc,United States,New York,USD,1100000.0,83.6127,2025-10-28,nyc_dof_rolling_sales,83.6127,,,,1940,,,01 ONE FAMILY DWELLINGS,BAYCHESTER,3029 BRUNER AVENUE,01 ONE FAMILY DWELLINGS
us-nyc,United States,New York,USD,657528.0,128.577752,2025-10-08,nyc_dof_rolling_sales,128.577752,,,,1955,,,01 ONE FAMILY DWELLINGS,BAYCHESTER,3006 WICKHAM AVENUE,01 ONE FAMILY DWELLINGS
us-nyc,United States,New York,USD,625000.0,117.801004,2025-01-28,nyc_dof_rolling_sales,117.801004,,,,1950,,,01 ONE FAMILY DWELLINGS,BAYCHESTER,3155 EDSON AVENUE,01 ONE FAMILY DWELLINGS
us-nyc,United States,New York,USD,475000.0,117.801004,2025-01-21,nyc_dof_rolling_sales,117.801004,,,,1950,,,01 ONE FAMILY DWELLINGS,BAYCHESTER,3139 EDSON AVENUE,01 ONE FAMILY DWELLINGS
us-nyc,United States,New York,USD,1240000.0,244.89230799999999,2025-11-21,nyc_dof_rolling_sales,244.89230799999999,,,,1950,,,01 ONE FAMILY DWELLINGS,BAYCHESTER,3139 EDSON AVENUE,01 ONE FAMILY DWELLINGS
us-nyc,United States,New York,USD,253500.0,124.49002,2025-05-15,nyc_dof_rolling_sales,124.49002,,,,1940,,,01 ONE FAMILY DWELLINGS,BAYCHESTER,3198 EDSON AVENUE,01 ONE FAMILY DWELLINGS
us-nyc,United States,New York,USD,620000.0,127.091304,2025-08-08,nyc_dof_rolling_sales,127.091304,,,,1960,,,01 ONE FAMILY DWELLINGS,BAYCHESTER,3057 GRACE AVENUE,01 ONE FAMILY DWELLINGS
us-nyc,United States,New York,USD,455000.0,117.05778,2025-08-13,nyc_dof_rolling_sales,117.05778,,,,1960,,,01 ONE FAMILY DWELLINGS,BAYCHESTER,3045 GRACE AVENUE,01 ONE FAMILY DWELLINGS
us-nyc,United States,New York,USD,10.0,117.05778,2025-05-14,nyc_dof_rolling_sales,117.05778,,,,1960,,,01 ONE FAMILY DWELLINGS,BAYCHESTER,3015 GRACE AVENUE,01 ONE FAMILY DWELLINGS
us-nyc,United States,New York,USD,425000.0,155.519622,2025-12-22,nyc_dof_rolling_sales,155.519622,,,,1955,,,01 ONE FAMILY DWELLINGS,BAYCHESTER,3031 EDSON AVENUE,01 ONE FAMILY DWELLINGS
us-nyc,United States,New York,USD,550000.0,165.553146,2025-06-25,nyc_dof_rolling_sales,165.553146,,,,1955,,,01 ONE FAMILY DWELLINGS,BAYCHESTER,3005 EDSON AVENUE,01 ONE FAMILY DWELLINGS
us-nyc,United States,New York,USD,465000.0,178.37376,2025-11-25,nyc_dof_rolling_sales,178.37376,,,,1955,,,01 ONE FAMILY DWELLINGS,BAYCHESTER,3014 GRACE AVENUE,01 ONE FAMILY DWELLINGS
us-nyc,United States,New York,USD,620000.0,136.939022,2025-09-29,nyc_dof_rolling_sales,136.939022,,,,1960,,,01 ONE FAMILY DWELLINGS,BAYCHESTER,1616 ADEE AVENUE,01 ONE FAMILY DWELLINGS
us-nyc,United States,New York,USD,455000.0,155.240913,2025-02-13,nyc_dof_rolling_sales,155.240913,,,,1925,,,01 ONE FAMILY DWELLINGS,BAYCHESTER,2923 BRUNER AVE,01 ONE FAMILY DWELLINGS
us-nyc,United States,New York,USD,730000.0,125.604856,2025-08-06,nyc_dof_rolling_sales,125.604856,,,,1930,,,01 ONE FAMILY DWELLINGS,BAYCHESTER,2809 WICKHAM AVENUE,01 ONE FAMILY DWELLINGS
us-nyc,United States,New York,USD,600000.0,118.91584,2025-11-07,nyc_dof_rolling_sales,118.91584,,,,1950,,,01 ONE FAMILY DWELLINGS,BAYCHESTER,2842 GUNTHER AVENUE,01 ONE FAMILY DWELLINGS
us-nyc,United States,New York,USD,525000.0,46.079888,2025-07-28,nyc_dof_rolling_sales,46.079888,,,,1930,,,01 ONE FAMILY DWELLINGS,BAYCHESTER,2808 WICKHAM AVE,01 ONE FAMILY DWELLINGS
us-nyc,United States,New York,USD,465000.0,160.907996,2025-10-01,nyc_dof_rolling_sales,160.907996,,,,1965,,,01 ONE FAMILY DWELLINGS,BAYCHESTER,2814 BRUNER AVENUE,01 ONE FAMILY DWELLINGS
us-nyc,United States,New York,USD,575000.0,92.53138799999999,2025-10-31,nyc_dof_rolling_sales,92.53138799999999,,,,1930,,,01 ONE FAMILY DWELLINGS,BAYCHESTER,3399 ELY AVENUE,01 ONE FAMILY DWELLINGS
us-nyc,United States,New York,USD,380000.0,129.413879,2025-10-24,nyc_dof_rolling_sales,129.413879,,,,1920,,,01 ONE FAMILY DWELLINGS,BAYCHESTER,3406 ELY AVENUE,01 ONE FAMILY DWELLINGS
us-nyc,United States,New York,USD,230000.0,89.18688,2025-01-28,nyc_dof_rolling_sales,89.18688,,,,1950,,,01 ONE FAMILY DWELLINGS,BAYCHESTER,1302 E223 ST,01 ONE FAMILY DWELLINGS
us-nyc,United States,New York,USD,722000.0,89.18688,2025-09-05,nyc_dof_rolling_sales,89.18688,,,,1950,,,01 ONE FAMILY DWELLINGS,BAYCHESTER,1310 EAST 223 STREET,01 ONE FAMILY DWELLINGS
us-nyc,United States,New York,USD,209000.0,89.18688,2025-04-30,nyc_dof_rolling_sales,89.18688,,,,1950,,,01 ONE FAMILY DWELLINGS,BAYCHESTER,1310 EAST 223RD STREET,01 ONE FAMILY DWELLINGS
us-nyc,United States,New York,USD,447000.0,113.806175,2025-12-10,nyc_dof_rolling_sales,113.806175,,,,1935,,,01 ONE FAMILY DWELLINGS,BAYCHESTER,3521 GRACE AVE,01 ONE FAMILY DWELLINGS
us-nyc,United States,New York,USD,525000.0,134.895156,2025-01-24,nyc_dof_rolling_sales,134.895156,,,,1925,,,01 ONE FAMILY DWELLINGS,BAYCHESTER,1950 NEEDHAM AVE,01 ONE FAMILY DWELLINGS
us-nyc,United States,New York,USD,515000.0,89.18688,2025-07-31,nyc_dof_rolling_sales,89.18688,,,,1955,,,01 ONE FAMILY DWELLINGS,BAYCHESTER,1253 EAST 223RD STREET,01 ONE FAMILY DWELLINGS
us-nyc,United States,New York,USD,389000.0,89.18688,2025-12-04,nyc_dof_rolling_sales,89.18688,,,,1955,,,01 ONE FAMILY DWELLINGS,BAYCHESTER,1249 EAST 223 STREET,01 ONE FAMILY DWELLINGS
us-nyc,United States,New York,USD,685000.0,99.592016,2025-11-12,nyc_dof_rolling_sales,99.592016,,,,1930,,,01 ONE FAMILY DWELLINGS,BAYCHESTER,1237 EAST 224 STREET,01 ONE FAMILY DWELLINGS
us-nyc,United States,New York,USD,665000.0,180.603432,2025-08-08,nyc_dof_rolling_sales,180.603432,,,,1950,,,01 ONE FAMILY DWELLINGS,BAYCHESTER,1158 E 224TH,01 ONE FAMILY DWELLINGS
us-nyc,United States,New York,USD,410000.0,137.960955,2025-07-28,nyc_dof_rolling_sales,137.960955,,,,1950,,,01 ONE FAMILY DWELLINGS,BAYCHESTER,1159 E 224 ST,01 ONE FAMILY DWELLINGS
us-nyc,United States,New York,USD,150000.0,68.74822,2025-06-30,nyc_dof_rolling_sales,68.74822,,,,1950,,,01 ONE FAMILY DWELLINGS,BAYCHESTER,1143 EAST 224 STREET,01 ONE FAMILY DWELLINGS
us-nyc,United States,New York,USD,475000.0,167.2254,2025-07-22,nyc_dof_rolling_sales,167.2254,,,,1963,,,01 ONE FAMILY DWELLINGS,BAYCHESTER,3532 BAYCHESTER AVENUE,01 ONE FAMILY DWELLINGS
us-nyc,United States,New York,USD,435000.0,111.855212,2025-04-29,nyc_dof_rolling_sales,111.855212,,,,1955,,,01 ONE FAMILY DWELLINGS,BAYCHESTER,3920 ELY AVENUE,01 ONE FAMILY DWELLINGS
us-nyc,United States,New York,USD,600000.0,172.79958,2025-09-30,nyc_dof_rolling_sales,172.79958,,,,1960,,,01 ONE FAMILY DWELLINGS,BAYCHESTER,3833 AMUNDSON AVE,01 ONE FAMILY DWELLINGS
us-nyc,United States,New York,USD,1.0,189.52212,2025-04-04,nyc_dof_rolling_sales,189.52212,,,,1920,,,01 ONE FAMILY DWELLINGS,BAYCHESTER,3825 AMUNDSON AVENUE,01 ONE FAMILY DWELLINGS
us-nyc,United States,New York,USD,618000.0,104.98039,2025-03-27,nyc_dof_rolling_sales,104.98039,,,,1930,,,01 ONE FAMILY DWELLINGS,BAYCHESTER,2121 GARRETT PLACE,01 ONE FAMILY DWELLINGS
us-nyc,United States,New York,USD,550000.0,102.56491199999999,2025-08-29,nyc_dof_rolling_sales,102.56491199999999,,,,1930,,,01 ONE FAMILY DWELLINGS,BAYCHESTER,3826 HARPER AVENUE,01 ONE FAMILY DWELLINGS
us-nyc,United States,New York,USD,500000.0,126.719692,2025-03-26,nyc_dof_rolling_sales,126.719692,,,,1925,,,01 ONE FAMILY DWELLINGS,BAYCHESTER,3723 ROMBOUTS AVENUE,01 ONE FAMILY DWELLINGS
us-nyc,United States,New York,USD,350000.0,103.679748,2025-05-02,nyc_dof_rolling_sales,103.679748,,,,1959,,,01 ONE FAMILY DWELLINGS,BAYCHESTER,3925 WILDER AVENUE,01 ONE FAMILY DWELLINGS
us-nyc,United States,New York,USD,1146000.0,142.513202,2025-12-03,nyc_dof_rolling_sales,142.513202,,,,1930,,,01 ONE FAMILY DWELLINGS,BAYCHESTER,3919 MURDOCK AVENUE,01 ONE FAMILY DWELLINGS
us-nyc,United States,New York,USD,500000.0,140.469336,2025-11-28,nyc_dof_rolling_sales,140.469336,,,,1931,,,01 ONE FAMILY DWELLINGS,BAYCHESTER,3963 SETON AVENUE,01 ONE FAMILY DWELLINGS
us-nyc,United States,New York,USD,580000.0,162.022832,2025-06-02,nyc_dof_rolling_sales,162.022832,,,,1959,,,01 ONE FAMILY DWELLINGS,BAYCHESTER,3932 HARPER AVENUE,01 ONE FAMILY DWELLINGS
us-nyc,United States,New York,USD,505000.0,103.493942,2025-02-03,nyc_dof_rolling_sales,103.493942,,,,1932,,,01 ONE FAMILY DWELLINGS,BAYCHESTER,3966 ROMBOUTS AVENUE,01 ONE FAMILY DWELLINGS
us-nyc,United States,New York,USD,650000.0,122.63195999999999,2025-04-23,nyc_dof_rolling_sales,122.63195999999999,,,,1930,,,01 ONE FAMILY DWELLINGS,BAYCHESTER,3988 ROMBOUTS AVENUE,01 ONE FAMILY DWELLINGS
us-nyc,United States,New York,USD,1.0,107.024256,2025-07-03,nyc_dof_rolling_sales,107.024256,,,,1940,,,01 ONE FAMILY DWELLINGS,BAYCHESTER,4078 ELY AVENUE,01 ONE FAMILY DWELLINGS
us-nyc,United States,New York,USD,515260.0,117.05778,2025-01-08,nyc_dof_rolling_sales,117.05778,,,,1950,,,01 ONE FAMILY DWELLINGS,BAYCHESTER,4094B DE REIMER AVENUE,01 ONE FAMILY DWELLINGS
us-nyc,United States,New York,USD,620000.0,175.58667,2025-01-31,nyc_dof_rolling_sales,175.58667,,,,1920,,,01 ONE FAMILY DWELLINGS,BAYCHESTER,4071 MURDOCK AVENUE,01 ONE FAMILY DWELLINGS
us-nyc,United States,New York,USD,614000.0,157.00607,2025-05-14,nyc_dof_rolling_sales,157.00607,,,,1955,,,01 ONE FAMILY DWELLINGS,BAYCHESTER,4010 MURDOCK AVENUE,01 ONE FAMILY DWELLINGS
us-nyc,United States,New York,USD,425000.0,123.746796,2025-10-16,nyc_dof_rolling_sales,123.746796,,,,1935,,,01 ONE FAMILY DWELLINGS,BAYCHESTER,4058 MURDOCK AVE,01 ONE FAMILY DWELLINGS
us-nyc,United States,New York,USD,690000.0,117.05778,2025-09-26,nyc_dof_rolling_sales,117.05778,,,,1949,,,01 ONE FAMILY DWELLINGS,BAYCHESTER,4074 HILL AVE,01 ONE FAMILY DWELLINGS
us-nyc,United States,New York,USD,400000.0,117.05778,2025-04-07,nyc_dof_rolling_sales,117.05778,,,,1949,,,01 ONE FAMILY DWELLINGS,BAYCHESTER,4074 HILL AVENUE,01 ONE FAMILY DWELLINGS
us-nyc,United States,New York,USD,675000.0,172.056356,2025-01-14,nyc_dof_rolling_sales,172.056356,,,,1971,,,01 ONE FAMILY DWELLINGS,BAYCHESTER,4029 SETON AVENUE,01 ONE FAMILY DWELLINGS
us-nyc,United States,New York,USD,423258.0,140.469336,2025-11-25,nyc_dof_rolling_sales,140.469336,,,,1925,,,01 ONE FAMILY DWELLINGS,BAYCHESTER,4084 SETON AVE,01 ONE FAMILY DWELLINGS
us-nyc,United States,New York,USD,620000.0,220.737528,2025-10-30,nyc_dof_rolling_sales,220.737528,,,,1933,,,01 ONE FAMILY DWELLINGS,BAYCHESTER,3412 HUNTER AVENUE,01 ONE FAMILY DWELLINGS
us-nyc,United States,New York,USD,540000.0,113.713272,2025-11-25,nyc_dof_rolling_sales,113.713272,,,,1965,,,01 ONE FAMILY DWELLINGS,BAYCHESTER,3549 ROPES AVENUE,01 ONE FAMILY DWELLINGS
us-nyc,United States,New York,USD,10.0,187.478254,2025-03-12,nyc_dof_rolling_sales,187.478254,,,,1945,,,02 TWO FAMILY DWELLINGS,BAYCHESTER,1138 214TH STREET,02 TWO FAMILY DWELLINGS
us-nyc,United States,New York,USD,500000.0,204.851115,2025-06-06,nyc_dof_rolling_sales,204.851115,,,,1945,,,02 TWO FAMILY DWELLINGS,BAYCHESTER,1150 EAST 214TH STREET,02 TWO FAMILY DWELLINGS
us-nyc,United States,New York,USD,660000.0,283.911568,2025-04-23,nyc_dof_rolling_sales,283.911568,,,,1920,,,02 TWO FAMILY DWELLINGS,BAYCHESTER,3585 FISH AVENUE,02 TWO FAMILY DWELLINGS
us-nyc,United States,New York,USD,999999.0,283.911568,2025-08-29,nyc_dof_rolling_sales,283.911568,,,,1920,,,02 TWO FAMILY DWELLINGS,BAYCHESTER,3585 FISH AVENUE,02 TWO FAMILY DWELLINGS
us-nyc,United States,New York,USD,499000.0,273.599335,2025-04-23,nyc_dof_rolling_sales,273.599335,,,,1954,,,02 TWO FAMILY DWELLINGS,BAYCHESTER,1301 HICKS STREET,02 TWO FAMILY DWELLINGS
us-nyc,United States,New York,USD,634408.0,197.41887499999999,2025-01-17,nyc_dof_rolling_sales,197.41887499999999,,,,1950,,,02 TWO FAMILY DWELLINGS,BAYCHESTER,3645 FENTON AVENUE,02 TWO FAMILY DWELLINGS
us-nyc,United States,New York,USD,10.0,197.41887499999999,2025-02-19,nyc_dof_rolling_sales,197.41887499999999,,,,1959,,,02 TWO FAMILY DWELLINGS,BAYCHESTER,3637 FENTON AVENUE,02 TWO FAMILY DWELLINGS
us-nyc,United States,New York,USD,770000.0,177.630536,2025-11-03,nyc_dof_rolling_sales,177.630536,,,,1950,,,02 TWO FAMILY DWELLINGS,BAYCHESTER,1481 NEEDHAM AVENUE,02 TWO FAMILY DWELLINGS
us-nyc,United States,New York,USD,975000.0,245.26391999999998,2025-02-06,nyc_dof_rolling_sales,245.26391999999998,,,,1920,,,02 TWO FAMILY DWELLINGS,BAYCHESTER,1418 OAKLEY STREET,02 TWO FAMILY DWELLINGS
us-nyc,United States,New York,USD,835000.0,219.065274,2025-10-23,nyc_dof_rolling_sales,219.065274,,,,2006,,,02 TWO FAMILY DWELLINGS,BAYCHESTER,3540 CORSA AVENUE,02 TWO FAMILY DWELLINGS
us-nyc,United States,New York,USD,884000.0,168.711848,2025-03-04,nyc_dof_rolling_sales,168.711848,,,,1950,,,02 TWO FAMILY DWELLINGS,BAYCHESTER,3495 KINGSLAND AVENUE,02 TWO FAMILY DWELLINGS
us-nyc,United States,New York,USD,1170988.0,260.871624,2025-03-07,nyc_dof_rolling_sales,260.871624,,,,2009,,,02 TWO FAMILY DWELLINGS,BAYCHESTER,1604 CHESTER STREET,02 TWO FAMILY DWELLINGS
us-nyc,United States,New York,USD,602696.0,214.048512,2025-04-01,nyc_dof_rolling_sales,214.048512,,,,1910,,,02 TWO FAMILY DWELLINGS,BAYCHESTER,1473 HICKS,02 TWO FAMILY DWELLINGS
us-nyc,United States,New York,USD,690000.0,177.630536,2025-10-10,nyc_dof_rolling_sales,177.630536,,,,1955,,,02 TWO FAMILY DWELLINGS,BAYCHESTER,1472 NEEDHAM AVENUE,02 TWO FAMILY DWELLINGS
us-nyc,United States,New York,USD,507000.0,173.914416,2025-07-23,nyc_dof_rolling_sales,173.914416,,,,1950,,,02 TWO FAMILY DWELLINGS,BAYCHESTER,1657 TILLOTSON AVENUE,02 TWO FAMILY DWELLINGS
us-nyc,United States,New York,USD,900000.0,239.87554599999999,2025-07-29,nyc_dof_rolling_sales,239.87554599999999,,,,1935,,,02 TWO FAMILY DWELLINGS,BAYCHESTER,3366 FENTON AVENUE,02 TWO FAMILY DWELLINGS
us-nyc,United States,New York,USD,675000.0,311.503759,2025-05-23,nyc_dof_rolling_sales,311.503759,,,,1930,,,02 TWO FAMILY DWELLINGS,BAYCHESTER,3245 SEYMOUR AVENUE,02 TWO FAMILY DWELLINGS
us-nyc,United States,New York,USD,795600.0,174.100222,2025-05-02,nyc_dof_rolling_sales,174.100222,,,,1945,,,02 TWO FAMILY DWELLINGS,BAYCHESTER,1405 BURKE AVENUE,02 TWO FAMILY DWELLINGS
us-nyc,United States,New York,USD,637500.0,133.78032,2025-10-08,nyc_dof_rolling_sales,133.78032,,,,1940,,,02 TWO FAMILY DWELLINGS,BAYCHESTER,3343 MICKLE AVENUE,02 TWO FAMILY DWELLINGS
us-nyc,United States,New York,USD,625000.0,169.455072,2025-08-08,nyc_dof_rolling_sales,169.455072,,,,1940,,,02 TWO FAMILY DWELLINGS,BAYCHESTER,3344 EASTCHESTER ROAD,02 TWO FAMILY DWELLINGS
us-nyc,United States,New York,USD,635000.0,220.737528,2025-01-17,nyc_dof_rolling_sales,220.737528,,,,1955,,,02 TWO FAMILY DWELLINGS,BAYCHESTER,3209 MICKLE AVENUE,02 TWO FAMILY DWELLINGS
us-nyc,United States,New York,USD,853500.0,245.171017,2025-03-05,nyc_dof_rolling_sales,245.171017,,,,1935,,,02 TWO FAMILY DWELLINGS,BAYCHESTER,3220 MICKLE AVE,02 TWO FAMILY DWELLINGS
us-nyc,United States,New York,USD,997499.0,238.76071,2025-06-09,nyc_dof_rolling_sales,238.76071,,,,1965,,,02 TWO FAMILY DWELLINGS,BAYCHESTER,1610 GIVAN AVENUE,02 TWO FAMILY DWELLINGS
us-nyc,United States,New York,USD,640000.0,197.41887499999999,2025-07-24,nyc_dof_rolling_sales,197.41887499999999,,,,1960,,,02 TWO FAMILY DWELLINGS,BAYCHESTER,3333 TIEMANN AVE,02 TWO FAMILY DWELLINGS
us-nyc,United States,New York,USD,100.0,200.67048,2025-02-05,nyc_dof_rolling_sales,200.67048,,,,1970,,,02 TWO FAMILY DWELLINGS,BAYCHESTER,3234 WICKHAM AVENUE,02 TWO FAMILY DWELLINGS
us-nyc,United States,New York,USD,750000.0,200.67048,2025-03-07,nyc_dof_rolling_sales,200.67048,,,,1970,,,02 TWO FAMILY DWELLINGS,BAYCHESTER,3246 WICKHAM AVE,02 TWO FAMILY DWELLINGS
us-nyc,United States,New York,USD,1140000.0,200.67048,2025-05-16,nyc_dof_rolling_sales,200.67048,,,,1920,,,02 TWO FAMILY DWELLINGS,BAYCHESTER,3223 ELY AVENUE,02 TWO FAMILY DWELLINGS
us-nyc,United States,New York,USD,800000.0,136.753216,2025-06-24,nyc_dof_rolling_sales,136.753216,,,,1920,,,02 TWO FAMILY DWELLINGS,BAYCHESTER,3259 GRACE AVENUE,02 TWO FAMILY DWELLINGS
us-nyc,United States,New York,USD,940000.0,214.791736,2025-05-01,nyc_dof_rolling_sales,214.791736,,,,1920,,,02 TWO FAMILY DWELLINGS,BAYCHESTER,3127 SEYMOUR AVENUE,02 TWO FAMILY DWELLINGS
us-nyc,United States,New York,USD,926000.0,218.507856,2025-10-31,nyc_dof_rolling_sales,218.507856,,,,1935,,,02 TWO FAMILY DWELLINGS,BAYCHESTER,3128 SEYMOUR,02 TWO FAMILY DWELLINGS
us-nyc,United States,New York,USD,600000.0,222.9672,2025-11-25,nyc_dof_rolling_sales,222.9672,,,,1920,,,02 TWO FAMILY DWELLINGS,BAYCHESTER,3054 FENTON AVENUE,02 TWO FAMILY DWELLINGS
us-nyc,United States,New York,USD,920000.0,252.417451,2025-09-17,nyc_dof_rolling_sales,252.417451,,,,1950,,,02 TWO FAMILY DWELLINGS,BAYCHESTER,3106 EASTCHESTER ROAD,02 TWO FAMILY DWELLINGS
us-nyc,United States,New York,USD,999999.0,214.420124,2025-05-30,nyc_dof_rolling_sales,214.420124,,,,2019,,,02 TWO FAMILY DWELLINGS,BAYCHESTER,3136 MICKLE AVENUE,02 TWO FAMILY DWELLINGS
us-nyc,United States,New York,USD,1.0,233.000724,2025-01-27,nyc_dof_rolling_sales,233.000724,,,,1955,,,02 TWO FAMILY DWELLINGS,BAYCHESTER,3138 KINGSLAND AVENUE,02 TWO FAMILY DWELLINGS
us-nyc,United States,New York,USD,905000.0,222.9672,2025-01-02,nyc_dof_rolling_sales,222.9672,,,,1996,,,02 TWO FAMILY DWELLINGS,BAYCHESTER,3045 TIEMANN AVENUE,02 TWO FAMILY DWELLINGS
us-nyc,United States,New York,USD,785000.0,156.355749,2025-10-14,nyc_dof_rolling_sales,156.355749,,,,1960,,,02 TWO FAMILY DWELLINGS,BAYCHESTER,3135 GUNTHER AVENUE,02 TWO FAMILY DWELLINGS
us-nyc,United States,New York,USD,865000.0,147.158352,2025-09-22,nyc_dof_rolling_sales,147.158352,,,,1955,,,02 TWO FAMILY DWELLINGS,BAYCHESTER,1807 ADEE AVENUE,02 TWO FAMILY DWELLINGS
us-nyc,United States,New York,USD,740000.0,175.58667,2025-09-05,nyc_dof_rolling_sales,175.58667,,,,1945,,,02 TWO FAMILY DWELLINGS,BAYCHESTER,2911 KINGSLAND AVE,02 TWO FAMILY DWELLINGS
us-nyc,United States,New York,USD,730000.0,143.813844,2025-05-29,nyc_dof_rolling_sales,143.813844,,,,1960,,,02 TWO FAMILY DWELLINGS,BAYCHESTER,2979 TIEMANN AVENUE,02 TWO FAMILY DWELLINGS
us-nyc,United States,New York,USD,249736.0,297.475406,2025-07-31,nyc_dof_rolling_sales,297.475406,,,,1970,,,02 TWO FAMILY DWELLINGS,BAYCHESTER,2912 BRUNER AVENUE,02 TWO FAMILY DWELLINGS
us-nyc,United States,New York,USD,530000.0,180.975044,2025-12-04,nyc_dof_rolling_sales,180.975044,,,,1925,,,02 TWO FAMILY DWELLINGS,BAYCHESTER,2716 GUNTHER AVE,02 TWO FAMILY DWELLINGS
us-nyc,United States,New York,USD,440000.0,182.833104,2025-04-22,nyc_dof_rolling_sales,182.833104,,,,1920,,,02 TWO FAMILY DWELLINGS,BAYCHESTER,3229 BAYCHESTER AVENUE,02 TWO FAMILY DWELLINGS
us-nyc,United States,New York,USD,760000.0,173.72861,2025-04-30,nyc_dof_rolling_sales,173.72861,,,,1965,,,02 TWO FAMILY DWELLINGS,BAYCHESTER,3525 GRACE AVENUE,02 TWO FAMILY DWELLINGS
us-nyc,United States,New York,USD,505000.0,168.711848,2025-11-21,nyc_dof_rolling_sales,168.711848,,,,1960,,,02 TWO FAMILY DWELLINGS,BAYCHESTER,1167 EAST 224TH STREET,02 TWO FAMILY DWELLINGS
us-nyc,United States,New York,USD,10.0,192.30921,2025-11-06,nyc_dof_rolling_sales,192.30921,,,,1962,,,02 TWO FAMILY DWELLINGS,BAYCHESTER,3600 DE REIMER AVE,02 TWO FAMILY DWELLINGS
us-nyc,United States,New York,USD,990000.0,215.16334799999998,2025-02-04,nyc_dof_rolling_sales,215.16334799999998,,,,1954,,,02 TWO FAMILY DWELLINGS,BAYCHESTER,3653 MAROLLA PLACE,02 TWO FAMILY DWELLINGS
us-nyc,United States,New York,USD,874500.0,222.9672,2025-09-26,nyc_dof_rolling_sales,222.9672,,,,1996,,,02 TWO FAMILY DWELLINGS,BAYCHESTER,3607 PRATT AVENUE,02 TWO FAMILY DWELLINGS
us-nyc,United States,New York,USD,875000.0,327.94759,2025-03-05,nyc_dof_rolling_sales,327.94759,,,,2000,,,02 TWO FAMILY DWELLINGS,BAYCHESTER,3811 PRATT AVENUE,02 TWO FAMILY DWELLINGS
us-nyc,United States,New York,USD,715000.0,257.527116,2025-05-01,nyc_dof_rolling_sales,257.527116,,,,1960,,,02 TWO FAMILY DWELLINGS,BAYCHESTER,3834 AMUNDSON AVENUE,02 TWO FAMILY DWELLINGS
us-nyc,United States,New York,USD,910100.0,210.88981,2025-11-03,nyc_dof_rolling_sales,210.88981,,,,1999,,,02 TWO FAMILY DWELLINGS,BAYCHESTER,3665 VARIAN AVENUE,02 TWO FAMILY DWELLINGS
us-nyc,United States,New York,USD,895000.0,202.900152,2025-03-21,nyc_dof_rolling_sales,202.900152,,,,1989,,,02 TWO FAMILY DWELLINGS,BAYCHESTER,2210 LIGHT STREET,02 TWO FAMILY DWELLINGS
us-nyc,United States,New York,USD,600000.0,247.865204,2025-01-02,nyc_dof_rolling_sales,247.865204,,,,1959,,,02 TWO FAMILY DWELLINGS,BAYCHESTER,3820 MERRITT AVENUE,02 TWO FAMILY DWELLINGS
us-nyc,United States,New York,USD,1.0,248.98004,2025-03-26,nyc_dof_rolling_sales,248.98004,,,,1959,,,02 TWO FAMILY DWELLINGS,BAYCHESTER,3918 WILDER AVENUE,02 TWO FAMILY DWELLINGS
us-nyc,United States,New York,USD,1155700.0,167.597012,2025-04-11,nyc_dof_rolling_sales,167.597012,,,,1920,,,02 TWO FAMILY DWELLINGS,BAYCHESTER,3926 MURDOCK AVENUE,02 TWO FAMILY DWELLINGS
us-nyc,United States,New York,USD,525000.0,180.603432,2025-05-06,nyc_dof_rolling_sales,180.603432,,,,1950,,,02 TWO FAMILY DWELLINGS,BAYCHESTER,3965 DURYEA AVENUE,02 TWO FAMILY DWELLINGS
us-nyc,United States,New York,USD,865000.0,180.603432,2025-12-22,nyc_dof_rolling_sales,180.603432,,,,1950,,,02 TWO FAMILY DWELLINGS,BAYCHESTER,3965 DURYEA AVENUE,02 TWO FAMILY DWELLINGS
us-nyc,United States,New York,USD,574750.0,201.042092,2025-07-16,nyc_dof_rolling_sales,201.042092,,,,2004,,,02 TWO FAMILY DWELLINGS,BAYCHESTER,4003 SECOR AVENUE,02 TWO FAMILY DWELLINGS
us-nyc,United States,New York,USD,810000.0,156.820264,2025-02-19,nyc_dof_rolling_sales,156.820264,,,,1924,,,02 TWO FAMILY DWELLINGS,BAYCHESTER,3949 ROMBOUTS AVENUE,02 TWO FAMILY DWELLINGS
us-nyc,United States,New York,USD,10.0,162.208638,2025-03-24,nyc_dof_rolling_sales,162.208638,,,,1950,,,02 TWO FAMILY DWELLINGS,BAYCHESTER,4053 WICKHAM AVENUE,02 TWO FAMILY DWELLINGS
us-nyc,United States,New York,USD,660000.0,111.4836,2025-09-26,nyc_dof_rolling_sales,111.4836,,,,1945,,,02 TWO FAMILY DWELLINGS,BAYCHESTER,4031 WICKHAM AVENUE,02 TWO FAMILY DWELLINGS
us-nyc,United States,New York,USD,81000.0,174.65764,2025-03-05,nyc_dof_rolling_sales,174.65764,,,,1950,,,02 TWO FAMILY DWELLINGS,BAYCHESTER,4018A BRUNER AVE,02 TWO FAMILY DWELLINGS
us-nyc,United States,New York,USD,550000.0,174.65764,2025-04-28,nyc_dof_rolling_sales,174.65764,,,,1950,,,02 TWO FAMILY DWELLINGS,BAYCHESTER,4018A BRUNER AVE,02 TWO FAMILY DWELLINGS
us-nyc,United States,New York,USD,895000.0,289.764457,2025-08-28,nyc_dof_rolling_sales,289.764457,,,,1950,,,02 TWO FAMILY DWELLINGS,BAYCHESTER,4063 ELY AVENUE,02 TWO FAMILY DWELLINGS
us-nyc,United States,New York,USD,805000.0,144.92867999999999,2025-10-29,nyc_dof_rolling_sales,144.92867999999999,,,,1930,,,02 TWO FAMILY DWELLINGS,BAYCHESTER,4051 GRACE AVENUE,02 TWO FAMILY DWELLINGS
us-nyc,United States,New York,USD,950000.0,246.19295,2025-10-29,nyc_dof_rolling_sales,246.19295,,,,2003,,,02 TWO FAMILY DWELLINGS,BAYCHESTER,4004 GRACE AVENUE,02 TWO FAMILY DWELLINGS
us-nyc,United States,New York,USD,485000.0,170.94152,2025-09-18,nyc_dof_rolling_sales,170.94152,,,,1960,,,02 TWO FAMILY DWELLINGS,BAYCHESTER,4011 DE REIMER AVENUE,02 TWO FAMILY DWELLINGS
us-nyc,United States,New York,USD,790000.0,48.30956,2025-10-09,nyc_dof_rolling_sales,48.30956,,,,1925,,,02 TWO FAMILY DWELLINGS,BAYCHESTER,2227 BOLLER AVENUE,02 TWO FAMILY DWELLINGS
us-nyc,United States,New York,USD,1160000.0,187.292448,2025-07-07,nyc_dof_rolling_sales,187.292448,,,,1963,,,02 TWO FAMILY DWELLINGS,BAYCHESTER,2306 PALMER AVENUE,02 TWO FAMILY DWELLINGS
us-nyc,United States,New York,USD,600000.0,167.2254,2025-04-11,nyc_dof_rolling_sales,167.2254,,,,2001,,,02 TWO FAMILY DWELLINGS,BAYCHESTER,2221 BOLLER AVENUE,02 TWO FAMILY DWELLINGS
us-nyc,United States,New York,USD,680000.0,197.41887499999999,2025-07-15,nyc_dof_rolling_sales,197.41887499999999,,,,1963,,,02 TWO FAMILY DWELLINGS,BAYCHESTER,2019 GIVAN AVENUE,02 TWO FAMILY DWELLINGS
us-nyc,United States,New York,USD,950000.0,197.41887499999999,2025-12-03,nyc_dof_rolling_sales,197.41887499999999,,,,1963,,,02 TWO FAMILY DWELLINGS,BAYCHESTER,2019 GIVAN AVENUE,02 TWO FAMILY DWELLINGS
us-nyc,United States,New York,USD,1200000.0,140.469336,2025-05-21,nyc_dof_rolling_sales,140.469336,,,,1915,,,02 TWO FAMILY DWELLINGS,BAYCHESTER,3450 STEENWICK AVENUE,02 TWO FAMILY DWELLINGS
us-nyc,United States,New York,USD,750000.0,154.96220399999999,2025-02-28,nyc_dof_rolling_sales,154.96220399999999,,,,1940,,,02 TWO FAMILY DWELLINGS,BAYCHESTER,2580 HOLLERS AVENUE,02 TWO FAMILY DWELLINGS
us-nyc,United States,New York,USD,773000.0,167.2254,2025-03-20,nyc_dof_rolling_sales,167.2254,,,,1963,,,02 TWO FAMILY DWELLINGS,BAYCHESTER,3541 ROPES AVENUE,02 TWO FAMILY DWELLINGS
us-nyc,United States,New York,USD,820000.0,190.636956,2025-09-23,nyc_dof_rolling_sales,190.636956,,,,1965,,,02 TWO FAMILY DWELLINGS,BAYCHESTER,2549 HOLLERS AVENUE,02 TWO FAMILY DWELLINGS
us-nyc,United States,New York,USD,441000.0,250.8381,2025-01-27,nyc_dof_rolling_sales,250.8381,,,,1955,,,03 THREE FAMILY DWELLINGS,BAYCHESTER,3730 LACONIA AVENUE,03 THREE FAMILY DWELLINGS
us-nyc,United States,New York,USD,850000.0,232.2575,2025-08-18,nyc_dof_rolling_sales,232.2575,,,,1980,,,03 THREE FAMILY DWELLINGS,BAYCHESTER,3635 EASTCHESTER ROAD,03 THREE FAMILY DWELLINGS
us-nyc,United States,New York,USD,1100000.0,317.72826,2025-04-01,nyc_dof_rolling_sales,317.72826,,,,1988,,,03 THREE FAMILY DWELLINGS,BAYCHESTER,1463 HICKS STREET,03 THREE FAMILY DWELLINGS
us-nyc,United States,New York,USD,995000.0,226.68332,2025-10-07,nyc_dof_rolling_sales,226.68332,,,,1920,,,03 THREE FAMILY DWELLINGS,BAYCHESTER,3311 SEYMOUR AVENUE,03 THREE FAMILY DWELLINGS
us-nyc,United States,New York,USD,950000.0,287.9993,2025-02-24,nyc_dof_rolling_sales,287.9993,,,,1989,,,03 THREE FAMILY DWELLINGS,BAYCHESTER,3238 ELY AVENUE,03 THREE FAMILY DWELLINGS
us-nyc,United States,New York,USD,985000.0,188.221478,2025-11-10,nyc_dof_rolling_sales,188.221478,,,,2002,,,03 THREE FAMILY DWELLINGS,BAYCHESTER,3038 KINGSLAND AVENUE,03 THREE FAMILY DWELLINGS
us-nyc,United States,New York,USD,750000.0,296.546376,2025-12-18,nyc_dof_rolling_sales,296.546376,,,,1960,,,03 THREE FAMILY DWELLINGS,BAYCHESTER,2915 BRUNER AVE,03 THREE FAMILY DWELLINGS
us-nyc,United States,New York,USD,600000.0,215.442057,2025-03-13,nyc_dof_rolling_sales,215.442057,,,,1925,,,03 THREE FAMILY DWELLINGS,BAYCHESTER,3444 GRACE AVENUE,03 THREE FAMILY DWELLINGS
us-nyc,United States,New York,USD,815000.0,275.736104,2025-03-31,nyc_dof_rolling_sales,275.736104,,,,1975,,,03 THREE FAMILY DWELLINGS,BAYCHESTER,1338 EAST 224 STREET,03 THREE FAMILY DWELLINGS
us-nyc,United States,New York,USD,10.0,275.736104,2025-09-23,nyc_dof_rolling_sales,275.736104,,,,1975,,,03 THREE FAMILY DWELLINGS,BAYCHESTER,1338 EAST 224TH,03 THREE FAMILY DWELLINGS
us-nyc,United States,New York,USD,960000.0,292.64445,2025-09-12,nyc_dof_rolling_sales,292.64445,,,,1975,,,03 THREE FAMILY DWELLINGS,BAYCHESTER,3512 GRACE AVE,03 THREE FAMILY DWELLINGS
us-nyc,United States,New York,USD,955000.0,300.262496,2025-08-12,nyc_dof_rolling_sales,300.262496,,,,1975,,,03 THREE FAMILY DWELLINGS,BAYCHESTER,1276 EAST 224 STREET,03 THREE FAMILY DWELLINGS
us-nyc,United States,New York,USD,550000.0,336.401763,2025-07-01,nyc_dof_rolling_sales,336.401763,,,,1989,,,03 THREE FAMILY DWELLINGS,BAYCHESTER,1271 EAST 224 STREET,03 THREE FAMILY DWELLINGS
us-nyc,United States,New York,USD,1.0,278.709,2025-05-03,nyc_dof_rolling_sales,278.709,,,,1992,,,03 THREE FAMILY DWELLINGS,BAYCHESTER,1119 EAST 224 STREET,03 THREE FAMILY DWELLINGS
us-nyc,United States,New York,USD,850000.0,278.709,2025-01-27,nyc_dof_rolling_sales,278.709,,,,1992,,,03 THREE FAMILY DWELLINGS,BAYCHESTER,1119 EAST 224 STREET,03 THREE FAMILY DWELLINGS
us-nyc,United States,New York,USD,924343.0,257.80582499999997,2025-10-21,nyc_dof_rolling_sales,257.80582499999997,,,,2024,,,03 THREE FAMILY DWELLINGS,BAYCHESTER,3643 PALMER AVENUE,03 THREE FAMILY DWELLINGS
us-nyc,United States,New York,USD,785000.0,280.195448,2025-08-07,nyc_dof_rolling_sales,280.195448,,,,1965,,,03 THREE FAMILY DWELLINGS,BAYCHESTER,3932 SETON AVENUE,03 THREE FAMILY DWELLINGS
us-nyc,United States,New York,USD,563126.0,195.09629999999999,2025-10-08,nyc_dof_rolling_sales,195.09629999999999,,,,1930,,,03 THREE FAMILY DWELLINGS,BAYCHESTER,1800 EDENWALD AVENUE,03 THREE FAMILY DWELLINGS
us-nyc,United States,New York,USD,865000.0,250.8381,2025-01-31,nyc_dof_rolling_sales,250.8381,,,,1955,,,03 THREE FAMILY DWELLINGS,BAYCHESTER,4035 BRUNER AVENUE,03 THREE FAMILY DWELLINGS
us-nyc,United States,New York,USD,451000.0,215.53496,2025-03-10,nyc_dof_rolling_sales,215.53496,,,,1960,,,03 THREE FAMILY DWELLINGS,BAYCHESTER,1049 EAST 233RD STREET,03 THREE FAMILY DWELLINGS
us-nyc,United States,New York,USD,675000.0,285.769628,2025-05-30,nyc_dof_rolling_sales,285.769628,,,,1970,,,03 THREE FAMILY DWELLINGS,BAYCHESTER,2002 EDENWALD AVENUE,03 THREE FAMILY DWELLINGS
us-nyc,United States,New York,USD,100670.0,249.537458,2025-07-28,nyc_dof_rolling_sales,249.537458,,,,1920,,,03 THREE FAMILY DWELLINGS,BAYCHESTER,4083 SETON AVENUE,03 THREE FAMILY DWELLINGS
us-nyc,United States,New York,USD,1100000.0,334.822412,2025-06-09,nyc_dof_rolling_sales,334.822412,,,,1984,,,03 THREE FAMILY DWELLINGS,BAYCHESTER,4017 AMUNDSON,03 THREE FAMILY DWELLINGS
us-nyc,United States,New York,USD,472000.0,nan,2025-03-10,nyc_dof_rolling_sales,nan,,,,2008,,,04 TAX CLASS 1 CONDOS,BAYCHESTER,"2833 ELY AVENUE, 2",04 TAX CLASS 1 CONDOS
us-nyc,United States,New York,USD,366000.0,nan,2025-01-25,nyc_dof_rolling_sales,nan,,,,2008,,,04 TAX CLASS 1 CONDOS,BAYCHESTER,"2809 ELY AVENUE, 3",04 TAX CLASS 1 CONDOS
us-nyc,United States,New York,USD,444000.0,nan,2025-07-28,nyc_dof_rolling_sales,nan,,,,2013,,,04 TAX CLASS 1 CONDOS,BAYCHESTER,"3703 PRATT AVENUE, 1B",04 TAX CLASS 1 CONDOS
us-nyc,United States,New York,USD,510000.0,nan,2025-10-15,nyc_dof_rolling_sales,nan,,,,2013,,,04 TAX CLASS 1 CONDOS,BAYCHESTER,"3705 PRATT AVENUE, 1C",04 TAX CLASS 1 CONDOS
us-nyc,United States,New York,USD,1272000.0,334.4508,2025-12-09,nyc_dof_rolling_sales,334.4508,,,,2014,,,07 RENTALS - WALKUP APARTMENTS,BAYCHESTER,3410 WICKHAM AVENUE,07 RENTALS - WALKUP APARTMENTS
us-nyc,United States,New York,USD,1287000.0,353.681721,2025-12-09,nyc_dof_rolling_sales,353.681721,,,,2014,,,07 RENTALS - WALKUP APARTMENTS,BAYCHESTER,3402 WICKHAM AVENUE,07 RENTALS - WALKUP APARTMENTS
us-nyc,United States,New York,USD,360000.0,nan,2025-05-09,nyc_dof_rolling_sales,nan,,,,1965,,,10 COOPS - ELEVATOR APARTMENTS,BAYCHESTER,"3410 DE REIMER AVENUE, #6K",10 COOPS - ELEVATOR APARTMENTS
us-nyc,United States,New York,USD,112000.0,nan,2025-09-25,nyc_dof_rolling_sales,nan,,,,1965,,,10 COOPS - ELEVATOR APARTMENTS,BAYCHESTER,"3410 DE REIMER AVENUE, 11H",10 COOPS - ELEVATOR APARTMENTS
us-nyc,United States,New York,USD,329000.0,nan,2025-03-04,nyc_dof_rolling_sales,nan,,,,1965,,,10 COOPS - ELEVATOR APARTMENTS,BAYCHESTER,"3410 DEREIMER AVENUE, 9K",10 COOPS - ELEVATOR APARTMENTS
us-nyc,United States,New York,USD,196000.0,nan,2025-12-19,nyc_dof_rolling_sales,nan,,,,1965,,,10 COOPS - ELEVATOR APARTMENTS,BAYCHESTER,"3410 DEREIMER, 11 H",10 COOPS - ELEVATOR APARTMENTS
us-nyc,United States,New York,USD,240000.0,nan,2025-09-18,nyc_dof_rolling_sales,nan,,,,1965,,,10 COOPS - ELEVATOR APARTMENTS,BAYCHESTER,"3410 DEREIMER, 2B",10 COOPS - ELEVATOR APARTMENTS
us-nyc,United States,New York,USD,740000.0,381.459718,2025-01-06,nyc_dof_rolling_sales,381.459718,,,,1920,,,14 RENTALS - 4-10 UNIT,BAYCHESTER,1427 EAST GUN HILL ROAD,14 RENTALS - 4-10 UNIT
us-nyc,United States,New York,USD,1770000.0,539.301915,2025-01-02,nyc_dof_rolling_sales,539.301915,,,,1994,,,21 OFFICE BUILDINGS,BAYCHESTER,1600 EAST 233 STREET,21 OFFICE BUILDINGS
us-nyc,United States,New York,USD,4300000.0,706.0628,2025-03-13,nyc_dof_rolling_sales,706.0628,,,,1977,,,26 OTHER HOTELS,BAYCHESTER,2221 NEW ENGLAND THRUWAY,26 OTHER HOTELS
us-nyc,United States,New York,USD,2300000.0,817.5464,2025-12-23,nyc_dof_rolling_sales,817.5464,,,,1970,,,29 COMMERCIAL GARAGES,BAYCHESTER,3525 CONNER STREET,29 COMMERCIAL GARAGES
us-nyc,United States,New York,USD,1100000.0,50.16762,2025-12-04,nyc_dof_rolling_sales,50.16762,,,,1975,,,29 COMMERCIAL GARAGES,BAYCHESTER,3520 PEARTREE AVENUE,29 COMMERCIAL GARAGES
us-nyc,United States,New York,USD,1400000.0,371.612,2025-07-02,nyc_dof_rolling_sales,371.612,,,,1974,,,30 WAREHOUSES,BAYCHESTER,3947 PROVOST AVENUE,30 WAREHOUSES
us-nyc,United States,New York,USD,2200000.0,822.377356,2025-11-04,nyc_dof_rolling_sales,822.377356,,,,1970,,,37 RELIGIOUS FACILITIES,BAYCHESTER,1309 EAST GUN HILL ROAD,37 RELIGIOUS FACILITIES
us-nyc,United States,New York,USD,366000.0,nan,2025-01-25,nyc_dof_rolling_sales,nan,,,,2008,,,44 CONDO PARKING,BAYCHESTER,"2809 ELY AVENUE, GA5",44 CONDO PARKING
us-nyc,United States,New York,USD,472000.0,nan,2025-03-10,nyc_dof_rolling_sales,nan,,,,2008,,,44 CONDO PARKING,BAYCHESTER,"2829 ELY AVENUE, PS1",44 CONDO PARKING
us-nyc,United States,New York,USD,510000.0,nan,2025-10-15,nyc_dof_rolling_sales,nan,,,,2013,,,44 CONDO PARKING,BAYCHESTER,"3705 PRATT AVENUE, P3P4",44 CONDO PARKING
us-nyc,United States,New York,USD,815000.0,358.60558,2025-08-08,nyc_dof_rolling_sales,358.60558,,,,1899,,,01 ONE FAMILY DWELLINGS,BEDFORD PARK/NORWOOD,2850 DECATUR AVENUE,01 ONE FAMILY DWELLINGS
us-nyc,United States,New York,USD,900000.0,240.61877,2025-09-29,nyc_dof_rolling_sales,240.61877,,,,1930,,,01 ONE FAMILY DWELLINGS,BEDFORD PARK/NORWOOD,2742 MARION AVENUE,01 ONE FAMILY DWELLINGS
us-nyc,United States,New York,USD,325215.0,124.861632,2025-08-28,nyc_dof_rolling_sales,124.861632,,,,1930,,,01 ONE FAMILY DWELLINGS,BEDFORD PARK/NORWOOD,2776 MARION AVE,01 ONE FAMILY DWELLINGS
us-nyc,United States,New York,USD,1.0,174.65764,2025-12-04,nyc_dof_rolling_sales,174.65764,,,,1910,,,01 ONE FAMILY DWELLINGS,BEDFORD PARK/NORWOOD,2817 DECATUR AVENUE,01 ONE FAMILY DWELLINGS
us-nyc,United States,New York,USD,999999.0,195.09629999999999,2025-11-20,nyc_dof_rolling_sales,195.09629999999999,,,,1910,,,01 ONE FAMILY DWELLINGS,BEDFORD PARK/NORWOOD,2646 BAINBRIDGE AVENUE,01 ONE FAMILY DWELLINGS
us-nyc,United States,New York,USD,850000.0,81.197222,2025-11-07,nyc_dof_rolling_sales,81.197222,,,,1910,,,01 ONE FAMILY DWELLINGS,BEDFORD PARK/NORWOOD,2771 MARION AVENUE,01 ONE FAMILY DWELLINGS
us-nyc,United States,New York,USD,679999.0,144.092553,2025-07-07,nyc_dof_rolling_sales,144.092553,,,,1910,,,01 ONE FAMILY DWELLINGS,BEDFORD PARK/NORWOOD,2789 MARION AVENUE,01 ONE FAMILY DWELLINGS
us-nyc,United States,New York,USD,999000.0,161.279608,2025-08-11,nyc_dof_rolling_sales,161.279608,,,,1910,,,01 ONE FAMILY DWELLINGS,BEDFORD PARK/NORWOOD,2790 BAINBRIDGE AVENUE,01 ONE FAMILY DWELLINGS
us-nyc,United States,New York,USD,545000.0,177.166021,2025-04-10,nyc_dof_rolling_sales,177.166021,,,,1915,,,01 ONE FAMILY DWELLINGS,BEDFORD PARK/NORWOOD,2703 BAINBRIDGE AVE,01 ONE FAMILY DWELLINGS
us-nyc,United States,New York,USD,270000.0,96.61912,2025-05-29,nyc_dof_rolling_sales,96.61912,,,,1901,,,01 ONE FAMILY DWELLINGS,BEDFORD PARK/NORWOOD,2862 BRIGGS AVENUE,01 ONE FAMILY DWELLINGS
us-nyc,United States,New York,USD,1650000.0,302.399265,2025-10-10,nyc_dof_rolling_sales,302.399265,,,,1910,,,01 ONE FAMILY DWELLINGS,BEDFORD PARK/NORWOOD,2968 VALENTINE AVE,01 ONE FAMILY DWELLINGS
us-nyc,United States,New York,USD,1360000.0,100.33524,2025-02-27,nyc_dof_rolling_sales,100.33524,,,,1910,,,01 ONE FAMILY DWELLINGS,BEDFORD PARK/NORWOOD,3180 VILLA AVENUE,01 ONE FAMILY DWELLINGS
us-nyc,United States,New York,USD,3125000.0,272.20579,2025-03-10,nyc_dof_rolling_sales,272.20579,,,,1901,,,01 ONE FAMILY DWELLINGS,BEDFORD PARK/NORWOOD,2758 MORRIS AVENUE,01 ONE FAMILY DWELLINGS
us-nyc,United States,New York,USD,1500000.0,200.11306199999999,2025-08-05,nyc_dof_rolling_sales,200.11306199999999,,,,1910,,,01 ONE FAMILY DWELLINGS,BEDFORD PARK/NORWOOD,2760 MORRIS AVENUE,01 ONE FAMILY DWELLINGS
us-nyc,United States,New York,USD,1450000.0,190.915665,2025-08-05,nyc_dof_rolling_sales,190.915665,,,,1910,,,01 ONE FAMILY DWELLINGS,BEDFORD PARK/NORWOOD,2762 MORRIS AVENUE,01 ONE FAMILY DWELLINGS
us-nyc,United States,New York,USD,800000.0,168.15443,2025-02-05,nyc_dof_rolling_sales,168.15443,,,,1925,,,01 ONE FAMILY DWELLINGS,BEDFORD PARK/NORWOOD,3262 ROCHAMBEAU AVENUE,01 ONE FAMILY DWELLINGS
us-nyc,United States,New York,USD,540000.0,175.02925199999999,2025-08-08,nyc_dof_rolling_sales,175.02925199999999,,,,1920,,,01 ONE FAMILY DWELLINGS,BEDFORD PARK/NORWOOD,3517 WAYNE AVENUE,01 ONE FAMILY DWELLINGS
us-nyc,United States,New York,USD,10.0,121.610027,2025-08-28,nyc_dof_rolling_sales,121.610027,,,,1925,,,01 ONE FAMILY DWELLINGS,BEDFORD PARK/NORWOOD,3532 TRYON AVENUE,01 ONE FAMILY DWELLINGS
us-nyc,United States,New York,USD,660000.0,124.118408,2025-05-16,nyc_dof_rolling_sales,124.118408,,,,1950,,,01 ONE FAMILY DWELLINGS,BEDFORD PARK/NORWOOD,3269 DECATUR AVENUE,01 ONE FAMILY DWELLINGS
us-nyc,United States,New York,USD,5127.0,124.118408,2025-10-01,nyc_dof_rolling_sales,124.118408,,,,1950,,,01 ONE FAMILY DWELLINGS,BEDFORD PARK/NORWOOD,3267 DECATUR AVENUE,01 ONE FAMILY DWELLINGS
us-nyc,United States,New York,USD,40000.0,213.305288,2025-10-19,nyc_dof_rolling_sales,213.305288,,,,1920,,,02 TWO FAMILY DWELLINGS,BEDFORD PARK/NORWOOD,373 EAST 194 STREET,02 TWO FAMILY DWELLINGS
us-nyc,United States,New York,USD,999999.0,194.724688,2025-01-14,nyc_dof_rolling_sales,194.724688,,,,1910,,,02 TWO FAMILY DWELLINGS,BEDFORD PARK/NORWOOD,2776 BAINBRIDGE AVENUE,02 TWO FAMILY DWELLINGS
us-nyc,United States,New York,USD,653500.0,262.636781,2025-02-06,nyc_dof_rolling_sales,262.636781,,,,1901,,,02 TWO FAMILY DWELLINGS,BEDFORD PARK/NORWOOD,262 EAST 197 STREET,02 TWO FAMILY DWELLINGS
us-nyc,United States,New York,USD,495500.0,234.11556,2025-06-20,nyc_dof_rolling_sales,234.11556,,,,1901,,,02 TWO FAMILY DWELLINGS,BEDFORD PARK/NORWOOD,2836 BRIGGS AVENUE,02 TWO FAMILY DWELLINGS
us-nyc,United States,New York,USD,210000.0,198.719517,2025-07-23,nyc_dof_rolling_sales,198.719517,,,,1901,,,02 TWO FAMILY DWELLINGS,BEDFORD PARK/NORWOOD,2667 BRIGGS AVENUE,02 TWO FAMILY DWELLINGS
us-nyc,United States,New York,USD,995000.0,185.806,2025-09-04,nyc_dof_rolling_sales,185.806,,,,1925,,,02 TWO FAMILY DWELLINGS,BEDFORD PARK/NORWOOD,257 EAST 201 STREET,02 TWO FAMILY DWELLINGS
us-nyc,United States,New York,USD,2305000.0,150.50286,2025-09-04,nyc_dof_rolling_sales,150.50286,,,,1925,,,02 TWO FAMILY DWELLINGS,BEDFORD PARK/NORWOOD,255 EAST 201 STREET,02 TWO FAMILY DWELLINGS
us-nyc,United States,New York,USD,1120000.0,194.16727,2025-07-22,nyc_dof_rolling_sales,194.16727,,,,1920,,,02 TWO FAMILY DWELLINGS,BEDFORD PARK/NORWOOD,201 EAST 202 STREET,02 TWO FAMILY DWELLINGS
us-nyc,United States,New York,USD,1075000.0,246.378756,2025-08-08,nyc_dof_rolling_sales,246.378756,,,,1899,,,02 TWO FAMILY DWELLINGS,BEDFORD PARK/NORWOOD,2790 CRESTON AVENUE,02 TWO FAMILY DWELLINGS
us-nyc,United States,New York,USD,1150000.0,213.305288,2025-08-08,nyc_dof_rolling_sales,213.305288,,,,1899,,,02 TWO FAMILY DWELLINGS,BEDFORD PARK/NORWOOD,2792 CRESTON AVENUE,02 TWO FAMILY DWELLINGS
us-nyc,United States,New York,USD,1500000.0,194.724688,2025-08-13,nyc_dof_rolling_sales,194.724688,,,,1910,,,02 TWO FAMILY DWELLINGS,BEDFORD PARK/NORWOOD,2733 CRESTON AVENUE,02 TWO FAMILY DWELLINGS
us-nyc,United States,New York,USD,950000.0,263.84452,2025-04-04,nyc_dof_rolling_sales,263.84452,,,,1920,,,02 TWO FAMILY DWELLINGS,BEDFORD PARK/NORWOOD,3553 ROCHAMBEAU AVENUE,02 TWO FAMILY DWELLINGS
us-nyc,United States,New York,USD,970000.0,229.656216,2025-12-11,nyc_dof_rolling_sales,229.656216,,,,1915,,,02 TWO FAMILY DWELLINGS,BEDFORD PARK/NORWOOD,3091 DECATUR AVENUE,02 TWO FAMILY DWELLINGS
us-nyc,United States,New York,USD,650000.0,282.053508,2025-12-01,nyc_dof_rolling_sales,282.053508,,,,1915,,,02 TWO FAMILY DWELLINGS,BEDFORD PARK/NORWOOD,3068 PERRY AVENUE,02 TWO FAMILY DWELLINGS
us-nyc,United States,New York,USD,999999.0,250.8381,2025-02-06,nyc_dof_rolling_sales,250.8381,,,,1915,,,02 TWO FAMILY DWELLINGS,BEDFORD PARK/NORWOOD,3077 HULL AVENUE,02 TWO FAMILY DWELLINGS
us-nyc,United States,New York,USD,990000.0,264.77355,2025-03-05,nyc_dof_rolling_sales,264.77355,,,,1915,,,02 TWO FAMILY DWELLINGS,BEDFORD PARK/NORWOOD,3055 PERRY AVENUE,02 TWO FAMILY DWELLINGS
us-nyc,United States,New York,USD,999900.0,379.137143,2025-02-10,nyc_dof_rolling_sales,379.137143,,,,1930,,,02 TWO FAMILY DWELLINGS,BEDFORD PARK/NORWOOD,269 VAN CORTLANDT AVE E,02 TWO FAMILY DWELLINGS
us-nyc,United States,New York,USD,970000.0,230.39944,2025-02-26,nyc_dof_rolling_sales,230.39944,,,,1915,,,02 TWO FAMILY DWELLINGS,BEDFORD PARK/NORWOOD,250 EAST 207TH STREET,02 TWO FAMILY DWELLINGS
us-nyc,United States,New York,USD,800000.0,222.9672,2025-04-23,nyc_dof_rolling_sales,222.9672,,,,1915,,,02 TWO FAMILY DWELLINGS,BEDFORD PARK/NORWOOD,3162 HULL AVENUE,02 TWO FAMILY DWELLINGS
us-nyc,United States,New York,USD,734400.0,126.719692,2025-04-24,nyc_dof_rolling_sales,126.719692,,,,1901,,,02 TWO FAMILY DWELLINGS,BEDFORD PARK/NORWOOD,3270 HULL AVENUE,02 TWO FAMILY DWELLINGS
us-nyc,United States,New York,USD,905000.0,329.434038,2025-01-28,nyc_dof_rolling_sales,329.434038,,,,1910,,,03 THREE FAMILY DWELLINGS,BEDFORD PARK/NORWOOD,2677 MARION AVENUE,03 THREE FAMILY DWELLINGS
us-nyc,United States,New York,USD,995000.0,291.71542,2025-01-28,nyc_dof_rolling_sales,291.71542,,,,1914,,,03 THREE FAMILY DWELLINGS,BEDFORD PARK/NORWOOD,2675 MARION AVENUE,03 THREE FAMILY DWELLINGS
us-nyc,United States,New York,USD,1280000.0,322.745022,2025-05-30,nyc_dof_rolling_sales,322.745022,,,,1901,,,03 THREE FAMILY DWELLINGS,BEDFORD PARK/NORWOOD,324 EAST 197 STREET,03 THREE FAMILY DWELLINGS
us-nyc,United States,New York,USD,999000.0,360.649446,2025-08-06,nyc_dof_rolling_sales,360.649446,,,,1910,,,03 THREE FAMILY DWELLINGS,BEDFORD PARK/NORWOOD,2783 MARION AVENUE,03 THREE FAMILY DWELLINGS
us-nyc,United States,New York,USD,775000.0,234.394269,2025-03-07,nyc_dof_rolling_sales,234.394269,,,,1915,,,03 THREE FAMILY DWELLINGS,BEDFORD PARK/NORWOOD,2680 BRIGGS AVENUE,03 THREE FAMILY DWELLINGS
us-nyc,United States,New York,USD,1500000.0,362.879118,2025-03-28,nyc_dof_rolling_sales,362.879118,,,,1901,,,03 THREE FAMILY DWELLINGS,BEDFORD PARK/NORWOOD,2776 BRIGGS AVENUE,03 THREE FAMILY DWELLINGS
us-nyc,United States,New York,USD,950000.0,135.63838,2025-08-14,nyc_dof_rolling_sales,135.63838,,,,1901,,,03 THREE FAMILY DWELLINGS,BEDFORD PARK/NORWOOD,289 EAST 201 STREET,03 THREE FAMILY DWELLINGS
us-nyc,United States,New York,USD,900000.0,266.724513,2025-09-12,nyc_dof_rolling_sales,266.724513,,,,2004,,,03 THREE FAMILY DWELLINGS,BEDFORD PARK/NORWOOD,2655 BRIGGS AVENUE,03 THREE FAMILY DWELLINGS
us-nyc,United States,New York,USD,1025000.0,257.34131,2025-10-31,nyc_dof_rolling_sales,257.34131,,,,1930,,,03 THREE FAMILY DWELLINGS,BEDFORD PARK/NORWOOD,2870 GRAND CONCOURSE,03 THREE FAMILY DWELLINGS
us-nyc,United States,New York,USD,2150000.0,264.587744,2025-11-14,nyc_dof_rolling_sales,264.587744,,,,1901,,,03 THREE FAMILY DWELLINGS,BEDFORD PARK/NORWOOD,2805 MORRIS AVENUE,03 THREE FAMILY DWELLINGS
us-nyc,United States,New York,USD,980000.0,424.195098,2025-12-08,nyc_dof_rolling_sales,424.195098,,,,1920,,,03 THREE FAMILY DWELLINGS,BEDFORD PARK/NORWOOD,3281 PERRY AVENUE,03 THREE FAMILY DWELLINGS
us-nyc,United States,New York,USD,3900000.0,5035.3426,2025-07-24,nyc_dof_rolling_sales,5035.3426,,,,1923,,,07 RENTALS - WALKUP APARTMENTS,BEDFORD PARK/NORWOOD,220 MIRIAM STREET,07 RENTALS - WALKUP APARTMENTS
us-nyc,United States,New York,USD,3100000.0,3437.411,2025-04-30,nyc_dof_rolling_sales,3437.411,,,,1927,,,07 RENTALS - WALKUP APARTMENTS,BEDFORD PARK/NORWOOD,3021 BRIGGS AVENUE,07 RENTALS - WALKUP APARTMENTS
us-nyc,United States,New York,USD,4467677.0,2276.1235,2025-04-01,nyc_dof_rolling_sales,2276.1235,,,,1922,,,07 RENTALS - WALKUP APARTMENTS,BEDFORD PARK/NORWOOD,2707 MORRIS AVENUE,07 RENTALS - WALKUP APARTMENTS
us-nyc,United States,New York,USD,4467677.0,2276.1235,2025-04-01,nyc_dof_rolling_sales,2276.1235,,,,1922,,,07 RENTALS - WALKUP APARTMENTS,BEDFORD PARK/NORWOOD,2705 MORRIS AVENUE,07 RENTALS - WALKUP APARTMENTS
us-nyc,United States,New York,USD,3800000.0,6441.522408,2025-02-12,nyc_dof_rolling_sales,6441.522408,,,,1922,,,07 RENTALS - WALKUP APARTMENTS,BEDFORD PARK/NORWOOD,385 E MOSHOLU PARKWAY N,07 RENTALS - WALKUP APARTMENTS
us-nyc,United States,New York,USD,3300000.0,609.536583,2025-01-22,nyc_dof_rolling_sales,609.536583,,,,2023,,,07 RENTALS - WALKUP APARTMENTS,BEDFORD PARK/NORWOOD,3052 HULL AVENUE,07 RENTALS - WALKUP APARTMENTS
us-nyc,United States,New York,USD,5700000.0,5770.948554,2025-02-12,nyc_dof_rolling_sales,5770.948554,,,,1937,,,07 RENTALS - WALKUP APARTMENTS,BEDFORD PARK/NORWOOD,375 E MOSHOLU PARKWAY N,07 RENTALS - WALKUP APARTMENTS
us-nyc,United States,New York,USD,980000.0,323.766955,2025-09-12,nyc_dof_rolling_sales,323.766955,,,,1920,,,07 RENTALS - WALKUP APARTMENTS,BEDFORD PARK/NORWOOD,3519 TRYON AVENUE,07 RENTALS - WALKUP APARTMENTS
us-nyc,United States,New York,USD,1600000.0,2315.14276,2025-10-29,nyc_dof_rolling_sales,2315.14276,,,,1920,,,07 RENTALS - WALKUP APARTMENTS,BEDFORD PARK/NORWOOD,3144 DECATUR AVENUE,07 RENTALS - WALKUP APARTMENTS
us-nyc,United States,New York,USD,4179630.0,5051.043207,2025-05-16,nyc_dof_rolling_sales,5051.043207,,,,1937,,,08 RENTALS - ELEVATOR APARTMENTS,BEDFORD PARK/NORWOOD,250 BEDFORD PARK BLVD,08 RENTALS - ELEVATOR APARTMENTS
us-nyc,United States,New York,USD,3642810.0,4379.911935,2025-05-16,nyc_dof_rolling_sales,4379.911935,,,,1932,,,08 RENTALS - ELEVATOR APARTMENTS,BEDFORD PARK/NORWOOD,2966 BRIGGS AVENUE,08 RENTALS - ELEVATOR APARTMENTS
us-nyc,United States,New York,USD,4794990.0,6118.219968,2025-05-16,nyc_dof_rolling_sales,6118.219968,,,,1950,,,08 RENTALS - ELEVATOR APARTMENTS,BEDFORD PARK/NORWOOD,316 MOSHOLU PARKWAY,08 RENTALS - ELEVATOR APARTMENTS
us-nyc,United States,New York,USD,5472420.0,6321.12012,2025-05-16,nyc_dof_rolling_sales,6321.12012,,,,1940,,,08 RENTALS - ELEVATOR APARTMENTS,BEDFORD PARK/NORWOOD,275 EAST 201 STREET,08 RENTALS - ELEVATOR APARTMENTS
us-nyc,United States,New York,USD,3006640.0,3000.7669,2025-05-16,nyc_dof_rolling_sales,3000.7669,,,,1936,,,08 RENTALS - ELEVATOR APARTMENTS,BEDFORD PARK/NORWOOD,210 EAST 201 STREET,08 RENTALS - ELEVATOR APARTMENTS
us-nyc,United States,New York,USD,3829690.0,3364.575048,2025-05-16,nyc_dof_rolling_sales,3364.575048,,,,1940,,,08 RENTALS - ELEVATOR APARTMENTS,BEDFORD PARK/NORWOOD,3010 VALENTINE AVENUE,08 RENTALS - ELEVATOR APARTMENTS
us-nyc,United States,New York,USD,3648170.0,3408.053652,2025-05-16,nyc_dof_rolling_sales,3408.053652,,,,1926,,,08 RENTALS - ELEVATOR APARTMENTS,BEDFORD PARK/NORWOOD,3001 VALENTINE AVENUE,08 RENTALS - ELEVATOR APARTMENTS
us-nyc,United States,New York,USD,2849740.0,3301.493911,2025-05-16,nyc_dof_rolling_sales,3301.493911,,,,1931,,,08 RENTALS - ELEVATOR APARTMENTS,BEDFORD PARK/NORWOOD,221 EAST 201 STREET,08 RENTALS - ELEVATOR APARTMENTS
us-nyc,United States,New York,USD,3870490.0,4172.831148,2025-05-16,nyc_dof_rolling_sales,4172.831148,,,,1948,,,08 RENTALS - ELEVATOR APARTMENTS,BEDFORD PARK/NORWOOD,3013 VALENTINE AVENUE,08 RENTALS - ELEVATOR APARTMENTS
us-nyc,United States,New York,USD,3200000.0,4715.942086,2025-07-31,nyc_dof_rolling_sales,4715.942086,,,,1928,,,08 RENTALS - ELEVATOR APARTMENTS,BEDFORD PARK/NORWOOD,227 EAST 203RD STREET,08 RENTALS - ELEVATOR APARTMENTS
us-nyc,United States,New York,USD,6695380.0,7989.658,2025-05-16,nyc_dof_rolling_sales,7989.658,,,,1936,,,08 RENTALS - ELEVATOR APARTMENTS,BEDFORD PARK/NORWOOD,3155 GRAND CONCOURSE,08 RENTALS - ELEVATOR APARTMENTS
us-nyc,United States,New York,USD,6412340.0,7638.298854,2025-05-16,nyc_dof_rolling_sales,7638.298854,,,,1928,,,08 RENTALS - ELEVATOR APARTMENTS,BEDFORD PARK/NORWOOD,100 EAST MOSHOLU PARKWAY,08 RENTALS - ELEVATOR APARTMENTS
us-nyc,United States,New York,USD,9500000.0,13935.45,2025-09-17,nyc_dof_rolling_sales,13935.45,,,,1922,,,08 RENTALS - ELEVATOR APARTMENTS,BEDFORD PARK/NORWOOD,2665 GRAND CONCOURSE,08 RENTALS - ELEVATOR APARTMENTS
us-nyc,United States,New York,USD,1000000.0,7985.570268,2025-06-09,nyc_dof_rolling_sales,7985.570268,,,,1928,,,08 RENTALS - ELEVATOR APARTMENTS,BEDFORD PARK/NORWOOD,2710 MORRIS AVENUE,08 RENTALS - ELEVATOR APARTMENTS
us-nyc,United States,New York,USD,12500000.0,11565.680276,2025-04-23,nyc_dof_rolling_sales,11565.680276,,,,1935,,,08 RENTALS - ELEVATOR APARTMENTS,BEDFORD PARK/NORWOOD,2914 JEROME AVENUE,08 RENTALS - ELEVATOR APARTMENTS
us-nyc,United States,New York,USD,4700000.0,7019.75068,2025-02-14,nyc_dof_rolling_sales,7019.75068,,,,1926,,,08 RENTALS - ELEVATOR APARTMENTS,BEDFORD PARK/NORWOOD,2877 GRAND CONCOURSE,08 RENTALS - ELEVATOR APARTMENTS
us-nyc,United States,New York,USD,5805740.0,6619.33875,2025-05-16,nyc_dof_rolling_sales,6619.33875,,,,1939,,,08 RENTALS - ELEVATOR APARTMENTS,BEDFORD PARK/NORWOOD,222 BEDFORD PARK BLVD,08 RENTALS - ELEVATOR APARTMENTS
us-nyc,United States,New York,USD,5251670.0,5388.466903,2025-05-16,nyc_dof_rolling_sales,5388.466903,,,,1925,,,08 RENTALS - ELEVATOR APARTMENTS,BEDFORD PARK/NORWOOD,33-35 EAST 208 STREET,08 RENTALS - ELEVATOR APARTMENTS
us-nyc,United States,New York,USD,4325930.0,3925.523362,2025-05-16,nyc_dof_rolling_sales,3925.523362,,,,1940,,,08 RENTALS - ELEVATOR APARTMENTS,BEDFORD PARK/NORWOOD,55 EAST 210 STREET,08 RENTALS - ELEVATOR APARTMENTS
us-nyc,United States,New York,USD,5275000.0,8194.0446,2025-04-24,nyc_dof_rolling_sales,8194.0446,,,,1940,,,08 RENTALS - ELEVATOR APARTMENTS,BEDFORD PARK/NORWOOD,3551 DEKALB AVENUE,08 RENTALS - ELEVATOR APARTMENTS
us-nyc,United States,New York,USD,4300000.0,3394.67562,2025-02-12,nyc_dof_rolling_sales,3394.67562,,,,1927,,,08 RENTALS - ELEVATOR APARTMENTS,BEDFORD PARK/NORWOOD,391 E MOSHOLU PARKWAY N,08 RENTALS - ELEVATOR APARTMENTS
us-nyc,United States,New York,USD,4711590.0,5202.568,2025-05-16,nyc_dof_rolling_sales,5202.568,,,,1939,,,08 RENTALS - ELEVATOR APARTMENTS,BEDFORD PARK/NORWOOD,3070 HULL AVENUE,08 RENTALS - ELEVATOR APARTMENTS
us-nyc,United States,New York,USD,4243200.0,4682.3112,2025-05-16,nyc_dof_rolling_sales,4682.3112,,,,1940,,,08 RENTALS - ELEVATOR APARTMENTS,BEDFORD PARK/NORWOOD,3339 HULL AVENUE,08 RENTALS - ELEVATOR APARTMENTS
us-nyc,United States,New York,USD,5250000.0,6633.2742,2025-09-29,nyc_dof_rolling_sales,6633.2742,,,,1959,,,08 RENTALS - ELEVATOR APARTMENTS,BEDFORD PARK/NORWOOD,3209 DECATUR AVENUE,08 RENTALS - ELEVATOR APARTMENTS
us-nyc,United States,New York,USD,5750000.0,6270.9525,2025-06-25,nyc_dof_rolling_sales,6270.9525,,,,1920,,,08 RENTALS - ELEVATOR APARTMENTS,BEDFORD PARK/NORWOOD,323 EAST GUN HILL ROAD,08 RENTALS - ELEVATOR APARTMENTS
us-nyc,United States,New York,USD,95000.0,nan,2025-02-12,nyc_dof_rolling_sales,nan,,,,1926,,,09 COOPS - WALKUP APARTMENTS,BEDFORD PARK/NORWOOD,"91 EAST 208TH STREET, 1G",09 COOPS - WALKUP APARTMENTS
us-nyc,United States,New York,USD,120000.0,nan,2025-04-28,nyc_dof_rolling_sales,nan,,,,1924,,,09 COOPS - WALKUP APARTMENTS,BEDFORD PARK/NORWOOD,"3279 HULL AVENUE, 12A",09 COOPS - WALKUP APARTMENTS
us-nyc,United States,New York,USD,240000.0,nan,2025-05-27,nyc_dof_rolling_sales,nan,,,,1924,,,09 COOPS - WALKUP APARTMENTS,BEDFORD PARK/NORWOOD,"333 EAST 209, 2",09 COOPS - WALKUP APARTMENTS
us-nyc,United States,New York,USD,130000.0,nan,2025-05-27,nyc_dof_rolling_sales,nan,,,,1924,,,09 COOPS - WALKUP APARTMENTS,BEDFORD PARK/NORWOOD,"335 EAST 209TH STREET, 16",09 COOPS - WALKUP APARTMENTS
us-nyc,United States,New York,USD,115000.0,nan,2025-01-30,nyc_dof_rolling_sales,nan,,,,1924,,,09 COOPS - WALKUP APARTMENTS,BEDFORD PARK/NORWOOD,"335 EAST 209TH STREET, 20",09 COOPS - WALKUP APARTMENTS
us-nyc,United States,New York,USD,125000.0,nan,2025-05-22,nyc_dof_rolling_sales,nan,,,,1924,,,09 COOPS - WALKUP APARTMENTS,BEDFORD PARK/NORWOOD,"335 EAST 209TH STREET, 4",09 COOPS - WALKUP APARTMENTS
us-nyc,United States,New York,USD,77000.0,nan,2025-06-30,nyc_dof_rolling_sales,nan,,,,1938,,,10 COOPS - ELEVATOR APARTMENTS,BEDFORD PARK/NORWOOD,"398 OLIVER PLACE, 6H",10 COOPS - ELEVATOR APARTMENTS
us-nyc,United States,New York,USD,132000.0,nan,2025-03-27,nyc_dof_rolling_sales,nan,,,,1940,,,10 COOPS - ELEVATOR APARTMENTS,BEDFORD PARK/NORWOOD,"2962 DECATUR AVE, 3G",10 COOPS - ELEVATOR APARTMENTS
us-nyc,United States,New York,USD,126500.0,nan,2025-04-30,nyc_dof_rolling_sales,nan,,,,1940,,,10 COOPS - ELEVATOR APARTMENTS,BEDFORD PARK/NORWOOD,"2962 DECATUR AVE, 6G",10 COOPS - ELEVATOR APARTMENTS
us-nyc,United States,New York,USD,110000.0,nan,2025-12-16,nyc_dof_rolling_sales,nan,,,,1940,,,10 COOPS - ELEVATOR APARTMENTS,BEDFORD PARK/NORWOOD,"2962 DECATUR AVENUE, 4J",10 COOPS - ELEVATOR APARTMENTS
us-nyc,United States,New York,USD,242500.0,nan,2025-04-09,nyc_dof_rolling_sales,nan,,,,1950,,,10 COOPS - ELEVATOR APARTMENTS,BEDFORD PARK/NORWOOD,"325 E 201ST STREET, 6E",10 COOPS - ELEVATOR APARTMENTS
us-nyc,United States,New York,USD,170000.0,nan,2025-06-18,nyc_dof_rolling_sales,nan,,,,1950,,,10 COOPS - ELEVATOR APARTMENTS,BEDFORD PARK/NORWOOD,"325 EAST 201ST ST, 6C",10 COOPS - ELEVATOR APARTMENTS
us-nyc,United States,New York,USD,126420.0,nan,2025-10-03,nyc_dof_rolling_sales,nan,,,,1937,,,10 COOPS - ELEVATOR APARTMENTS,BEDFORD PARK/NORWOOD,"340 E MOSHOLU PKWY S, 6E",10 COOPS - ELEVATOR APARTMENTS
us-nyc,United States,New York,USD,145000.0,nan,2025-06-05,nyc_dof_rolling_sales,nan,,,,1961,,,10 COOPS - ELEVATOR APARTMENTS,BEDFORD PARK/NORWOOD,"2640 MARION AVE, 5D",10 COOPS - ELEVATOR APARTMENTS
us-nyc,United States,New York,USD,221000.0,nan,2025-08-18,nyc_dof_rolling_sales,nan,,,,1961,,,10 COOPS - ELEVATOR APARTMENTS,BEDFORD PARK/NORWOOD,"2640 MARION AVENUE, 2E",10 COOPS - ELEVATOR APARTMENTS
us-nyc,United States,New York,USD,120000.0,nan,2025-05-08,nyc_dof_rolling_sales,nan,,,,1961,,,10 COOPS - ELEVATOR APARTMENTS,BEDFORD PARK/NORWOOD,"2640 MARION AVENUE, 3D",10 COOPS - ELEVATOR APARTMENTS
us-nyc,United States,New York,USD,1569389.0,nan,2025-09-16,nyc_dof_rolling_sales,nan,,,,1936,,,10 COOPS - ELEVATOR APARTMENTS,BEDFORD PARK/NORWOOD,"2965 DECATUR AVENUE, 1A",10 COOPS - ELEVATOR APARTMENTS
us-nyc,United States,New York,USD,1569389.0,nan,2025-09-16,nyc_dof_rolling_sales,nan,,,,1936,,,10 COOPS - ELEVATOR APARTMENTS,BEDFORD PARK/NORWOOD,"2965 DECATUR AVENUE, 1B",10 COOPS - ELEVATOR APARTMENTS
us-nyc,United States,New York,USD,1569389.0,nan,2025-09-16,nyc_dof_rolling_sales,nan,,,,1936,,,10 COOPS - ELEVATOR APARTMENTS,BEDFORD PARK/NORWOOD,"2965 DECATUR AVENUE, 1D",10 COOPS - ELEVATOR APARTMENTS
us-nyc,United States,New York,USD,1569389.0,nan,2025-09-16,nyc_dof_rolling_sales,nan,,,,1936,,,10 COOPS - ELEVATOR APARTMENTS,BEDFORD PARK/NORWOOD,"2965 DECATUR AVENUE, 1F",10 COOPS - ELEVATOR APARTMENTS
us-nyc,United States,New York,USD,1569389.0,nan,2025-09-16,nyc_dof_rolling_sales,nan,,,,1936,,,10 COOPS - ELEVATOR APARTMENTS,BEDFORD PARK/NORWOOD,"2965 DECATUR AVENUE, 2A",10 COOPS - ELEVATOR APARTMENTS
us-nyc,United States,New York,USD,1569389.0,nan,2025-09-16,nyc_dof_rolling_sales,nan,,,,1936,,,10 COOPS - ELEVATOR APARTMENTS,BEDFORD PARK/NORWOOD,"2965 DECATUR AVENUE, 2B",10 COOPS - ELEVATOR APARTMENTS
us-nyc,United States,New York,USD,1569389.0,nan,2025-09-16,nyc_dof_rolling_sales,nan,,,,1936,,,10 COOPS - ELEVATOR APARTMENTS,BEDFORD PARK/NORWOOD,"2965 DECATUR AVENUE, 2D",10 COOPS - ELEVATOR APARTMENTS
us-nyc,United States,New York,USD,1569389.0,nan,2025-09-16,nyc_dof_rolling_sales,nan,,,,1936,,,10 COOPS - ELEVATOR APARTMENTS,BEDFORD PARK/NORWOOD,"2965 DECATUR AVENUE, 2E",10 COOPS - ELEVATOR APARTMENTS
us-nyc,United States,New York,USD,1569389.0,nan,2025-09-16,nyc_dof_rolling_sales,nan,,,,1936,,,10 COOPS - ELEVATOR APARTMENTS,BEDFORD PARK/NORWOOD,"2965 DECATUR AVENUE, 2F",10 COOPS - ELEVATOR APARTMENTS
us-nyc,United States,New York,USD,132965.0,nan,2025-09-16,nyc_dof_rolling_sales,nan,,,,1936,,,10 COOPS - ELEVATOR APARTMENTS,BEDFORD PARK/NORWOOD,"2965 DECATUR AVENUE, 3A",10 COOPS - ELEVATOR APARTMENTS
us-nyc,United States,New York,USD,1569389.0,nan,2025-09-16,nyc_dof_rolling_sales,nan,,,,1936,,,10 COOPS - ELEVATOR APARTMENTS,BEDFORD PARK/NORWOOD,"2965 DECATUR AVENUE, 3B",10 COOPS - ELEVATOR APARTMENTS
us-nyc,United States,New York,USD,1569389.0,nan,2025-09-16,nyc_dof_rolling_sales,nan,,,,1936,,,10 COOPS - ELEVATOR APARTMENTS,BEDFORD PARK/NORWOOD,"2965 DECATUR AVENUE, 3C",10 COOPS - ELEVATOR APARTMENTS
us-nyc,United States,New York,USD,1569389.0,nan,2025-09-16,nyc_dof_rolling_sales,nan,,,,1936,,,10 COOPS - ELEVATOR APARTMENTS,BEDFORD PARK/NORWOOD,"2965 DECATUR AVENUE, 3D",10 COOPS - ELEVATOR APARTMENTS
us-nyc,United States,New York,USD,166764.0,nan,2025-09-16,nyc_dof_rolling_sales,nan,,,,1936,,,10 COOPS - ELEVATOR APARTMENTS,BEDFORD PARK/NORWOOD,"2965 DECATUR AVENUE, 3E",10 COOPS - ELEVATOR APARTMENTS
us-nyc,United States,New York,USD,1569389.0,nan,2025-09-16,nyc_dof_rolling_sales,nan,,,,1936,,,10 COOPS - ELEVATOR APARTMENTS,BEDFORD PARK/NORWOOD,"2965 DECATUR AVENUE, 3F",10 COOPS - ELEVATOR APARTMENTS
us-nyc,United States,New York,USD,1569389.0,nan,2025-09-16,nyc_dof_rolling_sales,nan,,,,1936,,,10 COOPS - ELEVATOR APARTMENTS,BEDFORD PARK/NORWOOD,"2965 DECATUR AVENUE, 4A",10 COOPS - ELEVATOR APARTMENTS
us-nyc,United States,New York,USD,1569389.0,nan,2025-09-16,nyc_dof_rolling_sales,nan,,,,1936,,,10 COOPS - ELEVATOR APARTMENTS,BEDFORD PARK/NORWOOD,"2965 DECATUR AVENUE, 4B",10 COOPS - ELEVATOR APARTMENTS
us-nyc,United States,New York,USD,1569389.0,nan,2025-09-16,nyc_dof_rolling_sales,nan,,,,1936,,,10 COOPS - ELEVATOR APARTMENTS,BEDFORD PARK/NORWOOD,"2965 DECATUR AVENUE, 4C",10 COOPS - ELEVATOR APARTMENTS
us-nyc,United States,New York,USD,1569389.0,nan,2025-09-16,nyc_dof_rolling_sales,nan,,,,1936,,,10 COOPS - ELEVATOR APARTMENTS,BEDFORD PARK/NORWOOD,"2965 DECATUR AVENUE, 4D",10 COOPS - ELEVATOR APARTMENTS
us-nyc,United States,New York,USD,1569389.0,nan,2025-09-16,nyc_dof_rolling_sales,nan,,,,1936,,,10 COOPS - ELEVATOR APARTMENTS,BEDFORD PARK/NORWOOD,"2965 DECATUR AVENUE, 4E",10 COOPS - ELEVATOR APARTMENTS
us-nyc,United States,New York,USD,58967.0,nan,2025-09-16,nyc_dof_rolling_sales,nan,,,,1936,,,10 COOPS - ELEVATOR APARTMENTS,BEDFORD PARK/NORWOOD,"2965 DECATUR AVENUE, 4F",10 COOPS - ELEVATOR APARTMENTS
us-nyc,United States,New York,USD,1569389.0,nan,2025-09-16,nyc_dof_rolling_sales,nan,,,,1936,,,10 COOPS - ELEVATOR APARTMENTS,BEDFORD PARK/NORWOOD,"2965 DECATUR AVENUE, 5A",10 COOPS - ELEVATOR APARTMENTS
us-nyc,United States,New York,USD,166764.0,nan,2025-09-16,nyc_dof_rolling_sales,nan,,,,1936,,,10 COOPS - ELEVATOR APARTMENTS,BEDFORD PARK/NORWOOD,"2965 DECATUR AVENUE, 5B",10 COOPS - ELEVATOR APARTMENTS
us-nyc,United States,New York,USD,1569389.0,nan,2025-09-16,nyc_dof_rolling_sales,nan,,,,1936,,,10 COOPS - ELEVATOR APARTMENTS,BEDFORD PARK/NORWOOD,"2965 DECATUR AVENUE, 5C",10 COOPS - ELEVATOR APARTMENTS
us-nyc,United States,New York,USD,1569389.0,nan,2025-09-16,nyc_dof_rolling_sales,nan,,,,1936,,,10 COOPS - ELEVATOR APARTMENTS,BEDFORD PARK/NORWOOD,"2965 DECATUR AVENUE, 5D",10 COOPS - ELEVATOR APARTMENTS
us-nyc,United States,New York,USD,1569389.0,nan,2025-09-16,nyc_dof_rolling_sales,nan,,,,1936,,,10 COOPS - ELEVATOR APARTMENTS,BEDFORD PARK/NORWOOD,"2965 DECATUR AVENUE, 5E",10 COOPS - ELEVATOR APARTMENTS
us-nyc,United States,New York,USD,1569389.0,nan,2025-09-16,nyc_dof_rolling_sales,nan,,,,1936,,,10 COOPS - ELEVATOR APARTMENTS,BEDFORD PARK/NORWOOD,"2965 DECATUR AVENUE, 5F",10 COOPS - ELEVATOR APARTMENTS
us-nyc,United States,New York,USD,1569389.0,nan,2025-09-16,nyc_dof_rolling_sales,nan,,,,1936,,,10 COOPS - ELEVATOR APARTMENTS,BEDFORD PARK/NORWOOD,"2965 DECATUR AVENUE, 6A",10 COOPS - ELEVATOR APARTMENTS
us-nyc,United States,New York,USD,1569389.0,nan,2025-09-16,nyc_dof_rolling_sales,nan,,,,1936,,,10 COOPS - ELEVATOR APARTMENTS,BEDFORD PARK/NORWOOD,"2965 DECATUR AVENUE, 6B",10 COOPS - ELEVATOR APARTMENTS
us-nyc,United States,New York,USD,132965.0,nan,2025-09-16,nyc_dof_rolling_sales,nan,,,,1936,,,10 COOPS - ELEVATOR APARTMENTS,BEDFORD PARK/NORWOOD,"2965 DECATUR AVENUE, 6C",10 COOPS - ELEVATOR APARTMENTS
us-nyc,United States,New York,USD,166764.0,nan,2025-09-16,nyc_dof_rolling_sales,nan,,,,1936,,,10 COOPS - ELEVATOR APARTMENTS,BEDFORD PARK/NORWOOD,"2965 DECATUR AVENUE, 6D",10 COOPS - ELEVATOR APARTMENTS
us-nyc,United States,New York,USD,1569389.0,nan,2025-09-16,nyc_dof_rolling_sales,nan,,,,1936,,,10 COOPS - ELEVATOR APARTMENTS,BEDFORD PARK/NORWOOD,"2965 DECATUR AVENUE, 6E",10 COOPS - ELEVATOR APARTMENTS
us-nyc,United States,New York,USD,1569389.0,nan,2025-09-16,nyc_dof_rolling_sales,nan,,,,1936,,,10 COOPS - ELEVATOR APARTMENTS,BEDFORD PARK/NORWOOD,"2965 DECATUR AVENUE, 6F",10 COOPS - ELEVATOR APARTMENTS
us-nyc,United States,New York,USD,107000.0,nan,2025-07-01,nyc_dof_rolling_sales,nan,,,,1966,,,10 COOPS - ELEVATOR APARTMENTS,BEDFORD PARK/NORWOOD,"2661 MARION AVENUE, 6J",10 COOPS - ELEVATOR APARTMENTS
us-nyc,United States,New York,USD,115000.0,nan,2025-11-19,nyc_dof_rolling_sales,nan,,,,1955,,,10 COOPS - ELEVATOR APARTMENTS,BEDFORD PARK/NORWOOD,"2830 BRIGGS AVENUE, 5C",10 COOPS - ELEVATOR APARTMENTS
us-nyc,United States,New York,USD,180000.0,nan,2025-02-13,nyc_dof_rolling_sales,nan,,,,1939,,,10 COOPS - ELEVATOR APARTMENTS,BEDFORD PARK/NORWOOD,"306 E. MOSHOLU PKWY S, 5E",10 COOPS - ELEVATOR APARTMENTS
us-nyc,United States,New York,USD,105000.0,nan,2025-05-28,nyc_dof_rolling_sales,nan,,,,1939,,,10 COOPS - ELEVATOR APARTMENTS,BEDFORD PARK/NORWOOD,"306 EAST MOSHOLU PARKWAY SOUTH, 2A",10 COOPS - ELEVATOR APARTMENTS
us-nyc,United States,New York,USD,270000.0,nan,2025-07-30,nyc_dof_rolling_sales,nan,,,,1939,,,10 COOPS - ELEVATOR APARTMENTS,BEDFORD PARK/NORWOOD,"306 EAST MOSHOLU PARKWAY SOUTH, 2H",10 COOPS - ELEVATOR APARTMENTS
us-nyc,United States,New York,USD,205000.0,nan,2025-10-15,nyc_dof_rolling_sales,nan,,,,1937,,,10 COOPS - ELEVATOR APARTMENTS,BEDFORD PARK/NORWOOD,"3000 VALENTINE AVE, 4G",10 COOPS - ELEVATOR APARTMENTS
us-nyc,United States,New York,USD,110500.0,nan,2025-09-05,nyc_dof_rolling_sales,nan,,,,1937,,,10 COOPS - ELEVATOR APARTMENTS,BEDFORD PARK/NORWOOD,"3000 VALENTINE AVENUE, 3A",10 COOPS - ELEVATOR APARTMENTS
us-nyc,United States,New York,USD,198000.0,nan,2025-12-02,nyc_dof_rolling_sales,nan,,,,1963,,,10 COOPS - ELEVATOR APARTMENTS,BEDFORD PARK/NORWOOD,"3201 GRAND CONCOURSE, 4A",10 COOPS - ELEVATOR APARTMENTS
us-nyc,United States,New York,USD,149000.0,nan,2025-11-18,nyc_dof_rolling_sales,nan,,,,1939,,,10 COOPS - ELEVATOR APARTMENTS,BEDFORD PARK/NORWOOD,"190 E MOSHOLU PARKWAY SOUTH, 3H",10 COOPS - ELEVATOR APARTMENTS
us-nyc,United States,New York,USD,255000.0,nan,2025-02-21,nyc_dof_rolling_sales,nan,,,,1963,,,10 COOPS - ELEVATOR APARTMENTS,BEDFORD PARK/NORWOOD,"3184 GRAND CONCOURSE, 3G",10 COOPS - ELEVATOR APARTMENTS
us-nyc,United States,New York,USD,310000.0,nan,2025-07-11,nyc_dof_rolling_sales,nan,,,,1963,,,10 COOPS - ELEVATOR APARTMENTS,BEDFORD PARK/NORWOOD,"3184 GRAND CONCOURSE, 6A",10 COOPS - ELEVATOR APARTMENTS
us-nyc,United States,New York,USD,175000.0,nan,2025-04-30,nyc_dof_rolling_sales,nan,,,,1940,,,10 COOPS - ELEVATOR APARTMENTS,BEDFORD PARK/NORWOOD,"2685 CRESTON AVE, 1F",10 COOPS - ELEVATOR APARTMENTS
us-nyc,United States,New York,USD,175000.0,nan,2025-07-23,nyc_dof_rolling_sales,nan,,,,1940,,,10 COOPS - ELEVATOR APARTMENTS,BEDFORD PARK/NORWOOD,"2685 CRESTON AVE, 2B",10 COOPS - ELEVATOR APARTMENTS
us-nyc,United States,New York,USD,235000.0,nan,2025-04-18,nyc_dof_rolling_sales,nan,,,,1940,,,10 COOPS - ELEVATOR APARTMENTS,BEDFORD PARK/NORWOOD,"2685 CRESTON AVE, 4J",10 COOPS - ELEVATOR APARTMENTS
us-nyc,United States,New York,USD,162500.0,nan,2025-02-03,nyc_dof_rolling_sales,nan,,,,1940,,,10 COOPS - ELEVATOR APARTMENTS,BEDFORD PARK/NORWOOD,"2685 CRESTON AVE, 5A",10 COOPS - ELEVATOR APARTMENTS
us-nyc,United States,New York,USD,140000.0,nan,2025-08-20,nyc_dof_rolling_sales,nan,,,,1940,,,10 COOPS - ELEVATOR APARTMENTS,BEDFORD PARK/NORWOOD,"2685 CRESTON AVENUE, 2H",10 COOPS - ELEVATOR APARTMENTS
us-nyc,United States,New York,USD,139000.0,nan,2025-02-19,nyc_dof_rolling_sales,nan,,,,1940,,,10 COOPS - ELEVATOR APARTMENTS,BEDFORD PARK/NORWOOD,"2685 CRESTON AVENUE, 6D",10 COOPS - ELEVATOR APARTMENTS
us-nyc,United States,New York,USD,289000.0,nan,2025-07-24,nyc_dof_rolling_sales,nan,,,,1940,,,10 COOPS - ELEVATOR APARTMENTS,BEDFORD PARK/NORWOOD,"3245 PERRY AVE, 5F",10 COOPS - ELEVATOR APARTMENTS
us-nyc,United States,New York,USD,135000.0,nan,2025-06-24,nyc_dof_rolling_sales,nan,,,,1928,,,10 COOPS - ELEVATOR APARTMENTS,BEDFORD PARK/NORWOOD,"3388 WAYNE AVENUE, F51",10 COOPS - ELEVATOR APARTMENTS
us-nyc,United States,New York,USD,140000.0,nan,2025-04-28,nyc_dof_rolling_sales,nan,,,,1928,,,10 COOPS - ELEVATOR APARTMENTS,BEDFORD PARK/NORWOOD,"3392 WAYNE AVE, F12",10 COOPS - ELEVATOR APARTMENTS
us-nyc,United States,New York,USD,140000.0,nan,2025-03-21,nyc_dof_rolling_sales,nan,,,,1928,,,10 COOPS - ELEVATOR APARTMENTS,BEDFORD PARK/NORWOOD,"3392 WAYNE AVENUE, F21",10 COOPS - ELEVATOR APARTMENTS
us-nyc,United States,New York,USD,145000.0,nan,2025-05-09,nyc_dof_rolling_sales,nan,,,,1928,,,10 COOPS - ELEVATOR APARTMENTS,BEDFORD PARK/NORWOOD,"3392 WAYNE AVENUE, F52",10 COOPS - ELEVATOR APARTMENTS
us-nyc,United States,New York,USD,245000.0,nan,2025-06-27,nyc_dof_rolling_sales,nan,,,,1928,,,10 COOPS - ELEVATOR APARTMENTS,BEDFORD PARK/NORWOOD,"3396 WAYNE AVE, D23",10 COOPS - ELEVATOR APARTMENTS
us-nyc,United States,New York,USD,110000.0,nan,2025-02-13,nyc_dof_rolling_sales,nan,,,,1928,,,10 COOPS - ELEVATOR APARTMENTS,BEDFORD PARK/NORWOOD,"3400 WAYNE AVENUE, C42",10 COOPS - ELEVATOR APARTMENTS
us-nyc,United States,New York,USD,133000.0,nan,2025-10-23,nyc_dof_rolling_sales,nan,,,,1928,,,10 COOPS - ELEVATOR APARTMENTS,BEDFORD PARK/NORWOOD,"3400 WAYNE, C51",10 COOPS - ELEVATOR APARTMENTS
us-nyc,United States,New York,USD,180000.0,nan,2025-11-19,nyc_dof_rolling_sales,nan,,,,1962,,,10 COOPS - ELEVATOR APARTMENTS,BEDFORD PARK/NORWOOD,"3520 TRYON AVENUE, 104",10 COOPS - ELEVATOR APARTMENTS
us-nyc,United States,New York,USD,250000.0,nan,2025-02-27,nyc_dof_rolling_sales,nan,,,,1962,,,10 COOPS - ELEVATOR APARTMENTS,BEDFORD PARK/NORWOOD,"3520 TRYON AVENUE, 209",10 COOPS - ELEVATOR APARTMENTS
us-nyc,United States,New York,USD,143000.0,nan,2025-04-25,nyc_dof_rolling_sales,nan,,,,1962,,,10 COOPS - ELEVATOR APARTMENTS,BEDFORD PARK/NORWOOD,"3520 TRYON AVENUE, 401",10 COOPS - ELEVATOR APARTMENTS
us-nyc,United States,New York,USD,145000.0,nan,2025-06-05,nyc_dof_rolling_sales,nan,,,,1962,,,10 COOPS - ELEVATOR APARTMENTS,BEDFORD PARK/NORWOOD,"3520 TRYON AVENUE, 509",10 COOPS - ELEVATOR APARTMENTS
us-nyc,United States,New York,USD,1750000.0,278.709,2025-06-06,nyc_dof_rolling_sales,278.709,,,,1926,,,14 RENTALS - 4-10 UNIT,BEDFORD PARK/NORWOOD,239 E. 203RD ST,14 RENTALS - 4-10 UNIT
us-nyc,United States,New York,USD,950000.0,468.23112,2025-02-28,nyc_dof_rolling_sales,468.23112,,,,1927,,,14 RENTALS - 4-10 UNIT,BEDFORD PARK/NORWOOD,3294 HULL AVENUE,14 RENTALS - 4-10 UNIT
us-nyc,United States,New York,USD,13559858.0,nan,2025-03-10,nyc_dof_rolling_sales,nan,,,,1955,,,17 CONDO COOPS,BEDFORD PARK/NORWOOD,"3130 GRAND CONCOURSE, 2A",17 CONDO COOPS
us-nyc,United States,New York,USD,13559858.0,nan,2025-03-10,nyc_dof_rolling_sales,nan,,,,1955,,,17 CONDO COOPS,BEDFORD PARK/NORWOOD,"3130 GRAND CONCOURSE, 2B",17 CONDO COOPS
us-nyc,United States,New York,USD,13559858.0,nan,2025-03-10,nyc_dof_rolling_sales,nan,,,,1955,,,17 CONDO COOPS,BEDFORD PARK/NORWOOD,"3130 GRAND CONCOURSE, 2C",17 CONDO COOPS
us-nyc,United States,New York,USD,13559858.0,nan,2025-03-10,nyc_dof_rolling_sales,nan,,,,1955,,,17 CONDO COOPS,BEDFORD PARK/NORWOOD,"3130 GRAND CONCOURSE, 2D",17 CONDO COOPS
us-nyc,United States,New York,USD,13559858.0,nan,2025-03-10,nyc_dof_rolling_sales,nan,,,,1955,,,17 CONDO COOPS,BEDFORD PARK/NORWOOD,"3130 GRAND CONCOURSE, 2E",17 CONDO COOPS
us-nyc,United States,New York,USD,13559858.0,nan,2025-03-10,nyc_dof_rolling_sales,nan,,,,1955,,,17 CONDO COOPS,BEDFORD PARK/NORWOOD,"3130 GRAND CONCOURSE, 2G",17 CONDO COOPS
us-nyc,United States,New York,USD,13559858.0,nan,2025-03-10,nyc_dof_rolling_sales,nan,,,,1955,,,17 CONDO COOPS,BEDFORD PARK/NORWOOD,"3130 GRAND CONCOURSE, 2H",17 CONDO COOPS
us-nyc,United States,New York,USD,13559858.0,nan,2025-03-10,nyc_dof_rolling_sales,nan,,,,1955,,,17 CONDO COOPS,BEDFORD PARK/NORWOOD,"3130 GRAND CONCOURSE, 2K",17 CONDO COOPS
us-nyc,United States,New York,USD,13559858.0,nan,2025-03-10,nyc_dof_rolling_sales,nan,,,,1955,,,17 CONDO COOPS,BEDFORD PARK/NORWOOD,"3130 GRAND CONCOURSE, 2L",17 CONDO COOPS
us-nyc,United States,New York,USD,13559858.0,nan,2025-03-10,nyc_dof_rolling_sales,nan,,,,1955,,,17 CONDO COOPS,BEDFORD PARK/NORWOOD,"3130 GRAND CONCOURSE, 2M",17 CONDO COOPS
us-nyc,United States,New York,USD,13559858.0,nan,2025-03-10,nyc_dof_rolling_sales,nan,,,,1955,,,17 CONDO COOPS,BEDFORD PARK/NORWOOD,"3130 GRAND CONCOURSE, 2N",17 CONDO COOPS
us-nyc,United States,New York,USD,13559858.0,nan,2025-03-10,nyc_dof_rolling_sales,nan,,,,1955,,,17 CONDO COOPS,BEDFORD PARK/NORWOOD,"3130 GRAND CONCOURSE, 2P",17 CONDO COOPS
us-nyc,United States,New York,USD,13559858.0,nan,2025-03-10,nyc_dof_rolling_sales,nan,,,,1955,,,17 CONDO COOPS,BEDFORD PARK/NORWOOD,"3130 GRAND CONCOURSE, 2R",17 CONDO COOPS
us-nyc,United States,New York,USD,13559858.0,nan,2025-03-10,nyc_dof_rolling_sales,nan,,,,1955,,,17 CONDO COOPS,BEDFORD PARK/NORWOOD,"3130 GRAND CONCOURSE, 2S",17 CONDO COOPS
us-nyc,United States,New York,USD,13559858.0,nan,2025-03-10,nyc_dof_rolling_sales,nan,,,,1955,,,17 CONDO COOPS,BEDFORD PARK/NORWOOD,"3130 GRAND CONCOURSE, 2T",17 CONDO COOPS
us-nyc,United States,New York,USD,13559858.0,nan,2025-03-10,nyc_dof_rolling_sales,nan,,,,1955,,,17 CONDO COOPS,BEDFORD PARK/NORWOOD,"3130 GRAND CONCOURSE, 2V",17 CONDO COOPS
us-nyc,United States,New York,USD,13559858.0,nan,2025-03-10,nyc_dof_rolling_sales,nan,,,,1955,,,17 CONDO COOPS,BEDFORD PARK/NORWOOD,"3130 GRAND CONCOURSE, 3A",17 CONDO COOPS
us-nyc,United States,New York,USD,13559858.0,nan,2025-03-10,nyc_dof_rolling_sales,nan,,,,1955,,,17 CONDO COOPS,BEDFORD PARK/NORWOOD,"3130 GRAND CONCOURSE, 3D",17 CONDO COOPS
us-nyc,United States,New York,USD,13559858.0,nan,2025-03-10,nyc_dof_rolling_sales,nan,,,,1955,,,17 CONDO COOPS,BEDFORD PARK/NORWOOD,"3130 GRAND CONCOURSE, 3E",17 CONDO COOPS
us-nyc,United States,New York,USD,13559858.0,nan,2025-03-10,nyc_dof_rolling_sales,nan,,,,1955,,,17 CONDO COOPS,BEDFORD PARK/NORWOOD,"3130 GRAND CONCOURSE, 3F",17 CONDO COOPS
us-nyc,United States,New York,USD,13559858.0,nan,2025-03-10,nyc_dof_rolling_sales,nan,,,,1955,,,17 CONDO COOPS,BEDFORD PARK/NORWOOD,"3130 GRAND CONCOURSE, 3G",17 CONDO COOPS
us-nyc,United States,New York,USD,13559858.0,nan,2025-03-10,nyc_dof_rolling_sales,nan,,,,1955,,,17 CONDO COOPS,BEDFORD PARK/NORWOOD,"3130 GRAND CONCOURSE, 3H",17 CONDO COOPS
us-nyc,United States,New York,USD,13559858.0,nan,2025-03-10,nyc_dof_rolling_sales,nan,,,,1955,,,17 CONDO COOPS,BEDFORD PARK/NORWOOD,"3130 GRAND CONCOURSE, 3J",17 CONDO COOPS
us-nyc,United States,New York,USD,13559858.0,nan,2025-03-10,nyc_dof_rolling_sales,nan,,,,1955,,,17 CONDO COOPS,BEDFORD PARK/NORWOOD,"3130 GRAND CONCOURSE, 3K",17 CONDO COOPS
us-nyc,United States,New York,USD,13559858.0,nan,2025-03-10,nyc_dof_rolling_sales,nan,,,,1955,,,17 CONDO COOPS,BEDFORD PARK/NORWOOD,"3130 GRAND CONCOURSE, 3L",17 CONDO COOPS
us-nyc,United States,New York,USD,13559858.0,nan,2025-03-10,nyc_dof_rolling_sales,nan,,,,1955,,,17 CONDO COOPS,BEDFORD PARK/NORWOOD,"3130 GRAND CONCOURSE, 3N",17 CONDO COOPS
us-nyc,United States,New York,USD,13559858.0,nan,2025-03-10,nyc_dof_rolling_sales,nan,,,,1955,,,17 CONDO COOPS,BEDFORD PARK/NORWOOD,"3130 GRAND CONCOURSE, 3P",17 CONDO COOPS
us-nyc,United States,New York,USD,13559858.0,nan,2025-03-10,nyc_dof_rolling_sales,nan,,,,1955,,,17 CONDO COOPS,BEDFORD PARK/NORWOOD,"3130 GRAND CONCOURSE, 3R",17 CONDO COOPS
us-nyc,United States,New York,USD,13559858.0,nan,2025-03-10,nyc_dof_rolling_sales,nan,,,,1955,,,17 CONDO COOPS,BEDFORD PARK/NORWOOD,"3130 GRAND CONCOURSE, 3S",17 CONDO COOPS
us-nyc,United States,New York,USD,13559858.0,nan,2025-03-10,nyc_dof_rolling_sales,nan,,,,1955,,,17 CONDO COOPS,BEDFORD PARK/NORWOOD,"3130 GRAND CONCOURSE, 3T",17 CONDO COOPS
us-nyc,United States,New York,USD,13559858.0,nan,2025-03-10,nyc_dof_rolling_sales,nan,,,,1955,,,17 CONDO COOPS,BEDFORD PARK/NORWOOD,"3130 GRAND CONCOURSE, 3V",17 CONDO COOPS
us-nyc,United States,New York,USD,13559858.0,nan,2025-03-10,nyc_dof_rolling_sales,nan,,,,1955,,,17 CONDO COOPS,BEDFORD PARK/NORWOOD,"3130 GRAND CONCOURSE, 4A",17 CONDO COOPS
us-nyc,United States,New York,USD,13559858.0,nan,2025-03-10,nyc_dof_rolling_sales,nan,,,,1955,,,17 CONDO COOPS,BEDFORD PARK/NORWOOD,"3130 GRAND CONCOURSE, 4B",17 CONDO COOPS
us-nyc,United States,New York,USD,13559858.0,nan,2025-03-10,nyc_dof_rolling_sales,nan,,,,1955,,,17 CONDO COOPS,BEDFORD PARK/NORWOOD,"3130 GRAND CONCOURSE, 4C",17 CONDO COOPS
us-nyc,United States,New York,USD,13559858.0,nan,2025-03-10,nyc_dof_rolling_sales,nan,,,,1955,,,17 CONDO COOPS,BEDFORD PARK/NORWOOD,"3130 GRAND CONCOURSE, 4D",17 CONDO COOPS
us-nyc,United States,New York,USD,13559858.0,nan,2025-03-10,nyc_dof_rolling_sales,nan,,,,1955,,,17 CONDO COOPS,BEDFORD PARK/NORWOOD,"3130 GRAND CONCOURSE, 4E",17 CONDO COOPS
us-nyc,United States,New York,USD,13559858.0,nan,2025-03-10,nyc_dof_rolling_sales,nan,,,,1955,,,17 CONDO COOPS,BEDFORD PARK/NORWOOD,"3130 GRAND CONCOURSE, 4F",17 CONDO COOPS
us-nyc,United States,New York,USD,13559858.0,nan,2025-03-10,nyc_dof_rolling_sales,nan,,,,1955,,,17 CONDO COOPS,BEDFORD PARK/NORWOOD,"3130 GRAND CONCOURSE, 4G",17 CONDO COOPS
us-nyc,United States,New York,USD,13559858.0,nan,2025-03-10,nyc_dof_rolling_sales,nan,,,,1955,,,17 CONDO COOPS,BEDFORD PARK/NORWOOD,"3130 GRAND CONCOURSE, 4H",17 CONDO COOPS
us-nyc,United States,New York,USD,13559858.0,nan,2025-03-10,nyc_dof_rolling_sales,nan,,,,1955,,,17 CONDO COOPS,BEDFORD PARK/NORWOOD,"3130 GRAND CONCOURSE, 4K",17 CONDO COOPS
us-nyc,United States,New York,USD,13559858.0,nan,2025-03-10,nyc_dof_rolling_sales,nan,,,,1955,,,17 CONDO COOPS,BEDFORD PARK/NORWOOD,"3130 GRAND CONCOURSE, 4L",17 CONDO COOPS
us-nyc,United States,New York,USD,13559858.0,nan,2025-03-10,nyc_dof_rolling_sales,nan,,,,1955,,,17 CONDO COOPS,BEDFORD PARK/NORWOOD,"3130 GRAND CONCOURSE, 4M",17 CONDO COOPS
us-nyc,United States,New York,USD,13559858.0,nan,2025-03-10,nyc_dof_rolling_sales,nan,,,,1955,,,17 CONDO COOPS,BEDFORD PARK/NORWOOD,"3130 GRAND CONCOURSE, 4R",17 CONDO COOPS
us-nyc,United States,New York,USD,13559858.0,nan,2025-03-10,nyc_dof_rolling_sales,nan,,,,1955,,,17 CONDO COOPS,BEDFORD PARK/NORWOOD,"3130 GRAND CONCOURSE, 4S",17 CONDO COOPS
us-nyc,United States,New York,USD,13559858.0,nan,2025-03-10,nyc_dof_rolling_sales,nan,,,,1955,,,17 CONDO COOPS,BEDFORD PARK/NORWOOD,"3130 GRAND CONCOURSE, 4T",17 CONDO COOPS
us-nyc,United States,New York,USD,13559858.0,nan,2025-03-10,nyc_dof_rolling_sales,nan,,,,1955,,,17 CONDO COOPS,BEDFORD PARK/NORWOOD,"3130 GRAND CONCOURSE, 4V",17 CONDO COOPS
us-nyc,United States,New York,USD,13559858.0,nan,2025-03-10,nyc_dof_rolling_sales,nan,,,,1955,,,17 CONDO COOPS,BEDFORD PARK/NORWOOD,"3130 GRAND CONCOURSE, 5A",17 CONDO COOPS
us-nyc,United States,New York,USD,13559858.0,nan,2025-03-10,nyc_dof_rolling_sales,nan,,,,1955,,,17 CONDO COOPS,BEDFORD PARK/NORWOOD,"3130 GRAND CONCOURSE, 5B",17 CONDO COOPS
us-nyc,United States,New York,USD,13559858.0,nan,2025-03-10,nyc_dof_rolling_sales,nan,,,,1955,,,17 CONDO COOPS,BEDFORD PARK/NORWOOD,"3130 GRAND CONCOURSE, 5C",17 CONDO COOPS
us-nyc,United States,New York,USD,13559858.0,nan,2025-03-10,nyc_dof_rolling_sales,nan,,,,1955,,,17 CONDO COOPS,BEDFORD PARK/NORWOOD,"3130 GRAND CONCOURSE, 5D",17 CONDO COOPS
us-nyc,United States,New York,USD,13559858.0,nan,2025-03-10,nyc_dof_rolling_sales,nan,,,,1955,,,17 CONDO COOPS,BEDFORD PARK/NORWOOD,"3130 GRAND CONCOURSE, 5E",17 CONDO COOPS
us-nyc,United States,New York,USD,13559858.0,nan,2025-03-10,nyc_dof_rolling_sales,nan,,,,1955,,,17 CONDO COOPS,BEDFORD PARK/NORWOOD,"3130 GRAND CONCOURSE, 5F",17 CONDO COOPS
us-nyc,United States,New York,USD,13559858.0,nan,2025-03-10,nyc_dof_rolling_sales,nan,,,,1955,,,17 CONDO COOPS,BEDFORD PARK/NORWOOD,"3130 GRAND CONCOURSE, 5G",17 CONDO COOPS
us-nyc,United States,New York,USD,13559858.0,nan,2025-03-10,nyc_dof_rolling_sales,nan,,,,1955,,,17 CONDO COOPS,BEDFORD PARK/NORWOOD,"3130 GRAND CONCOURSE, 5H",17 CONDO COOPS
us-nyc,United States,New York,USD,13559858.0,nan,2025-03-10,nyc_dof_rolling_sales,nan,,,,1955,,,17 CONDO COOPS,BEDFORD PARK/NORWOOD,"3130 GRAND CONCOURSE, 5J",17 CONDO COOPS
us-nyc,United States,New York,USD,13559858.0,nan,2025-03-10,nyc_dof_rolling_sales,nan,,,,1955,,,17 CONDO COOPS,BEDFORD PARK/NORWOOD,"3130 GRAND CONCOURSE, 5K",17 CONDO COOPS
us-nyc,United States,New York,USD,13559858.0,nan,2025-03-10,nyc_dof_rolling_sales,nan,,,,1955,,,17 CONDO COOPS,BEDFORD PARK/NORWOOD,"3130 GRAND CONCOURSE, 5M",17 CONDO COOPS
us-nyc,United States,New York,USD,13559858.0,nan,2025-03-10,nyc_dof_rolling_sales,nan,,,,1955,,,17 CONDO COOPS,BEDFORD PARK/NORWOOD,"3130 GRAND CONCOURSE, 5P",17 CONDO COOPS
us-nyc,United States,New York,USD,13559858.0,nan,2025-03-10,nyc_dof_rolling_sales,nan,,,,1955,,,17 CONDO COOPS,BEDFORD PARK/NORWOOD,"3130 GRAND CONCOURSE, 5S",17 CONDO COOPS
us-nyc,United States,New York,USD,13559858.0,nan,2025-03-10,nyc_dof_rolling_sales,nan,,,,1955,,,17 CONDO COOPS,BEDFORD PARK/NORWOOD,"3130 GRAND CONCOURSE, 5T",17 CONDO COOPS
us-nyc,United States,New York,USD,13559858.0,nan,2025-03-10,nyc_dof_rolling_sales,nan,,,,1955,,,17 CONDO COOPS,BEDFORD PARK/NORWOOD,"3130 GRAND CONCOURSE, 5V",17 CONDO COOPS
us-nyc,United States,New York,USD,13559858.0,nan,2025-03-10,nyc_dof_rolling_sales,nan,,,,1955,,,17 CONDO COOPS,BEDFORD PARK/NORWOOD,"3130 GRAND CONCOURSE, 6A",17 CONDO COOPS
us-nyc,United States,New York,USD,13559858.0,nan,2025-03-10,nyc_dof_rolling_sales,nan,,,,1955,,,17 CONDO COOPS,BEDFORD PARK/NORWOOD,"3130 GRAND CONCOURSE, 6B",17 CONDO COOPS
us-nyc,United States,New York,USD,13559858.0,nan,2025-03-10,nyc_dof_rolling_sales,nan,,,,1955,,,17 CONDO COOPS,BEDFORD PARK/NORWOOD,"3130 GRAND CONCOURSE, 6C",17 CONDO COOPS
us-nyc,United States,New York,USD,13559858.0,nan,2025-03-10,nyc_dof_rolling_sales,nan,,,,1955,,,17 CONDO COOPS,BEDFORD PARK/NORWOOD,"3130 GRAND CONCOURSE, 6D",17 CONDO COOPS
us-nyc,United States,New York,USD,13559858.0,nan,2025-03-10,nyc_dof_rolling_sales,nan,,,,1955,,,17 CONDO COOPS,BEDFORD PARK/NORWOOD,"3130 GRAND CONCOURSE, 6E",17 CONDO COOPS
us-nyc,United States,New York,USD,13559858.0,nan,2025-03-10,nyc_dof_rolling_sales,nan,,,,1955,,,17 CONDO COOPS,BEDFORD PARK/NORWOOD,"3130 GRAND CONCOURSE, 6F",17 CONDO COOPS
us-nyc,United States,New York,USD,13559858.0,nan,2025-03-10,nyc_dof_rolling_sales,nan,,,,1955,,,17 CONDO COOPS,BEDFORD PARK/NORWOOD,"3130 GRAND CONCOURSE, 6G",17 CONDO COOPS
us-nyc,United States,New York,USD,13559858.0,nan,2025-03-10,nyc_dof_rolling_sales,nan,,,,1955,,,17 CONDO COOPS,BEDFORD PARK/NORWOOD,"3130 GRAND CONCOURSE, 6H",17 CONDO COOPS
us-nyc,United States,New York,USD,13559858.0,nan,2025-03-10,nyc_dof_rolling_sales,nan,,,,1955,,,17 CONDO COOPS,BEDFORD PARK/NORWOOD,"3130 GRAND CONCOURSE, 6J",17 CONDO COOPS
us-nyc,United States,New York,USD,13559858.0,nan,2025-03-10,nyc_dof_rolling_sales,nan,,,,1955,,,17 CONDO COOPS,BEDFORD PARK/NORWOOD,"3130 GRAND CONCOURSE, 6K",17 CONDO COOPS
us-nyc,United States,New York,USD,13559858.0,nan,2025-03-10,nyc_dof_rolling_sales,nan,,,,1955,,,17 CONDO COOPS,BEDFORD PARK/NORWOOD,"3130 GRAND CONCOURSE, 6L",17 CONDO COOPS
us-nyc,United States,New York,USD,13559858.0,nan,2025-03-10,nyc_dof_rolling_sales,nan,,,,1955,,,17 CONDO COOPS,BEDFORD PARK/NORWOOD,"3130 GRAND CONCOURSE, 6M",17 CONDO COOPS
us-nyc,United States,New York,USD,13559858.0,nan,2025-03-10,nyc_dof_rolling_sales,nan,,,,1955,,,17 CONDO COOPS,BEDFORD PARK/NORWOOD,"3130 GRAND CONCOURSE, 6N",17 CONDO COOPS
us-nyc,United States,New York,USD,13559858.0,nan,2025-03-10,nyc_dof_rolling_sales,nan,,,,1955,,,17 CONDO COOPS,BEDFORD PARK/NORWOOD,"3130 GRAND CONCOURSE, 6P",17 CONDO COOPS
us-nyc,United States,New York,USD,13559858.0,nan,2025-03-10,nyc_dof_rolling_sales,nan,,,,1955,,,17 CONDO COOPS,BEDFORD PARK/NORWOOD,"3130 GRAND CONCOURSE, 6R",17 CONDO COOPS
us-nyc,United States,New York,USD,13559858.0,nan,2025-03-10,nyc_dof_rolling_sales,nan,,,,1955,,,17 CONDO COOPS,BEDFORD PARK/NORWOOD,"3130 GRAND CONCOURSE, 6S",17 CONDO COOPS
us-nyc,United States,New York,USD,13559858.0,nan,2025-03-10,nyc_dof_rolling_sales,nan,,,,1955,,,17 CONDO COOPS,BEDFORD PARK/NORWOOD,"3130 GRAND CONCOURSE, 6T",17 CONDO COOPS
us-nyc,United States,New York,USD,13559858.0,nan,2025-03-10,nyc_dof_rolling_sales,nan,,,,1955,,,17 CONDO COOPS,BEDFORD PARK/NORWOOD,"3130 GRAND CONCOURSE, 6V",17 CONDO COOPS
us-nyc,United States,New York,USD,13559858.0,nan,2025-03-10,nyc_dof_rolling_sales,nan,,,,1955,,,17 CONDO COOPS,BEDFORD PARK/NORWOOD,"3130 GRAND CONCOURSE, 7A",17 CONDO COOPS
us-nyc,United States,New York,USD,13559858.0,nan,2025-03-10,nyc_dof_rolling_sales,nan,,,,1955,,,17 CONDO COOPS,BEDFORD PARK/NORWOOD,"3130 GRAND CONCOURSE, 7B",17 CONDO COOPS
us-nyc,United States,New York,USD,13559858.0,nan,2025-03-10,nyc_dof_rolling_sales,nan,,,,1955,,,17 CONDO COOPS,BEDFORD PARK/NORWOOD,"3130 GRAND CONCOURSE, 7C",17 CONDO COOPS
us-nyc,United States,New York,USD,13559858.0,nan,2025-03-10,nyc_dof_rolling_sales,nan,,,,1955,,,17 CONDO COOPS,BEDFORD PARK/NORWOOD,"3130 GRAND CONCOURSE, 7D",17 CONDO COOPS
us-nyc,United States,New York,USD,13559858.0,nan,2025-03-10,nyc_dof_rolling_sales,nan,,,,1955,,,17 CONDO COOPS,BEDFORD PARK/NORWOOD,"3130 GRAND CONCOURSE, 7E",17 CONDO COOPS
us-nyc,United States,New York,USD,13559858.0,nan,2025-03-10,nyc_dof_rolling_sales,nan,,,,1955,,,17 CONDO COOPS,BEDFORD PARK/NORWOOD,"3130 GRAND CONCOURSE, 7G",17 CONDO COOPS
us-nyc,United States,New York,USD,13559858.0,nan,2025-03-10,nyc_dof_rolling_sales,nan,,,,1955,,,17 CONDO COOPS,BEDFORD PARK/NORWOOD,"3130 GRAND CONCOURSE, 7J",17 CONDO COOPS
us-nyc,United States,New York,USD,13559858.0,nan,2025-03-10,nyc_dof_rolling_sales,nan,,,,1955,,,17 CONDO COOPS,BEDFORD PARK/NORWOOD,"3130 GRAND CONCOURSE, 7K",17 CONDO COOPS
us-nyc,United States,New York,USD,13559858.0,nan,2025-03-10,nyc_dof_rolling_sales,nan,,,,1955,,,17 CONDO COOPS,BEDFORD PARK/NORWOOD,"3130 GRAND CONCOURSE, 7L",17 CONDO COOPS
us-nyc,United States,New York,USD,13559858.0,nan,2025-03-10,nyc_dof_rolling_sales,nan,,,,1955,,,17 CONDO COOPS,BEDFORD PARK/NORWOOD,"3130 GRAND CONCOURSE, 7M",17 CONDO COOPS
us-nyc,United States,New York,USD,13559858.0,nan,2025-03-10,nyc_dof_rolling_sales,nan,,,,1955,,,17 CONDO COOPS,BEDFORD PARK/NORWOOD,"3130 GRAND CONCOURSE, 7N",17 CONDO COOPS
us-nyc,United States,New York,USD,13559858.0,nan,2025-03-10,nyc_dof_rolling_sales,nan,,,,1955,,,17 CONDO COOPS,BEDFORD PARK/NORWOOD,"3130 GRAND CONCOURSE, 7P",17 CONDO COOPS
us-nyc,United States,New York,USD,13559858.0,nan,2025-03-10,nyc_dof_rolling_sales,nan,,,,1955,,,17 CONDO COOPS,BEDFORD PARK/NORWOOD,"3130 GRAND CONCOURSE, 7S",17 CONDO COOPS
us-nyc,United States,New York,USD,13559858.0,nan,2025-03-10,nyc_dof_rolling_sales,nan,,,,1955,,,17 CONDO COOPS,BEDFORD PARK/NORWOOD,"3130 GRAND CONCOURSE, 7T",17 CONDO COOPS
us-nyc,United States,New York,USD,13559858.0,nan,2025-03-10,nyc_dof_rolling_sales,nan,,,,1955,,,17 CONDO COOPS,BEDFORD PARK/NORWOOD,"3130 GRAND CONCOURSE, 7V",17 CONDO COOPS
us-nyc,United States,New York,USD,1200000.0,274.899977,2025-12-19,nyc_dof_rolling_sales,274.899977,,,,1925,,,21 OFFICE BUILDINGS,BEDFORD PARK/NORWOOD,3307 BAINBRIDGE AVENUE,21 OFFICE BUILDINGS
us-nyc,United States,New York,USD,2000000.0,464.886612,2025-04-16,nyc_dof_rolling_sales,464.886612,,,,1914,,,22 STORE BUILDINGS,BEDFORD PARK/NORWOOD,2737-47 WEBSTER AVENUE,22 STORE BUILDINGS
us-nyc,United States,New York,USD,4200000.0,520.907121,2025-01-24,nyc_dof_rolling_sales,520.907121,,,,1931,,,22 STORE BUILDINGS,BEDFORD PARK/NORWOOD,101 EAST KINGSBRIDGE ROAD,22 STORE BUILDINGS
us-nyc,United States,New York,USD,4500000.0,929.03,2025-02-10,nyc_dof_rolling_sales,929.03,,,,1927,,,22 STORE BUILDINGS,BEDFORD PARK/NORWOOD,2748 JEROME AVENUE,22 STORE BUILDINGS
us-nyc,United States,New York,USD,4100000.0,427.3538,2025-09-29,nyc_dof_rolling_sales,427.3538,,,,1952,,,37 RELIGIOUS FACILITIES,BEDFORD PARK/NORWOOD,2868 JEROME AVENUE,37 RELIGIOUS FACILITIES
us-nyc,United States,New York,USD,850000.0,179.488596,2025-01-27,nyc_dof_rolling_sales,179.488596,,,,1920,,,01 ONE FAMILY DWELLINGS,BELMONT,2306 BELMONT AVENUE,01 ONE FAMILY DWELLINGS
us-nyc,United States,New York,USD,711000.0,200.11306199999999,2025-05-12,nyc_dof_rolling_sales,200.11306199999999,,,,1905,,,02 TWO FAMILY DWELLINGS,BELMONT,2427 LORILLARD PLACE,02 TWO FAMILY DWELLINGS
us-nyc,United States,New York,USD,850000.0,202.900152,2025-01-10,nyc_dof_rolling_sales,202.900152,,,,1901,,,02 TWO FAMILY DWELLINGS,BELMONT,2450 LORILLARD PLACE,02 TWO FAMILY DWELLINGS
us-nyc,United States,New York,USD,800000.0,243.034248,2025-11-18,nyc_dof_rolling_sales,243.034248,,,,1901,,,02 TWO FAMILY DWELLINGS,BELMONT,2452 LORILLARD PL,02 TWO FAMILY DWELLINGS
us-nyc,United States,New York,USD,810000.0,162.766056,2025-03-07,nyc_dof_rolling_sales,162.766056,,,,1899,,,02 TWO FAMILY DWELLINGS,BELMONT,2461 BELMONT AVE,02 TWO FAMILY DWELLINGS
us-nyc,United States,New York,USD,950000.0,249.537458,2025-02-07,nyc_dof_rolling_sales,249.537458,,,,1920,,,02 TWO FAMILY DWELLINGS,BELMONT,2304 BELMONT AVENUE,02 TWO FAMILY DWELLINGS
us-nyc,United States,New York,USD,1200000.0,190.265344,2025-06-16,nyc_dof_rolling_sales,190.265344,,,,1920,,,02 TWO FAMILY DWELLINGS,BELMONT,2316 BELMONT AVENUE,02 TWO FAMILY DWELLINGS
us-nyc,United States,New York,USD,690000.0,103.401039,2025-11-04,nyc_dof_rolling_sales,103.401039,,,,1930,,,02 TWO FAMILY DWELLINGS,BELMONT,2314 CAMBRELENG AVENUE,02 TWO FAMILY DWELLINGS
us-nyc,United States,New York,USD,999000.0,302.120556,2025-01-07,nyc_dof_rolling_sales,302.120556,,,,1910,,,02 TWO FAMILY DWELLINGS,BELMONT,2340 CROTONA AVENUE,02 TWO FAMILY DWELLINGS
us-nyc,United States,New York,USD,850000.0,320.51535,2025-04-01,nyc_dof_rolling_sales,320.51535,,,,2000,,,02 TWO FAMILY DWELLINGS,BELMONT,705 EAST 183 STREET,02 TWO FAMILY DWELLINGS
us-nyc,United States,New York,USD,990000.0,214.60593,2025-07-21,nyc_dof_rolling_sales,214.60593,,,,1910,,,02 TWO FAMILY DWELLINGS,BELMONT,2413 CROTONA AVENUE,02 TWO FAMILY DWELLINGS
us-nyc,United States,New York,USD,750000.0,222.03817,2025-11-19,nyc_dof_rolling_sales,222.03817,,,,1920,,,02 TWO FAMILY DWELLINGS,BELMONT,2304 PROSPECT AVENUE,02 TWO FAMILY DWELLINGS
us-nyc,United States,New York,USD,730000.0,195.09629999999999,2025-08-26,nyc_dof_rolling_sales,195.09629999999999,,,,1901,,,02 TWO FAMILY DWELLINGS,BELMONT,2419 SOUTHERN BOULEVARD,02 TWO FAMILY DWELLINGS
us-nyc,United States,New York,USD,1300000.0,214.60593,2025-03-12,nyc_dof_rolling_sales,214.60593,,,,1901,,,03 THREE FAMILY DWELLINGS,BELMONT,2359 LORILLARD PLACE,03 THREE FAMILY DWELLINGS
us-nyc,United States,New York,USD,890000.0,306.5799,2025-06-17,nyc_dof_rolling_sales,306.5799,,,,1931,,,03 THREE FAMILY DWELLINGS,BELMONT,519 E 187TH STREET,03 THREE FAMILY DWELLINGS
us-nyc,United States,New York,USD,1100000.0,306.5799,2025-01-30,nyc_dof_rolling_sales,306.5799,,,,1960,,,03 THREE FAMILY DWELLINGS,BELMONT,2508 HUGHES AVENUE,03 THREE FAMILY DWELLINGS
us-nyc,United States,New York,USD,1160000.0,208.474332,2025-10-30,nyc_dof_rolling_sales,208.474332,,,,1915,,,03 THREE FAMILY DWELLINGS,BELMONT,2503 BELMONT AVENUE,03 THREE FAMILY DWELLINGS
us-nyc,United States,New York,USD,1140000.0,183.94794,2025-10-30,nyc_dof_rolling_sales,183.94794,,,,1931,,,03 THREE FAMILY DWELLINGS,BELMONT,2501 BELMONT AVENUE,03 THREE FAMILY DWELLINGS
us-nyc,United States,New York,USD,1140000.0,166.667982,2025-10-30,nyc_dof_rolling_sales,166.667982,,,,1915,,,03 THREE FAMILY DWELLINGS,BELMONT,2499 BELMONT AVENUE,03 THREE FAMILY DWELLINGS
us-nyc,United States,New York,USD,1014170.0,331.849516,2025-07-23,nyc_dof_rolling_sales,331.849516,,,,1905,,,03 THREE FAMILY DWELLINGS,BELMONT,2260 HUGHES AVENUE,03 THREE FAMILY DWELLINGS
us-nyc,United States,New York,USD,880000.0,328.040493,2025-06-25,nyc_dof_rolling_sales,328.040493,,,,1930,,,03 THREE FAMILY DWELLINGS,BELMONT,2310 CAMBRELENG AVE,03 THREE FAMILY DWELLINGS
us-nyc,United States,New York,USD,825000.0,261.98646,2025-09-26,nyc_dof_rolling_sales,261.98646,,,,1997,,,03 THREE FAMILY DWELLINGS,BELMONT,718 GARDEN STREET,03 THREE FAMILY DWELLINGS
us-nyc,United States,New York,USD,1205000.0,380.15907599999997,2025-11-25,nyc_dof_rolling_sales,380.15907599999997,,,,1901,,,03 THREE FAMILY DWELLINGS,BELMONT,2362 CROTONA AVE,03 THREE FAMILY DWELLINGS
us-nyc,United States,New York,USD,875000.0,557.418,2025-06-05,nyc_dof_rolling_sales,557.418,,,,1922,,,07 RENTALS - WALKUP APARTMENTS,BELMONT,2438 HOFFMAN STREET,07 RENTALS - WALKUP APARTMENTS
us-nyc,United States,New York,USD,2700000.0,588.261796,2025-05-06,nyc_dof_rolling_sales,588.261796,,,,1910,,,07 RENTALS - WALKUP APARTMENTS,BELMONT,2486 HUGHES AVENUE,07 RENTALS - WALKUP APARTMENTS
us-nyc,United States,New York,USD,1050000.0,341.418525,2025-08-15,nyc_dof_rolling_sales,341.418525,,,,1931,,,07 RENTALS - WALKUP APARTMENTS,BELMONT,707 EAST 189TH STREET,07 RENTALS - WALKUP APARTMENTS
us-nyc,United States,New York,USD,1225000.0,518.39874,2025-04-03,nyc_dof_rolling_sales,518.39874,,,,1931,,,07 RENTALS - WALKUP APARTMENTS,BELMONT,2312 BEAUMONT AVENUE,07 RENTALS - WALKUP APARTMENTS
us-nyc,United States,New York,USD,1130000.0,1090.030899,2025-02-13,nyc_dof_rolling_sales,1090.030899,,,,1912,,,07 RENTALS - WALKUP APARTMENTS,BELMONT,2418 BEAUMONT AVENUE,07 RENTALS - WALKUP APARTMENTS
us-nyc,United States,New York,USD,1200000.0,219.25108,2025-10-03,nyc_dof_rolling_sales,219.25108,,,,1994,,,21 OFFICE BUILDINGS,BELMONT,2466 ARTHUR AVENUE,21 OFFICE BUILDINGS
us-nyc,United States,New York,USD,4000000.0,765.52072,2025-01-23,nyc_dof_rolling_sales,765.52072,,,,1931,,,22 STORE BUILDINGS,BELMONT,528 EAST FORDHAM ROAD,22 STORE BUILDINGS
us-nyc,United States,New York,USD,21250000.0,696.7725,2025-04-16,nyc_dof_rolling_sales,696.7725,,,,1920,,,22 STORE BUILDINGS,BELMONT,2768 WEBSTER AVENUE,22 STORE BUILDINGS
us-nyc,United States,New York,USD,6000000.0,1858.06,2025-05-29,nyc_dof_rolling_sales,1858.06,,,,1959,,,26 OTHER HOTELS,BELMONT,2500 CROTONA AVENUE,26 OTHER HOTELS
us-nyc,United States,New York,USD,1350000.0,464.515,2025-12-05,nyc_dof_rolling_sales,464.515,,,,1931,,,27 FACTORIES,BELMONT,2369 LORILLARD PLACE,27 FACTORIES
us-nyc,United States,New York,USD,2000000.0,200.67048,2025-03-12,nyc_dof_rolling_sales,200.67048,,,,1931,,,29 COMMERCIAL GARAGES,BELMONT,2351 LORILLARD,29 COMMERCIAL GARAGES
us-nyc,United States,New York,USD,1750000.0,334.4508,2025-08-21,nyc_dof_rolling_sales,334.4508,,,,1931,,,30 WAREHOUSES,BELMONT,4574 3RD AVENUE,30 WAREHOUSES
us-nyc,United States,New York,USD,850000.0,244.520696,2025-09-19,nyc_dof_rolling_sales,244.520696,,,,1925,,,02 TWO FAMILY DWELLINGS,BRONX PARK,3124 WEBSTER AVENUE,02 TWO FAMILY DWELLINGS
us-nyc,United States,New York,USD,575000.0,246.19295,2025-04-28,nyc_dof_rolling_sales,246.19295,,,,1974,,,22 STORE BUILDINGS,BRONX PARK,3478 WEBSTER AVE,22 STORE BUILDINGS
us-nyc,United States,New York,USD,737500.0,210.14658599999999,2025-06-05,nyc_dof_rolling_sales,210.14658599999999,,,,1931,,,01 ONE FAMILY DWELLINGS,BRONXDALE,731 ALLERTON AVENUE,01 ONE FAMILY DWELLINGS
us-nyc,United States,New York,USD,313500.0,141.584172,2025-10-14,nyc_dof_rolling_sales,141.584172,,,,1925,,,01 ONE FAMILY DWELLINGS,BRONXDALE,2712 HOLLAND AVENUE,01 ONE FAMILY DWELLINGS
us-nyc,United States,New York,USD,850000.0,141.584172,2025-12-09,nyc_dof_rolling_sales,141.584172,,,,1925,,,01 ONE FAMILY DWELLINGS,BRONXDALE,2718 HOLLAND AVENUE,01 ONE FAMILY DWELLINGS
us-nyc,United States,New York,USD,795000.0,180.696335,2025-10-23,nyc_dof_rolling_sales,180.696335,,,,1965,,,01 ONE FAMILY DWELLINGS,BRONXDALE,2731 LACONIA AVENUE,01 ONE FAMILY DWELLINGS
us-nyc,United States,New York,USD,670000.0,118.91584,2025-07-25,nyc_dof_rolling_sales,118.91584,,,,1960,,,01 ONE FAMILY DWELLINGS,BRONXDALE,2721 YATES AVENUE,01 ONE FAMILY DWELLINGS
us-nyc,United States,New York,USD,720000.0,167.132497,2025-06-26,nyc_dof_rolling_sales,167.132497,,,,1935,,,01 ONE FAMILY DWELLINGS,BRONXDALE,2759 TENBROECK AVENUE,01 ONE FAMILY DWELLINGS
us-nyc,United States,New York,USD,625000.0,101.078464,2025-08-20,nyc_dof_rolling_sales,101.078464,,,,1950,,,01 ONE FAMILY DWELLINGS,BRONXDALE,2737 TENBROECK AVENUE,01 ONE FAMILY DWELLINGS
us-nyc,United States,New York,USD,721707.0,198.81242,2025-09-29,nyc_dof_rolling_sales,198.81242,,,,1925,,,01 ONE FAMILY DWELLINGS,BRONXDALE,2738 TENBROECK AVENUE,01 ONE FAMILY DWELLINGS
us-nyc,United States,New York,USD,600000.0,130.435812,2025-05-19,nyc_dof_rolling_sales,130.435812,,,,1920,,,01 ONE FAMILY DWELLINGS,BRONXDALE,1224 ARNOW AVENUE,01 ONE FAMILY DWELLINGS
us-nyc,United States,New York,USD,450000.0,126.719692,2025-03-25,nyc_dof_rolling_sales,126.719692,,,,1940,,,01 ONE FAMILY DWELLINGS,BRONXDALE,2742 PEARSALL AVENUE,01 ONE FAMILY DWELLINGS
us-nyc,United States,New York,USD,544950.0,107.024256,2025-11-13,nyc_dof_rolling_sales,107.024256,,,,1950,,,01 ONE FAMILY DWELLINGS,BRONXDALE,2729 YOUNG AVE,01 ONE FAMILY DWELLINGS
us-nyc,United States,New York,USD,1212000.0,280.56706,2025-05-30,nyc_dof_rolling_sales,280.56706,,,,1965,,,01 ONE FAMILY DWELLINGS,BRONXDALE,2763 FISH AVENUE,01 ONE FAMILY DWELLINGS
us-nyc,United States,New York,USD,685000.0,92.159776,2025-08-26,nyc_dof_rolling_sales,92.159776,,,,1955,,,01 ONE FAMILY DWELLINGS,BRONXDALE,2715 SEYMOUR AVE,01 ONE FAMILY DWELLINGS
us-nyc,United States,New York,USD,780000.0,184.133746,2025-02-18,nyc_dof_rolling_sales,184.133746,,,,1920,,,01 ONE FAMILY DWELLINGS,BRONXDALE,2752 FENTON AVENUE,01 ONE FAMILY DWELLINGS
us-nyc,United States,New York,USD,1.0,226.869126,2025-03-24,nyc_dof_rolling_sales,226.869126,,,,1940,,,01 ONE FAMILY DWELLINGS,BRONXDALE,1516 BANTAM PLACE,01 ONE FAMILY DWELLINGS
us-nyc,United States,New York,USD,467250.0,201.413704,2025-03-19,nyc_dof_rolling_sales,201.413704,,,,1930,,,01 ONE FAMILY DWELLINGS,BRONXDALE,2742 WOODHULL AVENUE,01 ONE FAMILY DWELLINGS
us-nyc,United States,New York,USD,499000.0,76.18046,2025-03-12,nyc_dof_rolling_sales,76.18046,,,,1920,,,01 ONE FAMILY DWELLINGS,BRONXDALE,1663 ALLERTON AVE,01 ONE FAMILY DWELLINGS
us-nyc,United States,New York,USD,587000.0,76.18046,2025-10-08,nyc_dof_rolling_sales,76.18046,,,,1920,,,01 ONE FAMILY DWELLINGS,BRONXDALE,1663 ALLERTON AVENUE,01 ONE FAMILY DWELLINGS
us-nyc,United States,New York,USD,350000.0,100.33524,2025-10-20,nyc_dof_rolling_sales,100.33524,,,,1930,,,01 ONE FAMILY DWELLINGS,BRONXDALE,3024 BRONX PARK EAST,01 ONE FAMILY DWELLINGS
us-nyc,United States,New York,USD,452000.0,104.98039,2025-02-10,nyc_dof_rolling_sales,104.98039,,,,1930,,,01 ONE FAMILY DWELLINGS,BRONXDALE,3026 BRONX PARK EAST,01 ONE FAMILY DWELLINGS
us-nyc,United States,New York,USD,600000.0,167.318303,2025-04-01,nyc_dof_rolling_sales,167.318303,,,,1930,,,01 ONE FAMILY DWELLINGS,BRONXDALE,3030 BRONX PARK EAST,01 ONE FAMILY DWELLINGS
us-nyc,United States,New York,USD,1990000.0,206.802078,2025-07-31,nyc_dof_rolling_sales,206.802078,,,,1920,,,01 ONE FAMILY DWELLINGS,BRONXDALE,2960 CRUGER AVENUE,01 ONE FAMILY DWELLINGS
us-nyc,United States,New York,USD,615000.0,153.011241,2025-05-15,nyc_dof_rolling_sales,153.011241,,,,1935,,,01 ONE FAMILY DWELLINGS,BRONXDALE,2994 HOLLAND AVENUE,01 ONE FAMILY DWELLINGS
us-nyc,United States,New York,USD,790000.0,107.024256,2025-09-10,nyc_dof_rolling_sales,107.024256,,,,1950,,,01 ONE FAMILY DWELLINGS,BRONXDALE,2946 LURTING AVENUE,01 ONE FAMILY DWELLINGS
us-nyc,United States,New York,USD,10.0,30.007669,2025-11-17,nyc_dof_rolling_sales,30.007669,,,,1940,,,01 ONE FAMILY DWELLINGS,BRONXDALE,2912 LACONIA AVENUE,01 ONE FAMILY DWELLINGS
us-nyc,United States,New York,USD,275000.0,153.568659,2025-08-08,nyc_dof_rolling_sales,153.568659,,,,1910,,,01 ONE FAMILY DWELLINGS,BRONXDALE,2931 YATES AVE,01 ONE FAMILY DWELLINGS
us-nyc,United States,New York,USD,275000.0,89.18688,2025-08-08,nyc_dof_rolling_sales,89.18688,,,,1910,,,01 ONE FAMILY DWELLINGS,BRONXDALE,2929 YATES AVE,01 ONE FAMILY DWELLINGS
us-nyc,United States,New York,USD,775000.0,118.91584,2025-06-26,nyc_dof_rolling_sales,118.91584,,,,1955,,,01 ONE FAMILY DWELLINGS,BRONXDALE,2904 YATES AVENUE,01 ONE FAMILY DWELLINGS
us-nyc,United States,New York,USD,520000.0,133.78032,2025-02-12,nyc_dof_rolling_sales,133.78032,,,,1950,,,01 ONE FAMILY DWELLINGS,BRONXDALE,1168 ADEE AVE,01 ONE FAMILY DWELLINGS
us-nyc,United States,New York,USD,619000.0,104.515875,2025-02-13,nyc_dof_rolling_sales,104.515875,,,,1935,,,01 ONE FAMILY DWELLINGS,BRONXDALE,1221 ARNOW AVENUE,01 ONE FAMILY DWELLINGS
us-nyc,United States,New York,USD,570000.0,160.536384,2025-05-02,nyc_dof_rolling_sales,160.536384,,,,1950,,,01 ONE FAMILY DWELLINGS,BRONXDALE,2953 PEARSALL AVENUE,01 ONE FAMILY DWELLINGS
us-nyc,United States,New York,USD,580000.0,119.751967,2025-10-28,nyc_dof_rolling_sales,119.751967,,,,1945,,,01 ONE FAMILY DWELLINGS,BRONXDALE,2923 BOUCK AVE,01 ONE FAMILY DWELLINGS
us-nyc,United States,New York,USD,565000.0,124.118408,2025-04-21,nyc_dof_rolling_sales,124.118408,,,,1950,,,01 ONE FAMILY DWELLINGS,BRONXDALE,2899 DEWITT PLACE,01 ONE FAMILY DWELLINGS
us-nyc,United States,New York,USD,100670.0,148.6448,2025-07-28,nyc_dof_rolling_sales,148.6448,,,,1950,,,01 ONE FAMILY DWELLINGS,BRONXDALE,3042 RADCLIFF AVENUE,01 ONE FAMILY DWELLINGS
us-nyc,United States,New York,USD,757050.0,155.984137,2025-10-16,nyc_dof_rolling_sales,155.984137,,,,1965,,,01 ONE FAMILY DWELLINGS,BRONXDALE,1103 ADEE AVENUE,01 ONE FAMILY DWELLINGS
us-nyc,United States,New York,USD,10.0,195.09629999999999,2025-10-06,nyc_dof_rolling_sales,195.09629999999999,,,,1965,,,01 ONE FAMILY DWELLINGS,BRONXDALE,774 BARTHOLDI STREET,01 ONE FAMILY DWELLINGS
us-nyc,United States,New York,USD,560000.0,182.833104,2025-12-22,nyc_dof_rolling_sales,182.833104,,,,1950,,,01 ONE FAMILY DWELLINGS,BRONXDALE,651 ROSEWOOD STREET,01 ONE FAMILY DWELLINGS
us-nyc,United States,New York,USD,620000.0,169.826684,2025-02-04,nyc_dof_rolling_sales,169.826684,,,,1940,,,01 ONE FAMILY DWELLINGS,BRONXDALE,3424 BARKER AVENUE,01 ONE FAMILY DWELLINGS
us-nyc,United States,New York,USD,707000.0,150.50286,2025-09-26,nyc_dof_rolling_sales,150.50286,,,,1935,,,01 ONE FAMILY DWELLINGS,BRONXDALE,942 MAGENTA STREET,01 ONE FAMILY DWELLINGS
us-nyc,United States,New York,USD,1.0,146.322225,2025-07-09,nyc_dof_rolling_sales,146.322225,,,,1950,,,01 ONE FAMILY DWELLINGS,BRONXDALE,3310 PAULDING,01 ONE FAMILY DWELLINGS
us-nyc,United States,New York,USD,725000.0,150.50286,2025-10-29,nyc_dof_rolling_sales,150.50286,,,,1945,,,01 ONE FAMILY DWELLINGS,BRONXDALE,3317 HONE AVE,01 ONE FAMILY DWELLINGS
us-nyc,United States,New York,USD,400000.0,171.963453,2025-02-07,nyc_dof_rolling_sales,171.963453,,,,1901,,,01 ONE FAMILY DWELLINGS,BRONXDALE,1148 EAST 211 STREET,01 ONE FAMILY DWELLINGS
us-nyc,United States,New York,USD,875000.0,230.39944,2025-03-19,nyc_dof_rolling_sales,230.39944,,,,1950,,,02 TWO FAMILY DWELLINGS,BRONXDALE,2537 CRUGER AVENUE,02 TWO FAMILY DWELLINGS
us-nyc,United States,New York,USD,800000.0,227.61235,2025-05-20,nyc_dof_rolling_sales,227.61235,,,,1925,,,02 TWO FAMILY DWELLINGS,BRONXDALE,2763 CRUGER AVENUE,02 TWO FAMILY DWELLINGS
us-nyc,United States,New York,USD,780000.0,141.584172,2025-11-06,nyc_dof_rolling_sales,141.584172,,,,1925,,,02 TWO FAMILY DWELLINGS,BRONXDALE,2748 HOLLAND AVENUE,02 TWO FAMILY DWELLINGS
us-nyc,United States,New York,USD,900000.0,254.55422,2025-11-12,nyc_dof_rolling_sales,254.55422,,,,1925,,,02 TWO FAMILY DWELLINGS,BRONXDALE,2724 WALLACE AVENUE,02 TWO FAMILY DWELLINGS
us-nyc,United States,New York,USD,999999.0,310.760535,2025-04-28,nyc_dof_rolling_sales,310.760535,,,,1925,,,02 TWO FAMILY DWELLINGS,BRONXDALE,2748 WALLACE AVENUE,02 TWO FAMILY DWELLINGS
us-nyc,United States,New York,USD,875000.0,315.8702,2025-01-08,nyc_dof_rolling_sales,315.8702,,,,1925,,,02 TWO FAMILY DWELLINGS,BRONXDALE,2750 WALLACE AVE,02 TWO FAMILY DWELLINGS
us-nyc,United States,New York,USD,950000.0,278.987709,2025-10-08,nyc_dof_rolling_sales,278.987709,,,,1960,,,02 TWO FAMILY DWELLINGS,BRONXDALE,2722 BARNES AVE,02 TWO FAMILY DWELLINGS
us-nyc,United States,New York,USD,620000.0,188.964702,2025-12-12,nyc_dof_rolling_sales,188.964702,,,,1960,,,02 TWO FAMILY DWELLINGS,BRONXDALE,2728 HONE AVENUE,02 TWO FAMILY DWELLINGS
us-nyc,United States,New York,USD,775000.0,174.286028,2025-05-22,nyc_dof_rolling_sales,174.286028,,,,1950,,,02 TWO FAMILY DWELLINGS,BRONXDALE,2722 LURTING AVE,02 TWO FAMILY DWELLINGS
us-nyc,United States,New York,USD,1100000.0,246.750368,2025-07-16,nyc_dof_rolling_sales,246.750368,,,,1955,,,02 TWO FAMILY DWELLINGS,BRONXDALE,1086 ARNOW AVE,02 TWO FAMILY DWELLINGS
us-nyc,United States,New York,USD,895000.0,227.054932,2025-09-23,nyc_dof_rolling_sales,227.054932,,,,1940,,,02 TWO FAMILY DWELLINGS,BRONXDALE,2720 LACONIA AVENUE,02 TWO FAMILY DWELLINGS
us-nyc,United States,New York,USD,500.0,209.496265,2025-11-26,nyc_dof_rolling_sales,209.496265,,,,1920,,,02 TWO FAMILY DWELLINGS,BRONXDALE,2724 YATES AVENUE,02 TWO FAMILY DWELLINGS
us-nyc,United States,New York,USD,500000.0,184.87697,2025-06-12,nyc_dof_rolling_sales,184.87697,,,,1950,,,02 TWO FAMILY DWELLINGS,BRONXDALE,2709 TENBROECK AVENUE,02 TWO FAMILY DWELLINGS
us-nyc,United States,New York,USD,870000.0,177.630536,2025-03-28,nyc_dof_rolling_sales,177.630536,,,,1950,,,02 TWO FAMILY DWELLINGS,BRONXDALE,2752 PEARSALL AVENUE,02 TWO FAMILY DWELLINGS
us-nyc,United States,New York,USD,510000.0,177.816342,2025-08-13,nyc_dof_rolling_sales,177.816342,,,,1960,,,02 TWO FAMILY DWELLINGS,BRONXDALE,2737 THROOP AVENUE,02 TWO FAMILY DWELLINGS
us-nyc,United States,New York,USD,325000.0,150.967375,2025-05-01,nyc_dof_rolling_sales,150.967375,,,,1950,,,02 TWO FAMILY DWELLINGS,BRONXDALE,2713 THROOP AVENUE,02 TWO FAMILY DWELLINGS
us-nyc,United States,New York,USD,858224.0,142.699008,2025-07-09,nyc_dof_rolling_sales,142.699008,,,,1950,,,02 TWO FAMILY DWELLINGS,BRONXDALE,2716 YOUNG AVENUE,02 TWO FAMILY DWELLINGS
us-nyc,United States,New York,USD,725000.0,192.30921,2025-02-06,nyc_dof_rolling_sales,192.30921,,,,1950,,,02 TWO FAMILY DWELLINGS,BRONXDALE,2721 FISH AVENUE,02 TWO FAMILY DWELLINGS
us-nyc,United States,New York,USD,202800.0,187.75696299999998,2025-09-29,nyc_dof_rolling_sales,187.75696299999998,,,,1940,,,02 TWO FAMILY DWELLINGS,BRONXDALE,2753 MORGAN AVENUE,02 TWO FAMILY DWELLINGS
us-nyc,United States,New York,USD,665000.0,173.078289,2025-06-25,nyc_dof_rolling_sales,173.078289,,,,1945,,,02 TWO FAMILY DWELLINGS,BRONXDALE,1462 ARNOW AVENUE,02 TWO FAMILY DWELLINGS
us-nyc,United States,New York,USD,918000.0,245.26391999999998,2025-07-24,nyc_dof_rolling_sales,245.26391999999998,,,,1950,,,02 TWO FAMILY DWELLINGS,BRONXDALE,2737 WOODHULL,02 TWO FAMILY DWELLINGS
us-nyc,United States,New York,USD,1825000.0,278.709,2025-09-24,nyc_dof_rolling_sales,278.709,,,,1930,,,02 TWO FAMILY DWELLINGS,BRONXDALE,3009 BARKER AVENUE,02 TWO FAMILY DWELLINGS
us-nyc,United States,New York,USD,620000.0,240.711673,2025-12-08,nyc_dof_rolling_sales,240.711673,,,,1930,,,02 TWO FAMILY DWELLINGS,BRONXDALE,655 ADEE AVENUE,02 TWO FAMILY DWELLINGS
us-nyc,United States,New York,USD,450000.0,202.52854,2025-11-14,nyc_dof_rolling_sales,202.52854,,,,1925,,,02 TWO FAMILY DWELLINGS,BRONXDALE,660 LESTER STREET,02 TWO FAMILY DWELLINGS
us-nyc,United States,New York,USD,530000.0,176.5157,2025-08-11,nyc_dof_rolling_sales,176.5157,,,,1925,,,02 TWO FAMILY DWELLINGS,BRONXDALE,658 BURKE AVENUE,02 TWO FAMILY DWELLINGS
us-nyc,United States,New York,USD,885100.0,271.741275,2025-04-07,nyc_dof_rolling_sales,271.741275,,,,1925,,,02 TWO FAMILY DWELLINGS,BRONXDALE,662 BURKE AVENUE,02 TWO FAMILY DWELLINGS
us-nyc,United States,New York,USD,995000.0,301.656041,2025-06-16,nyc_dof_rolling_sales,301.656041,,,,1930,,,02 TWO FAMILY DWELLINGS,BRONXDALE,2934 WALLACE AVENUE,02 TWO FAMILY DWELLINGS
us-nyc,United States,New York,USD,797000.0,137.124828,2025-01-21,nyc_dof_rolling_sales,137.124828,,,,1930,,,02 TWO FAMILY DWELLINGS,BRONXDALE,776 ADEE AVENUE,02 TWO FAMILY DWELLINGS
us-nyc,United States,New York,USD,581012.0,195.09629999999999,2025-10-24,nyc_dof_rolling_sales,195.09629999999999,,,,1970,,,02 TWO FAMILY DWELLINGS,BRONXDALE,2964 RADCLIFF AVENUE,02 TWO FAMILY DWELLINGS
us-nyc,United States,New York,USD,650000.0,175.58667,2025-09-05,nyc_dof_rolling_sales,175.58667,,,,1950,,,02 TWO FAMILY DWELLINGS,BRONXDALE,2959 LACONIA AVENUE,02 TWO FAMILY DWELLINGS
us-nyc,United States,New York,USD,650000.0,138.889985,2025-05-16,nyc_dof_rolling_sales,138.889985,,,,1960,,,02 TWO FAMILY DWELLINGS,BRONXDALE,2945 YATES AVENUE,02 TWO FAMILY DWELLINGS
us-nyc,United States,New York,USD,560038.0,138.889985,2025-03-24,nyc_dof_rolling_sales,138.889985,,,,1960,,,02 TWO FAMILY DWELLINGS,BRONXDALE,2943 YATES AVENUE,02 TWO FAMILY DWELLINGS
us-nyc,United States,New York,USD,800000.0,157.749294,2025-07-24,nyc_dof_rolling_sales,157.749294,,,,1950,,,02 TWO FAMILY DWELLINGS,BRONXDALE,1136 ADEE AVENUE,02 TWO FAMILY DWELLINGS
us-nyc,United States,New York,USD,815000.0,196.02533,2025-07-10,nyc_dof_rolling_sales,196.02533,,,,1945,,,02 TWO FAMILY DWELLINGS,BRONXDALE,2927 THROOP AVENUE,02 TWO FAMILY DWELLINGS
us-nyc,United States,New York,USD,800000.0,183.576328,2025-06-17,nyc_dof_rolling_sales,183.576328,,,,1940,,,02 TWO FAMILY DWELLINGS,BRONXDALE,2924 SEYMOUR AVENUE,02 TWO FAMILY DWELLINGS
us-nyc,United States,New York,USD,690000.0,150.874472,2025-12-19,nyc_dof_rolling_sales,150.874472,,,,1940,,,02 TWO FAMILY DWELLINGS,BRONXDALE,2938 MORGAN AVENUE,02 TWO FAMILY DWELLINGS
us-nyc,United States,New York,USD,650000.0,462.65694,2025-05-13,nyc_dof_rolling_sales,462.65694,,,,1955,,,02 TWO FAMILY DWELLINGS,BRONXDALE,3028 BARNES AVENUE,02 TWO FAMILY DWELLINGS
us-nyc,United States,New York,USD,999000.0,283.911568,2025-07-22,nyc_dof_rolling_sales,283.911568,,,,1950,,,02 TWO FAMILY DWELLINGS,BRONXDALE,3031 PAULDING AVENUE,02 TWO FAMILY DWELLINGS
us-nyc,United States,New York,USD,999900.0,269.232894,2025-09-19,nyc_dof_rolling_sales,269.232894,,,,2016,,,02 TWO FAMILY DWELLINGS,BRONXDALE,1107 ADEE AVENUE,02 TWO FAMILY DWELLINGS
us-nyc,United States,New York,USD,10.0,185.06277599999999,2025-07-14,nyc_dof_rolling_sales,185.06277599999999,,,,1925,,,02 TWO FAMILY DWELLINGS,BRONXDALE,3208 OLINVILLE AVENUE,02 TWO FAMILY DWELLINGS
us-nyc,United States,New York,USD,920000.0,218.136244,2025-11-10,nyc_dof_rolling_sales,218.136244,,,,1920,,,02 TWO FAMILY DWELLINGS,BRONXDALE,3300 HOLLAND AVENUE,02 TWO FAMILY DWELLINGS
us-nyc,United States,New York,USD,866250.0,230.492343,2025-12-03,nyc_dof_rolling_sales,230.492343,,,,1901,,,02 TWO FAMILY DWELLINGS,BRONXDALE,820 SOUTH OAK DRIVE,02 TWO FAMILY DWELLINGS
us-nyc,United States,New York,USD,255000.0,169.547975,2025-06-27,nyc_dof_rolling_sales,169.547975,,,,1945,,,02 TWO FAMILY DWELLINGS,BRONXDALE,3210 PAULDING AVENUE,02 TWO FAMILY DWELLINGS
us-nyc,United States,New York,USD,850000.0,169.547975,2025-09-29,nyc_dof_rolling_sales,169.547975,,,,1945,,,02 TWO FAMILY DWELLINGS,BRONXDALE,3210 PAULDING AVENUE,02 TWO FAMILY DWELLINGS
us-nyc,United States,New York,USD,825000.0,196.95436,2025-05-23,nyc_dof_rolling_sales,196.95436,,,,1945,,,02 TWO FAMILY DWELLINGS,BRONXDALE,3212 PAULDING AVENUE,02 TWO FAMILY DWELLINGS
us-nyc,United States,New York,USD,825000.0,172.985386,2025-09-26,nyc_dof_rolling_sales,172.985386,,,,1955,,,02 TWO FAMILY DWELLINGS,BRONXDALE,1059 BURKE AVENUE,02 TWO FAMILY DWELLINGS
us-nyc,United States,New York,USD,885000.0,273.878044,2025-05-22,nyc_dof_rolling_sales,273.878044,,,,1955,,,02 TWO FAMILY DWELLINGS,BRONXDALE,1060 DUNCAN STREET,02 TWO FAMILY DWELLINGS
us-nyc,United States,New York,USD,680000.0,255.48325,2025-04-04,nyc_dof_rolling_sales,255.48325,,,,1960,,,02 TWO FAMILY DWELLINGS,BRONXDALE,3207 HERING AVENUE,02 TWO FAMILY DWELLINGS
us-nyc,United States,New York,USD,745000.0,161.744123,2025-08-07,nyc_dof_rolling_sales,161.744123,,,,1955,,,02 TWO FAMILY DWELLINGS,BRONXDALE,3217 TENBROECK AVE,02 TWO FAMILY DWELLINGS
us-nyc,United States,New York,USD,775000.0,150.50286,2025-08-15,nyc_dof_rolling_sales,150.50286,,,,1950,,,02 TWO FAMILY DWELLINGS,BRONXDALE,3234 TENBROECK AVENUE,02 TWO FAMILY DWELLINGS
us-nyc,United States,New York,USD,660000.0,198.998226,2025-03-07,nyc_dof_rolling_sales,198.998226,,,,1925,,,02 TWO FAMILY DWELLINGS,BRONXDALE,3217 THROOP AVE,02 TWO FAMILY DWELLINGS
us-nyc,United States,New York,USD,870000.0,191.38018,2025-10-22,nyc_dof_rolling_sales,191.38018,,,,1910,,,02 TWO FAMILY DWELLINGS,BRONXDALE,3320 BARKER AVENUE,02 TWO FAMILY DWELLINGS
us-nyc,United States,New York,USD,725000.0,215.53496,2025-03-26,nyc_dof_rolling_sales,215.53496,,,,1920,,,02 TWO FAMILY DWELLINGS,BRONXDALE,3361 CRUGER AVENUE,02 TWO FAMILY DWELLINGS
us-nyc,United States,New York,USD,137519.0,165.553146,2025-07-14,nyc_dof_rolling_sales,165.553146,,,,1940,,,02 TWO FAMILY DWELLINGS,BRONXDALE,3321 COLDEN AVENUE,02 TWO FAMILY DWELLINGS
us-nyc,United States,New York,USD,59718.0,222.781394,2025-08-04,nyc_dof_rolling_sales,222.781394,,,,1945,,,02 TWO FAMILY DWELLINGS,BRONXDALE,3316 LURTING AVENUE,02 TWO FAMILY DWELLINGS
us-nyc,United States,New York,USD,1.0,260.1284,2025-06-24,nyc_dof_rolling_sales,260.1284,,,,1965,,,03 THREE FAMILY DWELLINGS,BRONXDALE,2820 OLINVILLE AVENUE,03 THREE FAMILY DWELLINGS
us-nyc,United States,New York,USD,600000.0,337.23789,2025-05-19,nyc_dof_rolling_sales,337.23789,,,,1996,,,03 THREE FAMILY DWELLINGS,BRONXDALE,2795 PEARSALL AVENUE,03 THREE FAMILY DWELLINGS
us-nyc,United States,New York,USD,949999.0,225.75429,2025-02-03,nyc_dof_rolling_sales,225.75429,,,,1930,,,03 THREE FAMILY DWELLINGS,BRONXDALE,606 BURKE AVENUE,03 THREE FAMILY DWELLINGS
us-nyc,United States,New York,USD,425000.0,139.3545,2025-04-10,nyc_dof_rolling_sales,139.3545,,,,1915,,,03 THREE FAMILY DWELLINGS,BRONXDALE,2945 TENBROECK AVENUE,03 THREE FAMILY DWELLINGS
us-nyc,United States,New York,USD,1225000.0,290.600584,2025-07-18,nyc_dof_rolling_sales,290.600584,,,,1940,,,03 THREE FAMILY DWELLINGS,BRONXDALE,2910 TENBROECK AVENUE,03 THREE FAMILY DWELLINGS
us-nyc,United States,New York,USD,950000.0,248.236816,2025-07-08,nyc_dof_rolling_sales,248.236816,,,,1925,,,03 THREE FAMILY DWELLINGS,BRONXDALE,736 BARTHOLDI STREET,03 THREE FAMILY DWELLINGS
us-nyc,United States,New York,USD,915000.0,354.053333,2025-10-31,nyc_dof_rolling_sales,354.053333,,,,1925,,,03 THREE FAMILY DWELLINGS,BRONXDALE,638 MAGENTA STREET,03 THREE FAMILY DWELLINGS
us-nyc,United States,New York,USD,980000.0,212.562064,2025-12-04,nyc_dof_rolling_sales,212.562064,,,,1920,,,03 THREE FAMILY DWELLINGS,BRONXDALE,795 BARTHOLDI STREET,03 THREE FAMILY DWELLINGS
us-nyc,United States,New York,USD,715000.0,222.781394,2025-05-08,nyc_dof_rolling_sales,222.781394,,,,1945,,,03 THREE FAMILY DWELLINGS,BRONXDALE,3312 LURTING AVENUE,03 THREE FAMILY DWELLINGS
us-nyc,United States,New York,USD,4100000.0,2949.763153,2025-01-29,nyc_dof_rolling_sales,2949.763153,,,,1927,,,07 RENTALS - WALKUP APARTMENTS,BRONXDALE,2504 OLINVILLE AVE,07 RENTALS - WALKUP APARTMENTS
us-nyc,United States,New York,USD,3600000.0,4533.6664,2025-04-10,nyc_dof_rolling_sales,4533.6664,,,,1928,,,07 RENTALS - WALKUP APARTMENTS,BRONXDALE,2756-2758 CRUGER AVENUE,07 RENTALS - WALKUP APARTMENTS
us-nyc,United States,New York,USD,999000.0,227.426544,2025-06-20,nyc_dof_rolling_sales,227.426544,,,,2012,,,07 RENTALS - WALKUP APARTMENTS,BRONXDALE,2913B CRUGER AVE,07 RENTALS - WALKUP APARTMENTS
us-nyc,United States,New York,USD,999000.0,323.30244,2025-06-20,nyc_dof_rolling_sales,323.30244,,,,2012,,,07 RENTALS - WALKUP APARTMENTS,BRONXDALE,2913A CRUGER AVE,07 RENTALS - WALKUP APARTMENTS
us-nyc,United States,New York,USD,717000.0,343.7411,2025-08-05,nyc_dof_rolling_sales,343.7411,,,,1937,,,07 RENTALS - WALKUP APARTMENTS,BRONXDALE,2910 FENTON AVENUE,07 RENTALS - WALKUP APARTMENTS
us-nyc,United States,New York,USD,1225000.0,298.590242,2025-09-29,nyc_dof_rolling_sales,298.590242,,,,1931,,,07 RENTALS - WALKUP APARTMENTS,BRONXDALE,3002 BARNES AVENUE,07 RENTALS - WALKUP APARTMENTS
us-nyc,United States,New York,USD,900000.0,327.01856,2025-04-28,nyc_dof_rolling_sales,327.01856,,,,1931,,,07 RENTALS - WALKUP APARTMENTS,BRONXDALE,3011 MATTHEWS AVENUE,07 RENTALS - WALKUP APARTMENTS
us-nyc,United States,New York,USD,880000.0,469.903374,2025-07-23,nyc_dof_rolling_sales,469.903374,,,,1929,,,07 RENTALS - WALKUP APARTMENTS,BRONXDALE,3018 PAULDING AVENUE,07 RENTALS - WALKUP APARTMENTS
us-nyc,United States,New York,USD,500000.0,260.1284,2025-07-17,nyc_dof_rolling_sales,260.1284,,,,1931,,,07 RENTALS - WALKUP APARTMENTS,BRONXDALE,2999 WILSON AVENUE,07 RENTALS - WALKUP APARTMENTS
us-nyc,United States,New York,USD,110000.0,nan,2025-12-17,nyc_dof_rolling_sales,nan,,,,1927,,,09 COOPS - WALKUP APARTMENTS,BRONXDALE,"829 ADEE AVE, 5N",09 COOPS - WALKUP APARTMENTS
us-nyc,United States,New York,USD,92500.0,nan,2025-12-19,nyc_dof_rolling_sales,nan,,,,1927,,,09 COOPS - WALKUP APARTMENTS,BRONXDALE,"829 ADEE AVENUE, 3N",09 COOPS - WALKUP APARTMENTS
us-nyc,United States,New York,USD,200000.0,nan,2025-10-23,nyc_dof_rolling_sales,nan,,,,1937,,,10 COOPS - ELEVATOR APARTMENTS,BRONXDALE,"601 PELHAM PARKWAY NORTH, 415",10 COOPS - ELEVATOR APARTMENTS
us-nyc,United States,New York,USD,239000.0,nan,2025-12-02,nyc_dof_rolling_sales,nan,,,,1937,,,10 COOPS - ELEVATOR APARTMENTS,BRONXDALE,"601 PELHAM PARKWAY NORTH, 514",10 COOPS - ELEVATOR APARTMENTS
us-nyc,United States,New York,USD,203000.0,nan,2025-10-16,nyc_dof_rolling_sales,nan,,,,1937,,,10 COOPS - ELEVATOR APARTMENTS,BRONXDALE,"601 PELHAM PKWY NORTH, 516",10 COOPS - ELEVATOR APARTMENTS
us-nyc,United States,New York,USD,123000.0,nan,2025-10-03,nyc_dof_rolling_sales,nan,,,,1956,,,10 COOPS - ELEVATOR APARTMENTS,BRONXDALE,"2244 BRONX PARK E, 2E",10 COOPS - ELEVATOR APARTMENTS
us-nyc,United States,New York,USD,190000.0,nan,2025-07-02,nyc_dof_rolling_sales,nan,,,,1956,,,10 COOPS - ELEVATOR APARTMENTS,BRONXDALE,"2244 BRONX PARK EAST, 2F",10 COOPS - ELEVATOR APARTMENTS
us-nyc,United States,New York,USD,216000.0,nan,2025-08-18,nyc_dof_rolling_sales,nan,,,,1956,,,10 COOPS - ELEVATOR APARTMENTS,BRONXDALE,"2244 BRONX PARK EAST, 2K",10 COOPS - ELEVATOR APARTMENTS
us-nyc,United States,New York,USD,182500.0,nan,2025-05-27,nyc_dof_rolling_sales,nan,,,,1962,,,10 COOPS - ELEVATOR APARTMENTS,BRONXDALE,"665 THWAITES PLACE, 1E",10 COOPS - ELEVATOR APARTMENTS
us-nyc,United States,New York,USD,207050.0,nan,2025-04-08,nyc_dof_rolling_sales,nan,,,,1962,,,10 COOPS - ELEVATOR APARTMENTS,BRONXDALE,"665 THWAITES PLACE, 3N",10 COOPS - ELEVATOR APARTMENTS
us-nyc,United States,New York,USD,180000.0,nan,2025-02-10,nyc_dof_rolling_sales,nan,,,,1962,,,10 COOPS - ELEVATOR APARTMENTS,BRONXDALE,"665 THWAITES PLACE, 5T",10 COOPS - ELEVATOR APARTMENTS
us-nyc,United States,New York,USD,245000.0,nan,2025-04-29,nyc_dof_rolling_sales,nan,,,,1965,,,10 COOPS - ELEVATOR APARTMENTS,BRONXDALE,"2550 OLINVILLE AVENUE, 15B",10 COOPS - ELEVATOR APARTMENTS
us-nyc,United States,New York,USD,426000.0,nan,2025-04-30,nyc_dof_rolling_sales,nan,,,,1965,,,10 COOPS - ELEVATOR APARTMENTS,BRONXDALE,"2550 OLINVILLE AVENUE, 2C",10 COOPS - ELEVATOR APARTMENTS
us-nyc,United States,New York,USD,235000.0,nan,2025-05-28,nyc_dof_rolling_sales,nan,,,,1965,,,10 COOPS - ELEVATOR APARTMENTS,BRONXDALE,"2550 OLINVILLE AVENUE, 5L",10 COOPS - ELEVATOR APARTMENTS
us-nyc,United States,New York,USD,225000.0,nan,2025-09-29,nyc_dof_rolling_sales,nan,,,,1928,,,10 COOPS - ELEVATOR APARTMENTS,BRONXDALE,"2922 BARNES AVENUE, 3E",10 COOPS - ELEVATOR APARTMENTS
us-nyc,United States,New York,USD,140000.0,nan,2025-01-13,nyc_dof_rolling_sales,nan,,,,1928,,,10 COOPS - ELEVATOR APARTMENTS,BRONXDALE,"2922 BARNES AVENUE, 5L",10 COOPS - ELEVATOR APARTMENTS
us-nyc,United States,New York,USD,140000.0,nan,2025-12-02,nyc_dof_rolling_sales,nan,,,,1928,,,10 COOPS - ELEVATOR APARTMENTS,BRONXDALE,"2925 MATTHEWS AVE, 6C",10 COOPS - ELEVATOR APARTMENTS
us-nyc,United States,New York,USD,140000.0,nan,2025-03-06,nyc_dof_rolling_sales,nan,,,,1928,,,10 COOPS - ELEVATOR APARTMENTS,BRONXDALE,"2925 MATTHEWS AVENUE, 3C",10 COOPS - ELEVATOR APARTMENTS
us-nyc,United States,New York,USD,180000.0,nan,2025-08-13,nyc_dof_rolling_sales,nan,,,,1928,,,10 COOPS - ELEVATOR APARTMENTS,BRONXDALE,"2925 MATTHEWS AVENUE, 4D",10 COOPS - ELEVATOR APARTMENTS
us-nyc,United States,New York,USD,140000.0,nan,2025-11-10,nyc_dof_rolling_sales,nan,,,,1928,,,10 COOPS - ELEVATOR APARTMENTS,BRONXDALE,"2925 MATTHEWS AVENUE, 5C",10 COOPS - ELEVATOR APARTMENTS
us-nyc,United States,New York,USD,279000.0,nan,2025-05-29,nyc_dof_rolling_sales,nan,,,,1957,,,13 CONDOS - ELEVATOR APARTMENTS,BRONXDALE,"610 WARING AVENUE, 2W",13 CONDOS - ELEVATOR APARTMENTS
us-nyc,United States,New York,USD,175000.0,nan,2025-09-19,nyc_dof_rolling_sales,nan,,,,1957,,,13 CONDOS - ELEVATOR APARTMENTS,BRONXDALE,"610 WARING AVE, 5G",13 CONDOS - ELEVATOR APARTMENTS
us-nyc,United States,New York,USD,300000.0,nan,2025-08-05,nyc_dof_rolling_sales,nan,,,,1957,,,13 CONDOS - ELEVATOR APARTMENTS,BRONXDALE,"610 WARING AVENUE, 6V",13 CONDOS - ELEVATOR APARTMENTS
us-nyc,United States,New York,USD,220000.0,nan,2025-10-17,nyc_dof_rolling_sales,nan,,,,1958,,,13 CONDOS - ELEVATOR APARTMENTS,BRONXDALE,"2385 BARKER AVENUE, 1B",13 CONDOS - ELEVATOR APARTMENTS
us-nyc,United States,New York,USD,125000.0,nan,2025-02-06,nyc_dof_rolling_sales,nan,,,,1958,,,13 CONDOS - ELEVATOR APARTMENTS,BRONXDALE,"2385 BARKER AVENUE, 4B",13 CONDOS - ELEVATOR APARTMENTS
us-nyc,United States,New York,USD,150000.0,nan,2025-10-10,nyc_dof_rolling_sales,nan,,,,1958,,,13 CONDOS - ELEVATOR APARTMENTS,BRONXDALE,"2385 BARKER AVENUE, 6B",13 CONDOS - ELEVATOR APARTMENTS
us-nyc,United States,New York,USD,240000.0,nan,2025-04-22,nyc_dof_rolling_sales,nan,,,,1958,,,13 CONDOS - ELEVATOR APARTMENTS,BRONXDALE,"2385 BARKER AVENUE, 5S",13 CONDOS - ELEVATOR APARTMENTS
us-nyc,United States,New York,USD,325000.0,nan,2025-02-07,nyc_dof_rolling_sales,nan,,,,1958,,,13 CONDOS - ELEVATOR APARTMENTS,BRONXDALE,"2385 BARKER AVENUE, 6T",13 CONDOS - ELEVATOR APARTMENTS
us-nyc,United States,New York,USD,350000.0,nan,2025-03-11,nyc_dof_rolling_sales,nan,,,,1958,,,13 CONDOS - ELEVATOR APARTMENTS,BRONXDALE,"2385 BARKER AVENUE, 5U",13 CONDOS - ELEVATOR APARTMENTS
us-nyc,United States,New York,USD,195916.0,nan,2025-09-18,nyc_dof_rolling_sales,nan,,,,1958,,,13 CONDOS - ELEVATOR APARTMENTS,BRONXDALE,"2385 BARKER AVENUE, LB",13 CONDOS - ELEVATOR APARTMENTS
us-nyc,United States,New York,USD,3000000.0,572.28248,2025-11-25,nyc_dof_rolling_sales,572.28248,,,,1924,,,14 RENTALS - 4-10 UNIT,BRONXDALE,717-719 BURKE AVE.,14 RENTALS - 4-10 UNIT
us-nyc,United States,New York,USD,2300000.0,1206.624164,2025-12-17,nyc_dof_rolling_sales,1206.624164,,,,1957,,,21 OFFICE BUILDINGS,BRONXDALE,815 BURKE AVENUE,21 OFFICE BUILDINGS
us-nyc,United States,New York,USD,860000.0,206.709175,2025-03-12,nyc_dof_rolling_sales,206.709175,,,,1964,,,22 STORE BUILDINGS,BRONXDALE,1079 ALLERTON AVENUE,22 STORE BUILDINGS
us-nyc,United States,New York,USD,1228773.0,269.4187,2025-07-01,nyc_dof_rolling_sales,269.4187,,,,1931,,,35 INDOOR PUBLIC AND CULTURAL FACILITIES,BRONXDALE,3006 WILLIAMSBRIDGE ROAD,35 INDOOR PUBLIC AND CULTURAL FACILITIES
us-nyc,United States,New York,USD,750000.0,148.087382,2025-09-19,nyc_dof_rolling_sales,148.087382,,,,1965,,,01 ONE FAMILY DWELLINGS,CASTLE HILL/UNIONPORT,2080 LACOMBE AVENUE,01 ONE FAMILY DWELLINGS
us-nyc,United States,New York,USD,10.0,87.793335,2025-02-18,nyc_dof_rolling_sales,87.793335,,,,1958,,,01 ONE FAMILY DWELLINGS,CASTLE HILL/UNIONPORT,411 HOWE AVENUE,01 ONE FAMILY DWELLINGS
us-nyc,United States,New York,USD,655000.0,148.087382,2025-09-23,nyc_dof_rolling_sales,148.087382,,,,1965,,,01 ONE FAMILY DWELLINGS,CASTLE HILL/UNIONPORT,404 HOWE AVENUE,01 ONE FAMILY DWELLINGS
us-nyc,United States,New York,USD,420000.0,129.506782,2025-08-12,nyc_dof_rolling_sales,129.506782,,,,1981,,,01 ONE FAMILY DWELLINGS,CASTLE HILL/UNIONPORT,2070 RANDALL AVENUE,01 ONE FAMILY DWELLINGS
us-nyc,United States,New York,USD,398000.0,130.621618,2025-01-31,nyc_dof_rolling_sales,130.621618,,,,1950,,,01 ONE FAMILY DWELLINGS,CASTLE HILL/UNIONPORT,2225 CINCINNATUS AVENUE,01 ONE FAMILY DWELLINGS
us-nyc,United States,New York,USD,723000.0,186.549224,2025-09-18,nyc_dof_rolling_sales,186.549224,,,,1950,,,01 ONE FAMILY DWELLINGS,CASTLE HILL/UNIONPORT,2088 VIRGIL PLACE,01 ONE FAMILY DWELLINGS
us-nyc,United States,New York,USD,558001.0,152.175114,2025-08-27,nyc_dof_rolling_sales,152.175114,,,,1915,,,01 ONE FAMILY DWELLINGS,CASTLE HILL/UNIONPORT,2215 HOMER AVENUE,01 ONE FAMILY DWELLINGS
us-nyc,United States,New York,USD,770000.0,151.989308,2025-04-23,nyc_dof_rolling_sales,151.989308,,,,1965,,,01 ONE FAMILY DWELLINGS,CASTLE HILL/UNIONPORT,2246 LAFAYETTE AVENUE,01 ONE FAMILY DWELLINGS
us-nyc,United States,New York,USD,51338.0,134.523544,2025-08-25,nyc_dof_rolling_sales,134.523544,,,,1940,,,01 ONE FAMILY DWELLINGS,CASTLE HILL/UNIONPORT,2053 TURNBULL AVENUE,01 ONE FAMILY DWELLINGS
us-nyc,United States,New York,USD,500.0,172.79958,2025-04-23,nyc_dof_rolling_sales,172.79958,,,,1987,,,01 ONE FAMILY DWELLINGS,CASTLE HILL/UNIONPORT,2028 STORY AVENUE,01 ONE FAMILY DWELLINGS
us-nyc,United States,New York,USD,575000.0,104.05136,2025-10-06,nyc_dof_rolling_sales,104.05136,,,,1935,,,01 ONE FAMILY DWELLINGS,CASTLE HILL/UNIONPORT,2136 HERMANY AVE,01 ONE FAMILY DWELLINGS
us-nyc,United States,New York,USD,690000.0,180.04601399999999,2025-09-05,nyc_dof_rolling_sales,180.04601399999999,,,,1925,,,01 ONE FAMILY DWELLINGS,CASTLE HILL/UNIONPORT,2140 STORY AVENUE,01 ONE FAMILY DWELLINGS
us-nyc,United States,New York,USD,480000.0,126.162274,2025-01-22,nyc_dof_rolling_sales,126.162274,,,,1915,,,01 ONE FAMILY DWELLINGS,CASTLE HILL/UNIONPORT,2141 STORY AVENUE,01 ONE FAMILY DWELLINGS
us-nyc,United States,New York,USD,715000.0,168.15443,2025-07-10,nyc_dof_rolling_sales,168.15443,,,,1965,,,01 ONE FAMILY DWELLINGS,CASTLE HILL/UNIONPORT,2227 TURNBULL AVENUE,01 ONE FAMILY DWELLINGS
us-nyc,United States,New York,USD,500000.0,222.9672,2025-08-25,nyc_dof_rolling_sales,222.9672,,,,1925,,,01 ONE FAMILY DWELLINGS,CASTLE HILL/UNIONPORT,2244 STORY AVENUE,01 ONE FAMILY DWELLINGS
us-nyc,United States,New York,USD,625000.0,153.28995,2025-12-12,nyc_dof_rolling_sales,153.28995,,,,1950,,,01 ONE FAMILY DWELLINGS,CASTLE HILL/UNIONPORT,2261 STORY AVE,01 ONE FAMILY DWELLINGS
us-nyc,United States,New York,USD,525000.0,150.50286,2025-10-22,nyc_dof_rolling_sales,150.50286,,,,1910,,,01 ONE FAMILY DWELLINGS,CASTLE HILL/UNIONPORT,2331 HERMANY AVENUE,01 ONE FAMILY DWELLINGS
us-nyc,United States,New York,USD,765000.0,118.172616,2025-03-06,nyc_dof_rolling_sales,118.172616,,,,1920,,,01 ONE FAMILY DWELLINGS,CASTLE HILL/UNIONPORT,1911 WATSON AVE,01 ONE FAMILY DWELLINGS
us-nyc,United States,New York,USD,665000.0,89.18688,2025-08-11,nyc_dof_rolling_sales,89.18688,,,,1935,,,01 ONE FAMILY DWELLINGS,CASTLE HILL/UNIONPORT,1042 VIRGINIA AVENUE,01 ONE FAMILY DWELLINGS
us-nyc,United States,New York,USD,685000.0,141.398366,2025-05-29,nyc_dof_rolling_sales,141.398366,,,,1945,,,01 ONE FAMILY DWELLINGS,CASTLE HILL/UNIONPORT,1981 GLEASON AVENUE,01 ONE FAMILY DWELLINGS
us-nyc,United States,New York,USD,650000.0,170.569908,2025-11-21,nyc_dof_rolling_sales,170.569908,,,,1960,,,01 ONE FAMILY DWELLINGS,CASTLE HILL/UNIONPORT,2065 CHATTERTON AVENUE,01 ONE FAMILY DWELLINGS
us-nyc,United States,New York,USD,580000.0,159.049936,2025-09-10,nyc_dof_rolling_sales,159.049936,,,,1920,,,01 ONE FAMILY DWELLINGS,CASTLE HILL/UNIONPORT,2217 CHATTERTON AVENUE,01 ONE FAMILY DWELLINGS
us-nyc,United States,New York,USD,765000.0,176.701506,2025-11-19,nyc_dof_rolling_sales,176.701506,,,,2002,,,02 TWO FAMILY DWELLINGS,CASTLE HILL/UNIONPORT,303 HOWE AVENUE,02 TWO FAMILY DWELLINGS
us-nyc,United States,New York,USD,765000.0,176.701506,2025-06-17,nyc_dof_rolling_sales,176.701506,,,,2002,,,02 TWO FAMILY DWELLINGS,CASTLE HILL/UNIONPORT,318 TORRY AVENUE,02 TWO FAMILY DWELLINGS
us-nyc,United States,New York,USD,740500.0,176.701506,2025-12-12,nyc_dof_rolling_sales,176.701506,,,,2002,,,02 TWO FAMILY DWELLINGS,CASTLE HILL/UNIONPORT,317 TORRY AVENUE,02 TWO FAMILY DWELLINGS
us-nyc,United States,New York,USD,550000.0,259.663885,2025-06-25,nyc_dof_rolling_sales,259.663885,,,,1965,,,02 TWO FAMILY DWELLINGS,CASTLE HILL/UNIONPORT,440 SCREVIN AVENUE,02 TWO FAMILY DWELLINGS
us-nyc,United States,New York,USD,710000.0,148.087382,2025-02-27,nyc_dof_rolling_sales,148.087382,,,,1965,,,02 TWO FAMILY DWELLINGS,CASTLE HILL/UNIONPORT,404 OLMSTEAD AVE,02 TWO FAMILY DWELLINGS
us-nyc,United States,New York,USD,927000.0,192.587919,2025-07-23,nyc_dof_rolling_sales,192.587919,,,,1965,,,02 TWO FAMILY DWELLINGS,CASTLE HILL/UNIONPORT,432 CASTLE HILL AVENUE,02 TWO FAMILY DWELLINGS
us-nyc,United States,New York,USD,850000.0,143.07062,2025-01-13,nyc_dof_rolling_sales,143.07062,,,,1987,,,02 TWO FAMILY DWELLINGS,CASTLE HILL/UNIONPORT,2065 LACOMBE AVENUE,02 TWO FAMILY DWELLINGS
us-nyc,United States,New York,USD,980000.0,215.999475,2025-04-29,nyc_dof_rolling_sales,215.999475,,,,1987,,,02 TWO FAMILY DWELLINGS,CASTLE HILL/UNIONPORT,2050 CICERO AVENUE,02 TWO FAMILY DWELLINGS
us-nyc,United States,New York,USD,685000.0,215.999475,2025-07-02,nyc_dof_rolling_sales,215.999475,,,,1988,,,02 TWO FAMILY DWELLINGS,CASTLE HILL/UNIONPORT,536 PUGSLEY AVENUE,02 TWO FAMILY DWELLINGS
us-nyc,United States,New York,USD,800000.0,215.999475,2025-04-17,nyc_dof_rolling_sales,215.999475,,,,1988,,,02 TWO FAMILY DWELLINGS,CASTLE HILL/UNIONPORT,2026 CAESAR PLACE,02 TWO FAMILY DWELLINGS
us-nyc,United States,New York,USD,460000.0,141.21256,2025-10-03,nyc_dof_rolling_sales,141.21256,,,,1965,,,02 TWO FAMILY DWELLINGS,CASTLE HILL/UNIONPORT,573 OLMSTEAD AVENUE,02 TWO FAMILY DWELLINGS
us-nyc,United States,New York,USD,612850.0,215.999475,2025-10-16,nyc_dof_rolling_sales,215.999475,,,,1988,,,02 TWO FAMILY DWELLINGS,CASTLE HILL/UNIONPORT,2049 CAESAR PLACE,02 TWO FAMILY DWELLINGS
us-nyc,United States,New York,USD,499000.0,215.999475,2025-09-22,nyc_dof_rolling_sales,215.999475,,,,1985,,,02 TWO FAMILY DWELLINGS,CASTLE HILL/UNIONPORT,2096 RANDALL AVENUE,02 TWO FAMILY DWELLINGS
us-nyc,United States,New York,USD,710000.0,160.72219,2025-01-17,nyc_dof_rolling_sales,160.72219,,,,1935,,,02 TWO FAMILY DWELLINGS,CASTLE HILL/UNIONPORT,2249 CINCINNATUS AVE,02 TWO FAMILY DWELLINGS
us-nyc,United States,New York,USD,724500.0,155.519622,2025-07-02,nyc_dof_rolling_sales,155.519622,,,,1915,,,02 TWO FAMILY DWELLINGS,CASTLE HILL/UNIONPORT,2225 SEWARD AVENUE,02 TWO FAMILY DWELLINGS
us-nyc,United States,New York,USD,715000.0,150.50286,2025-11-24,nyc_dof_rolling_sales,150.50286,,,,1970,,,02 TWO FAMILY DWELLINGS,CASTLE HILL/UNIONPORT,2274 VIRGIL PLACE,02 TWO FAMILY DWELLINGS
us-nyc,United States,New York,USD,10.0,265.70258,2025-01-07,nyc_dof_rolling_sales,265.70258,,,,1970,,,02 TWO FAMILY DWELLINGS,CASTLE HILL/UNIONPORT,875 OLMSTEAD AVE,02 TWO FAMILY DWELLINGS
us-nyc,United States,New York,USD,584000.0,131.92226,2025-04-07,nyc_dof_rolling_sales,131.92226,,,,1955,,,02 TWO FAMILY DWELLINGS,CASTLE HILL/UNIONPORT,2101 QUIMBY AVENUE,02 TWO FAMILY DWELLINGS
us-nyc,United States,New York,USD,1000.0,237.83168,2025-08-07,nyc_dof_rolling_sales,237.83168,,,,1925,,,02 TWO FAMILY DWELLINGS,CASTLE HILL/UNIONPORT,2249 STORY AVENUE,02 TWO FAMILY DWELLINGS
us-nyc,United States,New York,USD,875000.0,142.14159,2025-11-05,nyc_dof_rolling_sales,142.14159,,,,2024,,,02 TWO FAMILY DWELLINGS,CASTLE HILL/UNIONPORT,2258 BRUCKNER BOULEVARD,02 TWO FAMILY DWELLINGS
us-nyc,United States,New York,USD,657000.0,180.603432,2025-07-22,nyc_dof_rolling_sales,180.603432,,,,1935,,,02 TWO FAMILY DWELLINGS,CASTLE HILL/UNIONPORT,2303 LAFAYETTE AVE,02 TWO FAMILY DWELLINGS
us-nyc,United States,New York,USD,865000.0,197.697584,2025-08-12,nyc_dof_rolling_sales,197.697584,,,,2010,,,02 TWO FAMILY DWELLINGS,CASTLE HILL/UNIONPORT,1112A WHITE PLAINS ROAD,02 TWO FAMILY DWELLINGS
us-nyc,United States,New York,USD,423000.0,207.916914,2025-05-28,nyc_dof_rolling_sales,207.916914,,,,1920,,,02 TWO FAMILY DWELLINGS,CASTLE HILL/UNIONPORT,1117 VIRGINIA AVENUE,02 TWO FAMILY DWELLINGS
us-nyc,United States,New York,USD,825000.0,180.23182,2025-09-15,nyc_dof_rolling_sales,180.23182,,,,1920,,,02 TWO FAMILY DWELLINGS,CASTLE HILL/UNIONPORT,1963 CHATTERTON AVENUE,02 TWO FAMILY DWELLINGS
us-nyc,United States,New York,USD,935000.0,172.79958,2025-11-17,nyc_dof_rolling_sales,172.79958,,,,1930,,,02 TWO FAMILY DWELLINGS,CASTLE HILL/UNIONPORT,1106 VIRGINIA AVENUE,02 TWO FAMILY DWELLINGS
us-nyc,United States,New York,USD,610950.0,244.985211,2025-12-19,nyc_dof_rolling_sales,244.985211,,,,1930,,,02 TWO FAMILY DWELLINGS,CASTLE HILL/UNIONPORT,1205 PUGSLEY AVENUE,02 TWO FAMILY DWELLINGS
us-nyc,United States,New York,USD,1225000.0,305.186355,2025-07-29,nyc_dof_rolling_sales,305.186355,,,,1930,,,02 TWO FAMILY DWELLINGS,CASTLE HILL/UNIONPORT,1964 CROSS BRONX EXPWY,02 TWO FAMILY DWELLINGS
us-nyc,United States,New York,USD,886000.0,200.67048,2025-11-03,nyc_dof_rolling_sales,200.67048,,,,1940,,,02 TWO FAMILY DWELLINGS,CASTLE HILL/UNIONPORT,1971 ELLIS AVENUE,02 TWO FAMILY DWELLINGS
us-nyc,United States,New York,USD,690000.0,312.711498,2025-07-22,nyc_dof_rolling_sales,312.711498,,,,1960,,,02 TWO FAMILY DWELLINGS,CASTLE HILL/UNIONPORT,2046 CHATTERTON AVENUE,02 TWO FAMILY DWELLINGS
us-nyc,United States,New York,USD,999000.0,226.497514,2025-11-19,nyc_dof_rolling_sales,226.497514,,,,1899,,,02 TWO FAMILY DWELLINGS,CASTLE HILL/UNIONPORT,2267 BRUCKNER BOULEVARD,02 TWO FAMILY DWELLINGS
us-nyc,United States,New York,USD,865000.0,278.709,2025-11-25,nyc_dof_rolling_sales,278.709,,,,1970,,,03 THREE FAMILY DWELLINGS,CASTLE HILL/UNIONPORT,400 SCREVIN AVENUE,03 THREE FAMILY DWELLINGS
us-nyc,United States,New York,USD,999999.0,259.663885,2025-07-10,nyc_dof_rolling_sales,259.663885,,,,1970,,,03 THREE FAMILY DWELLINGS,CASTLE HILL/UNIONPORT,422 SCREVIN AVENUE,03 THREE FAMILY DWELLINGS
us-nyc,United States,New York,USD,1065000.0,289.85735999999997,2025-04-03,nyc_dof_rolling_sales,289.85735999999997,,,,1965,,,03 THREE FAMILY DWELLINGS,CASTLE HILL/UNIONPORT,448 SCREVIN AVENUE,03 THREE FAMILY DWELLINGS
us-nyc,United States,New York,USD,950000.0,257.527116,2025-04-29,nyc_dof_rolling_sales,257.527116,,,,2001,,,03 THREE FAMILY DWELLINGS,CASTLE HILL/UNIONPORT,427 ZEREGA AVENUE,03 THREE FAMILY DWELLINGS
us-nyc,United States,New York,USD,861000.0,267.56064,2025-10-20,nyc_dof_rolling_sales,267.56064,,,,1988,,,03 THREE FAMILY DWELLINGS,CASTLE HILL/UNIONPORT,2109 SEWARD AVENUE,03 THREE FAMILY DWELLINGS
us-nyc,United States,New York,USD,925000.0,334.4508,2025-03-03,nyc_dof_rolling_sales,334.4508,,,,1930,,,03 THREE FAMILY DWELLINGS,CASTLE HILL/UNIONPORT,2120 VIRGIL PLACE,03 THREE FAMILY DWELLINGS
us-nyc,United States,New York,USD,765000.0,230.39944,2025-05-16,nyc_dof_rolling_sales,230.39944,,,,1930,,,03 THREE FAMILY DWELLINGS,CASTLE HILL/UNIONPORT,2127 VIRGIL PLACE,03 THREE FAMILY DWELLINGS
us-nyc,United States,New York,USD,490000.0,199.74145,2025-10-07,nyc_dof_rolling_sales,199.74145,,,,1920,,,03 THREE FAMILY DWELLINGS,CASTLE HILL/UNIONPORT,2222 STORY AVENUE,03 THREE FAMILY DWELLINGS
us-nyc,United States,New York,USD,999000.0,325.1605,2025-04-01,nyc_dof_rolling_sales,325.1605,,,,1920,,,03 THREE FAMILY DWELLINGS,CASTLE HILL/UNIONPORT,2242 STORY AVENUE,03 THREE FAMILY DWELLINGS
us-nyc,United States,New York,USD,945000.0,256.41228,2025-05-21,nyc_dof_rolling_sales,256.41228,,,,1960,,,03 THREE FAMILY DWELLINGS,CASTLE HILL/UNIONPORT,1070 WHITE PLAINS RD,03 THREE FAMILY DWELLINGS
us-nyc,United States,New York,USD,500000.0,139.3545,2025-07-10,nyc_dof_rolling_sales,139.3545,,,,1930,,,03 THREE FAMILY DWELLINGS,CASTLE HILL/UNIONPORT,1252 WHITE PLAINS ROAD,03 THREE FAMILY DWELLINGS
us-nyc,United States,New York,USD,10.0,263.472908,2025-09-25,nyc_dof_rolling_sales,263.472908,,,,1930,,,03 THREE FAMILY DWELLINGS,CASTLE HILL/UNIONPORT,1970 ELLIS AVENUE,03 THREE FAMILY DWELLINGS
us-nyc,United States,New York,USD,850000.0,229.377507,2025-01-31,nyc_dof_rolling_sales,229.377507,,,,1901,,,03 THREE FAMILY DWELLINGS,CASTLE HILL/UNIONPORT,2167 BRUCKNER BOULEVARD,03 THREE FAMILY DWELLINGS
us-nyc,United States,New York,USD,1100000.0,298.497339,2025-02-12,nyc_dof_rolling_sales,298.497339,,,,2004,,,03 THREE FAMILY DWELLINGS,CASTLE HILL/UNIONPORT,2218 CHATTERTON AVENUE,03 THREE FAMILY DWELLINGS
us-nyc,United States,New York,USD,600000.0,282.982538,2025-12-05,nyc_dof_rolling_sales,282.982538,,,,1941,,,07 RENTALS - WALKUP APARTMENTS,CASTLE HILL/UNIONPORT,2301 TURNBULL AVENUE,07 RENTALS - WALKUP APARTMENTS
us-nyc,United States,New York,USD,850000.0,316.148909,2025-05-13,nyc_dof_rolling_sales,316.148909,,,,1927,,,07 RENTALS - WALKUP APARTMENTS,CASTLE HILL/UNIONPORT,2126 CHATTERTON AVE,07 RENTALS - WALKUP APARTMENTS
us-nyc,United States,New York,USD,600000.0,316.148909,2025-05-29,nyc_dof_rolling_sales,316.148909,,,,1927,,,07 RENTALS - WALKUP APARTMENTS,CASTLE HILL/UNIONPORT,2132 CHATTERTON AVENUE,07 RENTALS - WALKUP APARTMENTS
us-nyc,United States,New York,USD,20031614.0,33403.831068,2025-11-20,nyc_dof_rolling_sales,33403.831068,,,,1966,,,08 RENTALS - ELEVATOR APARTMENTS,CASTLE HILL/UNIONPORT,2010 BRUCKNER BOULEVARD,08 RENTALS - ELEVATOR APARTMENTS
us-nyc,United States,New York,USD,3800000.0,3234.417945,2025-05-30,nyc_dof_rolling_sales,3234.417945,,,,1928,,,08 RENTALS - ELEVATOR APARTMENTS,CASTLE HILL/UNIONPORT,2104 CROSS BRONX EXPWY,08 RENTALS - ELEVATOR APARTMENTS
us-nyc,United States,New York,USD,165000.0,nan,2025-05-15,nyc_dof_rolling_sales,nan,,,,1967,,,10 COOPS - ELEVATOR APARTMENTS,CASTLE HILL/UNIONPORT,"1966 NEWBOLD AVE, 605",10 COOPS - ELEVATOR APARTMENTS
us-nyc,United States,New York,USD,200000.0,nan,2025-03-12,nyc_dof_rolling_sales,nan,,,,1967,,,10 COOPS - ELEVATOR APARTMENTS,CASTLE HILL/UNIONPORT,"1966 NEWBOLD AVENUE, 1002",10 COOPS - ELEVATOR APARTMENTS
us-nyc,United States,New York,USD,165000.0,nan,2025-05-08,nyc_dof_rolling_sales,nan,,,,1967,,,10 COOPS - ELEVATOR APARTMENTS,CASTLE HILL/UNIONPORT,"1966 NEWBOLD AVENUE, 1008",10 COOPS - ELEVATOR APARTMENTS
us-nyc,United States,New York,USD,200000.0,nan,2025-06-24,nyc_dof_rolling_sales,nan,,,,1967,,,10 COOPS - ELEVATOR APARTMENTS,CASTLE HILL/UNIONPORT,"1966 NEWBOLD AVENUE, 306",10 COOPS - ELEVATOR APARTMENTS
us-nyc,United States,New York,USD,159000.0,nan,2025-01-06,nyc_dof_rolling_sales,nan,,,,1967,,,10 COOPS - ELEVATOR APARTMENTS,CASTLE HILL/UNIONPORT,"1966 NEWBOLD AVENUE, 807",10 COOPS - ELEVATOR APARTMENTS
us-nyc,United States,New York,USD,975000.0,130.0642,2025-07-03,nyc_dof_rolling_sales,130.0642,,,,1960,,,01 ONE FAMILY DWELLINGS,CITY ISLAND,4 ROCHELLE STREET,01 ONE FAMILY DWELLINGS
us-nyc,United States,New York,USD,669000.0,127.091304,2025-10-01,nyc_dof_rolling_sales,127.091304,,,,1935,,,01 ONE FAMILY DWELLINGS,CITY ISLAND,98 PILOT STREET,01 ONE FAMILY DWELLINGS
us-nyc,United States,New York,USD,610000.0,114.456496,2025-07-29,nyc_dof_rolling_sales,114.456496,,,,1925,,,01 ONE FAMILY DWELLINGS,CITY ISLAND,114 PILOT STREET,01 ONE FAMILY DWELLINGS
us-nyc,United States,New York,USD,799000.0,117.61519799999999,2025-09-12,nyc_dof_rolling_sales,117.61519799999999,,,,1956,,,01 ONE FAMILY DWELLINGS,CITY ISLAND,69 MARINE STREET,01 ONE FAMILY DWELLINGS
us-nyc,United States,New York,USD,468000.0,123.746796,2025-07-17,nyc_dof_rolling_sales,123.746796,,,,1960,,,01 ONE FAMILY DWELLINGS,CITY ISLAND,98 PELL PLACE,01 ONE FAMILY DWELLINGS
us-nyc,United States,New York,USD,770000.0,123.746796,2025-11-04,nyc_dof_rolling_sales,123.746796,,,,1960,,,01 ONE FAMILY DWELLINGS,CITY ISLAND,98 PELL PLACE,01 ONE FAMILY DWELLINGS
us-nyc,United States,New York,USD,500000.0,114.828108,2025-10-07,nyc_dof_rolling_sales,114.828108,,,,1925,,,01 ONE FAMILY DWELLINGS,CITY ISLAND,77 PELL PLACE,01 ONE FAMILY DWELLINGS
us-nyc,United States,New York,USD,725000.0,201.042092,2025-08-14,nyc_dof_rolling_sales,201.042092,,,,1940,,,01 ONE FAMILY DWELLINGS,CITY ISLAND,92 EARLEY STREET,01 ONE FAMILY DWELLINGS
us-nyc,United States,New York,USD,800000.0,120.030676,2025-04-11,nyc_dof_rolling_sales,120.030676,,,,1925,,,01 ONE FAMILY DWELLINGS,CITY ISLAND,39 EARLEY STREET,01 ONE FAMILY DWELLINGS
us-nyc,United States,New York,USD,360000.0,123.746796,2025-08-14,nyc_dof_rolling_sales,123.746796,,,,1920,,,01 ONE FAMILY DWELLINGS,CITY ISLAND,58 SCHOFIELD STREET,01 ONE FAMILY DWELLINGS
us-nyc,United States,New York,USD,240000.0,194.16727,2025-06-20,nyc_dof_rolling_sales,194.16727,,,,1901,,,01 ONE FAMILY DWELLINGS,CITY ISLAND,55 CENTRE STREET,01 ONE FAMILY DWELLINGS
us-nyc,United States,New York,USD,750000.0,150.50286,2025-02-28,nyc_dof_rolling_sales,150.50286,,,,1901,,,01 ONE FAMILY DWELLINGS,CITY ISLAND,73 CAROLL STREET,01 ONE FAMILY DWELLINGS
us-nyc,United States,New York,USD,1250000.0,235.694911,2025-03-13,nyc_dof_rolling_sales,235.694911,,,,1940,,,01 ONE FAMILY DWELLINGS,CITY ISLAND,16 TIER STREET,01 ONE FAMILY DWELLINGS
us-nyc,United States,New York,USD,589000.0,149.202218,2025-10-15,nyc_dof_rolling_sales,149.202218,,,,1925,,,01 ONE FAMILY DWELLINGS,CITY ISLAND,503 MINNIEFORD AVE,01 ONE FAMILY DWELLINGS
us-nyc,United States,New York,USD,445000.0,180.603432,2025-02-27,nyc_dof_rolling_sales,180.603432,,,,1899,,,01 ONE FAMILY DWELLINGS,CITY ISLAND,604 CITY ISLAND AVENUE,01 ONE FAMILY DWELLINGS
us-nyc,United States,New York,USD,415000.0,162.022832,2025-07-21,nyc_dof_rolling_sales,162.022832,,,,1910,,,01 ONE FAMILY DWELLINGS,CITY ISLAND,616 CITY ISLAND AVENUE,01 ONE FAMILY DWELLINGS
us-nyc,United States,New York,USD,995000.0,170.94152,2025-11-05,nyc_dof_rolling_sales,170.94152,,,,1920,,,01 ONE FAMILY DWELLINGS,CITY ISLAND,157 MARINE STREET,01 ONE FAMILY DWELLINGS
us-nyc,United States,New York,USD,675000.0,132.293872,2025-01-31,nyc_dof_rolling_sales,132.293872,,,,2005,,,01 ONE FAMILY DWELLINGS,CITY ISLAND,148 REVILLE STREET,01 ONE FAMILY DWELLINGS
us-nyc,United States,New York,USD,450000.0,62.24501,2025-06-12,nyc_dof_rolling_sales,62.24501,,,,1925,,,01 ONE FAMILY DWELLINGS,CITY ISLAND,183 REVILLE STREET,01 ONE FAMILY DWELLINGS
us-nyc,United States,New York,USD,876000.0,238.203292,2025-12-15,nyc_dof_rolling_sales,238.203292,,,,1970,,,01 ONE FAMILY DWELLINGS,CITY ISLAND,396 KING AVENUE,01 ONE FAMILY DWELLINGS
us-nyc,United States,New York,USD,649000.0,94.110739,2025-09-12,nyc_dof_rolling_sales,94.110739,,,,1930,,,01 ONE FAMILY DWELLINGS,CITY ISLAND,447 KING AVENUE,01 ONE FAMILY DWELLINGS
us-nyc,United States,New York,USD,625000.0,111.111988,2025-03-19,nyc_dof_rolling_sales,111.111988,,,,1948,,,01 ONE FAMILY DWELLINGS,CITY ISLAND,210 KIRBY STREET,01 ONE FAMILY DWELLINGS
us-nyc,United States,New York,USD,10.0,187.292448,2025-01-23,nyc_dof_rolling_sales,187.292448,,,,1925,,,01 ONE FAMILY DWELLINGS,CITY ISLAND,662 MINNIEFORD AVENUE,01 ONE FAMILY DWELLINGS
us-nyc,United States,New York,USD,420000.0,46.544403,2025-04-11,nyc_dof_rolling_sales,46.544403,,,,1920,,,01 ONE FAMILY DWELLINGS,CITY ISLAND,180 TERRACE STREET,01 ONE FAMILY DWELLINGS
us-nyc,United States,New York,USD,625000.0,86.864305,2025-04-16,nyc_dof_rolling_sales,86.864305,,,,1940,,,01 ONE FAMILY DWELLINGS,CITY ISLAND,723 KING AVENUE,01 ONE FAMILY DWELLINGS
us-nyc,United States,New York,USD,399000.0,41.620544,2025-10-28,nyc_dof_rolling_sales,41.620544,,,,1920,,,01 ONE FAMILY DWELLINGS,CITY ISLAND,191 TERRACE STREET,01 ONE FAMILY DWELLINGS
us-nyc,United States,New York,USD,659000.0,165.831855,2025-06-09,nyc_dof_rolling_sales,165.831855,,,,1986,,,02 TWO FAMILY DWELLINGS,CITY ISLAND,19 WINTERS,02 TWO FAMILY DWELLINGS
us-nyc,United States,New York,USD,700000.0,163.880892,2025-04-14,nyc_dof_rolling_sales,163.880892,,,,1955,,,02 TWO FAMILY DWELLINGS,CITY ISLAND,28 FORDHAM STREET,02 TWO FAMILY DWELLINGS
us-nyc,United States,New York,USD,1.0,236.90265,2025-01-27,nyc_dof_rolling_sales,236.90265,,,,1940,,,02 TWO FAMILY DWELLINGS,CITY ISLAND,73 HAWKINS STREET,02 TWO FAMILY DWELLINGS
us-nyc,United States,New York,USD,729000.0,185.620194,2025-11-07,nyc_dof_rolling_sales,185.620194,,,,1950,,,02 TWO FAMILY DWELLINGS,CITY ISLAND,65 FORDHAM STREET,02 TWO FAMILY DWELLINGS
us-nyc,United States,New York,USD,1400000.0,214.048512,2025-08-29,nyc_dof_rolling_sales,214.048512,,,,1900,,,02 TWO FAMILY DWELLINGS,CITY ISLAND,8 TIER STREET,02 TWO FAMILY DWELLINGS
us-nyc,United States,New York,USD,626224.0,198.81242,2025-07-18,nyc_dof_rolling_sales,198.81242,,,,1920,,,02 TWO FAMILY DWELLINGS,CITY ISLAND,161 HORTON STREET,02 TWO FAMILY DWELLINGS
us-nyc,United States,New York,USD,630000.0,nan,2025-04-08,nyc_dof_rolling_sales,nan,,,,,,,04 TAX CLASS 1 CONDOS,CITY ISLAND,"4 WINDWARD LANE, 5",04 TAX CLASS 1 CONDOS
us-nyc,United States,New York,USD,665000.0,nan,2025-09-09,nyc_dof_rolling_sales,nan,,,,,,,04 TAX CLASS 1 CONDOS,CITY ISLAND,"12 DEEP WATER WAY, 31",04 TAX CLASS 1 CONDOS
us-nyc,United States,New York,USD,610000.0,nan,2025-07-03,nyc_dof_rolling_sales,nan,,,,1960,,,04 TAX CLASS 1 CONDOS,CITY ISLAND,"22 DEEP WATER WAY, 40",04 TAX CLASS 1 CONDOS
us-nyc,United States,New York,USD,585000.0,nan,2025-11-07,nyc_dof_rolling_sales,nan,,,,,,,04 TAX CLASS 1 CONDOS,CITY ISLAND,"26 DEEP WATER WAY, 44",04 TAX CLASS 1 CONDOS
us-nyc,United States,New York,USD,1000.0,nan,2025-06-27,nyc_dof_rolling_sales,nan,,,,,,,04 TAX CLASS 1 CONDOS,CITY ISLAND,"18 LANDING WAY, 46",04 TAX CLASS 1 CONDOS
us-nyc,United States,New York,USD,735000.0,nan,2025-09-26,nyc_dof_rolling_sales,nan,,,,2016,,,04 TAX CLASS 1 CONDOS,CITY ISLAND,"47 ISLAND POINT, 47",04 TAX CLASS 1 CONDOS
us-nyc,United States,New York,USD,775000.0,nan,2025-01-22,nyc_dof_rolling_sales,nan,,,,2016,,,04 TAX CLASS 1 CONDOS,CITY ISLAND,"51 ISLAND POINT, 51",04 TAX CLASS 1 CONDOS
us-nyc,United States,New York,USD,295000.0,nan,2025-09-11,nyc_dof_rolling_sales,nan,,,,1920,,,09 COOPS - WALKUP APARTMENTS,CITY ISLAND,"30-34 CARROLL STREET, C",09 COOPS - WALKUP APARTMENTS
us-nyc,United States,New York,USD,375000.0,nan,2025-11-13,nyc_dof_rolling_sales,nan,,,,1920,,,09 COOPS - WALKUP APARTMENTS,CITY ISLAND,"30D CAROLL STREET, 30D",09 COOPS - WALKUP APARTMENTS
us-nyc,United States,New York,USD,635000.0,nan,2025-06-24,nyc_dof_rolling_sales,nan,,,,1900,,,09 COOPS - WALKUP APARTMENTS,CITY ISLAND,"33 TIER, B2",09 COOPS - WALKUP APARTMENTS
us-nyc,United States,New York,USD,860000.0,217.671729,2025-12-11,nyc_dof_rolling_sales,217.671729,,,,1931,,,14 RENTALS - 4-10 UNIT,CITY ISLAND,295 CITY ISLAND AVENUE,14 RENTALS - 4-10 UNIT
us-nyc,United States,New York,USD,1150001.0,320.51535,2025-05-28,nyc_dof_rolling_sales,320.51535,,,,1947,,,27 FACTORIES,CITY ISLAND,412 CITY ISLAND AVENUE,27 FACTORIES
us-nyc,United States,New York,USD,1875000.0,206.987884,2025-12-23,nyc_dof_rolling_sales,206.987884,,,,1901,,,01 ONE FAMILY DWELLINGS,CITY ISLAND-PELHAM STRIP,89 PARK DRIVE,01 ONE FAMILY DWELLINGS
us-nyc,United States,New York,USD,680000.0,118.91584,2025-12-15,nyc_dof_rolling_sales,118.91584,,,,1960,,,01 ONE FAMILY DWELLINGS,COUNTRY CLUB,1156 FAIRFAX AVENUE,01 ONE FAMILY DWELLINGS
us-nyc,United States,New York,USD,500000.0,120.402288,2025-07-23,nyc_dof_rolling_sales,120.402288,,,,1950,,,01 ONE FAMILY DWELLINGS,COUNTRY CLUB,1176 FAIRFAX AVE,01 ONE FAMILY DWELLINGS
us-nyc,United States,New York,USD,580000.0,180.603432,2025-05-14,nyc_dof_rolling_sales,180.603432,,,,1950,,,01 ONE FAMILY DWELLINGS,COUNTRY CLUB,1186 FAIRFAX AVENUE,01 ONE FAMILY DWELLINGS
us-nyc,United States,New York,USD,10.0,145.764807,2025-07-03,nyc_dof_rolling_sales,145.764807,,,,1920,,,01 ONE FAMILY DWELLINGS,COUNTRY CLUB,3152 BAISLEY AVENUE,01 ONE FAMILY DWELLINGS
us-nyc,United States,New York,USD,749000.0,164.99572799999999,2025-05-19,nyc_dof_rolling_sales,164.99572799999999,,,,1965,,,01 ONE FAMILY DWELLINGS,COUNTRY CLUB,3163 LAYTON AVENUE,01 ONE FAMILY DWELLINGS
us-nyc,United States,New York,USD,800000.0,184.691164,2025-06-03,nyc_dof_rolling_sales,184.691164,,,,1960,,,01 ONE FAMILY DWELLINGS,COUNTRY CLUB,1118 VINCENT AVENUE,01 ONE FAMILY DWELLINGS
us-nyc,United States,New York,USD,700000.0,141.955784,2025-10-23,nyc_dof_rolling_sales,141.955784,,,,1940,,,01 ONE FAMILY DWELLINGS,COUNTRY CLUB,1138 VINCENT AVENUE,01 ONE FAMILY DWELLINGS
us-nyc,United States,New York,USD,825000.0,196.211136,2025-09-18,nyc_dof_rolling_sales,196.211136,,,,1910,,,01 ONE FAMILY DWELLINGS,COUNTRY CLUB,3169 FAIRMOUNT AVE,01 ONE FAMILY DWELLINGS
us-nyc,United States,New York,USD,690000.0,181.16085,2025-01-07,nyc_dof_rolling_sales,181.16085,,,,1965,,,01 ONE FAMILY DWELLINGS,COUNTRY CLUB,3157 BAISLEY AVENUE,01 ONE FAMILY DWELLINGS
us-nyc,United States,New York,USD,710000.0,156.169943,2025-02-24,nyc_dof_rolling_sales,156.169943,,,,1965,,,01 ONE FAMILY DWELLINGS,COUNTRY CLUB,1207 ELLSWORTH AVENUE,01 ONE FAMILY DWELLINGS
us-nyc,United States,New York,USD,695000.0,185.06277599999999,2025-11-24,nyc_dof_rolling_sales,185.06277599999999,,,,1925,,,01 ONE FAMILY DWELLINGS,COUNTRY CLUB,1313 KEARNEY AVE,01 ONE FAMILY DWELLINGS
us-nyc,United States,New York,USD,790000.0,159.421548,2025-05-30,nyc_dof_rolling_sales,159.421548,,,,1930,,,01 ONE FAMILY DWELLINGS,COUNTRY CLUB,1310 KEARNEY AVE,01 ONE FAMILY DWELLINGS
us-nyc,United States,New York,USD,999999.0,183.576328,2025-01-09,nyc_dof_rolling_sales,183.576328,,,,2007,,,01 ONE FAMILY DWELLINGS,COUNTRY CLUB,3250 RAWLINS AVENUE,01 ONE FAMILY DWELLINGS
us-nyc,United States,New York,USD,900000.0,180.603432,2025-11-18,nyc_dof_rolling_sales,180.603432,,,,1955,,,01 ONE FAMILY DWELLINGS,COUNTRY CLUB,1363 KEARNEY AVENUE,01 ONE FAMILY DWELLINGS
us-nyc,United States,New York,USD,560000.0,91.788164,2025-03-18,nyc_dof_rolling_sales,91.788164,,,,1960,,,01 ONE FAMILY DWELLINGS,COUNTRY CLUB,1370 SIEGFRIED PLACE,01 ONE FAMILY DWELLINGS
us-nyc,United States,New York,USD,970000.0,228.912992,2025-02-25,nyc_dof_rolling_sales,228.912992,,,,1955,,,01 ONE FAMILY DWELLINGS,COUNTRY CLUB,3236 COUNTRY CLUB ROAD,01 ONE FAMILY DWELLINGS
us-nyc,United States,New York,USD,705000.0,115.942944,2025-07-07,nyc_dof_rolling_sales,115.942944,,,,1925,,,01 ONE FAMILY DWELLINGS,COUNTRY CLUB,3163 RAWLINS AVENUE,01 ONE FAMILY DWELLINGS
us-nyc,United States,New York,USD,900000.0,120.402288,2025-08-14,nyc_dof_rolling_sales,120.402288,,,,1899,,,01 ONE FAMILY DWELLINGS,COUNTRY CLUB,1370 KEARNEY AVENUE,01 ONE FAMILY DWELLINGS
us-nyc,United States,New York,USD,650000.0,135.824186,2025-07-17,nyc_dof_rolling_sales,135.824186,,,,1925,,,01 ONE FAMILY DWELLINGS,COUNTRY CLUB,3348 CAMPBELL DRIVE,01 ONE FAMILY DWELLINGS
us-nyc,United States,New York,USD,457500.0,232.2575,2025-05-01,nyc_dof_rolling_sales,232.2575,,,,1987,,,01 ONE FAMILY DWELLINGS,COUNTRY CLUB,3391-04 COUNTRY CLUB ROAD,01 ONE FAMILY DWELLINGS
us-nyc,United States,New York,USD,620000.0,120.959706,2025-08-20,nyc_dof_rolling_sales,120.959706,,,,1925,,,01 ONE FAMILY DWELLINGS,COUNTRY CLUB,3278 SPENCER DRIVE,01 ONE FAMILY DWELLINGS
us-nyc,United States,New York,USD,999000.0,156.262846,2025-05-22,nyc_dof_rolling_sales,156.262846,,,,1940,,,01 ONE FAMILY DWELLINGS,COUNTRY CLUB,3379 CAMPBELL DRIVE,01 ONE FAMILY DWELLINGS
us-nyc,United States,New York,USD,749000.0,123.746796,2025-03-05,nyc_dof_rolling_sales,123.746796,,,,1965,,,01 ONE FAMILY DWELLINGS,COUNTRY CLUB,1469 STADIUM AVENUE,01 ONE FAMILY DWELLINGS
us-nyc,United States,New York,USD,560143.0,120.402288,2025-09-03,nyc_dof_rolling_sales,120.402288,,,,1950,,,01 ONE FAMILY DWELLINGS,COUNTRY CLUB,3123 GRISWOLD AVENUE,01 ONE FAMILY DWELLINGS
us-nyc,United States,New York,USD,666057.0,120.402288,2025-05-06,nyc_dof_rolling_sales,120.402288,,,,1950,,,01 ONE FAMILY DWELLINGS,COUNTRY CLUB,3123 GRISWOLD AVENUE,01 ONE FAMILY DWELLINGS
us-nyc,United States,New York,USD,727000.0,110.368764,2025-09-11,nyc_dof_rolling_sales,110.368764,,,,1915,,,01 ONE FAMILY DWELLINGS,COUNTRY CLUB,1555 ROBERTSON PL,01 ONE FAMILY DWELLINGS
us-nyc,United States,New York,USD,649000.0,160.536384,2025-08-14,nyc_dof_rolling_sales,160.536384,,,,1950,,,01 ONE FAMILY DWELLINGS,COUNTRY CLUB,3170 AMPERE AVENUE,01 ONE FAMILY DWELLINGS
us-nyc,United States,New York,USD,875499.0,165.831855,2025-05-15,nyc_dof_rolling_sales,165.831855,,,,1960,,,01 ONE FAMILY DWELLINGS,COUNTRY CLUB,3184 AMPERE AVENUE,01 ONE FAMILY DWELLINGS
us-nyc,United States,New York,USD,820000.0,197.88339,2025-11-07,nyc_dof_rolling_sales,197.88339,,,,1960,,,01 ONE FAMILY DWELLINGS,COUNTRY CLUB,1529 STADIUM AVENUE,01 ONE FAMILY DWELLINGS
us-nyc,United States,New York,USD,750000.0,151.617696,2025-08-27,nyc_dof_rolling_sales,151.617696,,,,1960,,,01 ONE FAMILY DWELLINGS,COUNTRY CLUB,3207 AMPERE AVENUE,01 ONE FAMILY DWELLINGS
us-nyc,United States,New York,USD,755000.0,199.74145,2025-04-25,nyc_dof_rolling_sales,199.74145,,,,1925,,,01 ONE FAMILY DWELLINGS,COUNTRY CLUB,3239 LUCERNE STREET,01 ONE FAMILY DWELLINGS
us-nyc,United States,New York,USD,725000.0,173.914416,2025-02-05,nyc_dof_rolling_sales,173.914416,,,,1950,,,01 ONE FAMILY DWELLINGS,COUNTRY CLUB,3240 GRISWOLD AVENUE,01 ONE FAMILY DWELLINGS
us-nyc,United States,New York,USD,660000.0,136.381604,2025-11-21,nyc_dof_rolling_sales,136.381604,,,,1960,,,01 ONE FAMILY DWELLINGS,COUNTRY CLUB,3296 GRISWOLD AVENUE,01 ONE FAMILY DWELLINGS
us-nyc,United States,New York,USD,720000.0,127.370013,2025-03-31,nyc_dof_rolling_sales,127.370013,,,,1920,,,01 ONE FAMILY DWELLINGS,COUNTRY CLUB,1547 RESEARCH AVE,01 ONE FAMILY DWELLINGS
us-nyc,United States,New York,USD,639000.0,127.091304,2025-10-30,nyc_dof_rolling_sales,127.091304,,,,1910,,,01 ONE FAMILY DWELLINGS,COUNTRY CLUB,1523 BAY VIEW AVENUE,01 ONE FAMILY DWELLINGS
us-nyc,United States,New York,USD,710000.0,112.41263,2025-09-19,nyc_dof_rolling_sales,112.41263,,,,1940,,,01 ONE FAMILY DWELLINGS,COUNTRY CLUB,1627 RESEARCH AVENUE,01 ONE FAMILY DWELLINGS
us-nyc,United States,New York,USD,500000.0,120.7739,2025-11-07,nyc_dof_rolling_sales,120.7739,,,,1925,,,01 ONE FAMILY DWELLINGS,COUNTRY CLUB,1630 STADIUM AVENUE,01 ONE FAMILY DWELLINGS
us-nyc,United States,New York,USD,780000.0,148.6448,2025-07-15,nyc_dof_rolling_sales,148.6448,,,,1930,,,01 ONE FAMILY DWELLINGS,COUNTRY CLUB,1615 BAYVIEW AVE,01 ONE FAMILY DWELLINGS
us-nyc,United States,New York,USD,770000.0,180.603432,2025-05-12,nyc_dof_rolling_sales,180.603432,,,,1960,,,01 ONE FAMILY DWELLINGS,COUNTRY CLUB,1622 BAYVIEW AVENUE,01 ONE FAMILY DWELLINGS
us-nyc,United States,New York,USD,550000.0,170.569908,2025-01-16,nyc_dof_rolling_sales,170.569908,,,,1955,,,01 ONE FAMILY DWELLINGS,COUNTRY CLUB,1041 VINCENT AVENUE,01 ONE FAMILY DWELLINGS
us-nyc,United States,New York,USD,415000.0,93.646224,2025-10-21,nyc_dof_rolling_sales,93.646224,,,,1965,,,01 ONE FAMILY DWELLINGS,COUNTRY CLUB,918 THROGS NECK EXPRESSWAY,01 ONE FAMILY DWELLINGS
us-nyc,United States,New York,USD,740000.0,175.58667,2025-03-25,nyc_dof_rolling_sales,175.58667,,,,1970,,,01 ONE FAMILY DWELLINGS,COUNTRY CLUB,909 VINCENT AVENUE,01 ONE FAMILY DWELLINGS
us-nyc,United States,New York,USD,700000.0,113.713272,2025-07-24,nyc_dof_rolling_sales,113.713272,,,,1960,,,01 ONE FAMILY DWELLINGS,COUNTRY CLUB,1431 SHORE DRIVE,01 ONE FAMILY DWELLINGS
us-nyc,United States,New York,USD,585000.0,113.713272,2025-05-29,nyc_dof_rolling_sales,113.713272,,,,1960,,,01 ONE FAMILY DWELLINGS,COUNTRY CLUB,1427 SHORE DRIVE,01 ONE FAMILY DWELLINGS
us-nyc,United States,New York,USD,570000.0,113.713272,2025-12-15,nyc_dof_rolling_sales,113.713272,,,,1960,,,01 ONE FAMILY DWELLINGS,COUNTRY CLUB,1423 SHORE DRIVE,01 ONE FAMILY DWELLINGS
us-nyc,United States,New York,USD,1165000.0,120.866803,2025-05-07,nyc_dof_rolling_sales,120.866803,,,,1925,,,01 ONE FAMILY DWELLINGS,COUNTRY CLUB,812 THROGS NECK EXPWY,01 ONE FAMILY DWELLINGS
us-nyc,United States,New York,USD,769000.0,185.620194,2025-01-10,nyc_dof_rolling_sales,185.620194,,,,1965,,,01 ONE FAMILY DWELLINGS,COUNTRY CLUB,844 THROGS NECK EXPRESSWAY,01 ONE FAMILY DWELLINGS
us-nyc,United States,New York,USD,1250000.0,239.132322,2025-07-10,nyc_dof_rolling_sales,239.132322,,,,1935,,,01 ONE FAMILY DWELLINGS,COUNTRY CLUB,717 VINCENT AVENUE,01 ONE FAMILY DWELLINGS
us-nyc,United States,New York,USD,566030.0,113.713272,2025-03-20,nyc_dof_rolling_sales,113.713272,,,,1950,,,01 ONE FAMILY DWELLINGS,COUNTRY CLUB,3155 RANDALL AVENUE,01 ONE FAMILY DWELLINGS
us-nyc,United States,New York,USD,671500.0,195.653718,2025-03-28,nyc_dof_rolling_sales,195.653718,,,,1955,,,01 ONE FAMILY DWELLINGS,COUNTRY CLUB,748 THROGS NECK EXPWY SR,01 ONE FAMILY DWELLINGS
us-nyc,United States,New York,USD,690000.0,145.300292,2025-01-09,nyc_dof_rolling_sales,145.300292,,,,2006,,,01 ONE FAMILY DWELLINGS,COUNTRY CLUB,722 VINCENT AVENUE,01 ONE FAMILY DWELLINGS
us-nyc,United States,New York,USD,380000.0,52.95471,2025-10-17,nyc_dof_rolling_sales,52.95471,,,,1925,,,01 ONE FAMILY DWELLINGS,COUNTRY CLUB,839 CLARENCE AVENUE,01 ONE FAMILY DWELLINGS
us-nyc,United States,New York,USD,432445.0,52.95471,2025-08-01,nyc_dof_rolling_sales,52.95471,,,,1925,,,01 ONE FAMILY DWELLINGS,COUNTRY CLUB,839 CLARENCE AVENUE,01 ONE FAMILY DWELLINGS
us-nyc,United States,New York,USD,810000.0,160.907996,2025-06-30,nyc_dof_rolling_sales,160.907996,,,,1925,,,01 ONE FAMILY DWELLINGS,COUNTRY CLUB,835 DEAN AVENUE,01 ONE FAMILY DWELLINGS
us-nyc,United States,New York,USD,727000.0,120.402288,2025-01-17,nyc_dof_rolling_sales,120.402288,,,,1955,,,01 ONE FAMILY DWELLINGS,COUNTRY CLUB,670 VINCENT AVE,01 ONE FAMILY DWELLINGS
us-nyc,United States,New York,USD,355000.0,54.069546,2025-09-17,nyc_dof_rolling_sales,54.069546,,,,1930,,,01 ONE FAMILY DWELLINGS,COUNTRY CLUB,611 CLARENCE AVENUE,01 ONE FAMILY DWELLINGS
us-nyc,United States,New York,USD,629000.0,128.20614,2025-06-04,nyc_dof_rolling_sales,128.20614,,,,1920,,,01 ONE FAMILY DWELLINGS,COUNTRY CLUB,660 CLARENCE AVE,01 ONE FAMILY DWELLINGS
us-nyc,United States,New York,USD,10.0,200.67048,2025-07-15,nyc_dof_rolling_sales,200.67048,,,,1955,,,02 TWO FAMILY DWELLINGS,COUNTRY CLUB,1234 KEARNEY AVENUE,02 TWO FAMILY DWELLINGS
us-nyc,United States,New York,USD,518258.0,142.14159,2025-07-31,nyc_dof_rolling_sales,142.14159,,,,1955,,,02 TWO FAMILY DWELLINGS,COUNTRY CLUB,3188 RAWLINS AVENUE,02 TWO FAMILY DWELLINGS
us-nyc,United States,New York,USD,1330000.0,397.439034,2025-01-22,nyc_dof_rolling_sales,397.439034,,,,1960,,,02 TWO FAMILY DWELLINGS,COUNTRY CLUB,3335 AGAR PLACE,02 TWO FAMILY DWELLINGS
us-nyc,United States,New York,USD,915000.0,203.643376,2025-01-07,nyc_dof_rolling_sales,203.643376,,,,1960,,,02 TWO FAMILY DWELLINGS,COUNTRY CLUB,3288 COUNTRY CLUB ROAD,02 TWO FAMILY DWELLINGS
us-nyc,United States,New York,USD,985000.0,130.807424,2025-07-25,nyc_dof_rolling_sales,130.807424,,,,1935,,,02 TWO FAMILY DWELLINGS,COUNTRY CLUB,3281 COUNTRY CLUB ROAD,02 TWO FAMILY DWELLINGS
us-nyc,United States,New York,USD,1025000.0,220.365916,2025-08-14,nyc_dof_rolling_sales,220.365916,,,,1925,,,02 TWO FAMILY DWELLINGS,COUNTRY CLUB,3149 COUNTRY CLUB ROAD,02 TWO FAMILY DWELLINGS
us-nyc,United States,New York,USD,889000.0,152.36092,2025-03-11,nyc_dof_rolling_sales,152.36092,,,,1930,,,02 TWO FAMILY DWELLINGS,COUNTRY CLUB,3233 COUNTRY CLUB ROAD,02 TWO FAMILY DWELLINGS
us-nyc,United States,New York,USD,1200000.0,202.52854,2025-09-17,nyc_dof_rolling_sales,202.52854,,,,1960,,,02 TWO FAMILY DWELLINGS,COUNTRY CLUB,3210 SPENCER DRIVE,02 TWO FAMILY DWELLINGS
us-nyc,United States,New York,USD,740000.0,183.94794,2025-09-19,nyc_dof_rolling_sales,183.94794,,,,1970,,,02 TWO FAMILY DWELLINGS,COUNTRY CLUB,3135 SPENCER DRIVE,02 TWO FAMILY DWELLINGS
us-nyc,United States,New York,USD,1070000.0,278.709,2025-03-04,nyc_dof_rolling_sales,278.709,,,,1960,,,02 TWO FAMILY DWELLINGS,COUNTRY CLUB,1520 KENNELLWORTH PLACE,02 TWO FAMILY DWELLINGS
us-nyc,United States,New York,USD,800000.0,244.799405,2025-01-31,nyc_dof_rolling_sales,244.799405,,,,1925,,,02 TWO FAMILY DWELLINGS,COUNTRY CLUB,1539 OHM AVENUE,02 TWO FAMILY DWELLINGS
us-nyc,United States,New York,USD,810000.0,222.874297,2025-11-26,nyc_dof_rolling_sales,222.874297,,,,1920,,,02 TWO FAMILY DWELLINGS,COUNTRY CLUB,3268 MIDDLETOWN ROAD,02 TWO FAMILY DWELLINGS
us-nyc,United States,New York,USD,920000.0,104.05136,2025-03-24,nyc_dof_rolling_sales,104.05136,,,,1940,,,02 TWO FAMILY DWELLINGS,COUNTRY CLUB,1620 OHM AVENUE,02 TWO FAMILY DWELLINGS
us-nyc,United States,New York,USD,998000.0,300.448302,2025-03-07,nyc_dof_rolling_sales,300.448302,,,,1960,,,02 TWO FAMILY DWELLINGS,COUNTRY CLUB,1454 STADIUM AVE,02 TWO FAMILY DWELLINGS
us-nyc,United States,New York,USD,850000.0,199.555644,2025-10-02,nyc_dof_rolling_sales,199.555644,,,,1960,,,02 TWO FAMILY DWELLINGS,COUNTRY CLUB,3285 LUCERNE STREET,02 TWO FAMILY DWELLINGS
us-nyc,United States,New York,USD,700000.0,163.044765,2025-11-19,nyc_dof_rolling_sales,163.044765,,,,1920,,,02 TWO FAMILY DWELLINGS,COUNTRY CLUB,3228 AMPERE AVE,02 TWO FAMILY DWELLINGS
us-nyc,United States,New York,USD,765000.0,282.053508,2025-11-05,nyc_dof_rolling_sales,282.053508,,,,1960,,,02 TWO FAMILY DWELLINGS,COUNTRY CLUB,3227 GRISWOLD AVENUE,02 TWO FAMILY DWELLINGS
us-nyc,United States,New York,USD,540000.0,152.453823,2025-04-30,nyc_dof_rolling_sales,152.453823,,,,1915,,,02 TWO FAMILY DWELLINGS,COUNTRY CLUB,1534 RESEARCH AVENUE,02 TWO FAMILY DWELLINGS
us-nyc,United States,New York,USD,850000.0,152.453823,2025-09-26,nyc_dof_rolling_sales,152.453823,,,,1915,,,02 TWO FAMILY DWELLINGS,COUNTRY CLUB,1534 RESEARCH AVENUE,02 TWO FAMILY DWELLINGS
us-nyc,United States,New York,USD,10.0,212.562064,2025-09-17,nyc_dof_rolling_sales,212.562064,,,,1925,,,02 TWO FAMILY DWELLINGS,COUNTRY CLUB,3268 AMPERE AVENUE,02 TWO FAMILY DWELLINGS
us-nyc,United States,New York,USD,1150000.0,219.901401,2025-02-06,nyc_dof_rolling_sales,219.901401,,,,1925,,,02 TWO FAMILY DWELLINGS,COUNTRY CLUB,1614 STADIUM AVENUE,02 TWO FAMILY DWELLINGS
us-nyc,United States,New York,USD,612000.0,167.411206,2025-02-28,nyc_dof_rolling_sales,167.411206,,,,1925,,,02 TWO FAMILY DWELLINGS,COUNTRY CLUB,1611 RESEARCH AVENUE,02 TWO FAMILY DWELLINGS
us-nyc,United States,New York,USD,999999.0,167.411206,2025-10-29,nyc_dof_rolling_sales,167.411206,,,,1925,,,02 TWO FAMILY DWELLINGS,COUNTRY CLUB,1611 RESEARCH AVENUE,02 TWO FAMILY DWELLINGS
us-nyc,United States,New York,USD,700000.0,203.829182,2025-09-15,nyc_dof_rolling_sales,203.829182,,,,1940,,,02 TWO FAMILY DWELLINGS,COUNTRY CLUB,1626 RESEARCH AVENUE,02 TWO FAMILY DWELLINGS
us-nyc,United States,New York,USD,1200000.0,353.124303,2025-04-01,nyc_dof_rolling_sales,353.124303,,,,1955,,,02 TWO FAMILY DWELLINGS,COUNTRY CLUB,1634 RESEARCH AVENUE,02 TWO FAMILY DWELLINGS
us-nyc,United States,New York,USD,1150000.0,315.219879,2025-12-09,nyc_dof_rolling_sales,315.219879,,,,2002,,,02 TWO FAMILY DWELLINGS,COUNTRY CLUB,114 OUTLOOK AVENUE,02 TWO FAMILY DWELLINGS
us-nyc,United States,New York,USD,1460000.0,318.65729,2025-07-31,nyc_dof_rolling_sales,318.65729,,,,2002,,,02 TWO FAMILY DWELLINGS,COUNTRY CLUB,220 OUTLOOK AVENUE,02 TWO FAMILY DWELLINGS
us-nyc,United States,New York,USD,740000.0,141.21256,2025-05-21,nyc_dof_rolling_sales,141.21256,,,,1925,,,02 TWO FAMILY DWELLINGS,COUNTRY CLUB,1059 VINCENT AVENUE,02 TWO FAMILY DWELLINGS
us-nyc,United States,New York,USD,650000.0,105.90942,2025-03-13,nyc_dof_rolling_sales,105.90942,,,,1925,,,02 TWO FAMILY DWELLINGS,COUNTRY CLUB,1055 VINCENT AVENUE,02 TWO FAMILY DWELLINGS
us-nyc,United States,New York,USD,650000.0,105.90942,2025-03-13,nyc_dof_rolling_sales,105.90942,,,,1925,,,02 TWO FAMILY DWELLINGS,COUNTRY CLUB,1051 VINCENT AVENUE,02 TWO FAMILY DWELLINGS
us-nyc,United States,New York,USD,650000.0,105.90942,2025-03-13,nyc_dof_rolling_sales,105.90942,,,,1925,,,02 TWO FAMILY DWELLINGS,COUNTRY CLUB,1057 VINCENT AVENUE,02 TWO FAMILY DWELLINGS
us-nyc,United States,New York,USD,650000.0,105.90942,2025-03-13,nyc_dof_rolling_sales,105.90942,,,,1925,,,02 TWO FAMILY DWELLINGS,COUNTRY CLUB,1053 VINCENT AVENUE,02 TWO FAMILY DWELLINGS
us-nyc,United States,New York,USD,1050000.0,161.186705,2025-05-28,nyc_dof_rolling_sales,161.186705,,,,1915,,,02 TWO FAMILY DWELLINGS,COUNTRY CLUB,1027 WILCOX AVENUE,02 TWO FAMILY DWELLINGS
us-nyc,United States,New York,USD,1250000.0,385.54745,2025-06-25,nyc_dof_rolling_sales,385.54745,,,,1975,,,02 TWO FAMILY DWELLINGS,COUNTRY CLUB,928 THROGMORTON AVENUE,02 TWO FAMILY DWELLINGS
us-nyc,United States,New York,USD,1200000.0,400.969348,2025-02-25,nyc_dof_rolling_sales,400.969348,,,,1975,,,02 TWO FAMILY DWELLINGS,COUNTRY CLUB,932 THROGGMORTON,02 TWO FAMILY DWELLINGS
us-nyc,United States,New York,USD,825000.0,168.433139,2025-08-05,nyc_dof_rolling_sales,168.433139,,,,1950,,,02 TWO FAMILY DWELLINGS,COUNTRY CLUB,1022 WILCOX AVENUE,02 TWO FAMILY DWELLINGS
us-nyc,United States,New York,USD,1200000.0,218.879468,2025-08-27,nyc_dof_rolling_sales,218.879468,,,,2004,,,02 TWO FAMILY DWELLINGS,COUNTRY CLUB,907 CLARENCE AVENUE,02 TWO FAMILY DWELLINGS
us-nyc,United States,New York,USD,1135000.0,239.968449,2025-11-10,nyc_dof_rolling_sales,239.968449,,,,2005,,,02 TWO FAMILY DWELLINGS,COUNTRY CLUB,901 DEAN AVE,02 TWO FAMILY DWELLINGS
us-nyc,United States,New York,USD,800000.0,168.711848,2025-07-25,nyc_dof_rolling_sales,168.711848,,,,1955,,,02 TWO FAMILY DWELLINGS,COUNTRY CLUB,3220 LAFAYETTE AVENUE,02 TWO FAMILY DWELLINGS
us-nyc,United States,New York,USD,1382000.0,336.494666,2025-06-23,nyc_dof_rolling_sales,336.494666,,,,2003,,,02 TWO FAMILY DWELLINGS,COUNTRY CLUB,824 WILCOX AVE,02 TWO FAMILY DWELLINGS
us-nyc,United States,New York,USD,785000.0,94.76106,2025-12-18,nyc_dof_rolling_sales,94.76106,,,,1955,,,02 TWO FAMILY DWELLINGS,COUNTRY CLUB,810 CLARENCE AVENUE,02 TWO FAMILY DWELLINGS
us-nyc,United States,New York,USD,815000.0,177.073118,2025-03-04,nyc_dof_rolling_sales,177.073118,,,,1920,,,02 TWO FAMILY DWELLINGS,COUNTRY CLUB,616 ELLSWORTH AVENUE,02 TWO FAMILY DWELLINGS
us-nyc,United States,New York,USD,1.0,167.2254,2025-08-14,nyc_dof_rolling_sales,167.2254,,,,1930,,,02 TWO FAMILY DWELLINGS,COUNTRY CLUB,629 CLARENCE AVENUE,02 TWO FAMILY DWELLINGS
us-nyc,United States,New York,USD,685000.0,195.09629999999999,2025-09-17,nyc_dof_rolling_sales,195.09629999999999,,,,1910,,,03 THREE FAMILY DWELLINGS,COUNTRY CLUB,1114 DEAN AVENUE,03 THREE FAMILY DWELLINGS
us-nyc,United States,New York,USD,1500000.0,319.121805,2025-10-20,nyc_dof_rolling_sales,319.121805,,,,1965,,,03 THREE FAMILY DWELLINGS,COUNTRY CLUB,3125 SPENCER DRIVE,03 THREE FAMILY DWELLINGS
us-nyc,United States,New York,USD,980000.0,247.307786,2025-01-13,nyc_dof_rolling_sales,247.307786,,,,1960,,,03 THREE FAMILY DWELLINGS,COUNTRY CLUB,3234 MIDDLETOWN ROAD,03 THREE FAMILY DWELLINGS
us-nyc,United States,New York,USD,1050000.0,332.59274,2025-07-10,nyc_dof_rolling_sales,332.59274,,,,1930,,,03 THREE FAMILY DWELLINGS,COUNTRY CLUB,625 WILCOX AVENUE,03 THREE FAMILY DWELLINGS
us-nyc,United States,New York,USD,575000.0,nan,2025-09-05,nyc_dof_rolling_sales,nan,,,,2002,,,04 TAX CLASS 1 CONDOS,COUNTRY CLUB,"1412 OUTLOOK AVENUE, 2",04 TAX CLASS 1 CONDOS
us-nyc,United States,New York,USD,555000.0,nan,2025-09-29,nyc_dof_rolling_sales,nan,,,,2002,,,04 TAX CLASS 1 CONDOS,COUNTRY CLUB,"1432 OUTLOOK AVENUE, 1",04 TAX CLASS 1 CONDOS
us-nyc,United States,New York,USD,580000.0,nan,2025-09-25,nyc_dof_rolling_sales,nan,,,,2002,,,04 TAX CLASS 1 CONDOS,COUNTRY CLUB,"1432 OUTLOOK AVENUE, 2",04 TAX CLASS 1 CONDOS
us-nyc,United States,New York,USD,555000.0,nan,2025-01-24,nyc_dof_rolling_sales,nan,,,,2002,,,04 TAX CLASS 1 CONDOS,COUNTRY CLUB,"1442 OUTLOOK AVENUE, 1",04 TAX CLASS 1 CONDOS
us-nyc,United States,New York,USD,570000.0,nan,2025-06-20,nyc_dof_rolling_sales,nan,,,,2006,,,04 TAX CLASS 1 CONDOS,COUNTRY CLUB,"1490 OUTLOOK AVENUE, N5",04 TAX CLASS 1 CONDOS
us-nyc,United States,New York,USD,260000.0,nan,2025-03-19,nyc_dof_rolling_sales,nan,,,,1963,,,10 COOPS - ELEVATOR APARTMENTS,COUNTRY CLUB,"1110-1130 STADIUM AVENUE, 6 E",10 COOPS - ELEVATOR APARTMENTS
us-nyc,United States,New York,USD,225000.0,nan,2025-01-22,nyc_dof_rolling_sales,nan,,,,1963,,,10 COOPS - ELEVATOR APARTMENTS,COUNTRY CLUB,"1130 STADIUM AVENUE, 2-G",10 COOPS - ELEVATOR APARTMENTS
us-nyc,United States,New York,USD,240000.0,nan,2025-09-12,nyc_dof_rolling_sales,nan,,,,1963,,,10 COOPS - ELEVATOR APARTMENTS,COUNTRY CLUB,"1130 STADIUM AVENUE, 2D",10 COOPS - ELEVATOR APARTMENTS
us-nyc,United States,New York,USD,660000.0,128.20614,2025-01-29,nyc_dof_rolling_sales,128.20614,,,,1927,,,22 STORE BUILDINGS,COUNTRY CLUB,3202 AMPERE AVENUE,22 STORE BUILDINGS
us-nyc,United States,New York,USD,775000.0,107.024256,2025-10-23,nyc_dof_rolling_sales,107.024256,,,,1989,,,01 ONE FAMILY DWELLINGS,CROTONA PARK,1487 BOSTON RD,01 ONE FAMILY DWELLINGS
us-nyc,United States,New York,USD,1175000.0,107.024256,2025-10-23,nyc_dof_rolling_sales,107.024256,,,,1989,,,01 ONE FAMILY DWELLINGS,CROTONA PARK,1485 BOSTON ROAD,01 ONE FAMILY DWELLINGS
us-nyc,United States,New York,USD,1150000.0,107.024256,2025-10-23,nyc_dof_rolling_sales,107.024256,,,,1989,,,01 ONE FAMILY DWELLINGS,CROTONA PARK,1483 BOSTON ROAD,01 ONE FAMILY DWELLINGS
us-nyc,United States,New York,USD,1250000.0,428.097024,2025-10-23,nyc_dof_rolling_sales,428.097024,,,,1989,,,01 ONE FAMILY DWELLINGS,CROTONA PARK,1481 BOSTON ROAD,01 ONE FAMILY DWELLINGS
us-nyc,United States,New York,USD,675000.0,112.41263,2025-05-14,nyc_dof_rolling_sales,112.41263,,,,1910,,,01 ONE FAMILY DWELLINGS,CROTONA PARK,1831 WATERLOO PLACE,01 ONE FAMILY DWELLINGS
us-nyc,United States,New York,USD,807000.0,250.8381,2025-10-29,nyc_dof_rolling_sales,250.8381,,,,1985,,,01 ONE FAMILY DWELLINGS,CROTONA PARK,1565 CHARLOTTE,01 ONE FAMILY DWELLINGS
us-nyc,United States,New York,USD,700000.0,209.589168,2025-01-13,nyc_dof_rolling_sales,209.589168,,,,1930,,,01 ONE FAMILY DWELLINGS,CROTONA PARK,1829 WEST FARMS ROAD,01 ONE FAMILY DWELLINGS
us-nyc,United States,New York,USD,1000000.0,214.60593,2025-11-26,nyc_dof_rolling_sales,214.60593,,,,1901,,,02 TWO FAMILY DWELLINGS,CROTONA PARK,740 EAST 175TH STREET,02 TWO FAMILY DWELLINGS
us-nyc,United States,New York,USD,595000.0,205.12982399999999,2025-11-25,nyc_dof_rolling_sales,205.12982399999999,,,,1920,,,02 TWO FAMILY DWELLINGS,CROTONA PARK,1828 MARMION AVENUE,02 TWO FAMILY DWELLINGS
us-nyc,United States,New York,USD,925000.0,217.39302,2025-05-15,nyc_dof_rolling_sales,217.39302,,,,1997,,,02 TWO FAMILY DWELLINGS,CROTONA PARK,848 EAST 176TH STREET,02 TWO FAMILY DWELLINGS
us-nyc,United States,New York,USD,925000.0,217.39302,2025-05-15,nyc_dof_rolling_sales,217.39302,,,,1997,,,02 TWO FAMILY DWELLINGS,CROTONA PARK,850 EAST 176TH STREET,02 TWO FAMILY DWELLINGS
us-nyc,United States,New York,USD,1050000.0,222.688491,2025-05-15,nyc_dof_rolling_sales,222.688491,,,,1997,,,02 TWO FAMILY DWELLINGS,CROTONA PARK,852 EST 176TH STREET,02 TWO FAMILY DWELLINGS
us-nyc,United States,New York,USD,810000.0,213.769803,2025-06-12,nyc_dof_rolling_sales,213.769803,,,,1997,,,02 TWO FAMILY DWELLINGS,CROTONA PARK,1821 MOHEGAN AVENUE,02 TWO FAMILY DWELLINGS
us-nyc,United States,New York,USD,650000.0,373.005545,2025-11-17,nyc_dof_rolling_sales,373.005545,,,,1910,,,02 TWO FAMILY DWELLINGS,CROTONA PARK,1538 BRYANT AVENUE,02 TWO FAMILY DWELLINGS
us-nyc,United States,New York,USD,815000.0,279.266418,2025-02-21,nyc_dof_rolling_sales,279.266418,,,,1901,,,03 THREE FAMILY DWELLINGS,CROTONA PARK,1404 CROTONA PARK EAST,03 THREE FAMILY DWELLINGS
us-nyc,United States,New York,USD,1750000.0,365.666208,2025-08-18,nyc_dof_rolling_sales,365.666208,,,,1906,,,03 THREE FAMILY DWELLINGS,CROTONA PARK,1822 CROTONA AVENUE,03 THREE FAMILY DWELLINGS
us-nyc,United States,New York,USD,515366.0,160.536384,2025-11-25,nyc_dof_rolling_sales,160.536384,,,,1901,,,03 THREE FAMILY DWELLINGS,CROTONA PARK,805 EAST 170 STREET,03 THREE FAMILY DWELLINGS
us-nyc,United States,New York,USD,1100000.0,294.874122,2025-01-02,nyc_dof_rolling_sales,294.874122,,,,1998,,,03 THREE FAMILY DWELLINGS,CROTONA PARK,1464 MINFORD PLACE,03 THREE FAMILY DWELLINGS
us-nyc,United States,New York,USD,970000.0,306.022482,2025-05-19,nyc_dof_rolling_sales,306.022482,,,,1920,,,03 THREE FAMILY DWELLINGS,CROTONA PARK,1495 BRYANT AVE,03 THREE FAMILY DWELLINGS
us-nyc,United States,New York,USD,270000.0,341.697234,2025-09-09,nyc_dof_rolling_sales,341.697234,,,,2005,,,03 THREE FAMILY DWELLINGS,CROTONA PARK,1500 VYSE AVENUE,03 THREE FAMILY DWELLINGS
us-nyc,United States,New York,USD,1325000.0,3372.3789,2025-08-11,nyc_dof_rolling_sales,3372.3789,,,,1931,,,07 RENTALS - WALKUP APARTMENTS,CROTONA PARK,1806 VYSE AVENUE,07 RENTALS - WALKUP APARTMENTS
us-nyc,United States,New York,USD,9300000.0,1605.456743,2025-05-29,nyc_dof_rolling_sales,1605.456743,,,,1925,,,22 STORE BUILDINGS,CROTONA PARK,1472 BOSTON ROAD,22 STORE BUILDINGS
us-nyc,United States,New York,USD,900000.0,445.9344,2025-03-19,nyc_dof_rolling_sales,445.9344,,,,1931,,,22 STORE BUILDINGS,CROTONA PARK,911 JENNINGS STREET,22 STORE BUILDINGS
us-nyc,United States,New York,USD,10600000.0,5477.746686,2025-03-07,nyc_dof_rolling_sales,5477.746686,,,,1931,,,27 FACTORIES,CROTONA PARK,1776 HOE AVENUE,27 FACTORIES
us-nyc,United States,New York,USD,3143325.0,713.030525,2025-09-25,nyc_dof_rolling_sales,713.030525,,,,1931,,,29 COMMERCIAL GARAGES,CROTONA PARK,1404 STEBBINS AVENUE,29 COMMERCIAL GARAGES
us-nyc,United States,New York,USD,3900000.0,2078.333013,2025-06-04,nyc_dof_rolling_sales,2078.333013,,,,1959,,,30 WAREHOUSES,CROTONA PARK,1015 EAST 173 STREET,30 WAREHOUSES
us-nyc,United States,New York,USD,705000.0,153.847368,2025-10-22,nyc_dof_rolling_sales,153.847368,,,,1901,,,01 ONE FAMILY DWELLINGS,EAST TREMONT,778 ELSMERE PLACE,01 ONE FAMILY DWELLINGS
us-nyc,United States,New York,USD,1037500.0,115.942944,2025-01-23,nyc_dof_rolling_sales,115.942944,,,,1901,,,01 ONE FAMILY DWELLINGS,EAST TREMONT,1903 VYSE AVENUE,01 ONE FAMILY DWELLINGS
us-nyc,United States,New York,USD,380250.0,125.604856,2025-04-17,nyc_dof_rolling_sales,125.604856,,,,1901,,,01 ONE FAMILY DWELLINGS,EAST TREMONT,610 E 181ST STREET,01 ONE FAMILY DWELLINGS
us-nyc,United States,New York,USD,640000.0,188.407284,2025-12-19,nyc_dof_rolling_sales,188.407284,,,,1901,,,01 ONE FAMILY DWELLINGS,EAST TREMONT,618 EAST 181ST,01 ONE FAMILY DWELLINGS
us-nyc,United States,New York,USD,615000.0,111.4836,2025-08-18,nyc_dof_rolling_sales,111.4836,,,,1901,,,01 ONE FAMILY DWELLINGS,EAST TREMONT,2158 HUGHES AVENUE,01 ONE FAMILY DWELLINGS
us-nyc,United States,New York,USD,2450000.0,185.991806,2025-12-05,nyc_dof_rolling_sales,185.991806,,,,1930,,,01 ONE FAMILY DWELLINGS,EAST TREMONT,1969 CLINTON AVENUE,01 ONE FAMILY DWELLINGS
us-nyc,United States,New York,USD,640000.0,122.63195999999999,2025-12-16,nyc_dof_rolling_sales,122.63195999999999,,,,1970,,,01 ONE FAMILY DWELLINGS,EAST TREMONT,2111 PROSPECT AVENUE,01 ONE FAMILY DWELLINGS
us-nyc,United States,New York,USD,650000.0,122.63195999999999,2025-04-07,nyc_dof_rolling_sales,122.63195999999999,,,,1985,,,01 ONE FAMILY DWELLINGS,EAST TREMONT,2155 MAPES AVENUE,01 ONE FAMILY DWELLINGS
us-nyc,United States,New York,USD,850000.0,122.63195999999999,2025-11-04,nyc_dof_rolling_sales,122.63195999999999,,,,1985,,,01 ONE FAMILY DWELLINGS,EAST TREMONT,2151 MAPES AVE,01 ONE FAMILY DWELLINGS
us-nyc,United States,New York,USD,650000.0,122.63195999999999,2025-02-03,nyc_dof_rolling_sales,122.63195999999999,,,,1985,,,01 ONE FAMILY DWELLINGS,EAST TREMONT,2147 MAPES AVENUE,01 ONE FAMILY DWELLINGS
us-nyc,United States,New York,USD,730000.0,173.914416,2025-11-05,nyc_dof_rolling_sales,173.914416,,,,1910,,,01 ONE FAMILY DWELLINGS,EAST TREMONT,2139 MAPES AVENUE,01 ONE FAMILY DWELLINGS
us-nyc,United States,New York,USD,564200.0,122.63195999999999,2025-06-12,nyc_dof_rolling_sales,122.63195999999999,,,,1985,,,01 ONE FAMILY DWELLINGS,EAST TREMONT,2153 1/2 MAPES AVENUE,01 ONE FAMILY DWELLINGS
us-nyc,United States,New York,USD,677000.0,122.63195999999999,2025-03-04,nyc_dof_rolling_sales,122.63195999999999,,,,1985,,,01 ONE FAMILY DWELLINGS,EAST TREMONT,2149 MAPES AVENUE,01 ONE FAMILY DWELLINGS
us-nyc,United States,New York,USD,750000.0,126.719692,2025-04-30,nyc_dof_rolling_sales,126.719692,,,,1985,,,01 ONE FAMILY DWELLINGS,EAST TREMONT,2145 MAPES AVENUE,01 ONE FAMILY DWELLINGS
us-nyc,United States,New York,USD,850000.0,145.671904,2025-04-04,nyc_dof_rolling_sales,145.671904,,,,1901,,,02 TWO FAMILY DWELLINGS,EAST TREMONT,789 ELSMERE PLACE,02 TWO FAMILY DWELLINGS
us-nyc,United States,New York,USD,1237500.0,243.777472,2025-01-23,nyc_dof_rolling_sales,243.777472,,,,1901,,,02 TWO FAMILY DWELLINGS,EAST TREMONT,1905 VYSE AVENUE,02 TWO FAMILY DWELLINGS
us-nyc,United States,New York,USD,865000.0,320.51535,2025-11-26,nyc_dof_rolling_sales,320.51535,,,,2002,,,02 TWO FAMILY DWELLINGS,EAST TREMONT,1939 MONTEREY AVENUE,02 TWO FAMILY DWELLINGS
us-nyc,United States,New York,USD,800000.0,227.426544,2025-11-10,nyc_dof_rolling_sales,227.426544,,,,1901,,,02 TWO FAMILY DWELLINGS,EAST TREMONT,619 EAST 178TH STREET,02 TWO FAMILY DWELLINGS
us-nyc,United States,New York,USD,150000.0,167.2254,2025-02-10,nyc_dof_rolling_sales,167.2254,,,,1931,,,02 TWO FAMILY DWELLINGS,EAST TREMONT,1978 BELMONT AVENUE,02 TWO FAMILY DWELLINGS
us-nyc,United States,New York,USD,625000.0,159.79316,2025-02-27,nyc_dof_rolling_sales,159.79316,,,,1920,,,02 TWO FAMILY DWELLINGS,EAST TREMONT,672 OAKLAND PLACE,02 TWO FAMILY DWELLINGS
us-nyc,United States,New York,USD,850000.0,193.23824,2025-10-22,nyc_dof_rolling_sales,193.23824,,,,1920,,,02 TWO FAMILY DWELLINGS,EAST TREMONT,673 OAKLAND PLACE,02 TWO FAMILY DWELLINGS
us-nyc,United States,New York,USD,675000.0,172.427968,2025-07-16,nyc_dof_rolling_sales,172.427968,,,,1901,,,02 TWO FAMILY DWELLINGS,EAST TREMONT,2136 HUGHES AVE,02 TWO FAMILY DWELLINGS
us-nyc,United States,New York,USD,930000.0,177.258924,2025-07-31,nyc_dof_rolling_sales,177.258924,,,,1901,,,02 TWO FAMILY DWELLINGS,EAST TREMONT,2151 BELMONT AVE,02 TWO FAMILY DWELLINGS
us-nyc,United States,New York,USD,2450000.0,245.26391999999998,2025-12-05,nyc_dof_rolling_sales,245.26391999999998,,,,1920,,,02 TWO FAMILY DWELLINGS,EAST TREMONT,1965 CLINTON AVENUE,02 TWO FAMILY DWELLINGS
us-nyc,United States,New York,USD,725000.0,203.643376,2025-10-06,nyc_dof_rolling_sales,203.643376,,,,1920,,,02 TWO FAMILY DWELLINGS,EAST TREMONT,1988 CLINTON AVENUE,02 TWO FAMILY DWELLINGS
us-nyc,United States,New York,USD,675000.0,156.820264,2025-05-01,nyc_dof_rolling_sales,156.820264,,,,1920,,,02 TWO FAMILY DWELLINGS,EAST TREMONT,713 OAKLAND PLACE,02 TWO FAMILY DWELLINGS
us-nyc,United States,New York,USD,1110000.0,289.671554,2025-03-27,nyc_dof_rolling_sales,289.671554,,,,1920,,,02 TWO FAMILY DWELLINGS,EAST TREMONT,2007 CLINTON AVENUE,02 TWO FAMILY DWELLINGS
us-nyc,United States,New York,USD,800000.0,178.002148,2025-08-14,nyc_dof_rolling_sales,178.002148,,,,1910,,,02 TWO FAMILY DWELLINGS,EAST TREMONT,2139 PROSPECT AVENUE,02 TWO FAMILY DWELLINGS
us-nyc,United States,New York,USD,490000.0,156.262846,2025-09-12,nyc_dof_rolling_sales,156.262846,,,,1910,,,02 TWO FAMILY DWELLINGS,EAST TREMONT,2158 CLINTON AVENUE,02 TWO FAMILY DWELLINGS
us-nyc,United States,New York,USD,690000.0,191.38018,2025-05-27,nyc_dof_rolling_sales,191.38018,,,,1905,,,02 TWO FAMILY DWELLINGS,EAST TREMONT,717 E 181 STREET,02 TWO FAMILY DWELLINGS
us-nyc,United States,New York,USD,950000.0,253.067772,2025-03-13,nyc_dof_rolling_sales,253.067772,,,,2002,,,02 TWO FAMILY DWELLINGS,EAST TREMONT,818 EAST 179 STREET,02 TWO FAMILY DWELLINGS
us-nyc,United States,New York,USD,1180000.0,219.994304,2025-12-19,nyc_dof_rolling_sales,219.994304,,,,1925,,,02 TWO FAMILY DWELLINGS,EAST TREMONT,2079 HONEYWELL AVENUE,02 TWO FAMILY DWELLINGS
us-nyc,United States,New York,USD,1265000.0,219.994304,2025-05-29,nyc_dof_rolling_sales,219.994304,,,,1925,,,02 TWO FAMILY DWELLINGS,EAST TREMONT,2075 HONEYWELL AVENUE,02 TWO FAMILY DWELLINGS
us-nyc,United States,New York,USD,810000.0,226.125902,2025-11-21,nyc_dof_rolling_sales,226.125902,,,,1925,,,02 TWO FAMILY DWELLINGS,EAST TREMONT,1984 DALY AVENUE,02 TWO FAMILY DWELLINGS
us-nyc,United States,New York,USD,226806.0,204.851115,2025-08-22,nyc_dof_rolling_sales,204.851115,,,,1992,,,02 TWO FAMILY DWELLINGS,EAST TREMONT,960 EAST 179 STREET,02 TWO FAMILY DWELLINGS
us-nyc,United States,New York,USD,549855.0,204.851115,2025-05-13,nyc_dof_rolling_sales,204.851115,,,,1992,,,02 TWO FAMILY DWELLINGS,EAST TREMONT,975 E 178 STREET,02 TWO FAMILY DWELLINGS
us-nyc,United States,New York,USD,1000.0,151.246084,2025-06-20,nyc_dof_rolling_sales,151.246084,,,,1910,,,02 TWO FAMILY DWELLINGS,EAST TREMONT,1129 EAST TREMONT AVENUE,02 TWO FAMILY DWELLINGS
us-nyc,United States,New York,USD,830000.0,306.951512,2025-09-12,nyc_dof_rolling_sales,306.951512,,,,1901,,,03 THREE FAMILY DWELLINGS,EAST TREMONT,798 ELSMERE PLACE,03 THREE FAMILY DWELLINGS
us-nyc,United States,New York,USD,1020000.0,250.8381,2025-10-30,nyc_dof_rolling_sales,250.8381,,,,2006,,,03 THREE FAMILY DWELLINGS,EAST TREMONT,879 ELSMERE PLACE,03 THREE FAMILY DWELLINGS
us-nyc,United States,New York,USD,865000.0,291.808323,2025-04-17,nyc_dof_rolling_sales,291.808323,,,,2006,,,03 THREE FAMILY DWELLINGS,EAST TREMONT,869 ELSMERE PLACE,03 THREE FAMILY DWELLINGS
us-nyc,United States,New York,USD,1100000.0,803.425144,2025-11-10,nyc_dof_rolling_sales,803.425144,,,,1901,,,03 THREE FAMILY DWELLINGS,EAST TREMONT,623 E 178 STREET,03 THREE FAMILY DWELLINGS
us-nyc,United States,New York,USD,800000.0,230.39944,2025-11-10,nyc_dof_rolling_sales,230.39944,,,,1931,,,03 THREE FAMILY DWELLINGS,EAST TREMONT,621 EAST 178TH STREET,03 THREE FAMILY DWELLINGS
us-nyc,United States,New York,USD,675000.0,250.8381,2025-10-29,nyc_dof_rolling_sales,250.8381,,,,2010,,,03 THREE FAMILY DWELLINGS,EAST TREMONT,585 E 178 STREET,03 THREE FAMILY DWELLINGS
us-nyc,United States,New York,USD,675000.0,250.8381,2025-10-29,nyc_dof_rolling_sales,250.8381,,,,2010,,,03 THREE FAMILY DWELLINGS,EAST TREMONT,583 E 178 STREET,03 THREE FAMILY DWELLINGS
us-nyc,United States,New York,USD,550000.0,328.87662,2025-07-02,nyc_dof_rolling_sales,328.87662,,,,2002,,,03 THREE FAMILY DWELLINGS,EAST TREMONT,2159 BELMONT AVENUE,03 THREE FAMILY DWELLINGS
us-nyc,United States,New York,USD,950000.0,264.77355,2025-07-02,nyc_dof_rolling_sales,264.77355,,,,1901,,,03 THREE FAMILY DWELLINGS,EAST TREMONT,2153 BELMONT AVENUE,03 THREE FAMILY DWELLINGS
us-nyc,United States,New York,USD,954500.0,272.298693,2025-07-10,nyc_dof_rolling_sales,272.298693,,,,2001,,,03 THREE FAMILY DWELLINGS,EAST TREMONT,2175 CROTONA AVENUE,03 THREE FAMILY DWELLINGS
us-nyc,United States,New York,USD,998000.0,188.128575,2025-07-09,nyc_dof_rolling_sales,188.128575,,,,2002,,,03 THREE FAMILY DWELLINGS,EAST TREMONT,741 EAST 181ST STREET,03 THREE FAMILY DWELLINGS
us-nyc,United States,New York,USD,430000.0,229.377507,2025-02-18,nyc_dof_rolling_sales,229.377507,,,,1995,,,03 THREE FAMILY DWELLINGS,EAST TREMONT,1976 MAPES AVENUE,03 THREE FAMILY DWELLINGS
us-nyc,United States,New York,USD,10.0,267.56064,2025-05-20,nyc_dof_rolling_sales,267.56064,,,,1994,,,03 THREE FAMILY DWELLINGS,EAST TREMONT,811 EAST 179TH STREET,03 THREE FAMILY DWELLINGS
us-nyc,United States,New York,USD,4050000.0,2043.866,2025-05-15,nyc_dof_rolling_sales,2043.866,,,,1911,,,07 RENTALS - WALKUP APARTMENTS,EAST TREMONT,2119 HUGHES AVENUE,07 RENTALS - WALKUP APARTMENTS
us-nyc,United States,New York,USD,4050000.0,2043.866,2025-05-15,nyc_dof_rolling_sales,2043.866,,,,1911,,,07 RENTALS - WALKUP APARTMENTS,EAST TREMONT,2115 HUGHES AVENUE,07 RENTALS - WALKUP APARTMENTS
us-nyc,United States,New York,USD,955000.0,371.612,2025-06-10,nyc_dof_rolling_sales,371.612,,,,1910,,,07 RENTALS - WALKUP APARTMENTS,EAST TREMONT,2137 MAPES AVENUE,07 RENTALS - WALKUP APARTMENTS
us-nyc,United States,New York,USD,1600000.0,1176.059077,2025-03-27,nyc_dof_rolling_sales,1176.059077,,,,1911,,,07 RENTALS - WALKUP APARTMENTS,EAST TREMONT,2106 HONEYWELL AVENUE,07 RENTALS - WALKUP APARTMENTS
us-nyc,United States,New York,USD,150000.0,nan,2025-11-25,nyc_dof_rolling_sales,nan,,,,1993,,,09 COOPS - WALKUP APARTMENTS,EAST TREMONT,"1912 DALY AVENUE, A",09 COOPS - WALKUP APARTMENTS
us-nyc,United States,New York,USD,883742.0,nan,2025-01-30,nyc_dof_rolling_sales,nan,,,,1931,,,09 COOPS - WALKUP APARTMENTS,EAST TREMONT,1900 LONGFELLOW AVENUE,09 COOPS - WALKUP APARTMENTS
us-nyc,United States,New York,USD,1500.0,nan,2025-11-24,nyc_dof_rolling_sales,nan,,,,1924,,,09 COOPS - WALKUP APARTMENTS,EAST TREMONT,"681 EAST 181ST STREET, 1J",09 COOPS - WALKUP APARTMENTS
us-nyc,United States,New York,USD,1500.0,nan,2025-06-18,nyc_dof_rolling_sales,nan,,,,1924,,,09 COOPS - WALKUP APARTMENTS,EAST TREMONT,"681 EAST 181ST STREET, 2C",09 COOPS - WALKUP APARTMENTS
us-nyc,United States,New York,USD,165000.0,nan,2025-07-28,nyc_dof_rolling_sales,nan,,,,1927,,,09 COOPS - WALKUP APARTMENTS,EAST TREMONT,"1974 CROTONA AVE, 4",09 COOPS - WALKUP APARTMENTS
us-nyc,United States,New York,USD,85000.0,nan,2025-08-20,nyc_dof_rolling_sales,nan,,,,1927,,,09 COOPS - WALKUP APARTMENTS,EAST TREMONT,"1974 CROTONA AVENUE, 45",09 COOPS - WALKUP APARTMENTS
us-nyc,United States,New York,USD,50000.0,nan,2025-04-30,nyc_dof_rolling_sales,nan,,,,1916,,,09 COOPS - WALKUP APARTMENTS,EAST TREMONT,"705-7 EAST 179TH STREET, 21",09 COOPS - WALKUP APARTMENTS
us-nyc,United States,New York,USD,883742.0,nan,2025-01-30,nyc_dof_rolling_sales,nan,,,,1931,,,09 COOPS - WALKUP APARTMENTS,EAST TREMONT,851 EAST TREMONT AVENUE,09 COOPS - WALKUP APARTMENTS
us-nyc,United States,New York,USD,146000.0,nan,2025-12-23,nyc_dof_rolling_sales,nan,,,,1931,,,09 COOPS - WALKUP APARTMENTS,EAST TREMONT,"2016 MARMION, 2E",09 COOPS - WALKUP APARTMENTS
us-nyc,United States,New York,USD,200000.0,nan,2025-11-19,nyc_dof_rolling_sales,nan,,,,1992,,,09 COOPS - WALKUP APARTMENTS,EAST TREMONT,"944 EAST 178TH STREET, B",09 COOPS - WALKUP APARTMENTS
us-nyc,United States,New York,USD,210000.0,nan,2025-08-08,nyc_dof_rolling_sales,nan,,,,1926,,,09 COOPS - WALKUP APARTMENTS,EAST TREMONT,"2000 DALY AVENUE, 5B",09 COOPS - WALKUP APARTMENTS
us-nyc,United States,New York,USD,185000.0,nan,2025-09-11,nyc_dof_rolling_sales,nan,,,,1992,,,09 COOPS - WALKUP APARTMENTS,EAST TREMONT,"1988 VYSE AVENUE, 1A",09 COOPS - WALKUP APARTMENTS
us-nyc,United States,New York,USD,212500.0,nan,2025-09-03,nyc_dof_rolling_sales,nan,,,,1992,,,09 COOPS - WALKUP APARTMENTS,EAST TREMONT,"972 EAST 178TH STREET, B",09 COOPS - WALKUP APARTMENTS
us-nyc,United States,New York,USD,120000.0,nan,2025-06-13,nyc_dof_rolling_sales,nan,,,,1931,,,10 COOPS - ELEVATOR APARTMENTS,EAST TREMONT,"700 OAKLAND PLACE, 5C",10 COOPS - ELEVATOR APARTMENTS
us-nyc,United States,New York,USD,315000.0,nan,2025-03-19,nyc_dof_rolling_sales,nan,,,,2007,,,13 CONDOS - ELEVATOR APARTMENTS,EAST TREMONT,"2155 DALY AVENUE, 3A",13 CONDOS - ELEVATOR APARTMENTS
us-nyc,United States,New York,USD,330000.0,nan,2025-08-12,nyc_dof_rolling_sales,nan,,,,2007,,,13 CONDOS - ELEVATOR APARTMENTS,EAST TREMONT,"2155 DALY AVENUE, 6B",13 CONDOS - ELEVATOR APARTMENTS
us-nyc,United States,New York,USD,1550000.0,390.471309,2025-12-22,nyc_dof_rolling_sales,390.471309,,,,1931,,,22 STORE BUILDINGS,EAST TREMONT,806 EAST TREMONT AVENUE,22 STORE BUILDINGS
us-nyc,United States,New York,USD,500000.0,464.329194,2025-01-22,nyc_dof_rolling_sales,464.329194,,,,1931,,,22 STORE BUILDINGS,EAST TREMONT,2026 LAFONTAINE AVENUE,22 STORE BUILDINGS
us-nyc,United States,New York,USD,3900000.0,1189.901624,2025-07-09,nyc_dof_rolling_sales,1189.901624,,,,1970,,,22 STORE BUILDINGS,EAST TREMONT,939 EAST TREMONT AVENUE,22 STORE BUILDINGS
us-nyc,United States,New York,USD,1751425.0,nan,2025-10-31,nyc_dof_rolling_sales,nan,,,,2020,,,46 CONDO STORE BUILDINGS,EAST TREMONT,"913 EAST TREMONT AVENUE, 2",46 CONDO STORE BUILDINGS
us-nyc,United States,New York,USD,1150000.0,243.684569,2025-11-25,nyc_dof_rolling_sales,243.684569,,,,1920,,,01 ONE FAMILY DWELLINGS,FIELDSTON,4430 CAYUGA AVENUE,01 ONE FAMILY DWELLINGS
us-nyc,United States,New York,USD,2350000.0,389.077764,2025-06-04,nyc_dof_rolling_sales,389.077764,,,,1915,,,01 ONE FAMILY DWELLINGS,FIELDSTON,4456 WALDO AVE,01 ONE FAMILY DWELLINGS
us-nyc,United States,New York,USD,1700000.0,297.661212,2025-09-25,nyc_dof_rolling_sales,297.661212,,,,1920,,,01 ONE FAMILY DWELLINGS,FIELDSTON,4417 TIBBETT AVENUE,01 ONE FAMILY DWELLINGS
us-nyc,United States,New York,USD,2000000.0,365.666208,2025-10-03,nyc_dof_rolling_sales,365.666208,,,,1930,,,01 ONE FAMILY DWELLINGS,FIELDSTON,4570 HENRY HUDSON PKWY E,01 ONE FAMILY DWELLINGS
us-nyc,United States,New York,USD,1100000.0,190.45115,2025-09-03,nyc_dof_rolling_sales,190.45115,,,,1930,,,01 ONE FAMILY DWELLINGS,FIELDSTON,4590 HENRY HUDSON PKWY E,01 ONE FAMILY DWELLINGS
us-nyc,United States,New York,USD,2025000.0,219.994304,2025-11-14,nyc_dof_rolling_sales,219.994304,,,,1930,,,01 ONE FAMILY DWELLINGS,FIELDSTON,4547 DELAFIELD AVENUE,01 ONE FAMILY DWELLINGS
us-nyc,United States,New York,USD,2725000.0,343.555294,2025-03-07,nyc_dof_rolling_sales,343.555294,,,,1925,,,01 ONE FAMILY DWELLINGS,FIELDSTON,5022 WALDO AVENUE,01 ONE FAMILY DWELLINGS
us-nyc,United States,New York,USD,2800000.0,401.712572,2025-04-10,nyc_dof_rolling_sales,401.712572,,,,1960,,,01 ONE FAMILY DWELLINGS,FIELDSTON,4662 GROSVENOR AVENUE,01 ONE FAMILY DWELLINGS
us-nyc,United States,New York,USD,1975000.0,293.201868,2025-04-04,nyc_dof_rolling_sales,293.201868,,,,1899,,,01 ONE FAMILY DWELLINGS,FIELDSTON,4720 GROSVENOR AVE,01 ONE FAMILY DWELLINGS
us-nyc,United States,New York,USD,3003838.0,308.623766,2025-07-24,nyc_dof_rolling_sales,308.623766,,,,2024,,,01 ONE FAMILY DWELLINGS,FIELDSTON,4671 GROSVENOR AVENUE,01 ONE FAMILY DWELLINGS
us-nyc,United States,New York,USD,2500000.0,348.38625,2025-08-27,nyc_dof_rolling_sales,348.38625,,,,1970,,,01 ONE FAMILY DWELLINGS,FIELDSTON,4617 DELAFIELD AVENUE,01 ONE FAMILY DWELLINGS
us-nyc,United States,New York,USD,1200000.0,137.49644,2025-01-24,nyc_dof_rolling_sales,137.49644,,,,1940,,,01 ONE FAMILY DWELLINGS,FIELDSTON,5155 POST ROAD,01 ONE FAMILY DWELLINGS
us-nyc,United States,New York,USD,4150000.0,792.183881,2025-01-23,nyc_dof_rolling_sales,792.183881,,,,2015,,,01 ONE FAMILY DWELLINGS,FIELDSTON,5030 GOODRIDGE AVENUE,01 ONE FAMILY DWELLINGS
us-nyc,United States,New York,USD,6500000.0,1003.3524,2025-01-07,nyc_dof_rolling_sales,1003.3524,,,,2005,,,01 ONE FAMILY DWELLINGS,FIELDSTON,421 WEST 250 STREET,01 ONE FAMILY DWELLINGS
us-nyc,United States,New York,USD,600000.0,219.901401,2025-01-17,nyc_dof_rolling_sales,219.901401,,,,1965,,,02 TWO FAMILY DWELLINGS,FIELDSTON,224 WEST 252ND STREET,02 TWO FAMILY DWELLINGS
us-nyc,United States,New York,USD,225000.0,nan,2025-02-14,nyc_dof_rolling_sales,nan,,,,1931,,,10 COOPS - ELEVATOR APARTMENTS,FIELDSTON,"4410 CAYUGA AVENUE, 1G",10 COOPS - ELEVATOR APARTMENTS
us-nyc,United States,New York,USD,260000.0,nan,2025-10-08,nyc_dof_rolling_sales,nan,,,,1931,,,10 COOPS - ELEVATOR APARTMENTS,FIELDSTON,"4410 CAYUGA AVENUE, 2F",10 COOPS - ELEVATOR APARTMENTS
us-nyc,United States,New York,USD,270000.0,nan,2025-04-03,nyc_dof_rolling_sales,nan,,,,1931,,,10 COOPS - ELEVATOR APARTMENTS,FIELDSTON,"4410 CAYUGA AVENUE, 4B",10 COOPS - ELEVATOR APARTMENTS
us-nyc,United States,New York,USD,200000.0,nan,2025-11-13,nyc_dof_rolling_sales,nan,,,,1931,,,10 COOPS - ELEVATOR APARTMENTS,FIELDSTON,"4410 CAYUGA AVENUE, 6E",10 COOPS - ELEVATOR APARTMENTS
us-nyc,United States,New York,USD,192000.0,nan,2025-11-25,nyc_dof_rolling_sales,nan,,,,1930,,,10 COOPS - ELEVATOR APARTMENTS,FIELDSTON,"4414 CAYUGA AVENUE, 6E",10 COOPS - ELEVATOR APARTMENTS
us-nyc,United States,New York,USD,377000.0,nan,2025-02-06,nyc_dof_rolling_sales,nan,,,,1940,,,10 COOPS - ELEVATOR APARTMENTS,FIELDSTON,"4445 POST ROAD, 3F",10 COOPS - ELEVATOR APARTMENTS
us-nyc,United States,New York,USD,425000.0,nan,2025-05-05,nyc_dof_rolling_sales,nan,,,,1940,,,10 COOPS - ELEVATOR APARTMENTS,FIELDSTON,"4445 POST ROAD, 4-D",10 COOPS - ELEVATOR APARTMENTS
us-nyc,United States,New York,USD,270000.0,nan,2025-02-07,nyc_dof_rolling_sales,nan,,,,1940,,,10 COOPS - ELEVATOR APARTMENTS,FIELDSTON,"4445 POST ROAD, 4B",10 COOPS - ELEVATOR APARTMENTS
us-nyc,United States,New York,USD,380000.0,nan,2025-01-28,nyc_dof_rolling_sales,nan,,,,1940,,,10 COOPS - ELEVATOR APARTMENTS,FIELDSTON,"4445 POST ROAD, 7D",10 COOPS - ELEVATOR APARTMENTS
us-nyc,United States,New York,USD,210000.0,nan,2025-01-13,nyc_dof_rolling_sales,nan,,,,1965,,,10 COOPS - ELEVATOR APARTMENTS,FIELDSTON,"255 FIELDSTON TERRACE, 3M",10 COOPS - ELEVATOR APARTMENTS
us-nyc,United States,New York,USD,168000.0,nan,2025-07-02,nyc_dof_rolling_sales,nan,,,,1964,,,10 COOPS - ELEVATOR APARTMENTS,FIELDSTON,"5235 POST ROAD, 6B",10 COOPS - ELEVATOR APARTMENTS
us-nyc,United States,New York,USD,990000.0,174.286028,2025-12-15,nyc_dof_rolling_sales,174.286028,,,,1920,,,01 ONE FAMILY DWELLINGS,FORDHAM,2484 ELM PL,01 ONE FAMILY DWELLINGS
us-nyc,United States,New York,USD,992500.0,174.286028,2025-12-15,nyc_dof_rolling_sales,174.286028,,,,1920,,,01 ONE FAMILY DWELLINGS,FORDHAM,2488 ELM PL,01 ONE FAMILY DWELLINGS
us-nyc,United States,New York,USD,610000.0,189.150508,2025-03-07,nyc_dof_rolling_sales,189.150508,,,,1901,,,01 ONE FAMILY DWELLINGS,FORDHAM,2062 RYER AVENUE,01 ONE FAMILY DWELLINGS
us-nyc,United States,New York,USD,650000.0,178.37376,2025-05-02,nyc_dof_rolling_sales,178.37376,,,,1901,,,01 ONE FAMILY DWELLINGS,FORDHAM,2648 MORRIS AVENUE,01 ONE FAMILY DWELLINGS
us-nyc,United States,New York,USD,2900000.0,275.085783,2025-07-17,nyc_dof_rolling_sales,275.085783,,,,1901,,,01 ONE FAMILY DWELLINGS,FORDHAM,2641 CRESTON AVENUE,01 ONE FAMILY DWELLINGS
us-nyc,United States,New York,USD,1500000.0,287.256076,2025-07-28,nyc_dof_rolling_sales,287.256076,,,,1901,,,01 ONE FAMILY DWELLINGS,FORDHAM,2443 MORRIS AVENUE,01 ONE FAMILY DWELLINGS
us-nyc,United States,New York,USD,1500000.0,141.955784,2025-07-28,nyc_dof_rolling_sales,141.955784,,,,1901,,,01 ONE FAMILY DWELLINGS,FORDHAM,2441 MORRIS AVENUE,01 ONE FAMILY DWELLINGS
us-nyc,United States,New York,USD,992500.0,182.275686,2025-12-15,nyc_dof_rolling_sales,182.275686,,,,1920,,,02 TWO FAMILY DWELLINGS,FORDHAM,2486 ELM PL,02 TWO FAMILY DWELLINGS
us-nyc,United States,New York,USD,514216.0,188.035672,2025-08-06,nyc_dof_rolling_sales,188.035672,,,,1901,,,02 TWO FAMILY DWELLINGS,FORDHAM,2104 VALENTINE AVE,02 TWO FAMILY DWELLINGS
us-nyc,United States,New York,USD,1185000.0,327.01856,2025-11-05,nyc_dof_rolling_sales,327.01856,,,,1910,,,02 TWO FAMILY DWELLINGS,FORDHAM,2107 TIEBOUT AVENUE,02 TWO FAMILY DWELLINGS
us-nyc,United States,New York,USD,1100000.0,268.118058,2025-10-31,nyc_dof_rolling_sales,268.118058,,,,1901,,,02 TWO FAMILY DWELLINGS,FORDHAM,2318 VALENTINE AVENUE,02 TWO FAMILY DWELLINGS
us-nyc,United States,New York,USD,225000.0,133.037096,2025-06-04,nyc_dof_rolling_sales,133.037096,,,,1901,,,02 TWO FAMILY DWELLINGS,FORDHAM,2334 VALENTINE AVE,02 TWO FAMILY DWELLINGS
us-nyc,United States,New York,USD,900000.0,133.037096,2025-04-23,nyc_dof_rolling_sales,133.037096,,,,1901,,,02 TWO FAMILY DWELLINGS,FORDHAM,2334 VALENTINE AVENUE,02 TWO FAMILY DWELLINGS
us-nyc,United States,New York,USD,810000.0,211.81884,2025-01-31,nyc_dof_rolling_sales,211.81884,,,,1992,,,02 TWO FAMILY DWELLINGS,FORDHAM,2359 VALENTINE AVENUE,02 TWO FAMILY DWELLINGS
us-nyc,United States,New York,USD,880000.0,200.67048,2025-01-27,nyc_dof_rolling_sales,200.67048,,,,1901,,,02 TWO FAMILY DWELLINGS,FORDHAM,2087 RYER AVENUE,02 TWO FAMILY DWELLINGS
us-nyc,United States,New York,USD,565000.0,213.6769,2025-01-10,nyc_dof_rolling_sales,213.6769,,,,1915,,,02 TWO FAMILY DWELLINGS,FORDHAM,11 EAST 184TH ST,02 TWO FAMILY DWELLINGS
us-nyc,United States,New York,USD,1500000.0,245.26391999999998,2025-02-11,nyc_dof_rolling_sales,245.26391999999998,,,,1920,,,02 TWO FAMILY DWELLINGS,FORDHAM,360 EAST 194TH STREET,02 TWO FAMILY DWELLINGS
us-nyc,United States,New York,USD,1400000.0,265.888386,2025-08-14,nyc_dof_rolling_sales,265.888386,,,,1901,,,03 THREE FAMILY DWELLINGS,FORDHAM,2096 RYER AVE,03 THREE FAMILY DWELLINGS
us-nyc,United States,New York,USD,750000.0,265.888386,2025-01-22,nyc_dof_rolling_sales,265.888386,,,,1901,,,03 THREE FAMILY DWELLINGS,FORDHAM,2096 RYER AVENUE,03 THREE FAMILY DWELLINGS
us-nyc,United States,New York,USD,875000.0,293.016062,2025-01-16,nyc_dof_rolling_sales,293.016062,,,,1901,,,03 THREE FAMILY DWELLINGS,FORDHAM,2305 CRESTON AVENUE,03 THREE FAMILY DWELLINGS
us-nyc,United States,New York,USD,999900.0,301.563138,2025-11-26,nyc_dof_rolling_sales,301.563138,,,,1901,,,03 THREE FAMILY DWELLINGS,FORDHAM,2581 MARION AVENUE,03 THREE FAMILY DWELLINGS
us-nyc,United States,New York,USD,830000.0,265.516774,2025-04-22,nyc_dof_rolling_sales,265.516774,,,,1915,,,03 THREE FAMILY DWELLINGS,FORDHAM,2584 BRIGGS AVENUE,03 THREE FAMILY DWELLINGS
us-nyc,United States,New York,USD,770000.0,292.365741,2025-01-21,nyc_dof_rolling_sales,292.365741,,,,1915,,,03 THREE FAMILY DWELLINGS,FORDHAM,2596 BRIGGS AVENUE,03 THREE FAMILY DWELLINGS
us-nyc,United States,New York,USD,3800000.0,1967.313928,2025-08-28,nyc_dof_rolling_sales,1967.313928,,,,1915,,,07 RENTALS - WALKUP APARTMENTS,FORDHAM,2359 GRAND CONCOURSE,07 RENTALS - WALKUP APARTMENTS
us-nyc,United States,New York,USD,32333419.0,3723.087725,2025-06-30,nyc_dof_rolling_sales,3723.087725,,,,1922,,,07 RENTALS - WALKUP APARTMENTS,FORDHAM,2160 WALTON AVENUE,07 RENTALS - WALKUP APARTMENTS
us-nyc,United States,New York,USD,5780970.0,6035.257589,2025-05-16,nyc_dof_rolling_sales,6035.257589,,,,1942,,,08 RENTALS - ELEVATOR APARTMENTS,FORDHAM,2056 ANTHONY AVENUE,08 RENTALS - ELEVATOR APARTMENTS
us-nyc,United States,New York,USD,3350000.0,3344.508,2025-02-26,nyc_dof_rolling_sales,3344.508,,,,1928,,,08 RENTALS - ELEVATOR APARTMENTS,FORDHAM,212 EAST 182ND STREET,08 RENTALS - ELEVATOR APARTMENTS
us-nyc,United States,New York,USD,85000.0,nan,2025-05-30,nyc_dof_rolling_sales,nan,,,,1913,,,09 COOPS - WALKUP APARTMENTS,FORDHAM,"268 EAST 181 STREET, 4C",09 COOPS - WALKUP APARTMENTS
us-nyc,United States,New York,USD,280000.0,nan,2025-07-29,nyc_dof_rolling_sales,nan,,,,1955,,,10 COOPS - ELEVATOR APARTMENTS,FORDHAM,"2420 MORRIS AVE, 2E",10 COOPS - ELEVATOR APARTMENTS
us-nyc,United States,New York,USD,210000.0,nan,2025-10-14,nyc_dof_rolling_sales,nan,,,,1955,,,10 COOPS - ELEVATOR APARTMENTS,FORDHAM,"2420 MORRIS AVE, 4K",10 COOPS - ELEVATOR APARTMENTS
us-nyc,United States,New York,USD,207000.0,nan,2025-06-18,nyc_dof_rolling_sales,nan,,,,1955,,,10 COOPS - ELEVATOR APARTMENTS,FORDHAM,"2420 MORRIS AVE, 5K",10 COOPS - ELEVATOR APARTMENTS
us-nyc,United States,New York,USD,173000.0,nan,2025-09-11,nyc_dof_rolling_sales,nan,,,,1955,,,10 COOPS - ELEVATOR APARTMENTS,FORDHAM,"2420 MORRIS AVENUE, 1A",10 COOPS - ELEVATOR APARTMENTS
us-nyc,United States,New York,USD,300000.0,nan,2025-10-17,nyc_dof_rolling_sales,nan,,,,1955,,,10 COOPS - ELEVATOR APARTMENTS,FORDHAM,"2420 MORRIS AVENUE, 6E",10 COOPS - ELEVATOR APARTMENTS
us-nyc,United States,New York,USD,130000.0,nan,2025-10-29,nyc_dof_rolling_sales,nan,,,,1942,,,10 COOPS - ELEVATOR APARTMENTS,FORDHAM,"55 EAST 190TH STREET, 37",10 COOPS - ELEVATOR APARTMENTS
us-nyc,United States,New York,USD,4925012.0,3619.872492,2025-01-30,nyc_dof_rolling_sales,3619.872492,,,,1993,,,21 OFFICE BUILDINGS,FORDHAM,2511 MARION AVENUE,21 OFFICE BUILDINGS
us-nyc,United States,New York,USD,7991420.0,4645.15,2025-01-15,nyc_dof_rolling_sales,4645.15,,,,1971,,,21 OFFICE BUILDINGS,FORDHAM,2532 GRAND CONCOURSE,21 OFFICE BUILDINGS
us-nyc,United States,New York,USD,24000.0,225.289775,2025-02-18,nyc_dof_rolling_sales,225.289775,,,,1931,,,21 OFFICE BUILDINGS,FORDHAM,113 EAST 183 STREET,21 OFFICE BUILDINGS
us-nyc,United States,New York,USD,4925012.0,278.709,2025-01-30,nyc_dof_rolling_sales,278.709,,,,1960,,,22 STORE BUILDINGS,FORDHAM,350 EAST FORDHAM ROAD,22 STORE BUILDINGS
us-nyc,United States,New York,USD,3100000.0,418.0635,2025-02-05,nyc_dof_rolling_sales,418.0635,,,,1993,,,22 STORE BUILDINGS,FORDHAM,2475 WEBSTER AVENUE,22 STORE BUILDINGS
us-nyc,United States,New York,USD,3100000.0,464.515,2025-02-05,nyc_dof_rolling_sales,464.515,,,,1984,,,22 STORE BUILDINGS,FORDHAM,2473 WEBSTER AVENUE,22 STORE BUILDINGS
us-nyc,United States,New York,USD,3375000.0,563.735404,2025-01-03,nyc_dof_rolling_sales,563.735404,,,,1925,,,22 STORE BUILDINGS,FORDHAM,2260 MORRIS AVENUE,22 STORE BUILDINGS
us-nyc,United States,New York,USD,7075000.0,1362.143786,2025-01-07,nyc_dof_rolling_sales,1362.143786,,,,1955,,,22 STORE BUILDINGS,FORDHAM,2481 CRESTON AVENUE,22 STORE BUILDINGS
us-nyc,United States,New York,USD,15000000.0,1950.963,2025-02-28,nyc_dof_rolling_sales,1950.963,,,,1923,,,22 STORE BUILDINGS,FORDHAM,57 EAST BURNSIDE AVENUE,22 STORE BUILDINGS
us-nyc,United States,New York,USD,6400000.0,3304.002292,2025-12-18,nyc_dof_rolling_sales,3304.002292,,,,1922,,,29 COMMERCIAL GARAGES,FORDHAM,2400 RYER AVENUE,29 COMMERCIAL GARAGES
us-nyc,United States,New York,USD,8912500.0,2749.9288,2025-12-03,nyc_dof_rolling_sales,2749.9288,,,,1928,,,29 COMMERCIAL GARAGES,FORDHAM,2218 JEROME AVENUE,29 COMMERCIAL GARAGES
us-nyc,United States,New York,USD,1200000.0,244.985211,2025-03-28,nyc_dof_rolling_sales,244.985211,,,,1901,,,01 ONE FAMILY DWELLINGS,HIGHBRIDGE/MORRIS HEIGHTS,1004 WOODYCREST AVE,01 ONE FAMILY DWELLINGS
us-nyc,United States,New York,USD,1240000.0,512.82456,2025-07-31,nyc_dof_rolling_sales,512.82456,,,,1901,,,01 ONE FAMILY DWELLINGS,HIGHBRIDGE/MORRIS HEIGHTS,1008 WOODYCREST AVENUE,01 ONE FAMILY DWELLINGS
us-nyc,United States,New York,USD,700000.0,255.29744399999998,2025-07-31,nyc_dof_rolling_sales,255.29744399999998,,,,1901,,,01 ONE FAMILY DWELLINGS,HIGHBRIDGE/MORRIS HEIGHTS,1010 WOODYCREST AVE,01 ONE FAMILY DWELLINGS
us-nyc,United States,New York,USD,625000.0,121.145512,2025-01-30,nyc_dof_rolling_sales,121.145512,,,,1899,,,01 ONE FAMILY DWELLINGS,HIGHBRIDGE/MORRIS HEIGHTS,1021 SUMMIT AVENUE,01 ONE FAMILY DWELLINGS
us-nyc,United States,New York,USD,1200000.0,198.998226,2025-04-29,nyc_dof_rolling_sales,198.998226,,,,1920,,,01 ONE FAMILY DWELLINGS,HIGHBRIDGE/MORRIS HEIGHTS,1682 DAVIDSON AVENUE,01 ONE FAMILY DWELLINGS
us-nyc,United States,New York,USD,1350000.0,129.320976,2025-05-06,nyc_dof_rolling_sales,129.320976,,,,1910,,,01 ONE FAMILY DWELLINGS,HIGHBRIDGE/MORRIS HEIGHTS,1407 NELSON AVENUE,01 ONE FAMILY DWELLINGS
us-nyc,United States,New York,USD,550000.0,134.70935,2025-06-17,nyc_dof_rolling_sales,134.70935,,,,1925,,,01 ONE FAMILY DWELLINGS,HIGHBRIDGE/MORRIS HEIGHTS,1806 UNDERCLIFF AVENUE,01 ONE FAMILY DWELLINGS
us-nyc,United States,New York,USD,850000.0,218.32205,2025-01-30,nyc_dof_rolling_sales,218.32205,,,,1989,,,01 ONE FAMILY DWELLINGS,HIGHBRIDGE/MORRIS HEIGHTS,1619 UNDERCLIFF AVE,01 ONE FAMILY DWELLINGS
us-nyc,United States,New York,USD,835000.0,141.026754,2025-01-09,nyc_dof_rolling_sales,141.026754,,,,1899,,,02 TWO FAMILY DWELLINGS,HIGHBRIDGE/MORRIS HEIGHTS,1346 PLIMPTON AVENUE,02 TWO FAMILY DWELLINGS
us-nyc,United States,New York,USD,850000.0,206.802078,2025-05-06,nyc_dof_rolling_sales,206.802078,,,,1930,,,02 TWO FAMILY DWELLINGS,HIGHBRIDGE/MORRIS HEIGHTS,1316 PLIMPTON AVENUE,02 TWO FAMILY DWELLINGS
us-nyc,United States,New York,USD,1300000.0,201.971122,2025-04-07,nyc_dof_rolling_sales,201.971122,,,,1901,,,02 TWO FAMILY DWELLINGS,HIGHBRIDGE/MORRIS HEIGHTS,1036 SUMMIT AVE,02 TWO FAMILY DWELLINGS
us-nyc,United States,New York,USD,1644000.0,192.866628,2025-04-30,nyc_dof_rolling_sales,192.866628,,,,1920,,,02 TWO FAMILY DWELLINGS,HIGHBRIDGE/MORRIS HEIGHTS,1686 DAVIDSON AVE,02 TWO FAMILY DWELLINGS
us-nyc,United States,New York,USD,459463.0,65.0321,2025-08-14,nyc_dof_rolling_sales,65.0321,,,,1920,,,02 TWO FAMILY DWELLINGS,HIGHBRIDGE/MORRIS HEIGHTS,1333 INWOOD AVENUE,02 TWO FAMILY DWELLINGS
us-nyc,United States,New York,USD,10.0,225.382678,2025-06-27,nyc_dof_rolling_sales,225.382678,,,,1920,,,02 TWO FAMILY DWELLINGS,HIGHBRIDGE/MORRIS HEIGHTS,55 WEST 174 STREET,02 TWO FAMILY DWELLINGS
us-nyc,United States,New York,USD,642000.0,203.643376,2025-03-03,nyc_dof_rolling_sales,203.643376,,,,1930,,,02 TWO FAMILY DWELLINGS,HIGHBRIDGE/MORRIS HEIGHTS,1884 DR. MARTIN LUTHER KING JR BLVD,02 TWO FAMILY DWELLINGS
us-nyc,United States,New York,USD,800000.0,170.94152,2025-10-30,nyc_dof_rolling_sales,170.94152,,,,1910,,,02 TWO FAMILY DWELLINGS,HIGHBRIDGE/MORRIS HEIGHTS,1847 HARRISON AVENUE,02 TWO FAMILY DWELLINGS
us-nyc,United States,New York,USD,999500.0,134.151932,2025-08-11,nyc_dof_rolling_sales,134.151932,,,,1920,,,02 TWO FAMILY DWELLINGS,HIGHBRIDGE/MORRIS HEIGHTS,1883 HARRISON AVENUE,02 TWO FAMILY DWELLINGS
us-nyc,United States,New York,USD,988800.0,290.972196,2025-12-22,nyc_dof_rolling_sales,290.972196,,,,1920,,,02 TWO FAMILY DWELLINGS,HIGHBRIDGE/MORRIS HEIGHTS,1860 HARRISON AVENUE,02 TWO FAMILY DWELLINGS
us-nyc,United States,New York,USD,885000.0,305.465064,2025-04-16,nyc_dof_rolling_sales,305.465064,,,,1910,,,02 TWO FAMILY DWELLINGS,HIGHBRIDGE/MORRIS HEIGHTS,1743 MONTGOMERY AVENUE,02 TWO FAMILY DWELLINGS
us-nyc,United States,New York,USD,1200000.0,384.61842,2025-11-14,nyc_dof_rolling_sales,384.61842,,,,1920,,,02 TWO FAMILY DWELLINGS,HIGHBRIDGE/MORRIS HEIGHTS,1644 MONTGOMERY AVENUE,02 TWO FAMILY DWELLINGS
us-nyc,United States,New York,USD,775000.0,329.062426,2025-11-26,nyc_dof_rolling_sales,329.062426,,,,1920,,,02 TWO FAMILY DWELLINGS,HIGHBRIDGE/MORRIS HEIGHTS,1873 ANDREWS AVENUE SOUTH,02 TWO FAMILY DWELLINGS
us-nyc,United States,New York,USD,790000.0,186.549224,2025-07-14,nyc_dof_rolling_sales,186.549224,,,,1930,,,02 TWO FAMILY DWELLINGS,HIGHBRIDGE/MORRIS HEIGHTS,1847 BILLINGSLEY TERRACE,02 TWO FAMILY DWELLINGS
us-nyc,United States,New York,USD,950000.0,253.62519,2025-04-21,nyc_dof_rolling_sales,253.62519,,,,1899,,,03 THREE FAMILY DWELLINGS,HIGHBRIDGE/MORRIS HEIGHTS,1019 WOODYCREST AVENUE,03 THREE FAMILY DWELLINGS
us-nyc,United States,New York,USD,910000.0,253.62519,2025-09-11,nyc_dof_rolling_sales,253.62519,,,,1899,,,03 THREE FAMILY DWELLINGS,HIGHBRIDGE/MORRIS HEIGHTS,1015 WOODYCREST AVENUE,03 THREE FAMILY DWELLINGS
us-nyc,United States,New York,USD,767250.0,218.507856,2025-09-05,nyc_dof_rolling_sales,218.507856,,,,1995,,,03 THREE FAMILY DWELLINGS,HIGHBRIDGE/MORRIS HEIGHTS,1222 NELSON AVENUE,03 THREE FAMILY DWELLINGS
us-nyc,United States,New York,USD,885000.0,218.507856,2025-03-27,nyc_dof_rolling_sales,218.507856,,,,1995,,,03 THREE FAMILY DWELLINGS,HIGHBRIDGE/MORRIS HEIGHTS,1215 WOODYCREST AVENUE,03 THREE FAMILY DWELLINGS
us-nyc,United States,New York,USD,1100000.0,352.938497,2025-02-20,nyc_dof_rolling_sales,352.938497,,,,2005,,,03 THREE FAMILY DWELLINGS,HIGHBRIDGE/MORRIS HEIGHTS,160 WEST 162 STREET,03 THREE FAMILY DWELLINGS
us-nyc,United States,New York,USD,879000.0,278.709,2025-01-21,nyc_dof_rolling_sales,278.709,,,,2006,,,03 THREE FAMILY DWELLINGS,HIGHBRIDGE/MORRIS HEIGHTS,186 W 168TH STREET,03 THREE FAMILY DWELLINGS
us-nyc,United States,New York,USD,2226000.0,343.183682,2025-01-31,nyc_dof_rolling_sales,343.183682,,,,1920,,,03 THREE FAMILY DWELLINGS,HIGHBRIDGE/MORRIS HEIGHTS,1376 INWOOD AVENUE,03 THREE FAMILY DWELLINGS
us-nyc,United States,New York,USD,2226000.0,336.494666,2025-01-31,nyc_dof_rolling_sales,336.494666,,,,1920,,,03 THREE FAMILY DWELLINGS,HIGHBRIDGE/MORRIS HEIGHTS,1378 INWOOD AVENUE,03 THREE FAMILY DWELLINGS
us-nyc,United States,New York,USD,1100000.0,344.484324,2025-12-17,nyc_dof_rolling_sales,344.484324,,,,1930,,,03 THREE FAMILY DWELLINGS,HIGHBRIDGE/MORRIS HEIGHTS,1664 GRAND AVENUE,03 THREE FAMILY DWELLINGS
us-nyc,United States,New York,USD,625000.0,265.70258,2025-08-14,nyc_dof_rolling_sales,265.70258,,,,1935,,,03 THREE FAMILY DWELLINGS,HIGHBRIDGE/MORRIS HEIGHTS,1536 JESUP AVENUE,03 THREE FAMILY DWELLINGS
us-nyc,United States,New York,USD,531017.0,278.709,2025-11-07,nyc_dof_rolling_sales,278.709,,,,1993,,,03 THREE FAMILY DWELLINGS,HIGHBRIDGE/MORRIS HEIGHTS,1737 POPHAM AVENUE,03 THREE FAMILY DWELLINGS
us-nyc,United States,New York,USD,985000.0,278.709,2025-08-29,nyc_dof_rolling_sales,278.709,,,,1993,,,03 THREE FAMILY DWELLINGS,HIGHBRIDGE/MORRIS HEIGHTS,1737 POPHAM AVENUE,03 THREE FAMILY DWELLINGS
us-nyc,United States,New York,USD,1219000.0,400.597736,2025-06-23,nyc_dof_rolling_sales,400.597736,,,,1920,,,03 THREE FAMILY DWELLINGS,HIGHBRIDGE/MORRIS HEIGHTS,1844 ANDREWS AVENUE SOUTH,03 THREE FAMILY DWELLINGS
us-nyc,United States,New York,USD,1030000.0,373.47006,2025-01-10,nyc_dof_rolling_sales,373.47006,,,,1920,,,03 THREE FAMILY DWELLINGS,HIGHBRIDGE/MORRIS HEIGHTS,1845 LORING PLACE SOUTH,03 THREE FAMILY DWELLINGS
us-nyc,United States,New York,USD,805000.0,388.984861,2025-11-06,nyc_dof_rolling_sales,388.984861,,,,1920,,,03 THREE FAMILY DWELLINGS,HIGHBRIDGE/MORRIS HEIGHTS,1839 ANDREWS AVENUE SOUTH,03 THREE FAMILY DWELLINGS
us-nyc,United States,New York,USD,1115000.0,1129.70048,2025-06-17,nyc_dof_rolling_sales,1129.70048,,,,1909,,,07 RENTALS - WALKUP APARTMENTS,HIGHBRIDGE/MORRIS HEIGHTS,976 ANDERSON AVENUE,07 RENTALS - WALKUP APARTMENTS
us-nyc,United States,New York,USD,84680401.0,2568.024726,2025-12-19,nyc_dof_rolling_sales,2568.024726,,,,1925,,,07 RENTALS - WALKUP APARTMENTS,HIGHBRIDGE/MORRIS HEIGHTS,1344 NELSON AVENUE,07 RENTALS - WALKUP APARTMENTS
us-nyc,United States,New York,USD,84680401.0,2438.146332,2025-12-19,nyc_dof_rolling_sales,2438.146332,,,,1925,,,07 RENTALS - WALKUP APARTMENTS,HIGHBRIDGE/MORRIS HEIGHTS,1391 EDWARD L GRANT HWY,07 RENTALS - WALKUP APARTMENTS
us-nyc,United States,New York,USD,84680401.0,4013.874115,2025-12-19,nyc_dof_rolling_sales,4013.874115,,,,1924,,,07 RENTALS - WALKUP APARTMENTS,HIGHBRIDGE/MORRIS HEIGHTS,1375 NELSON AVENUE,07 RENTALS - WALKUP APARTMENTS
us-nyc,United States,New York,USD,2650000.0,1316.900025,2025-08-15,nyc_dof_rolling_sales,1316.900025,,,,1906,,,07 RENTALS - WALKUP APARTMENTS,HIGHBRIDGE/MORRIS HEIGHTS,906 SUMMIT AVENUE,07 RENTALS - WALKUP APARTMENTS
us-nyc,United States,New York,USD,470000.0,365.10879,2025-06-26,nyc_dof_rolling_sales,365.10879,,,,2003,,,07 RENTALS - WALKUP APARTMENTS,HIGHBRIDGE/MORRIS HEIGHTS,175 WEST 161 STREET,07 RENTALS - WALKUP APARTMENTS
us-nyc,United States,New York,USD,84680401.0,2317.651141,2025-12-19,nyc_dof_rolling_sales,2317.651141,,,,1912,,,07 RENTALS - WALKUP APARTMENTS,HIGHBRIDGE/MORRIS HEIGHTS,1421 UNIVERSITY AVENUE,07 RENTALS - WALKUP APARTMENTS
us-nyc,United States,New York,USD,84680401.0,6344.810385,2025-12-19,nyc_dof_rolling_sales,6344.810385,,,,1926,,,07 RENTALS - WALKUP APARTMENTS,HIGHBRIDGE/MORRIS HEIGHTS,1360 MERRIAM AVENUE,07 RENTALS - WALKUP APARTMENTS
us-nyc,United States,New York,USD,84680401.0,1858.06,2025-12-19,nyc_dof_rolling_sales,1858.06,,,,1915,,,07 RENTALS - WALKUP APARTMENTS,HIGHBRIDGE/MORRIS HEIGHTS,1439 UNIVERSITY AVENUE,07 RENTALS - WALKUP APARTMENTS
us-nyc,United States,New York,USD,84680401.0,1858.06,2025-12-19,nyc_dof_rolling_sales,1858.06,,,,1917,,,07 RENTALS - WALKUP APARTMENTS,HIGHBRIDGE/MORRIS HEIGHTS,1435 UNIVERSITY AVENUE,07 RENTALS - WALKUP APARTMENTS
us-nyc,United States,New York,USD,84680401.0,3065.799,2025-12-19,nyc_dof_rolling_sales,3065.799,,,,1924,,,07 RENTALS - WALKUP APARTMENTS,HIGHBRIDGE/MORRIS HEIGHTS,1476 SHAKESPEARE AVENUE,07 RENTALS - WALKUP APARTMENTS
us-nyc,United States,New York,USD,84680401.0,3490.36571,2025-12-19,nyc_dof_rolling_sales,3490.36571,,,,1927,,,07 RENTALS - WALKUP APARTMENTS,HIGHBRIDGE/MORRIS HEIGHTS,1465 NELSON AVENUE,07 RENTALS - WALKUP APARTMENTS
us-nyc,United States,New York,USD,84680401.0,3065.799,2025-12-19,nyc_dof_rolling_sales,3065.799,,,,1924,,,07 RENTALS - WALKUP APARTMENTS,HIGHBRIDGE/MORRIS HEIGHTS,81 FEATHERBED LANE,07 RENTALS - WALKUP APARTMENTS
us-nyc,United States,New York,USD,84680401.0,3065.799,2025-12-19,nyc_dof_rolling_sales,3065.799,,,,1924,,,07 RENTALS - WALKUP APARTMENTS,HIGHBRIDGE/MORRIS HEIGHTS,93 FEATHERBED LANE,07 RENTALS - WALKUP APARTMENTS
us-nyc,United States,New York,USD,2600000.0,257.527116,2025-11-12,nyc_dof_rolling_sales,257.527116,,,,1931,,,07 RENTALS - WALKUP APARTMENTS,HIGHBRIDGE/MORRIS HEIGHTS,1639 NELSON AVENUE,07 RENTALS - WALKUP APARTMENTS
us-nyc,United States,New York,USD,4366666.0,727.616296,2025-11-20,nyc_dof_rolling_sales,727.616296,,,,2016,,,07 RENTALS - WALKUP APARTMENTS,HIGHBRIDGE/MORRIS HEIGHTS,1645 POPHAM AVENUE,07 RENTALS - WALKUP APARTMENTS
us-nyc,United States,New York,USD,4366666.0,686.738976,2025-11-20,nyc_dof_rolling_sales,686.738976,,,,2016,,,07 RENTALS - WALKUP APARTMENTS,HIGHBRIDGE/MORRIS HEIGHTS,1643 POPHAM AVENUE,07 RENTALS - WALKUP APARTMENTS
us-nyc,United States,New York,USD,32333419.0,2090.3175,2025-06-30,nyc_dof_rolling_sales,2090.3175,,,,1922,,,07 RENTALS - WALKUP APARTMENTS,HIGHBRIDGE/MORRIS HEIGHTS,1815 UNIVERSITY AVENUE,07 RENTALS - WALKUP APARTMENTS
us-nyc,United States,New York,USD,32333419.0,2090.3175,2025-06-30,nyc_dof_rolling_sales,2090.3175,,,,1923,,,07 RENTALS - WALKUP APARTMENTS,HIGHBRIDGE/MORRIS HEIGHTS,1805 UNIVERSITY AVENUE,07 RENTALS - WALKUP APARTMENTS
us-nyc,United States,New York,USD,900000.0,315.8702,2025-07-17,nyc_dof_rolling_sales,315.8702,,,,1930,,,07 RENTALS - WALKUP APARTMENTS,HIGHBRIDGE/MORRIS HEIGHTS,1831 BILLINGSLEY TERRACE,07 RENTALS - WALKUP APARTMENTS
us-nyc,United States,New York,USD,30264.0,3373.400833,2025-12-26,nyc_dof_rolling_sales,3373.400833,,,,1936,,,08 RENTALS - ELEVATOR APARTMENTS,HIGHBRIDGE/MORRIS HEIGHTS,"1200 WOODYCREST AVENUE, 3E",08 RENTALS - ELEVATOR APARTMENTS
us-nyc,United States,New York,USD,84680401.0,2452.6392,2025-12-19,nyc_dof_rolling_sales,2452.6392,,,,1927,,,08 RENTALS - ELEVATOR APARTMENTS,HIGHBRIDGE/MORRIS HEIGHTS,1419 UNIVERSITY AVENUE,08 RENTALS - ELEVATOR APARTMENTS
us-nyc,United States,New York,USD,84680401.0,3344.508,2025-12-19,nyc_dof_rolling_sales,3344.508,,,,1922,,,08 RENTALS - ELEVATOR APARTMENTS,HIGHBRIDGE/MORRIS HEIGHTS,1406 MERRIAM AVENUE,08 RENTALS - ELEVATOR APARTMENTS
us-nyc,United States,New York,USD,84680401.0,3065.799,2025-12-19,nyc_dof_rolling_sales,3065.799,,,,1917,,,08 RENTALS - ELEVATOR APARTMENTS,HIGHBRIDGE/MORRIS HEIGHTS,1435 OGDEN AVENUE,08 RENTALS - ELEVATOR APARTMENTS
us-nyc,United States,New York,USD,84680401.0,1913.8018,2025-12-19,nyc_dof_rolling_sales,1913.8018,,,,1927,,,08 RENTALS - ELEVATOR APARTMENTS,HIGHBRIDGE/MORRIS HEIGHTS,1378 SHAKESPEARE AVENUE,08 RENTALS - ELEVATOR APARTMENTS
us-nyc,United States,New York,USD,84680401.0,3075.0893,2025-12-19,nyc_dof_rolling_sales,3075.0893,,,,1926,,,08 RENTALS - ELEVATOR APARTMENTS,HIGHBRIDGE/MORRIS HEIGHTS,1455 JESUP AVENUE,08 RENTALS - ELEVATOR APARTMENTS
us-nyc,United States,New York,USD,84680401.0,3750.587013,2025-12-19,nyc_dof_rolling_sales,3750.587013,,,,1938,,,08 RENTALS - ELEVATOR APARTMENTS,HIGHBRIDGE/MORRIS HEIGHTS,1592 JESUP AVENUE,08 RENTALS - ELEVATOR APARTMENTS
us-nyc,United States,New York,USD,84680401.0,3983.494834,2025-12-19,nyc_dof_rolling_sales,3983.494834,,,,1923,,,08 RENTALS - ELEVATOR APARTMENTS,HIGHBRIDGE/MORRIS HEIGHTS,1410 NELSON AVENUE,08 RENTALS - ELEVATOR APARTMENTS
us-nyc,United States,New York,USD,84680401.0,5453.4061,2025-12-19,nyc_dof_rolling_sales,5453.4061,,,,1927,,,08 RENTALS - ELEVATOR APARTMENTS,HIGHBRIDGE/MORRIS HEIGHTS,1419 SHAKESPEARE AVENUE,08 RENTALS - ELEVATOR APARTMENTS
us-nyc,United States,New York,USD,84680401.0,5304.7613,2025-12-19,nyc_dof_rolling_sales,5304.7613,,,,1929,,,08 RENTALS - ELEVATOR APARTMENTS,HIGHBRIDGE/MORRIS HEIGHTS,115 WEST 172 STREET,08 RENTALS - ELEVATOR APARTMENTS
us-nyc,United States,New York,USD,84680401.0,2842.8318,2025-12-19,nyc_dof_rolling_sales,2842.8318,,,,1928,,,08 RENTALS - ELEVATOR APARTMENTS,HIGHBRIDGE/MORRIS HEIGHTS,1445 NELSON AVENUE,08 RENTALS - ELEVATOR APARTMENTS
us-nyc,United States,New York,USD,84680401.0,2922.263865,2025-12-19,nyc_dof_rolling_sales,2922.263865,,,,1932,,,08 RENTALS - ELEVATOR APARTMENTS,HIGHBRIDGE/MORRIS HEIGHTS,1485 NELSON AVENUE,08 RENTALS - ELEVATOR APARTMENTS
us-nyc,United States,New York,USD,40637.0,nan,2025-03-13,nyc_dof_rolling_sales,nan,,,,1926,,,09 COOPS - WALKUP APARTMENTS,HIGHBRIDGE/MORRIS HEIGHTS,"136 WEST 168TH STREET, 2C",09 COOPS - WALKUP APARTMENTS
us-nyc,United States,New York,USD,130000.0,nan,2025-12-01,nyc_dof_rolling_sales,nan,,,,1922,,,09 COOPS - WALKUP APARTMENTS,HIGHBRIDGE/MORRIS HEIGHTS,"1383 PLIMPTON AVENUE, 5E",09 COOPS - WALKUP APARTMENTS
us-nyc,United States,New York,USD,155000.0,nan,2025-08-08,nyc_dof_rolling_sales,nan,,,,1910,,,09 COOPS - WALKUP APARTMENTS,HIGHBRIDGE/MORRIS HEIGHTS,"924 SUMMIT AVENUE, 1B",09 COOPS - WALKUP APARTMENTS
us-nyc,United States,New York,USD,150000.0,nan,2025-01-24,nyc_dof_rolling_sales,nan,,,,1927,,,10 COOPS - ELEVATOR APARTMENTS,HIGHBRIDGE/MORRIS HEIGHTS,"941 JEROME AVENUE, 12F",10 COOPS - ELEVATOR APARTMENTS
us-nyc,United States,New York,USD,21044.0,nan,2025-10-21,nyc_dof_rolling_sales,nan,,,,1927,,,10 COOPS - ELEVATOR APARTMENTS,HIGHBRIDGE/MORRIS HEIGHTS,"941 JEROME AVENUE, 14F",10 COOPS - ELEVATOR APARTMENTS
us-nyc,United States,New York,USD,159000.0,nan,2025-11-06,nyc_dof_rolling_sales,nan,,,,1929,,,10 COOPS - ELEVATOR APARTMENTS,HIGHBRIDGE/MORRIS HEIGHTS,"1175 ANDERSON AVENUE, 2E",10 COOPS - ELEVATOR APARTMENTS
us-nyc,United States,New York,USD,164000.0,nan,2025-09-30,nyc_dof_rolling_sales,nan,,,,1929,,,10 COOPS - ELEVATOR APARTMENTS,HIGHBRIDGE/MORRIS HEIGHTS,"1175 ANDERSON AVENUE, 4D",10 COOPS - ELEVATOR APARTMENTS
us-nyc,United States,New York,USD,39000.0,nan,2025-05-02,nyc_dof_rolling_sales,nan,,,,1929,,,10 COOPS - ELEVATOR APARTMENTS,HIGHBRIDGE/MORRIS HEIGHTS,"1177 ANDERSON AVENUE, 2B",10 COOPS - ELEVATOR APARTMENTS
us-nyc,United States,New York,USD,50248.0,nan,2025-02-26,nyc_dof_rolling_sales,nan,,,,1929,,,10 COOPS - ELEVATOR APARTMENTS,HIGHBRIDGE/MORRIS HEIGHTS,"1177 ANDERSON AVENUE, 3B",10 COOPS - ELEVATOR APARTMENTS
us-nyc,United States,New York,USD,120000.0,nan,2025-12-04,nyc_dof_rolling_sales,nan,,,,1929,,,10 COOPS - ELEVATOR APARTMENTS,HIGHBRIDGE/MORRIS HEIGHTS,"1185 ANDERSON AVENUE, 1D",10 COOPS - ELEVATOR APARTMENTS
us-nyc,United States,New York,USD,310000.0,nan,2025-08-29,nyc_dof_rolling_sales,nan,,,,1929,,,10 COOPS - ELEVATOR APARTMENTS,HIGHBRIDGE/MORRIS HEIGHTS,"1185 ANDERSON AVENUE, 1F",10 COOPS - ELEVATOR APARTMENTS
us-nyc,United States,New York,USD,58000.0,nan,2025-11-17,nyc_dof_rolling_sales,nan,,,,1931,,,10 COOPS - ELEVATOR APARTMENTS,HIGHBRIDGE/MORRIS HEIGHTS,"132 WEST 169TH STREET, 5A",10 COOPS - ELEVATOR APARTMENTS
us-nyc,United States,New York,USD,165000.0,nan,2025-06-30,nyc_dof_rolling_sales,nan,,,,1931,,,10 COOPS - ELEVATOR APARTMENTS,HIGHBRIDGE/MORRIS HEIGHTS,"132 WEST 169TH, 2A",10 COOPS - ELEVATOR APARTMENTS
us-nyc,United States,New York,USD,2500000.0,483.0956,2025-12-17,nyc_dof_rolling_sales,483.0956,,,,1925,,,22 STORE BUILDINGS,HIGHBRIDGE/MORRIS HEIGHTS,1725 UNIVERSITY AVENUE,22 STORE BUILDINGS
us-nyc,United States,New York,USD,545000.0,46.4515,2025-02-18,nyc_dof_rolling_sales,46.4515,,,,1931,,,29 COMMERCIAL GARAGES,HIGHBRIDGE/MORRIS HEIGHTS,1004 SUMMIT AVENUE,29 COMMERCIAL GARAGES
us-nyc,United States,New York,USD,600000.0,141.677075,2025-08-25,nyc_dof_rolling_sales,141.677075,,,,1926,,,29 COMMERCIAL GARAGES,HIGHBRIDGE/MORRIS HEIGHTS,1261 JEROME AVENUE,29 COMMERCIAL GARAGES
us-nyc,United States,New York,USD,15000000.0,2294.7041,2025-01-23,nyc_dof_rolling_sales,2294.7041,,,,1925,,,29 COMMERCIAL GARAGES,HIGHBRIDGE/MORRIS HEIGHTS,1540 INWOOD AVENUE,29 COMMERCIAL GARAGES
us-nyc,United States,New York,USD,15000000.0,1021.933,2025-01-23,nyc_dof_rolling_sales,1021.933,,,,1920,,,29 COMMERCIAL GARAGES,HIGHBRIDGE/MORRIS HEIGHTS,1545 JEROME AVENUE,29 COMMERCIAL GARAGES
us-nyc,United States,New York,USD,3500000.0,2250.853884,2025-02-12,nyc_dof_rolling_sales,2250.853884,,,,1925,,,29 COMMERCIAL GARAGES,HIGHBRIDGE/MORRIS HEIGHTS,1829 JEROME AVENUE,29 COMMERCIAL GARAGES
us-nyc,United States,New York,USD,10.0,174.193125,2025-10-21,nyc_dof_rolling_sales,174.193125,,,,1931,,,32 HOSPITAL AND HEALTH FACILITIES,HIGHBRIDGE/MORRIS HEIGHTS,1218 OGDEN AVENUE,32 HOSPITAL AND HEALTH FACILITIES
us-nyc,United States,New York,USD,425000.0,223.710424,2025-02-14,nyc_dof_rolling_sales,223.710424,,,,1930,,,01 ONE FAMILY DWELLINGS,HUNTS POINT,530 COSTER,01 ONE FAMILY DWELLINGS
us-nyc,United States,New York,USD,307000.0,220.18010999999998,2025-02-13,nyc_dof_rolling_sales,220.18010999999998,,,,1899,,,02 TWO FAMILY DWELLINGS,HUNTS POINT,903 FAILE ST,02 TWO FAMILY DWELLINGS
us-nyc,United States,New York,USD,650000.0,222.223976,2025-11-04,nyc_dof_rolling_sales,222.223976,,,,1899,,,02 TWO FAMILY DWELLINGS,HUNTS POINT,880 FAILE STREET,02 TWO FAMILY DWELLINGS
us-nyc,United States,New York,USD,830000.0,222.223976,2025-04-01,nyc_dof_rolling_sales,222.223976,,,,1899,,,02 TWO FAMILY DWELLINGS,HUNTS POINT,910 FAILE STREET,02 TWO FAMILY DWELLINGS
us-nyc,United States,New York,USD,1250000.0,248.98004,2025-01-27,nyc_dof_rolling_sales,248.98004,,,,1925,,,02 TWO FAMILY DWELLINGS,HUNTS POINT,1301 SENECA AVENUE,02 TWO FAMILY DWELLINGS
us-nyc,United States,New York,USD,900000.0,222.223976,2025-07-18,nyc_dof_rolling_sales,222.223976,,,,1899,,,02 TWO FAMILY DWELLINGS,HUNTS POINT,890 FAILE STREET,02 TWO FAMILY DWELLINGS
us-nyc,United States,New York,USD,850000.0,149.202218,2025-05-07,nyc_dof_rolling_sales,149.202218,,,,2000,,,02 TWO FAMILY DWELLINGS,HUNTS POINT,825 LONGFELLOW AVENUE,02 TWO FAMILY DWELLINGS
us-nyc,United States,New York,USD,831855.0,390.19259999999997,2025-05-30,nyc_dof_rolling_sales,390.19259999999997,,,,1930,,,02 TWO FAMILY DWELLINGS,HUNTS POINT,613 BARRETTO STREET,02 TWO FAMILY DWELLINGS
us-nyc,United States,New York,USD,780000.0,197.697584,2025-08-11,nyc_dof_rolling_sales,197.697584,,,,1910,,,02 TWO FAMILY DWELLINGS,HUNTS POINT,645 MANIDA STREET,02 TWO FAMILY DWELLINGS
us-nyc,United States,New York,USD,915000.0,250.094876,2025-03-03,nyc_dof_rolling_sales,250.094876,,,,1930,,,02 TWO FAMILY DWELLINGS,HUNTS POINT,650 FAILE ST,02 TWO FAMILY DWELLINGS
us-nyc,United States,New York,USD,675000.0,220.18010999999998,2025-04-08,nyc_dof_rolling_sales,220.18010999999998,,,,1899,,,03 THREE FAMILY DWELLINGS,HUNTS POINT,887 FAILE STREET,03 THREE FAMILY DWELLINGS
us-nyc,United States,New York,USD,980000.0,289.85735999999997,2025-04-16,nyc_dof_rolling_sales,289.85735999999997,,,,2000,,,03 THREE FAMILY DWELLINGS,HUNTS POINT,832 BRYANT AVENUE,03 THREE FAMILY DWELLINGS
us-nyc,United States,New York,USD,985000.0,289.85735999999997,2025-06-03,nyc_dof_rolling_sales,289.85735999999997,,,,2000,,,03 THREE FAMILY DWELLINGS,HUNTS POINT,836 BRYANT AVENUE,03 THREE FAMILY DWELLINGS
us-nyc,United States,New York,USD,800000.0,246.19295,2025-04-02,nyc_dof_rolling_sales,246.19295,,,,1925,,,03 THREE FAMILY DWELLINGS,HUNTS POINT,747 COSTER STREET,03 THREE FAMILY DWELLINGS
us-nyc,United States,New York,USD,962500.0,317.72826,2025-12-10,nyc_dof_rolling_sales,317.72826,,,,1915,,,03 THREE FAMILY DWELLINGS,HUNTS POINT,648 MANIDA STREET,03 THREE FAMILY DWELLINGS
us-nyc,United States,New York,USD,10.0,193.702755,2025-09-16,nyc_dof_rolling_sales,193.702755,,,,1910,,,03 THREE FAMILY DWELLINGS,HUNTS POINT,658 MANIDA STREET,03 THREE FAMILY DWELLINGS
us-nyc,United States,New York,USD,920000.0,293.016062,2025-08-06,nyc_dof_rolling_sales,293.016062,,,,2007,,,03 THREE FAMILY DWELLINGS,HUNTS POINT,633 COSTER ST,03 THREE FAMILY DWELLINGS
us-nyc,United States,New York,USD,901000.0,334.4508,2025-01-22,nyc_dof_rolling_sales,334.4508,,,,1930,,,07 RENTALS - WALKUP APARTMENTS,HUNTS POINT,828 FAILE STREET,07 RENTALS - WALKUP APARTMENTS
us-nyc,United States,New York,USD,875000.0,297.2896,2025-07-29,nyc_dof_rolling_sales,297.2896,,,,1931,,,07 RENTALS - WALKUP APARTMENTS,HUNTS POINT,854 FAILE STREET,07 RENTALS - WALKUP APARTMENTS
us-nyc,United States,New York,USD,70000.0,5128.2456,2025-09-08,nyc_dof_rolling_sales,5128.2456,,,,1928,,,08 RENTALS - ELEVATOR APARTMENTS,HUNTS POINT,"1290 LAFAYETTE AVENUE, 5F",08 RENTALS - ELEVATOR APARTMENTS
us-nyc,United States,New York,USD,90000.0,nan,2025-11-17,nyc_dof_rolling_sales,nan,,,,1928,,,09 COOPS - WALKUP APARTMENTS,HUNTS POINT,"1230 SPOFFORD AVE., 4-H",09 COOPS - WALKUP APARTMENTS
us-nyc,United States,New York,USD,115000.0,nan,2025-11-26,nyc_dof_rolling_sales,nan,,,,1927,,,09 COOPS - WALKUP APARTMENTS,HUNTS POINT,"645 BARRETTO STREET, 4A",09 COOPS - WALKUP APARTMENTS
us-nyc,United States,New York,USD,690000.0,98.941695,2025-11-14,nyc_dof_rolling_sales,98.941695,,,,1931,,,22 STORE BUILDINGS,HUNTS POINT,836 HUNTS POINT AVENUE,22 STORE BUILDINGS
us-nyc,United States,New York,USD,37600000.0,2202.079809,2025-06-16,nyc_dof_rolling_sales,2202.079809,,,,1964,,,30 WAREHOUSES,HUNTS POINT,1101 OAK POINT AVENUE,30 WAREHOUSES
us-nyc,United States,New York,USD,925000.0,232.2575,2025-02-07,nyc_dof_rolling_sales,232.2575,,,,1935,,,30 WAREHOUSES,HUNTS POINT,516 TRUXTON STREET,30 WAREHOUSES
us-nyc,United States,New York,USD,10300000.0,3716.12,2025-05-01,nyc_dof_rolling_sales,3716.12,,,,1964,,,30 WAREHOUSES,HUNTS POINT,310 TIFFANY STREET,30 WAREHOUSES
us-nyc,United States,New York,USD,605000.0,62699.212767,2025-03-06,nyc_dof_rolling_sales,62699.212767,,,,1973,,,30 WAREHOUSES,HUNTS POINT,"355 FOOD CENTER DRIVE, E11",30 WAREHOUSES
us-nyc,United States,New York,USD,1500000.0,108882.780515,2025-11-14,nyc_dof_rolling_sales,108882.780515,,,,1960,,,41 TAX CLASS 4 - OTHER,HUNTS POINT,"410 HALLECK STREET, 447",41 TAX CLASS 4 - OTHER
us-nyc,United States,New York,USD,1500000.0,108882.780515,2025-11-14,nyc_dof_rolling_sales,108882.780515,,,,1960,,,41 TAX CLASS 4 - OTHER,HUNTS POINT,"410 HALLECK STREET, 447A",41 TAX CLASS 4 - OTHER
us-nyc,United States,New York,USD,1500000.0,108882.780515,2025-11-14,nyc_dof_rolling_sales,108882.780515,,,,1960,,,41 TAX CLASS 4 - OTHER,HUNTS POINT,"410 HALLECK STREET, 447B",41 TAX CLASS 4 - OTHER
us-nyc,United States,New York,USD,1500000.0,108882.780515,2025-11-14,nyc_dof_rolling_sales,108882.780515,,,,1960,,,41 TAX CLASS 4 - OTHER,HUNTS POINT,"410 HALLECK STREET, 448",41 TAX CLASS 4 - OTHER
us-nyc,United States,New York,USD,1500000.0,108882.780515,2025-11-14,nyc_dof_rolling_sales,108882.780515,,,,1960,,,41 TAX CLASS 4 - OTHER,HUNTS POINT,"410 HALLECK STREET, 448A",41 TAX CLASS 4 - OTHER
us-nyc,United States,New York,USD,1500000.0,108882.780515,2025-11-14,nyc_dof_rolling_sales,108882.780515,,,,1960,,,41 TAX CLASS 4 - OTHER,HUNTS POINT,"410 HALLECK STREET, 448B",41 TAX CLASS 4 - OTHER
us-nyc,United States,New York,USD,1500000.0,108882.780515,2025-11-14,nyc_dof_rolling_sales,108882.780515,,,,1960,,,41 TAX CLASS 4 - OTHER,HUNTS POINT,"410 HALLECK STREET, 449",41 TAX CLASS 4 - OTHER
us-nyc,United States,New York,USD,1500000.0,108882.780515,2025-11-14,nyc_dof_rolling_sales,108882.780515,,,,1960,,,41 TAX CLASS 4 - OTHER,HUNTS POINT,"410 HALLECK STREET, 449A",41 TAX CLASS 4 - OTHER
us-nyc,United States,New York,USD,1500000.0,108882.780515,2025-11-14,nyc_dof_rolling_sales,108882.780515,,,,1960,,,41 TAX CLASS 4 - OTHER,HUNTS POINT,"410 HALLECK STREET, 449B",41 TAX CLASS 4 - OTHER
us-nyc,United States,New York,USD,900000.0,108882.780515,2025-11-20,nyc_dof_rolling_sales,108882.780515,,,,1960,,,41 TAX CLASS 4 - OTHER,HUNTS POINT,"410 HALLECK STREET, 462",41 TAX CLASS 4 - OTHER
us-nyc,United States,New York,USD,900000.0,108882.780515,2025-11-20,nyc_dof_rolling_sales,108882.780515,,,,1960,,,41 TAX CLASS 4 - OTHER,HUNTS POINT,"410 HALLECK STREET, 462A",41 TAX CLASS 4 - OTHER
us-nyc,United States,New York,USD,900000.0,108882.780515,2025-11-20,nyc_dof_rolling_sales,108882.780515,,,,1960,,,41 TAX CLASS 4 - OTHER,HUNTS POINT,"410 HALLECK STREET, 463",41 TAX CLASS 4 - OTHER
us-nyc,United States,New York,USD,900000.0,108882.780515,2025-11-20,nyc_dof_rolling_sales,108882.780515,,,,1960,,,41 TAX CLASS 4 - OTHER,HUNTS POINT,"410 HALLECK STREET, 463A",41 TAX CLASS 4 - OTHER
us-nyc,United States,New York,USD,10.0,57.228248,2025-04-03,nyc_dof_rolling_sales,57.228248,,,,1931,,,41 TAX CLASS 4 - OTHER,HUNTS POINT,321 BARRETTO STREET,41 TAX CLASS 4 - OTHER
us-nyc,United States,New York,USD,900000.0,246.285853,2025-03-18,nyc_dof_rolling_sales,246.285853,,,,1920,,,01 ONE FAMILY DWELLINGS,KINGSBRIDGE HTS/UNIV HTS,2618 DAVIDSON AVENUE,01 ONE FAMILY DWELLINGS
us-nyc,United States,New York,USD,1200000.0,269.325797,2025-03-18,nyc_dof_rolling_sales,269.325797,,,,1920,,,01 ONE FAMILY DWELLINGS,KINGSBRIDGE HTS/UNIV HTS,2622 DAVIDSON AVENUE,01 ONE FAMILY DWELLINGS
us-nyc,United States,New York,USD,995000.0,328.597911,2025-08-15,nyc_dof_rolling_sales,328.597911,,,,1928,,,01 ONE FAMILY DWELLINGS,KINGSBRIDGE HTS/UNIV HTS,21 W 192ND ST,01 ONE FAMILY DWELLINGS
us-nyc,United States,New York,USD,599000.0,137.49644,2025-06-16,nyc_dof_rolling_sales,137.49644,,,,1901,,,01 ONE FAMILY DWELLINGS,KINGSBRIDGE HTS/UNIV HTS,2350 AQUEDUCT AVENUE,01 ONE FAMILY DWELLINGS
us-nyc,United States,New York,USD,1000.0,122.63195999999999,2025-11-20,nyc_dof_rolling_sales,122.63195999999999,,,,1988,,,01 ONE FAMILY DWELLINGS,KINGSBRIDGE HTS/UNIV HTS,2125 HARRISON AVENUE,01 ONE FAMILY DWELLINGS
us-nyc,United States,New York,USD,370000.0,105.537808,2025-02-21,nyc_dof_rolling_sales,105.537808,,,,1910,,,01 ONE FAMILY DWELLINGS,KINGSBRIDGE HTS/UNIV HTS,2448 WEBB AVENUE,01 ONE FAMILY DWELLINGS
us-nyc,United States,New York,USD,636000.0,105.537808,2025-12-19,nyc_dof_rolling_sales,105.537808,,,,1910,,,01 ONE FAMILY DWELLINGS,KINGSBRIDGE HTS/UNIV HTS,2448 WEBB AVENUE,01 ONE FAMILY DWELLINGS
us-nyc,United States,New York,USD,475000.0,188.59309,2025-07-09,nyc_dof_rolling_sales,188.59309,,,,1901,,,01 ONE FAMILY DWELLINGS,KINGSBRIDGE HTS/UNIV HTS,2272 SEDGWICK AVENUE,01 ONE FAMILY DWELLINGS
us-nyc,United States,New York,USD,726000.0,195.932427,2025-09-19,nyc_dof_rolling_sales,195.932427,,,,1901,,,01 ONE FAMILY DWELLINGS,KINGSBRIDGE HTS/UNIV HTS,2677 HEATH AVENUE,01 ONE FAMILY DWELLINGS
us-nyc,United States,New York,USD,730000.0,162.766056,2025-10-06,nyc_dof_rolling_sales,162.766056,,,,1901,,,01 ONE FAMILY DWELLINGS,KINGSBRIDGE HTS/UNIV HTS,2712 HEATH AVENUE,01 ONE FAMILY DWELLINGS
us-nyc,United States,New York,USD,650000.0,102.1933,2025-04-29,nyc_dof_rolling_sales,102.1933,,,,1899,,,02 TWO FAMILY DWELLINGS,KINGSBRIDGE HTS/UNIV HTS,2424 DAVIDSON AVENUE,02 TWO FAMILY DWELLINGS
us-nyc,United States,New York,USD,860000.0,331.106292,2025-06-20,nyc_dof_rolling_sales,331.106292,,,,1920,,,02 TWO FAMILY DWELLINGS,KINGSBRIDGE HTS/UNIV HTS,2121 GRAND AVENUE,02 TWO FAMILY DWELLINGS
us-nyc,United States,New York,USD,999000.0,161.65122,2025-06-24,nyc_dof_rolling_sales,161.65122,,,,1901,,,02 TWO FAMILY DWELLINGS,KINGSBRIDGE HTS/UNIV HTS,2290 AQUEDUCT AVENUE,02 TWO FAMILY DWELLINGS
us-nyc,United States,New York,USD,789144.0,195.09629999999999,2025-04-25,nyc_dof_rolling_sales,195.09629999999999,,,,1993,,,02 TWO FAMILY DWELLINGS,KINGSBRIDGE HTS/UNIV HTS,64 WEST 180 STREET,02 TWO FAMILY DWELLINGS
us-nyc,United States,New York,USD,650000.0,195.09629999999999,2025-09-25,nyc_dof_rolling_sales,195.09629999999999,,,,1993,,,02 TWO FAMILY DWELLINGS,KINGSBRIDGE HTS/UNIV HTS,2128 AQUEDUCT AVENUE EAST,02 TWO FAMILY DWELLINGS
us-nyc,United States,New York,USD,760000.0,178.37376,2025-05-23,nyc_dof_rolling_sales,178.37376,,,,1901,,,02 TWO FAMILY DWELLINGS,KINGSBRIDGE HTS/UNIV HTS,61 W 184 ST,02 TWO FAMILY DWELLINGS
us-nyc,United States,New York,USD,10.0,117.42939199999999,2025-09-11,nyc_dof_rolling_sales,117.42939199999999,,,,1910,,,02 TWO FAMILY DWELLINGS,KINGSBRIDGE HTS/UNIV HTS,2462 WEBB AVENUE,02 TWO FAMILY DWELLINGS
us-nyc,United States,New York,USD,300000.0,188.871799,2025-11-12,nyc_dof_rolling_sales,188.871799,,,,1910,,,02 TWO FAMILY DWELLINGS,KINGSBRIDGE HTS/UNIV HTS,2511 WEBB AVENUE,02 TWO FAMILY DWELLINGS
us-nyc,United States,New York,USD,575000.0,216.278184,2025-03-20,nyc_dof_rolling_sales,216.278184,,,,1910,,,02 TWO FAMILY DWELLINGS,KINGSBRIDGE HTS/UNIV HTS,122 WEST 190TH STREET,02 TWO FAMILY DWELLINGS
us-nyc,United States,New York,USD,860000.0,269.511603,2025-09-11,nyc_dof_rolling_sales,269.511603,,,,1910,,,02 TWO FAMILY DWELLINGS,KINGSBRIDGE HTS/UNIV HTS,2508 DEVOE TERRACE,02 TWO FAMILY DWELLINGS
us-nyc,United States,New York,USD,975000.0,285.398016,2025-02-25,nyc_dof_rolling_sales,285.398016,,,,1901,,,02 TWO FAMILY DWELLINGS,KINGSBRIDGE HTS/UNIV HTS,2301 LORING PLACE NORTH,02 TWO FAMILY DWELLINGS
us-nyc,United States,New York,USD,800000.0,248.98004,2025-03-04,nyc_dof_rolling_sales,248.98004,,,,2002,,,02 TWO FAMILY DWELLINGS,KINGSBRIDGE HTS/UNIV HTS,1964 CEDAR AVENUE,02 TWO FAMILY DWELLINGS
us-nyc,United States,New York,USD,753000.0,228.54138,2025-03-10,nyc_dof_rolling_sales,228.54138,,,,1901,,,02 TWO FAMILY DWELLINGS,KINGSBRIDGE HTS/UNIV HTS,2210 CEDAR AVENUE,02 TWO FAMILY DWELLINGS
us-nyc,United States,New York,USD,505000.0,254.55422,2025-10-24,nyc_dof_rolling_sales,254.55422,,,,1910,,,02 TWO FAMILY DWELLINGS,KINGSBRIDGE HTS/UNIV HTS,2257 HAMPDEN PLACE,02 TWO FAMILY DWELLINGS
us-nyc,United States,New York,USD,438043.0,294.50251,2025-05-09,nyc_dof_rolling_sales,294.50251,,,,1910,,,02 TWO FAMILY DWELLINGS,KINGSBRIDGE HTS/UNIV HTS,2276 HAMPDEN PLACE,02 TWO FAMILY DWELLINGS
us-nyc,United States,New York,USD,650000.0,294.50251,2025-07-07,nyc_dof_rolling_sales,294.50251,,,,1910,,,02 TWO FAMILY DWELLINGS,KINGSBRIDGE HTS/UNIV HTS,2276 HAMPDEN PLACE,02 TWO FAMILY DWELLINGS
us-nyc,United States,New York,USD,850000.0,307.694736,2025-07-30,nyc_dof_rolling_sales,307.694736,,,,1910,,,02 TWO FAMILY DWELLINGS,KINGSBRIDGE HTS/UNIV HTS,2597 SEDGWICK AVENUE,02 TWO FAMILY DWELLINGS
us-nyc,United States,New York,USD,450000.0,185.341485,2025-02-05,nyc_dof_rolling_sales,185.341485,,,,1901,,,02 TWO FAMILY DWELLINGS,KINGSBRIDGE HTS/UNIV HTS,2691 HEATH AVE,02 TWO FAMILY DWELLINGS
us-nyc,United States,New York,USD,515000.0,185.341485,2025-07-07,nyc_dof_rolling_sales,185.341485,,,,1901,,,02 TWO FAMILY DWELLINGS,KINGSBRIDGE HTS/UNIV HTS,2691 HEATH AVENUE,02 TWO FAMILY DWELLINGS
us-nyc,United States,New York,USD,318900.0,380.437785,2025-02-28,nyc_dof_rolling_sales,380.437785,,,,1910,,,03 THREE FAMILY DWELLINGS,KINGSBRIDGE HTS/UNIV HTS,2099 DAVIDSON AVE,03 THREE FAMILY DWELLINGS
us-nyc,United States,New York,USD,11863.0,259.756788,2025-05-20,nyc_dof_rolling_sales,259.756788,,,,1901,,,03 THREE FAMILY DWELLINGS,KINGSBRIDGE HTS/UNIV HTS,2603 SEDGWICK AVENUE,03 THREE FAMILY DWELLINGS
us-nyc,United States,New York,USD,1100000.0,379.04424,2025-09-19,nyc_dof_rolling_sales,379.04424,,,,1933,,,07 RENTALS - WALKUP APARTMENTS,KINGSBRIDGE HTS/UNIV HTS,2366 DAVIDSON AVE,07 RENTALS - WALKUP APARTMENTS
us-nyc,United States,New York,USD,2085967.0,1441.390045,2025-06-18,nyc_dof_rolling_sales,1441.390045,,,,1912,,,07 RENTALS - WALKUP APARTMENTS,KINGSBRIDGE HTS/UNIV HTS,2426 UNIVERSITY AVENUE,07 RENTALS - WALKUP APARTMENTS
us-nyc,United States,New York,USD,4428500.0,4183.886605,2025-11-13,nyc_dof_rolling_sales,4183.886605,,,,1922,,,07 RENTALS - WALKUP APARTMENTS,KINGSBRIDGE HTS/UNIV HTS,60 WEST 190TH STREET,07 RENTALS - WALKUP APARTMENTS
us-nyc,United States,New York,USD,1.0,4199.2155999999995,2025-03-31,nyc_dof_rolling_sales,4199.2155999999995,,,,1929,,,08 RENTALS - ELEVATOR APARTMENTS,KINGSBRIDGE HTS/UNIV HTS,2201 DAVIDSON AVENUE,08 RENTALS - ELEVATOR APARTMENTS
us-nyc,United States,New York,USD,4947220.0,5464.926072,2025-05-16,nyc_dof_rolling_sales,5464.926072,,,,1936,,,08 RENTALS - ELEVATOR APARTMENTS,KINGSBRIDGE HTS/UNIV HTS,120 WEST 183 STREET,08 RENTALS - ELEVATOR APARTMENTS
us-nyc,United States,New York,USD,7135420.0,7989.658,2025-05-16,nyc_dof_rolling_sales,7989.658,,,,1952,,,08 RENTALS - ELEVATOR APARTMENTS,KINGSBRIDGE HTS/UNIV HTS,2575 SEDGWICK AVENUE,08 RENTALS - ELEVATOR APARTMENTS
us-nyc,United States,New York,USD,5217290.0,5514.907886,2025-05-16,nyc_dof_rolling_sales,5514.907886,,,,1949,,,08 RENTALS - ELEVATOR APARTMENTS,KINGSBRIDGE HTS/UNIV HTS,2559 SEDGWICK AVENUE,08 RENTALS - ELEVATOR APARTMENTS
us-nyc,United States,New York,USD,110000.0,nan,2025-04-18,nyc_dof_rolling_sales,nan,,,,1923,,,09 COOPS - WALKUP APARTMENTS,KINGSBRIDGE HTS/UNIV HTS,"2400 DAVIDSON AVE, B22",09 COOPS - WALKUP APARTMENTS
us-nyc,United States,New York,USD,149000.0,nan,2025-09-16,nyc_dof_rolling_sales,nan,,,,1923,,,09 COOPS - WALKUP APARTMENTS,KINGSBRIDGE HTS/UNIV HTS,"2400 DAVIDSON AVENUE, A19",09 COOPS - WALKUP APARTMENTS
us-nyc,United States,New York,USD,155000.0,nan,2025-06-30,nyc_dof_rolling_sales,nan,,,,1923,,,09 COOPS - WALKUP APARTMENTS,KINGSBRIDGE HTS/UNIV HTS,"2400 DAVIDSON AVENUE, A20",09 COOPS - WALKUP APARTMENTS
us-nyc,United States,New York,USD,229000.0,nan,2025-04-21,nyc_dof_rolling_sales,nan,,,,1923,,,09 COOPS - WALKUP APARTMENTS,KINGSBRIDGE HTS/UNIV HTS,"2400 DAVIDSON AVENUE, B3",09 COOPS - WALKUP APARTMENTS
us-nyc,United States,New York,USD,10.0,nan,2025-05-06,nyc_dof_rolling_sales,nan,,,,1923,,,09 COOPS - WALKUP APARTMENTS,KINGSBRIDGE HTS/UNIV HTS,"2410 DAVIDSON AVENUE, A 3",09 COOPS - WALKUP APARTMENTS
us-nyc,United States,New York,USD,10.0,nan,2025-05-06,nyc_dof_rolling_sales,nan,,,,1923,,,09 COOPS - WALKUP APARTMENTS,KINGSBRIDGE HTS/UNIV HTS,"2410 DAVIDSON AVENUE, A2",09 COOPS - WALKUP APARTMENTS
us-nyc,United States,New York,USD,170000.0,nan,2025-11-30,nyc_dof_rolling_sales,nan,,,,1950,,,10 COOPS - ELEVATOR APARTMENTS,KINGSBRIDGE HTS/UNIV HTS,"1 FORDHAM HILL OVAL, 10E",10 COOPS - ELEVATOR APARTMENTS
us-nyc,United States,New York,USD,266000.0,nan,2025-09-10,nyc_dof_rolling_sales,nan,,,,1950,,,10 COOPS - ELEVATOR APARTMENTS,KINGSBRIDGE HTS/UNIV HTS,"1 FORDHAM HILL OVAL, 15B",10 COOPS - ELEVATOR APARTMENTS
us-nyc,United States,New York,USD,165000.0,nan,2025-11-10,nyc_dof_rolling_sales,nan,,,,1950,,,10 COOPS - ELEVATOR APARTMENTS,KINGSBRIDGE HTS/UNIV HTS,"1 FORDHAM HILL OVAL, 8D",10 COOPS - ELEVATOR APARTMENTS
us-nyc,United States,New York,USD,170000.0,nan,2025-05-19,nyc_dof_rolling_sales,nan,,,,1950,,,10 COOPS - ELEVATOR APARTMENTS,KINGSBRIDGE HTS/UNIV HTS,"1 FORDHAM HILL OVAL, 9E",10 COOPS - ELEVATOR APARTMENTS
us-nyc,United States,New York,USD,170000.0,nan,2025-09-16,nyc_dof_rolling_sales,nan,,,,1950,,,10 COOPS - ELEVATOR APARTMENTS,KINGSBRIDGE HTS/UNIV HTS,"2 FORDHAM HILL OVAL, 16E",10 COOPS - ELEVATOR APARTMENTS
us-nyc,United States,New York,USD,62000.0,nan,2025-06-04,nyc_dof_rolling_sales,nan,,,,1950,,,10 COOPS - ELEVATOR APARTMENTS,KINGSBRIDGE HTS/UNIV HTS,"2 FORDHAM HILL OVAL, 6D",10 COOPS - ELEVATOR APARTMENTS
us-nyc,United States,New York,USD,74000.0,nan,2025-03-21,nyc_dof_rolling_sales,nan,,,,1950,,,10 COOPS - ELEVATOR APARTMENTS,KINGSBRIDGE HTS/UNIV HTS,"3 FORDHAM HILL OVAL, 15F",10 COOPS - ELEVATOR APARTMENTS
us-nyc,United States,New York,USD,165000.0,nan,2025-10-31,nyc_dof_rolling_sales,nan,,,,1950,,,10 COOPS - ELEVATOR APARTMENTS,KINGSBRIDGE HTS/UNIV HTS,"3 FORDHAM HILL OVAL, 2H",10 COOPS - ELEVATOR APARTMENTS
us-nyc,United States,New York,USD,102000.0,nan,2025-11-03,nyc_dof_rolling_sales,nan,,,,1950,,,10 COOPS - ELEVATOR APARTMENTS,KINGSBRIDGE HTS/UNIV HTS,"6 FORDHAM HILL OVAL, 14G",10 COOPS - ELEVATOR APARTMENTS
us-nyc,United States,New York,USD,265000.0,nan,2025-08-15,nyc_dof_rolling_sales,nan,,,,1950,,,10 COOPS - ELEVATOR APARTMENTS,KINGSBRIDGE HTS/UNIV HTS,"6 FORDHAM HILL OVAL, 3F",10 COOPS - ELEVATOR APARTMENTS
us-nyc,United States,New York,USD,165000.0,nan,2025-02-11,nyc_dof_rolling_sales,nan,,,,1950,,,10 COOPS - ELEVATOR APARTMENTS,KINGSBRIDGE HTS/UNIV HTS,"9 FORDHAM HILL OVAL, 7D",10 COOPS - ELEVATOR APARTMENTS
us-nyc,United States,New York,USD,149000.0,nan,2025-11-06,nyc_dof_rolling_sales,nan,,,,1955,,,10 COOPS - ELEVATOR APARTMENTS,KINGSBRIDGE HTS/UNIV HTS,"2630 KINGSBRIDGE TERR, 5M",10 COOPS - ELEVATOR APARTMENTS
us-nyc,United States,New York,USD,320000.0,nan,2025-10-03,nyc_dof_rolling_sales,nan,,,,1955,,,10 COOPS - ELEVATOR APARTMENTS,KINGSBRIDGE HTS/UNIV HTS,"2630 KINGSBRIDGE TERRACE, 1D",10 COOPS - ELEVATOR APARTMENTS
us-nyc,United States,New York,USD,153450.0,nan,2025-11-05,nyc_dof_rolling_sales,nan,,,,1955,,,10 COOPS - ELEVATOR APARTMENTS,KINGSBRIDGE HTS/UNIV HTS,"2630 KINGSBRIDGE TERRACE, 1V",10 COOPS - ELEVATOR APARTMENTS
us-nyc,United States,New York,USD,170000.0,nan,2025-04-21,nyc_dof_rolling_sales,nan,,,,1955,,,10 COOPS - ELEVATOR APARTMENTS,KINGSBRIDGE HTS/UNIV HTS,"2630 KINGSBRIDGE TERRACE, 2B",10 COOPS - ELEVATOR APARTMENTS
us-nyc,United States,New York,USD,150000.0,nan,2025-02-28,nyc_dof_rolling_sales,nan,,,,1955,,,10 COOPS - ELEVATOR APARTMENTS,KINGSBRIDGE HTS/UNIV HTS,"2630 KINGSBRIDGE TERRACE, 2I",10 COOPS - ELEVATOR APARTMENTS
us-nyc,United States,New York,USD,278000.0,nan,2025-02-03,nyc_dof_rolling_sales,nan,,,,1955,,,10 COOPS - ELEVATOR APARTMENTS,KINGSBRIDGE HTS/UNIV HTS,"2630 KINGSBRIDGE TERRACE, 2L",10 COOPS - ELEVATOR APARTMENTS
us-nyc,United States,New York,USD,170000.0,nan,2025-08-25,nyc_dof_rolling_sales,nan,,,,1955,,,10 COOPS - ELEVATOR APARTMENTS,KINGSBRIDGE HTS/UNIV HTS,"2630 KINGSBRIDGE TERRACE, 2N",10 COOPS - ELEVATOR APARTMENTS
us-nyc,United States,New York,USD,94000.0,nan,2025-04-29,nyc_dof_rolling_sales,nan,,,,1955,,,10 COOPS - ELEVATOR APARTMENTS,KINGSBRIDGE HTS/UNIV HTS,"2630 KINGSBRIDGE TERRACE, 3G",10 COOPS - ELEVATOR APARTMENTS
us-nyc,United States,New York,USD,139900.0,nan,2025-05-16,nyc_dof_rolling_sales,nan,,,,1955,,,10 COOPS - ELEVATOR APARTMENTS,KINGSBRIDGE HTS/UNIV HTS,"2630 KINGSBRIDGE TERRACE, 3P",10 COOPS - ELEVATOR APARTMENTS
us-nyc,United States,New York,USD,119000.0,nan,2025-05-29,nyc_dof_rolling_sales,nan,,,,1955,,,10 COOPS - ELEVATOR APARTMENTS,KINGSBRIDGE HTS/UNIV HTS,"2630 KINGSBRIDGE TERRACE, 3U",10 COOPS - ELEVATOR APARTMENTS
us-nyc,United States,New York,USD,135000.0,nan,2025-09-23,nyc_dof_rolling_sales,nan,,,,1955,,,10 COOPS - ELEVATOR APARTMENTS,KINGSBRIDGE HTS/UNIV HTS,"2630 KINGSBRIDGE TERRACE, 3V",10 COOPS - ELEVATOR APARTMENTS
us-nyc,United States,New York,USD,170000.0,nan,2025-06-30,nyc_dof_rolling_sales,nan,,,,1955,,,10 COOPS - ELEVATOR APARTMENTS,KINGSBRIDGE HTS/UNIV HTS,"2630 KINGSBRIDGE TERRACE, 4Y",10 COOPS - ELEVATOR APARTMENTS
us-nyc,United States,New York,USD,152000.0,nan,2025-05-08,nyc_dof_rolling_sales,nan,,,,1955,,,10 COOPS - ELEVATOR APARTMENTS,KINGSBRIDGE HTS/UNIV HTS,"2630 KINGSBRIDGE TERRACE, 5S",10 COOPS - ELEVATOR APARTMENTS
us-nyc,United States,New York,USD,33000.0,nan,2025-07-01,nyc_dof_rolling_sales,nan,,,,1955,,,10 COOPS - ELEVATOR APARTMENTS,KINGSBRIDGE HTS/UNIV HTS,"2630 KINGSBRIDGE TERRACE, 5T",10 COOPS - ELEVATOR APARTMENTS
us-nyc,United States,New York,USD,120000.0,nan,2025-12-15,nyc_dof_rolling_sales,nan,,,,1955,,,10 COOPS - ELEVATOR APARTMENTS,KINGSBRIDGE HTS/UNIV HTS,"2630 KINGSBRIDGE TERRACE, 6T",10 COOPS - ELEVATOR APARTMENTS
us-nyc,United States,New York,USD,400000.0,nan,2025-06-30,nyc_dof_rolling_sales,nan,,,,1955,,,10 COOPS - ELEVATOR APARTMENTS,KINGSBRIDGE HTS/UNIV HTS,"2630 KINGSBRIDGE TERRACE, 7D",10 COOPS - ELEVATOR APARTMENTS
us-nyc,United States,New York,USD,195000.0,nan,2025-11-14,nyc_dof_rolling_sales,nan,,,,1964,,,10 COOPS - ELEVATOR APARTMENTS,KINGSBRIDGE HTS/UNIV HTS,"2545 SEDGWICK AVE, 3B",10 COOPS - ELEVATOR APARTMENTS
us-nyc,United States,New York,USD,450000.0,nan,2025-08-12,nyc_dof_rolling_sales,nan,,,,1964,,,10 COOPS - ELEVATOR APARTMENTS,KINGSBRIDGE HTS/UNIV HTS,"2545 SEDGWICK AVENUE, 2B",10 COOPS - ELEVATOR APARTMENTS
us-nyc,United States,New York,USD,140000.0,nan,2025-11-24,nyc_dof_rolling_sales,nan,,,,1964,,,10 COOPS - ELEVATOR APARTMENTS,KINGSBRIDGE HTS/UNIV HTS,"2545 SEDGWICK AVENUE, 3A",10 COOPS - ELEVATOR APARTMENTS
us-nyc,United States,New York,USD,450000.0,nan,2025-08-12,nyc_dof_rolling_sales,nan,,,,1964,,,10 COOPS - ELEVATOR APARTMENTS,KINGSBRIDGE HTS/UNIV HTS,"2545 SEDGWICK AVENUE, 3H",10 COOPS - ELEVATOR APARTMENTS
us-nyc,United States,New York,USD,450000.0,nan,2025-08-12,nyc_dof_rolling_sales,nan,,,,1964,,,10 COOPS - ELEVATOR APARTMENTS,KINGSBRIDGE HTS/UNIV HTS,"2545 SEDGWICK AVENUE, 5C",10 COOPS - ELEVATOR APARTMENTS
us-nyc,United States,New York,USD,450000.0,nan,2025-08-12,nyc_dof_rolling_sales,nan,,,,1964,,,10 COOPS - ELEVATOR APARTMENTS,KINGSBRIDGE HTS/UNIV HTS,"2545 SEDGWICK AVENUE, 5E",10 COOPS - ELEVATOR APARTMENTS
us-nyc,United States,New York,USD,450000.0,nan,2025-08-12,nyc_dof_rolling_sales,nan,,,,1964,,,10 COOPS - ELEVATOR APARTMENTS,KINGSBRIDGE HTS/UNIV HTS,"2545 SEDGWICK AVENUE, 7J",10 COOPS - ELEVATOR APARTMENTS
us-nyc,United States,New York,USD,925000.0,140.840948,2025-11-14,nyc_dof_rolling_sales,140.840948,,,,1901,,,01 ONE FAMILY DWELLINGS,KINGSBRIDGE/JEROME PARK,3820 SEDGWICK AVENUE,01 ONE FAMILY DWELLINGS
us-nyc,United States,New York,USD,600000.0,148.6448,2025-01-21,nyc_dof_rolling_sales,148.6448,,,,1901,,,01 ONE FAMILY DWELLINGS,KINGSBRIDGE/JEROME PARK,3822 SEDGWICK AVE,01 ONE FAMILY DWELLINGS
us-nyc,United States,New York,USD,1150000.0,211.81884,2025-06-16,nyc_dof_rolling_sales,211.81884,,,,1930,,,01 ONE FAMILY DWELLINGS,KINGSBRIDGE/JEROME PARK,84 WEST 197TH STREET,01 ONE FAMILY DWELLINGS
us-nyc,United States,New York,USD,775000.0,338.259823,2025-09-18,nyc_dof_rolling_sales,338.259823,,,,1920,,,01 ONE FAMILY DWELLINGS,KINGSBRIDGE/JEROME PARK,3344 GILES PLACE,01 ONE FAMILY DWELLINGS
us-nyc,United States,New York,USD,999999.0,261.614848,2025-04-22,nyc_dof_rolling_sales,261.614848,,,,1915,,,01 ONE FAMILY DWELLINGS,KINGSBRIDGE/JEROME PARK,3389 SEDGWICK AVENUE,01 ONE FAMILY DWELLINGS
us-nyc,United States,New York,USD,1200000.0,196.582748,2025-07-16,nyc_dof_rolling_sales,196.582748,,,,1910,,,01 ONE FAMILY DWELLINGS,KINGSBRIDGE/JEROME PARK,3385 SEDGWICK AVENUE,01 ONE FAMILY DWELLINGS
us-nyc,United States,New York,USD,590000.0,87.32882,2025-05-21,nyc_dof_rolling_sales,87.32882,,,,1899,,,01 ONE FAMILY DWELLINGS,KINGSBRIDGE/JEROME PARK,154 SUMMIT PLACE,01 ONE FAMILY DWELLINGS
us-nyc,United States,New York,USD,670000.0,88.072044,2025-07-15,nyc_dof_rolling_sales,88.072044,,,,1901,,,01 ONE FAMILY DWELLINGS,KINGSBRIDGE/JEROME PARK,3338 FT INDEPENDENCE ST,01 ONE FAMILY DWELLINGS
us-nyc,United States,New York,USD,715000.0,200.67048,2025-08-13,nyc_dof_rolling_sales,200.67048,,,,1925,,,01 ONE FAMILY DWELLINGS,KINGSBRIDGE/JEROME PARK,3413 GILES PLACE,01 ONE FAMILY DWELLINGS
us-nyc,United States,New York,USD,680000.0,180.603432,2025-01-10,nyc_dof_rolling_sales,180.603432,,,,1915,,,01 ONE FAMILY DWELLINGS,KINGSBRIDGE/JEROME PARK,3494 CANNON PLACE,01 ONE FAMILY DWELLINGS
us-nyc,United States,New York,USD,744680.0,120.588094,2025-11-03,nyc_dof_rolling_sales,120.588094,,,,1910,,,01 ONE FAMILY DWELLINGS,KINGSBRIDGE/JEROME PARK,3399 FT INDEPENDENCE ST,01 ONE FAMILY DWELLINGS
us-nyc,United States,New York,USD,750000.0,123.746796,2025-11-04,nyc_dof_rolling_sales,123.746796,,,,1940,,,01 ONE FAMILY DWELLINGS,KINGSBRIDGE/JEROME PARK,3841 BAILEY AVENUE,01 ONE FAMILY DWELLINGS
us-nyc,United States,New York,USD,590000.0,95.132672,2025-12-23,nyc_dof_rolling_sales,95.132672,,,,1901,,,01 ONE FAMILY DWELLINGS,KINGSBRIDGE/JEROME PARK,3023 CORLEAR AVE,01 ONE FAMILY DWELLINGS
us-nyc,United States,New York,USD,901568.0,214.60593,2025-02-03,nyc_dof_rolling_sales,214.60593,,,,1938,,,01 ONE FAMILY DWELLINGS,KINGSBRIDGE/JEROME PARK,3238 TIBBETT AVENUE,01 ONE FAMILY DWELLINGS
us-nyc,United States,New York,USD,690000.0,120.402288,2025-11-21,nyc_dof_rolling_sales,120.402288,,,,1939,,,01 ONE FAMILY DWELLINGS,KINGSBRIDGE/JEROME PARK,286 WEST 234TH STREET,01 ONE FAMILY DWELLINGS
us-nyc,United States,New York,USD,890000.0,165.553146,2025-08-13,nyc_dof_rolling_sales,165.553146,,,,1940,,,01 ONE FAMILY DWELLINGS,KINGSBRIDGE/JEROME PARK,3226 IRWIN AVENUE,01 ONE FAMILY DWELLINGS
us-nyc,United States,New York,USD,2550000.0,214.048512,2025-05-13,nyc_dof_rolling_sales,214.048512,,,,1920,,,01 ONE FAMILY DWELLINGS,KINGSBRIDGE/JEROME PARK,3242 RIVERDALE AVE,01 ONE FAMILY DWELLINGS
us-nyc,United States,New York,USD,565000.0,110.368764,2025-09-16,nyc_dof_rolling_sales,110.368764,,,,1925,,,01 ONE FAMILY DWELLINGS,KINGSBRIDGE/JEROME PARK,3446 KINGSBRIDGE AVENUE,01 ONE FAMILY DWELLINGS
us-nyc,United States,New York,USD,805000.0,130.0642,2025-05-13,nyc_dof_rolling_sales,130.0642,,,,1932,,,01 ONE FAMILY DWELLINGS,KINGSBRIDGE/JEROME PARK,3607 TIBBETT AVENUE,01 ONE FAMILY DWELLINGS
us-nyc,United States,New York,USD,999999.0,236.345232,2025-05-29,nyc_dof_rolling_sales,236.345232,,,,1940,,,02 TWO FAMILY DWELLINGS,KINGSBRIDGE/JEROME PARK,2755 UNIVERSITY AVENUE,02 TWO FAMILY DWELLINGS
us-nyc,United States,New York,USD,1500000.0,145.300292,2025-05-05,nyc_dof_rolling_sales,145.300292,,,,1930,,,02 TWO FAMILY DWELLINGS,KINGSBRIDGE/JEROME PARK,3979 SAXON AVENUE,02 TWO FAMILY DWELLINGS
us-nyc,United States,New York,USD,1050000.0,260.871624,2025-06-20,nyc_dof_rolling_sales,260.871624,,,,1920,,,02 TWO FAMILY DWELLINGS,KINGSBRIDGE/JEROME PARK,2738 KINGSBRIDGE TERRACE,02 TWO FAMILY DWELLINGS
us-nyc,United States,New York,USD,760000.0,219.065274,2025-12-09,nyc_dof_rolling_sales,219.065274,,,,1920,,,02 TWO FAMILY DWELLINGS,KINGSBRIDGE/JEROME PARK,3395 SEDGWICK AVENUE,02 TWO FAMILY DWELLINGS
us-nyc,United States,New York,USD,950000.0,240.432964,2025-02-18,nyc_dof_rolling_sales,240.432964,,,,1911,,,02 TWO FAMILY DWELLINGS,KINGSBRIDGE/JEROME PARK,2743 KINGSBRIDGE TERRACE,02 TWO FAMILY DWELLINGS
us-nyc,United States,New York,USD,670000.0,222.9672,2025-02-10,nyc_dof_rolling_sales,222.9672,,,,1930,,,02 TWO FAMILY DWELLINGS,KINGSBRIDGE/JEROME PARK,2735 KINGSBRIDGE TERRACE,02 TWO FAMILY DWELLINGS
us-nyc,United States,New York,USD,1300000.0,298.404436,2025-04-28,nyc_dof_rolling_sales,298.404436,,,,1960,,,02 TWO FAMILY DWELLINGS,KINGSBRIDGE/JEROME PARK,3498 FT INDEPENDENCE ST,02 TWO FAMILY DWELLINGS
us-nyc,United States,New York,USD,600000.0,367.89588,2025-08-26,nyc_dof_rolling_sales,367.89588,,,,1935,,,02 TWO FAMILY DWELLINGS,KINGSBRIDGE/JEROME PARK,2889 HEATH AVENUE,02 TWO FAMILY DWELLINGS
us-nyc,United States,New York,USD,999000.0,217.578826,2025-06-30,nyc_dof_rolling_sales,217.578826,,,,1910,,,02 TWO FAMILY DWELLINGS,KINGSBRIDGE/JEROME PARK,3087 HEATH AVENUE,02 TWO FAMILY DWELLINGS
us-nyc,United States,New York,USD,1200000.0,200.67048,2025-08-07,nyc_dof_rolling_sales,200.67048,,,,1960,,,02 TWO FAMILY DWELLINGS,KINGSBRIDGE/JEROME PARK,3841 ORLOFF AVENUE,02 TWO FAMILY DWELLINGS
us-nyc,United States,New York,USD,870000.0,185.806,2025-10-10,nyc_dof_rolling_sales,185.806,,,,1920,,,02 TWO FAMILY DWELLINGS,KINGSBRIDGE/JEROME PARK,3811 ORLOFF AVE,02 TWO FAMILY DWELLINGS
us-nyc,United States,New York,USD,985000.0,255.576153,2025-09-09,nyc_dof_rolling_sales,255.576153,,,,1920,,,02 TWO FAMILY DWELLINGS,KINGSBRIDGE/JEROME PARK,3855 CANNON PLACE,02 TWO FAMILY DWELLINGS
us-nyc,United States,New York,USD,650000.0,117.42939199999999,2025-07-16,nyc_dof_rolling_sales,117.42939199999999,,,,1901,,,02 TWO FAMILY DWELLINGS,KINGSBRIDGE/JEROME PARK,3025 CORLEAR AVENUE,02 TWO FAMILY DWELLINGS
us-nyc,United States,New York,USD,1525000.0,438.316354,2025-02-05,nyc_dof_rolling_sales,438.316354,,,,2017,,,02 TWO FAMILY DWELLINGS,KINGSBRIDGE/JEROME PARK,3594 GREYSTONE AVENUE,02 TWO FAMILY DWELLINGS
us-nyc,United States,New York,USD,10.0,183.94794,2025-04-09,nyc_dof_rolling_sales,183.94794,,,,1958,,,02 TWO FAMILY DWELLINGS,KINGSBRIDGE/JEROME PARK,3459 CORLEAR AVENUE,02 TWO FAMILY DWELLINGS
us-nyc,United States,New York,USD,999000.0,248.98004,2025-05-06,nyc_dof_rolling_sales,248.98004,,,,1910,,,02 TWO FAMILY DWELLINGS,KINGSBRIDGE/JEROME PARK,3616 TIBBETT AVENUE,02 TWO FAMILY DWELLINGS
us-nyc,United States,New York,USD,760000.0,225.75429,2025-10-30,nyc_dof_rolling_sales,225.75429,,,,1935,,,02 TWO FAMILY DWELLINGS,KINGSBRIDGE/JEROME PARK,3626 IRWIN AVENUE,02 TWO FAMILY DWELLINGS
us-nyc,United States,New York,USD,1380000.0,274.156753,2025-11-13,nyc_dof_rolling_sales,274.156753,,,,2002,,,02 TWO FAMILY DWELLINGS,KINGSBRIDGE/JEROME PARK,3251 RIVERDALE AVENUE,02 TWO FAMILY DWELLINGS
us-nyc,United States,New York,USD,1070000.0,308.345057,2025-12-02,nyc_dof_rolling_sales,308.345057,,,,2002,,,02 TWO FAMILY DWELLINGS,KINGSBRIDGE/JEROME PARK,3215 RIVERDALE AVE,02 TWO FAMILY DWELLINGS
us-nyc,United States,New York,USD,1175000.0,471.94724,2025-12-16,nyc_dof_rolling_sales,471.94724,,,,1910,,,03 THREE FAMILY DWELLINGS,KINGSBRIDGE/JEROME PARK,2749 UNIVERSITY AVENUE,03 THREE FAMILY DWELLINGS
us-nyc,United States,New York,USD,1.0,409.70223,2025-06-18,nyc_dof_rolling_sales,409.70223,,,,1930,,,03 THREE FAMILY DWELLINGS,KINGSBRIDGE/JEROME PARK,2778 CLAFLIN AVENUE,03 THREE FAMILY DWELLINGS
us-nyc,United States,New York,USD,1100000.0,287.9993,2025-04-08,nyc_dof_rolling_sales,287.9993,,,,1960,,,03 THREE FAMILY DWELLINGS,KINGSBRIDGE/JEROME PARK,3846A BAILEY AVENUE,03 THREE FAMILY DWELLINGS
us-nyc,United States,New York,USD,1100000.0,287.9993,2025-04-08,nyc_dof_rolling_sales,287.9993,,,,1960,,,03 THREE FAMILY DWELLINGS,KINGSBRIDGE/JEROME PARK,3846B BAILEY AVENUE,03 THREE FAMILY DWELLINGS
us-nyc,United States,New York,USD,1150000.0,287.720591,2025-02-13,nyc_dof_rolling_sales,287.720591,,,,1960,,,03 THREE FAMILY DWELLINGS,KINGSBRIDGE/JEROME PARK,3852 BAILEY AVENUE,03 THREE FAMILY DWELLINGS
us-nyc,United States,New York,USD,850000.0,283.35415,2025-10-23,nyc_dof_rolling_sales,283.35415,,,,1925,,,03 THREE FAMILY DWELLINGS,KINGSBRIDGE/JEROME PARK,3214 TIBBETT AVENUE,03 THREE FAMILY DWELLINGS
us-nyc,United States,New York,USD,900000.0,311.22505,2025-08-01,nyc_dof_rolling_sales,311.22505,,,,1925,,,03 THREE FAMILY DWELLINGS,KINGSBRIDGE/JEROME PARK,3231 CORLEAR AVENUE,03 THREE FAMILY DWELLINGS
us-nyc,United States,New York,USD,1540000.0,277.77997,2025-04-29,nyc_dof_rolling_sales,277.77997,,,,1930,,,07 RENTALS - WALKUP APARTMENTS,KINGSBRIDGE/JEROME PARK,3963 SAXON AVENUE,07 RENTALS - WALKUP APARTMENTS
us-nyc,United States,New York,USD,10776670.0,9133.572639,2025-05-16,nyc_dof_rolling_sales,9133.572639,,,,1949,,,08 RENTALS - ELEVATOR APARTMENTS,KINGSBRIDGE/JEROME PARK,2780 UNIVERSITY AVENUE,08 RENTALS - ELEVATOR APARTMENTS
us-nyc,United States,New York,USD,5400000.0,7274.3049,2025-04-30,nyc_dof_rolling_sales,7274.3049,,,,1927,,,08 RENTALS - ELEVATOR APARTMENTS,KINGSBRIDGE/JEROME PARK,2785 UNIVERSITY AVENUE,08 RENTALS - ELEVATOR APARTMENTS
us-nyc,United States,New York,USD,4571500.0,6359.024544,2025-11-13,nyc_dof_rolling_sales,6359.024544,,,,1927,,,08 RENTALS - ELEVATOR APARTMENTS,KINGSBRIDGE/JEROME PARK,2834 HEATH AVENUE,08 RENTALS - ELEVATOR APARTMENTS
us-nyc,United States,New York,USD,6317210.0,6499.49388,2025-05-16,nyc_dof_rolling_sales,6499.49388,,,,1929,,,08 RENTALS - ELEVATOR APARTMENTS,KINGSBRIDGE/JEROME PARK,3881 SEDGWICK AVENUE,08 RENTALS - ELEVATOR APARTMENTS
us-nyc,United States,New York,USD,4800000.0,1128.1211289999999,2025-05-21,nyc_dof_rolling_sales,1128.1211289999999,,,,2013,,,08 RENTALS - ELEVATOR APARTMENTS,KINGSBRIDGE/JEROME PARK,3174 RIVERDALE AVENUE,08 RENTALS - ELEVATOR APARTMENTS
us-nyc,United States,New York,USD,180000.0,nan,2025-02-25,nyc_dof_rolling_sales,nan,,,,1955,,,10 COOPS - ELEVATOR APARTMENTS,KINGSBRIDGE/JEROME PARK,"3850 SEDGWICK AVE, 2H",10 COOPS - ELEVATOR APARTMENTS
us-nyc,United States,New York,USD,180000.0,nan,2025-08-11,nyc_dof_rolling_sales,nan,,,,1959,,,10 COOPS - ELEVATOR APARTMENTS,KINGSBRIDGE/JEROME PARK,"2835 WEBB AVE, 6B",10 COOPS - ELEVATOR APARTMENTS
us-nyc,United States,New York,USD,228000.0,nan,2025-02-11,nyc_dof_rolling_sales,nan,,,,1960,,,10 COOPS - ELEVATOR APARTMENTS,KINGSBRIDGE/JEROME PARK,"3065 SEDGEWICK AVENUE, 5C",10 COOPS - ELEVATOR APARTMENTS
us-nyc,United States,New York,USD,170000.0,nan,2025-02-21,nyc_dof_rolling_sales,nan,,,,1960,,,10 COOPS - ELEVATOR APARTMENTS,KINGSBRIDGE/JEROME PARK,"3065 SEDGWICK AVENUE, 7B",10 COOPS - ELEVATOR APARTMENTS
us-nyc,United States,New York,USD,260000.0,nan,2025-01-10,nyc_dof_rolling_sales,nan,,,,1963,,,10 COOPS - ELEVATOR APARTMENTS,KINGSBRIDGE/JEROME PARK,"3363 SEDGWICK AVENUE, 4F",10 COOPS - ELEVATOR APARTMENTS
us-nyc,United States,New York,USD,174400.0,nan,2025-01-14,nyc_dof_rolling_sales,nan,,,,1963,,,10 COOPS - ELEVATOR APARTMENTS,KINGSBRIDGE/JEROME PARK,"3363 SEDGWICK AVENUE, 6A",10 COOPS - ELEVATOR APARTMENTS
us-nyc,United States,New York,USD,173000.0,nan,2025-07-16,nyc_dof_rolling_sales,nan,,,,1962,,,10 COOPS - ELEVATOR APARTMENTS,KINGSBRIDGE/JEROME PARK,"3311 GILES PLACE, 3C",10 COOPS - ELEVATOR APARTMENTS
us-nyc,United States,New York,USD,365000.0,nan,2025-08-29,nyc_dof_rolling_sales,nan,,,,1962,,,10 COOPS - ELEVATOR APARTMENTS,KINGSBRIDGE/JEROME PARK,"3311 GILES PLACE, 5E",10 COOPS - ELEVATOR APARTMENTS
us-nyc,United States,New York,USD,230000.0,nan,2025-09-26,nyc_dof_rolling_sales,nan,,,,1962,,,10 COOPS - ELEVATOR APARTMENTS,KINGSBRIDGE/JEROME PARK,"3311 GILES PLACE, 5H",10 COOPS - ELEVATOR APARTMENTS
us-nyc,United States,New York,USD,140000.0,nan,2025-02-21,nyc_dof_rolling_sales,nan,,,,1962,,,10 COOPS - ELEVATOR APARTMENTS,KINGSBRIDGE/JEROME PARK,"3311 GILES PLACE, 7S",10 COOPS - ELEVATOR APARTMENTS
us-nyc,United States,New York,USD,190000.0,nan,2025-09-24,nyc_dof_rolling_sales,nan,,,,1955,,,10 COOPS - ELEVATOR APARTMENTS,KINGSBRIDGE/JEROME PARK,"2860 BAILEY AVENUE, 2A",10 COOPS - ELEVATOR APARTMENTS
us-nyc,United States,New York,USD,250000.0,nan,2025-01-16,nyc_dof_rolling_sales,nan,,,,1955,,,10 COOPS - ELEVATOR APARTMENTS,KINGSBRIDGE/JEROME PARK,"2860 BAILEY AVENUE, 3D",10 COOPS - ELEVATOR APARTMENTS
us-nyc,United States,New York,USD,170000.0,nan,2025-06-25,nyc_dof_rolling_sales,nan,,,,1955,,,10 COOPS - ELEVATOR APARTMENTS,KINGSBRIDGE/JEROME PARK,"2860 BAILEY AVENUE, 7L",10 COOPS - ELEVATOR APARTMENTS
us-nyc,United States,New York,USD,19608.0,nan,2025-06-03,nyc_dof_rolling_sales,nan,,,,1960,,,10 COOPS - ELEVATOR APARTMENTS,KINGSBRIDGE/JEROME PARK,"75 WEST 238TH STREET, 4L",10 COOPS - ELEVATOR APARTMENTS
us-nyc,United States,New York,USD,280000.0,nan,2025-05-15,nyc_dof_rolling_sales,nan,,,,1960,,,10 COOPS - ELEVATOR APARTMENTS,KINGSBRIDGE/JEROME PARK,"75 WEST 238TH STREET, 6J",10 COOPS - ELEVATOR APARTMENTS
us-nyc,United States,New York,USD,175000.0,nan,2025-03-21,nyc_dof_rolling_sales,nan,,,,1964,,,10 COOPS - ELEVATOR APARTMENTS,KINGSBRIDGE/JEROME PARK,"3123 BAILEY AVE, L2",10 COOPS - ELEVATOR APARTMENTS
us-nyc,United States,New York,USD,333606.0,nan,2025-07-09,nyc_dof_rolling_sales,nan,,,,1964,,,10 COOPS - ELEVATOR APARTMENTS,KINGSBRIDGE/JEROME PARK,"3123 BAILEY AVENUE, 2F",10 COOPS - ELEVATOR APARTMENTS
us-nyc,United States,New York,USD,245000.0,nan,2025-04-10,nyc_dof_rolling_sales,nan,,,,1961,,,10 COOPS - ELEVATOR APARTMENTS,KINGSBRIDGE/JEROME PARK,"3119 BAILEY AVENUE, 1D",10 COOPS - ELEVATOR APARTMENTS
us-nyc,United States,New York,USD,310000.0,nan,2025-05-23,nyc_dof_rolling_sales,nan,,,,1961,,,10 COOPS - ELEVATOR APARTMENTS,KINGSBRIDGE/JEROME PARK,"3119 BAILEY AVENUE, 4B",10 COOPS - ELEVATOR APARTMENTS
us-nyc,United States,New York,USD,280000.0,nan,2025-10-01,nyc_dof_rolling_sales,nan,,,,1966,,,10 COOPS - ELEVATOR APARTMENTS,KINGSBRIDGE/JEROME PARK,"290 W 232 ST, 20E",10 COOPS - ELEVATOR APARTMENTS
us-nyc,United States,New York,USD,320000.0,nan,2025-07-14,nyc_dof_rolling_sales,nan,,,,1966,,,10 COOPS - ELEVATOR APARTMENTS,KINGSBRIDGE/JEROME PARK,"290 W 232ND STREET, 3B",10 COOPS - ELEVATOR APARTMENTS
us-nyc,United States,New York,USD,320000.0,nan,2025-03-24,nyc_dof_rolling_sales,nan,,,,1966,,,10 COOPS - ELEVATOR APARTMENTS,KINGSBRIDGE/JEROME PARK,"290 WEST 232ND STREET, 15A",10 COOPS - ELEVATOR APARTMENTS
us-nyc,United States,New York,USD,340000.0,nan,2025-02-06,nyc_dof_rolling_sales,nan,,,,1966,,,10 COOPS - ELEVATOR APARTMENTS,KINGSBRIDGE/JEROME PARK,"290 WEST 232ND STREET, 17C",10 COOPS - ELEVATOR APARTMENTS
us-nyc,United States,New York,USD,342500.0,nan,2025-07-17,nyc_dof_rolling_sales,nan,,,,1966,,,10 COOPS - ELEVATOR APARTMENTS,KINGSBRIDGE/JEROME PARK,"290 WEST 232ND STREET, 18B",10 COOPS - ELEVATOR APARTMENTS
us-nyc,United States,New York,USD,475000.0,nan,2025-06-17,nyc_dof_rolling_sales,nan,,,,1966,,,10 COOPS - ELEVATOR APARTMENTS,KINGSBRIDGE/JEROME PARK,"290 WEST 232ND STREET, 5F",10 COOPS - ELEVATOR APARTMENTS
us-nyc,United States,New York,USD,116000.0,nan,2025-07-25,nyc_dof_rolling_sales,nan,,,,1961,,,10 COOPS - ELEVATOR APARTMENTS,KINGSBRIDGE/JEROME PARK,"3125 TIBBETT AVENUE, 10A",10 COOPS - ELEVATOR APARTMENTS
us-nyc,United States,New York,USD,225000.0,nan,2025-03-31,nyc_dof_rolling_sales,nan,,,,1961,,,10 COOPS - ELEVATOR APARTMENTS,KINGSBRIDGE/JEROME PARK,"3125 TIBBETT AVENUE, 8C",10 COOPS - ELEVATOR APARTMENTS
us-nyc,United States,New York,USD,225000.0,nan,2025-04-28,nyc_dof_rolling_sales,nan,,,,1961,,,10 COOPS - ELEVATOR APARTMENTS,KINGSBRIDGE/JEROME PARK,"3125 TIBBETT AVENUE, 9H",10 COOPS - ELEVATOR APARTMENTS
us-nyc,United States,New York,USD,225000.0,nan,2025-10-31,nyc_dof_rolling_sales,nan,,,,1961,,,10 COOPS - ELEVATOR APARTMENTS,KINGSBRIDGE/JEROME PARK,"3130 IRWIN AVENUE, 11J",10 COOPS - ELEVATOR APARTMENTS
us-nyc,United States,New York,USD,220000.0,nan,2025-04-29,nyc_dof_rolling_sales,nan,,,,1961,,,10 COOPS - ELEVATOR APARTMENTS,KINGSBRIDGE/JEROME PARK,"3130 IRWIN AVENUE, 4D",10 COOPS - ELEVATOR APARTMENTS
us-nyc,United States,New York,USD,230000.0,nan,2025-03-04,nyc_dof_rolling_sales,nan,,,,1961,,,10 COOPS - ELEVATOR APARTMENTS,KINGSBRIDGE/JEROME PARK,"3130 IRWIN AVENUE, 6J",10 COOPS - ELEVATOR APARTMENTS
us-nyc,United States,New York,USD,407000.0,nan,2025-07-03,nyc_dof_rolling_sales,nan,,,,1961,,,10 COOPS - ELEVATOR APARTMENTS,KINGSBRIDGE/JEROME PARK,"3130 IRWIN AVENUE, 9H",10 COOPS - ELEVATOR APARTMENTS
us-nyc,United States,New York,USD,50000.0,nan,2025-11-26,nyc_dof_rolling_sales,nan,,,,1970,,,10 COOPS - ELEVATOR APARTMENTS,KINGSBRIDGE/JEROME PARK,"3240 RIVERDALE AVENUE, 3A",10 COOPS - ELEVATOR APARTMENTS
us-nyc,United States,New York,USD,132500.0,nan,2025-04-03,nyc_dof_rolling_sales,nan,,,,1970,,,10 COOPS - ELEVATOR APARTMENTS,KINGSBRIDGE/JEROME PARK,"3240 RIVERDALE AVENUE, 7A",10 COOPS - ELEVATOR APARTMENTS
us-nyc,United States,New York,USD,125000.0,nan,2025-11-04,nyc_dof_rolling_sales,nan,,,,1957,,,10 COOPS - ELEVATOR APARTMENTS,KINGSBRIDGE/JEROME PARK,"3475 GREYSTONE AVE, 2F",10 COOPS - ELEVATOR APARTMENTS
us-nyc,United States,New York,USD,156500.0,nan,2025-03-10,nyc_dof_rolling_sales,nan,,,,1957,,,10 COOPS - ELEVATOR APARTMENTS,KINGSBRIDGE/JEROME PARK,"3475 GREYSTONE AVENUE, 4A",10 COOPS - ELEVATOR APARTMENTS
us-nyc,United States,New York,USD,325000.0,nan,2025-03-04,nyc_dof_rolling_sales,nan,,,,1957,,,10 COOPS - ELEVATOR APARTMENTS,KINGSBRIDGE/JEROME PARK,"3475 GREYSTONE AVENUE, 6B",10 COOPS - ELEVATOR APARTMENTS
us-nyc,United States,New York,USD,160000.0,nan,2025-04-02,nyc_dof_rolling_sales,nan,,,,1957,,,10 COOPS - ELEVATOR APARTMENTS,KINGSBRIDGE/JEROME PARK,"3475 GREYSTONE AVENUE, LH",10 COOPS - ELEVATOR APARTMENTS
us-nyc,United States,New York,USD,215000.0,nan,2025-04-09,nyc_dof_rolling_sales,nan,,,,1940,,,10 COOPS - ELEVATOR APARTMENTS,KINGSBRIDGE/JEROME PARK,"3636 GREYSTONE AVE, 1C",10 COOPS - ELEVATOR APARTMENTS
us-nyc,United States,New York,USD,280000.0,nan,2025-09-08,nyc_dof_rolling_sales,nan,,,,1931,,,10 COOPS - ELEVATOR APARTMENTS,KINGSBRIDGE/JEROME PARK,"3875 WALDO AVENUE, 11J",10 COOPS - ELEVATOR APARTMENTS
us-nyc,United States,New York,USD,260000.0,nan,2025-09-22,nyc_dof_rolling_sales,nan,,,,1931,,,10 COOPS - ELEVATOR APARTMENTS,KINGSBRIDGE/JEROME PARK,"3875 WALDO AVENUE, 6S",10 COOPS - ELEVATOR APARTMENTS
us-nyc,United States,New York,USD,270000.0,nan,2025-09-04,nyc_dof_rolling_sales,nan,,,,1931,,,10 COOPS - ELEVATOR APARTMENTS,KINGSBRIDGE/JEROME PARK,"3875 WALDO AVENUE, 7P",10 COOPS - ELEVATOR APARTMENTS
us-nyc,United States,New York,USD,659995.0,nan,2025-10-03,nyc_dof_rolling_sales,nan,,,,2004,,,13 CONDOS - ELEVATOR APARTMENTS,KINGSBRIDGE/JEROME PARK,"3816 WALDO AVE, 3C",13 CONDOS - ELEVATOR APARTMENTS
us-nyc,United States,New York,USD,660000.0,nan,2025-12-01,nyc_dof_rolling_sales,nan,,,,2004,,,13 CONDOS - ELEVATOR APARTMENTS,KINGSBRIDGE/JEROME PARK,"3816 WALDO AVENUE, 3D",13 CONDOS - ELEVATOR APARTMENTS
us-nyc,United States,New York,USD,655000.0,nan,2025-01-03,nyc_dof_rolling_sales,nan,,,,2004,,,13 CONDOS - ELEVATOR APARTMENTS,KINGSBRIDGE/JEROME PARK,"3816 WALDO AVENUE, 5D",13 CONDOS - ELEVATOR APARTMENTS
us-nyc,United States,New York,USD,1580000.0,126.34808,2025-05-15,nyc_dof_rolling_sales,126.34808,,,,1890,,,22 STORE BUILDINGS,KINGSBRIDGE/JEROME PARK,5610 BROADWAY,22 STORE BUILDINGS
us-nyc,United States,New York,USD,11500000.0,763.198145,2025-05-20,nyc_dof_rolling_sales,763.198145,,,,1951,,,22 STORE BUILDINGS,KINGSBRIDGE/JEROME PARK,205 W 230TH ST,22 STORE BUILDINGS
us-nyc,United States,New York,USD,17100000.0,606.192075,2025-10-12,nyc_dof_rolling_sales,606.192075,,,,1970,,,22 STORE BUILDINGS,KINGSBRIDGE/JEROME PARK,3632 KINGSBRIDGE AVENUE,22 STORE BUILDINGS
us-nyc,United States,New York,USD,95000.0,44.59344,2025-08-28,nyc_dof_rolling_sales,44.59344,,,,1930,,,29 COMMERCIAL GARAGES,KINGSBRIDGE/JEROME PARK,158 SUMMIT PLACE,29 COMMERCIAL GARAGES
us-nyc,United States,New York,USD,17100000.0,1610.566408,2025-10-12,nyc_dof_rolling_sales,1610.566408,,,,1968,,,29 COMMERCIAL GARAGES,KINGSBRIDGE/JEROME PARK,5760 BROADWAY,29 COMMERCIAL GARAGES
us-nyc,United States,New York,USD,17100000.0,1161.2875,2025-10-12,nyc_dof_rolling_sales,1161.2875,,,,1974,,,30 WAREHOUSES,KINGSBRIDGE/JEROME PARK,5790 BROADWAY,30 WAREHOUSES
us-nyc,United States,New York,USD,3000000.0,144.92867999999999,2025-09-19,nyc_dof_rolling_sales,144.92867999999999,,,,1920,,,01 ONE FAMILY DWELLINGS,MELROSE/CONCOURSE,35 EAST 169TH STREET,01 ONE FAMILY DWELLINGS
us-nyc,United States,New York,USD,1035000.0,163.880892,2025-03-27,nyc_dof_rolling_sales,163.880892,,,,1901,,,02 TWO FAMILY DWELLINGS,MELROSE/CONCOURSE,603 WALTON AVENUE,02 TWO FAMILY DWELLINGS
us-nyc,United States,New York,USD,1103383.0,196.211136,2025-07-02,nyc_dof_rolling_sales,196.211136,,,,1899,,,02 TWO FAMILY DWELLINGS,MELROSE/CONCOURSE,371 EAST 153 STREET,02 TWO FAMILY DWELLINGS
us-nyc,United States,New York,USD,750000.0,165.553146,2025-12-15,nyc_dof_rolling_sales,165.553146,,,,1899,,,02 TWO FAMILY DWELLINGS,MELROSE/CONCOURSE,324 EAST 151 STREET,02 TWO FAMILY DWELLINGS
us-nyc,United States,New York,USD,750000.0,167.597012,2025-12-15,nyc_dof_rolling_sales,167.597012,,,,1899,,,02 TWO FAMILY DWELLINGS,MELROSE/CONCOURSE,328 EAST 151 STREET,02 TWO FAMILY DWELLINGS
us-nyc,United States,New York,USD,1100000.0,298.21863,2025-11-20,nyc_dof_rolling_sales,298.21863,,,,1901,,,02 TWO FAMILY DWELLINGS,MELROSE/CONCOURSE,317 EAST 162 STREET,02 TWO FAMILY DWELLINGS
us-nyc,United States,New York,USD,700000.0,250.8381,2025-12-17,nyc_dof_rolling_sales,250.8381,,,,1899,,,02 TWO FAMILY DWELLINGS,MELROSE/CONCOURSE,364 EAST 169 STREET,02 TWO FAMILY DWELLINGS
us-nyc,United States,New York,USD,996000.0,204.3866,2025-12-22,nyc_dof_rolling_sales,204.3866,,,,2001,,,02 TWO FAMILY DWELLINGS,MELROSE/CONCOURSE,1377 TELLER AVENUE,02 TWO FAMILY DWELLINGS
us-nyc,United States,New York,USD,620000.0,169.08346,2025-02-18,nyc_dof_rolling_sales,169.08346,,,,1901,,,02 TWO FAMILY DWELLINGS,MELROSE/CONCOURSE,1357 CLAY AVENUE,02 TWO FAMILY DWELLINGS
us-nyc,United States,New York,USD,637400.0,230.21363399999998,2025-05-21,nyc_dof_rolling_sales,230.21363399999998,,,,1901,,,02 TWO FAMILY DWELLINGS,MELROSE/CONCOURSE,1326 FINDLAY AVENUE,02 TWO FAMILY DWELLINGS
us-nyc,United States,New York,USD,999999.0,224.267842,2025-12-15,nyc_dof_rolling_sales,224.267842,,,,1899,,,02 TWO FAMILY DWELLINGS,MELROSE/CONCOURSE,321 EAST 169 STREET,02 TWO FAMILY DWELLINGS
us-nyc,United States,New York,USD,875000.0,327.761784,2025-01-23,nyc_dof_rolling_sales,327.761784,,,,2005,,,03 THREE FAMILY DWELLINGS,MELROSE/CONCOURSE,364 EAST 160 STREET,03 THREE FAMILY DWELLINGS
us-nyc,United States,New York,USD,1350000.0,267.56064,2025-10-30,nyc_dof_rolling_sales,267.56064,,,,1899,,,03 THREE FAMILY DWELLINGS,MELROSE/CONCOURSE,322 EAST 151ST STREET,03 THREE FAMILY DWELLINGS
us-nyc,United States,New York,USD,865000.0,346.806899,2025-03-06,nyc_dof_rolling_sales,346.806899,,,,1899,,,03 THREE FAMILY DWELLINGS,MELROSE/CONCOURSE,1048 CLAY AVENUE,03 THREE FAMILY DWELLINGS
us-nyc,United States,New York,USD,1075000.0,344.484324,2025-07-16,nyc_dof_rolling_sales,344.484324,,,,1920,,,03 THREE FAMILY DWELLINGS,MELROSE/CONCOURSE,1025 COLLEGE AVE,03 THREE FAMILY DWELLINGS
us-nyc,United States,New York,USD,707684.0,344.484324,2025-05-20,nyc_dof_rolling_sales,344.484324,,,,1920,,,03 THREE FAMILY DWELLINGS,MELROSE/CONCOURSE,1023 COLLEGE AVENUE,03 THREE FAMILY DWELLINGS
us-nyc,United States,New York,USD,1425000.0,297.661212,2025-04-25,nyc_dof_rolling_sales,297.661212,,,,1920,,,03 THREE FAMILY DWELLINGS,MELROSE/CONCOURSE,1070 MORRIS AVE,03 THREE FAMILY DWELLINGS
us-nyc,United States,New York,USD,1300000.0,352.566885,2025-03-11,nyc_dof_rolling_sales,352.566885,,,,1924,,,03 THREE FAMILY DWELLINGS,MELROSE/CONCOURSE,1129 GRANT AVENUE,03 THREE FAMILY DWELLINGS
us-nyc,United States,New York,USD,850000.0,288.370912,2025-12-08,nyc_dof_rolling_sales,288.370912,,,,1992,,,03 THREE FAMILY DWELLINGS,MELROSE/CONCOURSE,1168 SHERMAN AVENUE,03 THREE FAMILY DWELLINGS
us-nyc,United States,New York,USD,1200000.0,350.708825,2025-01-21,nyc_dof_rolling_sales,350.708825,,,,1935,,,03 THREE FAMILY DWELLINGS,MELROSE/CONCOURSE,1177 GRANT AVE,03 THREE FAMILY DWELLINGS
us-nyc,United States,New York,USD,1200000.0,385.733256,2025-08-04,nyc_dof_rolling_sales,385.733256,,,,1935,,,03 THREE FAMILY DWELLINGS,MELROSE/CONCOURSE,1175 GRANT AVENUE,03 THREE FAMILY DWELLINGS
us-nyc,United States,New York,USD,889000.0,274.06385,2025-12-10,nyc_dof_rolling_sales,274.06385,,,,2004,,,03 THREE FAMILY DWELLINGS,MELROSE/CONCOURSE,1358 FINDLAY AVENUE,03 THREE FAMILY DWELLINGS
us-nyc,United States,New York,USD,1080000.0,296.546376,2025-05-22,nyc_dof_rolling_sales,296.546376,,,,1899,,,03 THREE FAMILY DWELLINGS,MELROSE/CONCOURSE,1305 CLAY AVENUE,03 THREE FAMILY DWELLINGS
us-nyc,United States,New York,USD,810000.0,274.249656,2025-04-28,nyc_dof_rolling_sales,274.249656,,,,1901,,,03 THREE FAMILY DWELLINGS,MELROSE/CONCOURSE,1387 CLAY AVENUE,03 THREE FAMILY DWELLINGS
us-nyc,United States,New York,USD,1100000.0,331.66371,2025-07-24,nyc_dof_rolling_sales,331.66371,,,,1920,,,03 THREE FAMILY DWELLINGS,MELROSE/CONCOURSE,1356 CLAY AVENUE,03 THREE FAMILY DWELLINGS
us-nyc,United States,New York,USD,850000.0,274.435462,2025-05-01,nyc_dof_rolling_sales,274.435462,,,,1920,,,03 THREE FAMILY DWELLINGS,MELROSE/CONCOURSE,1362 CLAY AVENUE,03 THREE FAMILY DWELLINGS
us-nyc,United States,New York,USD,600000.0,569.309584,2025-03-19,nyc_dof_rolling_sales,569.309584,,,,1931,,,07 RENTALS - WALKUP APARTMENTS,MELROSE/CONCOURSE,696 COURTLANDT AVENUE,07 RENTALS - WALKUP APARTMENTS
us-nyc,United States,New York,USD,11000000.0,1264.781442,2025-05-20,nyc_dof_rolling_sales,1264.781442,,,,1929,,,07 RENTALS - WALKUP APARTMENTS,MELROSE/CONCOURSE,1260 CLAY AVENUE,07 RENTALS - WALKUP APARTMENTS
us-nyc,United States,New York,USD,11000000.0,1053.984535,2025-05-20,nyc_dof_rolling_sales,1053.984535,,,,1909,,,07 RENTALS - WALKUP APARTMENTS,MELROSE/CONCOURSE,1264 CLAY AVENUE,07 RENTALS - WALKUP APARTMENTS
us-nyc,United States,New York,USD,11000000.0,1053.984535,2025-05-20,nyc_dof_rolling_sales,1053.984535,,,,1909,,,07 RENTALS - WALKUP APARTMENTS,MELROSE/CONCOURSE,1272 CLAY AVENUE,07 RENTALS - WALKUP APARTMENTS
us-nyc,United States,New York,USD,11000000.0,1264.781442,2025-05-20,nyc_dof_rolling_sales,1264.781442,,,,1929,,,07 RENTALS - WALKUP APARTMENTS,MELROSE/CONCOURSE,1276 CLAY AVENUE,07 RENTALS - WALKUP APARTMENTS
us-nyc,United States,New York,USD,750000.0,289.85735999999997,2025-03-13,nyc_dof_rolling_sales,289.85735999999997,,,,1927,,,07 RENTALS - WALKUP APARTMENTS,MELROSE/CONCOURSE,1047 CLAY AVENUE,07 RENTALS - WALKUP APARTMENTS
us-nyc,United States,New York,USD,1270000.0,541.810296,2025-03-06,nyc_dof_rolling_sales,541.810296,,,,1925,,,07 RENTALS - WALKUP APARTMENTS,MELROSE/CONCOURSE,1125 MORRIS AVENUE,07 RENTALS - WALKUP APARTMENTS
us-nyc,United States,New York,USD,33103009.0,5042.310325,2025-09-11,nyc_dof_rolling_sales,5042.310325,,,,1925,,,07 RENTALS - WALKUP APARTMENTS,MELROSE/CONCOURSE,1097 WALTON AVENUE,07 RENTALS - WALKUP APARTMENTS
us-nyc,United States,New York,USD,33103009.0,4722.25949,2025-09-11,nyc_dof_rolling_sales,4722.25949,,,,1926,,,07 RENTALS - WALKUP APARTMENTS,MELROSE/CONCOURSE,1177 WALTON AVENUE,07 RENTALS - WALKUP APARTMENTS
us-nyc,United States,New York,USD,10.0,302.399265,2025-09-09,nyc_dof_rolling_sales,302.399265,,,,1910,,,07 RENTALS - WALKUP APARTMENTS,MELROSE/CONCOURSE,32 EAST 169TH STREET,07 RENTALS - WALKUP APARTMENTS
us-nyc,United States,New York,USD,33103009.0,4540.16961,2025-09-11,nyc_dof_rolling_sales,4540.16961,,,,1924,,,08 RENTALS - ELEVATOR APARTMENTS,MELROSE/CONCOURSE,1245 FINDLAY AVENUE,08 RENTALS - ELEVATOR APARTMENTS
us-nyc,United States,New York,USD,115000.0,8692.93371,2025-07-30,nyc_dof_rolling_sales,8692.93371,,,,2008,,,08 RENTALS - ELEVATOR APARTMENTS,MELROSE/CONCOURSE,"1259 GRANT AVENUE, 10E",08 RENTALS - ELEVATOR APARTMENTS
us-nyc,United States,New York,USD,225000.0,nan,2025-07-16,nyc_dof_rolling_sales,nan,,,,1920,,,09 COOPS - WALKUP APARTMENTS,MELROSE/CONCOURSE,"947 TELLER AVENUE, 5F",09 COOPS - WALKUP APARTMENTS
us-nyc,United States,New York,USD,315000.0,nan,2025-06-18,nyc_dof_rolling_sales,nan,,,,1958,,,10 COOPS - ELEVATOR APARTMENTS,MELROSE/CONCOURSE,"1010 SHERMAN AVENUE, 2J",10 COOPS - ELEVATOR APARTMENTS
us-nyc,United States,New York,USD,366000.0,nan,2025-05-19,nyc_dof_rolling_sales,nan,,,,1958,,,10 COOPS - ELEVATOR APARTMENTS,MELROSE/CONCOURSE,"1010 SHERMAN AVENUE, 3H",10 COOPS - ELEVATOR APARTMENTS
us-nyc,United States,New York,USD,280000.0,nan,2025-12-11,nyc_dof_rolling_sales,nan,,,,1958,,,10 COOPS - ELEVATOR APARTMENTS,MELROSE/CONCOURSE,"1010 SHERMAN AVENUE, 4A",10 COOPS - ELEVATOR APARTMENTS
us-nyc,United States,New York,USD,185000.0,nan,2025-03-27,nyc_dof_rolling_sales,nan,,,,2008,,,10 COOPS - ELEVATOR APARTMENTS,MELROSE/CONCOURSE,"1275 GRANT AVE, 4F",10 COOPS - ELEVATOR APARTMENTS
us-nyc,United States,New York,USD,135000.0,nan,2025-06-26,nyc_dof_rolling_sales,nan,,,,2008,,,10 COOPS - ELEVATOR APARTMENTS,MELROSE/CONCOURSE,"1275 GRANT AVENUE, 5E",10 COOPS - ELEVATOR APARTMENTS
us-nyc,United States,New York,USD,26000.0,nan,2025-04-30,nyc_dof_rolling_sales,nan,,,,1954,,,10 COOPS - ELEVATOR APARTMENTS,MELROSE/CONCOURSE,"800 GRAND CONCOURSE, 2R-N",10 COOPS - ELEVATOR APARTMENTS
us-nyc,United States,New York,USD,325000.0,nan,2025-02-28,nyc_dof_rolling_sales,nan,,,,1954,,,10 COOPS - ELEVATOR APARTMENTS,MELROSE/CONCOURSE,"800 GRAND CONCOURSE, 2SN",10 COOPS - ELEVATOR APARTMENTS
us-nyc,United States,New York,USD,135000.0,nan,2025-04-24,nyc_dof_rolling_sales,nan,,,,1954,,,10 COOPS - ELEVATOR APARTMENTS,MELROSE/CONCOURSE,"800 GRAND CONCOURSE, 2WS",10 COOPS - ELEVATOR APARTMENTS
us-nyc,United States,New York,USD,265000.0,nan,2025-08-27,nyc_dof_rolling_sales,nan,,,,1954,,,10 COOPS - ELEVATOR APARTMENTS,MELROSE/CONCOURSE,"800 GRAND CONCOURSE, 3KS",10 COOPS - ELEVATOR APARTMENTS
us-nyc,United States,New York,USD,275000.0,nan,2025-11-12,nyc_dof_rolling_sales,nan,,,,1954,,,10 COOPS - ELEVATOR APARTMENTS,MELROSE/CONCOURSE,"800 GRAND CONCOURSE, 3O-S",10 COOPS - ELEVATOR APARTMENTS
us-nyc,United States,New York,USD,270000.0,nan,2025-09-03,nyc_dof_rolling_sales,nan,,,,1954,,,10 COOPS - ELEVATOR APARTMENTS,MELROSE/CONCOURSE,"800 GRAND CONCOURSE, 3RS",10 COOPS - ELEVATOR APARTMENTS
us-nyc,United States,New York,USD,90500.0,nan,2025-04-30,nyc_dof_rolling_sales,nan,,,,1954,,,10 COOPS - ELEVATOR APARTMENTS,MELROSE/CONCOURSE,"800 GRAND CONCOURSE, 4B-S",10 COOPS - ELEVATOR APARTMENTS
us-nyc,United States,New York,USD,159000.0,nan,2025-12-18,nyc_dof_rolling_sales,nan,,,,1954,,,10 COOPS - ELEVATOR APARTMENTS,MELROSE/CONCOURSE,"800 GRAND CONCOURSE, 6T-N",10 COOPS - ELEVATOR APARTMENTS
us-nyc,United States,New York,USD,349500.0,nan,2025-09-29,nyc_dof_rolling_sales,nan,,,,1954,,,10 COOPS - ELEVATOR APARTMENTS,MELROSE/CONCOURSE,"800 GRAND CONCOURSE, GKN",10 COOPS - ELEVATOR APARTMENTS
us-nyc,United States,New York,USD,410000.0,nan,2025-06-20,nyc_dof_rolling_sales,nan,,,,1941,,,10 COOPS - ELEVATOR APARTMENTS,MELROSE/CONCOURSE,"860 GRAND CONCOURSE, 6F",10 COOPS - ELEVATOR APARTMENTS
us-nyc,United States,New York,USD,7276.0,nan,2025-08-01,nyc_dof_rolling_sales,nan,,,,1927,,,10 COOPS - ELEVATOR APARTMENTS,MELROSE/CONCOURSE,"185 EAST163, D5",10 COOPS - ELEVATOR APARTMENTS
us-nyc,United States,New York,USD,330000.0,nan,2025-03-31,nyc_dof_rolling_sales,nan,,,,1963,,,10 COOPS - ELEVATOR APARTMENTS,MELROSE/CONCOURSE,"1020 GRAND CONCOURSE, 11 S",10 COOPS - ELEVATOR APARTMENTS
us-nyc,United States,New York,USD,399000.0,nan,2025-12-08,nyc_dof_rolling_sales,nan,,,,1963,,,10 COOPS - ELEVATOR APARTMENTS,MELROSE/CONCOURSE,"1020 GRAND CONCOURSE, 15V",10 COOPS - ELEVATOR APARTMENTS
us-nyc,United States,New York,USD,250000.0,nan,2025-07-09,nyc_dof_rolling_sales,nan,,,,1963,,,10 COOPS - ELEVATOR APARTMENTS,MELROSE/CONCOURSE,"1020 GRAND CONCOURSE, 15W",10 COOPS - ELEVATOR APARTMENTS
us-nyc,United States,New York,USD,565000.0,nan,2025-12-15,nyc_dof_rolling_sales,nan,,,,1963,,,10 COOPS - ELEVATOR APARTMENTS,MELROSE/CONCOURSE,"1020 GRAND CONCOURSE, 20C",10 COOPS - ELEVATOR APARTMENTS
us-nyc,United States,New York,USD,300000.0,nan,2025-07-31,nyc_dof_rolling_sales,nan,,,,1963,,,10 COOPS - ELEVATOR APARTMENTS,MELROSE/CONCOURSE,"1020 GRAND CONCOURSE, 20G",10 COOPS - ELEVATOR APARTMENTS
us-nyc,United States,New York,USD,557000.0,nan,2025-05-29,nyc_dof_rolling_sales,nan,,,,1963,,,10 COOPS - ELEVATOR APARTMENTS,MELROSE/CONCOURSE,"1020 GRAND CONCOURSE, 23P",10 COOPS - ELEVATOR APARTMENTS
us-nyc,United States,New York,USD,269000.0,nan,2025-03-18,nyc_dof_rolling_sales,nan,,,,1963,,,10 COOPS - ELEVATOR APARTMENTS,MELROSE/CONCOURSE,"1020 GRAND CONCOURSE, 24RR",10 COOPS - ELEVATOR APARTMENTS
us-nyc,United States,New York,USD,339500.0,nan,2025-11-05,nyc_dof_rolling_sales,nan,,,,1963,,,10 COOPS - ELEVATOR APARTMENTS,MELROSE/CONCOURSE,"1020 GRAND CONCOURSE, 5G",10 COOPS - ELEVATOR APARTMENTS
us-nyc,United States,New York,USD,255000.0,nan,2025-01-16,nyc_dof_rolling_sales,nan,,,,1963,,,10 COOPS - ELEVATOR APARTMENTS,MELROSE/CONCOURSE,"1020 GRAND CONCOURSE, 8B",10 COOPS - ELEVATOR APARTMENTS
us-nyc,United States,New York,USD,515000.0,nan,2025-04-10,nyc_dof_rolling_sales,nan,,,,1928,,,10 COOPS - ELEVATOR APARTMENTS,MELROSE/CONCOURSE,"1100 GRAND CONCOURSE, 3G",10 COOPS - ELEVATOR APARTMENTS
us-nyc,United States,New York,USD,240000.0,nan,2025-01-13,nyc_dof_rolling_sales,nan,,,,1928,,,10 COOPS - ELEVATOR APARTMENTS,MELROSE/CONCOURSE,"1075 GRAND CONCOURSE, 2F",10 COOPS - ELEVATOR APARTMENTS
us-nyc,United States,New York,USD,231000.0,nan,2025-06-16,nyc_dof_rolling_sales,nan,,,,1928,,,10 COOPS - ELEVATOR APARTMENTS,MELROSE/CONCOURSE,"1075 GRAND CONCOURSE, 2G",10 COOPS - ELEVATOR APARTMENTS
us-nyc,United States,New York,USD,272314.0,nan,2025-07-23,nyc_dof_rolling_sales,nan,,,,1936,,,10 COOPS - ELEVATOR APARTMENTS,MELROSE/CONCOURSE,"675 WALTON AVENUE, 4N",10 COOPS - ELEVATOR APARTMENTS
us-nyc,United States,New York,USD,320000.0,nan,2025-05-09,nyc_dof_rolling_sales,nan,,,,1927,,,10 COOPS - ELEVATOR APARTMENTS,MELROSE/CONCOURSE,"811 WALTON AVE, D15",10 COOPS - ELEVATOR APARTMENTS
us-nyc,United States,New York,USD,550000.0,nan,2025-02-07,nyc_dof_rolling_sales,nan,,,,1927,,,10 COOPS - ELEVATOR APARTMENTS,MELROSE/CONCOURSE,"811 WALTON AVE, D8",10 COOPS - ELEVATOR APARTMENTS
us-nyc,United States,New York,USD,385000.0,nan,2025-11-04,nyc_dof_rolling_sales,nan,,,,1927,,,10 COOPS - ELEVATOR APARTMENTS,MELROSE/CONCOURSE,"811 WALTON AVENUE, B24",10 COOPS - ELEVATOR APARTMENTS
us-nyc,United States,New York,USD,310000.0,nan,2025-03-12,nyc_dof_rolling_sales,nan,,,,1927,,,10 COOPS - ELEVATOR APARTMENTS,MELROSE/CONCOURSE,"811 WALTON AVENUE, F15",10 COOPS - ELEVATOR APARTMENTS
us-nyc,United States,New York,USD,635749.0,nan,2025-11-20,nyc_dof_rolling_sales,nan,,,,1927,,,10 COOPS - ELEVATOR APARTMENTS,MELROSE/CONCOURSE,"811 WALTON AVENUE, F3",10 COOPS - ELEVATOR APARTMENTS
us-nyc,United States,New York,USD,220000.0,nan,2025-09-17,nyc_dof_rolling_sales,nan,,,,1924,,,10 COOPS - ELEVATOR APARTMENTS,MELROSE/CONCOURSE,"828 GERARD AVENUE, 1E",10 COOPS - ELEVATOR APARTMENTS
us-nyc,United States,New York,USD,225000.0,nan,2025-03-21,nyc_dof_rolling_sales,nan,,,,1924,,,10 COOPS - ELEVATOR APARTMENTS,MELROSE/CONCOURSE,"828 GERARD AVENUE, 3A",10 COOPS - ELEVATOR APARTMENTS
us-nyc,United States,New York,USD,120000.0,nan,2025-05-09,nyc_dof_rolling_sales,nan,,,,1924,,,10 COOPS - ELEVATOR APARTMENTS,MELROSE/CONCOURSE,"828 GERARD AVENUE, 4G",10 COOPS - ELEVATOR APARTMENTS
us-nyc,United States,New York,USD,185000.0,nan,2025-07-18,nyc_dof_rolling_sales,nan,,,,1924,,,10 COOPS - ELEVATOR APARTMENTS,MELROSE/CONCOURSE,"825 WALTON AVENUE, D",10 COOPS - ELEVATOR APARTMENTS
us-nyc,United States,New York,USD,950000.0,552.77285,2025-03-19,nyc_dof_rolling_sales,552.77285,,,,1927,,,14 RENTALS - 4-10 UNIT,MELROSE/CONCOURSE,694 COURTLANDT AVENUE,14 RENTALS - 4-10 UNIT
us-nyc,United States,New York,USD,44000000.0,16287.382348,2025-07-03,nyc_dof_rolling_sales,16287.382348,,,,1935,,,21 OFFICE BUILDINGS,MELROSE/CONCOURSE,558 GRAND CONCOURSE,21 OFFICE BUILDINGS
us-nyc,United States,New York,USD,5500000.0,1523.6092,2025-01-16,nyc_dof_rolling_sales,1523.6092,,,,1929,,,22 STORE BUILDINGS,MELROSE/CONCOURSE,1175 WEBSTER AVENUE,22 STORE BUILDINGS
us-nyc,United States,New York,USD,7050151.0,1347.0935,2025-03-07,nyc_dof_rolling_sales,1347.0935,,,,1923,,,22 STORE BUILDINGS,MELROSE/CONCOURSE,54 EAST 170 STREET,22 STORE BUILDINGS
us-nyc,United States,New York,USD,17500000.0,2025.2854,2025-12-18,nyc_dof_rolling_sales,2025.2854,,,,1930,,,29 COMMERCIAL GARAGES,MELROSE/CONCOURSE,1099 WEBSTER AVENUE,29 COMMERCIAL GARAGES
us-nyc,United States,New York,USD,1.0,1328.5129,2025-08-14,nyc_dof_rolling_sales,1328.5129,,,,1949,,,30 WAREHOUSES,MELROSE/CONCOURSE,656 GERARD AVENUE,30 WAREHOUSES
us-nyc,United States,New York,USD,1.0,4830.956,2025-08-14,nyc_dof_rolling_sales,4830.956,,,,1951,,,30 WAREHOUSES,MELROSE/CONCOURSE,110 EAST 153 STREET,30 WAREHOUSES
us-nyc,United States,New York,USD,3100000.0,631.7404,2025-07-21,nyc_dof_rolling_sales,631.7404,,,,1931,,,30 WAREHOUSES,MELROSE/CONCOURSE,945 COURTLANDT AVENUE,30 WAREHOUSES
us-nyc,United States,New York,USD,24000000.0,7889.32276,2025-10-23,nyc_dof_rolling_sales,7889.32276,,,,1931,,,33 EDUCATIONAL FACILITIES,MELROSE/CONCOURSE,1000 WALTON AVENUE,33 EDUCATIONAL FACILITIES
us-nyc,United States,New York,USD,850000.0,334.4508,2025-07-30,nyc_dof_rolling_sales,334.4508,,,,1930,,,38 ASYLUMS AND HOMES,MELROSE/CONCOURSE,1226 COLLEGE AVE,38 ASYLUMS AND HOMES
us-nyc,United States,New York,USD,710000.0,141.955784,2025-07-08,nyc_dof_rolling_sales,141.955784,,,,1970,,,01 ONE FAMILY DWELLINGS,MORRIS PARK/VAN NEST,1714 MATTHEWS AVE,01 ONE FAMILY DWELLINGS
us-nyc,United States,New York,USD,659000.0,157.00607,2025-07-29,nyc_dof_rolling_sales,157.00607,,,,1960,,,01 ONE FAMILY DWELLINGS,MORRIS PARK/VAN NEST,855 KINSELLA STREET,01 ONE FAMILY DWELLINGS
us-nyc,United States,New York,USD,645000.0,157.00607,2025-02-26,nyc_dof_rolling_sales,157.00607,,,,1960,,,01 ONE FAMILY DWELLINGS,MORRIS PARK/VAN NEST,853 KINSELLA STREET,01 ONE FAMILY DWELLINGS
us-nyc,United States,New York,USD,595000.0,92.159776,2025-11-26,nyc_dof_rolling_sales,92.159776,,,,1965,,,01 ONE FAMILY DWELLINGS,MORRIS PARK/VAN NEST,1865 HUNT AVENUE,01 ONE FAMILY DWELLINGS
us-nyc,United States,New York,USD,630000.0,114.456496,2025-05-07,nyc_dof_rolling_sales,114.456496,,,,1955,,,01 ONE FAMILY DWELLINGS,MORRIS PARK/VAN NEST,1812 MULINER AVE,01 ONE FAMILY DWELLINGS
us-nyc,United States,New York,USD,550000.0,153.104144,2025-02-25,nyc_dof_rolling_sales,153.104144,,,,1960,,,01 ONE FAMILY DWELLINGS,MORRIS PARK/VAN NEST,1551 RADCLIFF AVENUE,01 ONE FAMILY DWELLINGS
us-nyc,United States,New York,USD,747000.0,160.536384,2025-09-26,nyc_dof_rolling_sales,160.536384,,,,1926,,,01 ONE FAMILY DWELLINGS,MORRIS PARK/VAN NEST,1559 LURTING AVENUE,01 ONE FAMILY DWELLINGS
us-nyc,United States,New York,USD,665000.0,115.942944,2025-04-10,nyc_dof_rolling_sales,115.942944,,,,1925,,,01 ONE FAMILY DWELLINGS,MORRIS PARK/VAN NEST,1562 HERING AVENUE,01 ONE FAMILY DWELLINGS
us-nyc,United States,New York,USD,620000.0,96.61912,2025-09-30,nyc_dof_rolling_sales,96.61912,,,,1950,,,01 ONE FAMILY DWELLINGS,MORRIS PARK/VAN NEST,935 VAN NEST AVENUE,01 ONE FAMILY DWELLINGS
us-nyc,United States,New York,USD,790000.0,121.888736,2025-12-15,nyc_dof_rolling_sales,121.888736,,,,1925,,,01 ONE FAMILY DWELLINGS,MORRIS PARK/VAN NEST,1630 RADCLIFF AVENUE,01 ONE FAMILY DWELLINGS
us-nyc,United States,New York,USD,450000.0,183.94794,2025-11-07,nyc_dof_rolling_sales,183.94794,,,,1935,,,01 ONE FAMILY DWELLINGS,MORRIS PARK/VAN NEST,1645 PAULDING AVENUE,01 ONE FAMILY DWELLINGS
us-nyc,United States,New York,USD,820000.0,163.880892,2025-12-17,nyc_dof_rolling_sales,163.880892,,,,1920,,,01 ONE FAMILY DWELLINGS,MORRIS PARK/VAN NEST,1633 LURTING AVENUE,01 ONE FAMILY DWELLINGS
us-nyc,United States,New York,USD,715000.0,135.824186,2025-05-07,nyc_dof_rolling_sales,135.824186,,,,1920,,,01 ONE FAMILY DWELLINGS,MORRIS PARK/VAN NEST,1652 HONE AVENUE,01 ONE FAMILY DWELLINGS
us-nyc,United States,New York,USD,720000.0,159.235742,2025-11-06,nyc_dof_rolling_sales,159.235742,,,,1965,,,01 ONE FAMILY DWELLINGS,MORRIS PARK/VAN NEST,1726 RADCLIFF AVE,01 ONE FAMILY DWELLINGS
us-nyc,United States,New York,USD,1180000.0,135.63838,2025-10-28,nyc_dof_rolling_sales,135.63838,,,,1925,,,01 ONE FAMILY DWELLINGS,MORRIS PARK/VAN NEST,1725 HONE AVENUE,01 ONE FAMILY DWELLINGS
us-nyc,United States,New York,USD,821500.0,134.895156,2025-05-02,nyc_dof_rolling_sales,134.895156,,,,1920,,,01 ONE FAMILY DWELLINGS,MORRIS PARK/VAN NEST,1612 LURTING AVENUE,01 ONE FAMILY DWELLINGS
us-nyc,United States,New York,USD,625000.0,139.3545,2025-10-24,nyc_dof_rolling_sales,139.3545,,,,1940,,,01 ONE FAMILY DWELLINGS,MORRIS PARK/VAN NEST,1642 HERING AVE,01 ONE FAMILY DWELLINGS
us-nyc,United States,New York,USD,475000.0,132.665484,2025-09-26,nyc_dof_rolling_sales,132.665484,,,,1920,,,01 ONE FAMILY DWELLINGS,MORRIS PARK/VAN NEST,1833 HONE AVENUE,01 ONE FAMILY DWELLINGS
us-nyc,United States,New York,USD,782800.0,124.861632,2025-05-09,nyc_dof_rolling_sales,124.861632,,,,1920,,,01 ONE FAMILY DWELLINGS,MORRIS PARK/VAN NEST,1847 HAIGHT AVENUE,01 ONE FAMILY DWELLINGS
us-nyc,United States,New York,USD,800000.0,189.986635,2025-08-28,nyc_dof_rolling_sales,189.986635,,,,1940,,,01 ONE FAMILY DWELLINGS,MORRIS PARK/VAN NEST,1828 TOMLINSON AVENUE,01 ONE FAMILY DWELLINGS
us-nyc,United States,New York,USD,910000.0,168.433139,2025-07-09,nyc_dof_rolling_sales,168.433139,,,,1936,,,01 ONE FAMILY DWELLINGS,MORRIS PARK/VAN NEST,1839 YATES AVENUE,01 ONE FAMILY DWELLINGS
us-nyc,United States,New York,USD,880000.0,175.58667,2025-03-03,nyc_dof_rolling_sales,175.58667,,,,1939,,,01 ONE FAMILY DWELLINGS,MORRIS PARK/VAN NEST,1825 YATES AVENUE,01 ONE FAMILY DWELLINGS
us-nyc,United States,New York,USD,740000.0,117.42939199999999,2025-03-21,nyc_dof_rolling_sales,117.42939199999999,,,,1940,,,01 ONE FAMILY DWELLINGS,MORRIS PARK/VAN NEST,1912 FOWLER AVENUE,01 ONE FAMILY DWELLINGS
us-nyc,United States,New York,USD,650000.0,127.091304,2025-05-27,nyc_dof_rolling_sales,127.091304,,,,1955,,,01 ONE FAMILY DWELLINGS,MORRIS PARK/VAN NEST,1956 FOWLER AVENUE,01 ONE FAMILY DWELLINGS
us-nyc,United States,New York,USD,795000.0,127.091304,2025-02-25,nyc_dof_rolling_sales,127.091304,,,,1955,,,01 ONE FAMILY DWELLINGS,MORRIS PARK/VAN NEST,1958 FOWLER AVENUE,01 ONE FAMILY DWELLINGS
us-nyc,United States,New York,USD,800000.0,171.684744,2025-05-22,nyc_dof_rolling_sales,171.684744,,,,1940,,,01 ONE FAMILY DWELLINGS,MORRIS PARK/VAN NEST,1915 BOGART AVENUE,01 ONE FAMILY DWELLINGS
us-nyc,United States,New York,USD,720000.0,146.78674,2025-03-20,nyc_dof_rolling_sales,146.78674,,,,1955,,,01 ONE FAMILY DWELLINGS,MORRIS PARK/VAN NEST,1017 RHINELANDER AVENUE,01 ONE FAMILY DWELLINGS
us-nyc,United States,New York,USD,750000.0,183.94794,2025-11-06,nyc_dof_rolling_sales,183.94794,,,,1955,,,01 ONE FAMILY DWELLINGS,MORRIS PARK/VAN NEST,1958 COLDEN AVENUE,01 ONE FAMILY DWELLINGS
us-nyc,United States,New York,USD,770000.0,170.94152,2025-12-23,nyc_dof_rolling_sales,170.94152,,,,1925,,,01 ONE FAMILY DWELLINGS,MORRIS PARK/VAN NEST,1946 TOMLINSON AVENUE,01 ONE FAMILY DWELLINGS
us-nyc,United States,New York,USD,640000.0,113.713272,2025-03-20,nyc_dof_rolling_sales,113.713272,,,,1945,,,01 ONE FAMILY DWELLINGS,MORRIS PARK/VAN NEST,915 NEILL AVENUE,01 ONE FAMILY DWELLINGS
us-nyc,United States,New York,USD,700000.0,122.63195999999999,2025-11-04,nyc_dof_rolling_sales,122.63195999999999,,,,1925,,,02 TWO FAMILY DWELLINGS,MORRIS PARK/VAN NEST,1706 HOLLAND AVENUE,02 TWO FAMILY DWELLINGS
us-nyc,United States,New York,USD,800000.0,297.103794,2025-11-25,nyc_dof_rolling_sales,297.103794,,,,1901,,,02 TWO FAMILY DWELLINGS,MORRIS PARK/VAN NEST,867 VAN NEST AVENUE,02 TWO FAMILY DWELLINGS
us-nyc,United States,New York,USD,650000.0,160.536384,2025-06-24,nyc_dof_rolling_sales,160.536384,,,,1970,,,02 TWO FAMILY DWELLINGS,MORRIS PARK/VAN NEST,1700 MATTHEWS AVENUE,02 TWO FAMILY DWELLINGS
us-nyc,United States,New York,USD,620000.0,274.435462,2025-11-12,nyc_dof_rolling_sales,274.435462,,,,1899,,,02 TWO FAMILY DWELLINGS,MORRIS PARK/VAN NEST,1852 AMETHYST STREET,02 TWO FAMILY DWELLINGS
us-nyc,United States,New York,USD,715000.0,199.369838,2025-04-07,nyc_dof_rolling_sales,199.369838,,,,1910,,,02 TWO FAMILY DWELLINGS,MORRIS PARK/VAN NEST,1862 HUNT AVE,02 TWO FAMILY DWELLINGS
us-nyc,United States,New York,USD,849000.0,203.829182,2025-01-31,nyc_dof_rolling_sales,203.829182,,,,1899,,,02 TWO FAMILY DWELLINGS,MORRIS PARK/VAN NEST,1819 WALLACE AVENUE,02 TWO FAMILY DWELLINGS
us-nyc,United States,New York,USD,905000.0,264.959356,2025-08-05,nyc_dof_rolling_sales,264.959356,,,,1901,,,02 TWO FAMILY DWELLINGS,MORRIS PARK/VAN NEST,1859 MATTHEWS AVENUE,02 TWO FAMILY DWELLINGS
us-nyc,United States,New York,USD,975000.0,193.23824,2025-07-30,nyc_dof_rolling_sales,193.23824,,,,1905,,,02 TWO FAMILY DWELLINGS,MORRIS PARK/VAN NEST,1834 MATTHEWS AVENUE,02 TWO FAMILY DWELLINGS
us-nyc,United States,New York,USD,194499.0,320.886962,2025-08-18,nyc_dof_rolling_sales,320.886962,,,,1905,,,02 TWO FAMILY DWELLINGS,MORRIS PARK/VAN NEST,1862 MATTHEWS AVENUE,02 TWO FAMILY DWELLINGS
us-nyc,United States,New York,USD,1049000.0,207.638205,2025-11-24,nyc_dof_rolling_sales,207.638205,,,,2004,,,02 TWO FAMILY DWELLINGS,MORRIS PARK/VAN NEST,1869 MULINER AVENUE,02 TWO FAMILY DWELLINGS
us-nyc,United States,New York,USD,1180000.0,265.238065,2025-08-29,nyc_dof_rolling_sales,265.238065,,,,1966,,,02 TWO FAMILY DWELLINGS,MORRIS PARK/VAN NEST,928 PIERCE AVENUE,02 TWO FAMILY DWELLINGS
us-nyc,United States,New York,USD,950000.0,236.90265,2025-08-11,nyc_dof_rolling_sales,236.90265,,,,1931,,,02 TWO FAMILY DWELLINGS,MORRIS PARK/VAN NEST,1068 PIERCE AVENUE,02 TWO FAMILY DWELLINGS
us-nyc,United States,New York,USD,710000.0,156.634458,2025-03-14,nyc_dof_rolling_sales,156.634458,,,,1931,,,02 TWO FAMILY DWELLINGS,MORRIS PARK/VAN NEST,1590 HONE AVENUE,02 TWO FAMILY DWELLINGS
us-nyc,United States,New York,USD,1100000.0,309.088281,2025-09-04,nyc_dof_rolling_sales,309.088281,,,,1965,,,02 TWO FAMILY DWELLINGS,MORRIS PARK/VAN NEST,1569 HAIGHT AVENUE,02 TWO FAMILY DWELLINGS
us-nyc,United States,New York,USD,1200000.0,234.11556,2025-09-30,nyc_dof_rolling_sales,234.11556,,,,1925,,,02 TWO FAMILY DWELLINGS,MORRIS PARK/VAN NEST,1588 WILLIAMSBRIDGE ROAD,02 TWO FAMILY DWELLINGS
us-nyc,United States,New York,USD,925000.0,312.15408,2025-04-22,nyc_dof_rolling_sales,312.15408,,,,1925,,,02 TWO FAMILY DWELLINGS,MORRIS PARK/VAN NEST,959 PIERCE AVENUE,02 TWO FAMILY DWELLINGS
us-nyc,United States,New York,USD,710000.0,134.151932,2025-07-17,nyc_dof_rolling_sales,134.151932,,,,1920,,,02 TWO FAMILY DWELLINGS,MORRIS PARK/VAN NEST,994 VAN NEST AVE,02 TWO FAMILY DWELLINGS
us-nyc,United States,New York,USD,830000.0,189.52212,2025-04-16,nyc_dof_rolling_sales,189.52212,,,,1960,,,02 TWO FAMILY DWELLINGS,MORRIS PARK/VAN NEST,1650 PAULDING,02 TWO FAMILY DWELLINGS
us-nyc,United States,New York,USD,895000.0,167.2254,2025-06-11,nyc_dof_rolling_sales,167.2254,,,,1930,,,02 TWO FAMILY DWELLINGS,MORRIS PARK/VAN NEST,1717 COLDEN AVENUE,02 TWO FAMILY DWELLINGS
us-nyc,United States,New York,USD,1050000.0,185.806,2025-10-10,nyc_dof_rolling_sales,185.806,,,,1930,,,02 TWO FAMILY DWELLINGS,MORRIS PARK/VAN NEST,1725 PAULDING AVENUE,02 TWO FAMILY DWELLINGS
us-nyc,United States,New York,USD,955000.0,176.5157,2025-03-06,nyc_dof_rolling_sales,176.5157,,,,1925,,,02 TWO FAMILY DWELLINGS,MORRIS PARK/VAN NEST,1722 COLDEN AVE,02 TWO FAMILY DWELLINGS
us-nyc,United States,New York,USD,725000.0,183.390522,2025-05-02,nyc_dof_rolling_sales,183.390522,,,,1925,,,02 TWO FAMILY DWELLINGS,MORRIS PARK/VAN NEST,1039 VAN NEST AVENUE,02 TWO FAMILY DWELLINGS
us-nyc,United States,New York,USD,920000.0,183.390522,2025-10-03,nyc_dof_rolling_sales,183.390522,,,,1925,,,02 TWO FAMILY DWELLINGS,MORRIS PARK/VAN NEST,1039 VAN NEST AVENUE,02 TWO FAMILY DWELLINGS
us-nyc,United States,New York,USD,300000.0,297.754115,2025-01-07,nyc_dof_rolling_sales,297.754115,,,,1910,,,02 TWO FAMILY DWELLINGS,MORRIS PARK/VAN NEST,1639 HAIGHT AVENUE,02 TWO FAMILY DWELLINGS
us-nyc,United States,New York,USD,1025000.0,208.660138,2025-08-14,nyc_dof_rolling_sales,208.660138,,,,1945,,,02 TWO FAMILY DWELLINGS,MORRIS PARK/VAN NEST,1643 TOMLINSON,02 TWO FAMILY DWELLINGS
us-nyc,United States,New York,USD,902000.0,191.658889,2025-06-11,nyc_dof_rolling_sales,191.658889,,,,1940,,,02 TWO FAMILY DWELLINGS,MORRIS PARK/VAN NEST,1725 HERING AVENUE,02 TWO FAMILY DWELLINGS
us-nyc,United States,New York,USD,772500.0,133.78032,2025-06-27,nyc_dof_rolling_sales,133.78032,,,,1925,,,02 TWO FAMILY DWELLINGS,MORRIS PARK/VAN NEST,1704 YATES AVE,02 TWO FAMILY DWELLINGS
us-nyc,United States,New York,USD,535000.0,133.78032,2025-03-14,nyc_dof_rolling_sales,133.78032,,,,1925,,,02 TWO FAMILY DWELLINGS,MORRIS PARK/VAN NEST,1704 YATES AVENUE,02 TWO FAMILY DWELLINGS
us-nyc,United States,New York,USD,870604.0,192.495016,2025-11-05,nyc_dof_rolling_sales,192.495016,,,,1935,,,02 TWO FAMILY DWELLINGS,MORRIS PARK/VAN NEST,1201 VAN NEST AVENUE,02 TWO FAMILY DWELLINGS
us-nyc,United States,New York,USD,999999.0,173.356998,2025-02-25,nyc_dof_rolling_sales,173.356998,,,,1920,,,02 TWO FAMILY DWELLINGS,MORRIS PARK/VAN NEST,1821 PAULDING AVENUE,02 TWO FAMILY DWELLINGS
us-nyc,United States,New York,USD,970000.0,136.56741,2025-05-27,nyc_dof_rolling_sales,136.56741,,,,1920,,,02 TWO FAMILY DWELLINGS,MORRIS PARK/VAN NEST,1076 RHINELANDER AVENUE,02 TWO FAMILY DWELLINGS
us-nyc,United States,New York,USD,720000.0,115.942944,2025-04-04,nyc_dof_rolling_sales,115.942944,,,,1940,,,02 TWO FAMILY DWELLINGS,MORRIS PARK/VAN NEST,1819 HAIGHT AVENUE,02 TWO FAMILY DWELLINGS
us-nyc,United States,New York,USD,760000.0,115.942944,2025-11-20,nyc_dof_rolling_sales,115.942944,,,,1940,,,02 TWO FAMILY DWELLINGS,MORRIS PARK/VAN NEST,1819 HAIGHT AVENUE,02 TWO FAMILY DWELLINGS
us-nyc,United States,New York,USD,750000.0,196.95436,2025-03-11,nyc_dof_rolling_sales,196.95436,,,,1925,,,02 TWO FAMILY DWELLINGS,MORRIS PARK/VAN NEST,1859 TOMLINSON AVENUE,02 TWO FAMILY DWELLINGS
us-nyc,United States,New York,USD,760000.0,180.603432,2025-09-11,nyc_dof_rolling_sales,180.603432,,,,1940,,,02 TWO FAMILY DWELLINGS,MORRIS PARK/VAN NEST,1813 TOMLINSON,02 TWO FAMILY DWELLINGS
us-nyc,United States,New York,USD,930000.0,205.31563,2025-03-11,nyc_dof_rolling_sales,205.31563,,,,1920,,,02 TWO FAMILY DWELLINGS,MORRIS PARK/VAN NEST,1812 TOMLINSON AVENUE,02 TWO FAMILY DWELLINGS
us-nyc,United States,New York,USD,600000.0,210.704004,2025-07-09,nyc_dof_rolling_sales,210.704004,,,,1901,,,02 TWO FAMILY DWELLINGS,MORRIS PARK/VAN NEST,681 RHINELANDER AVENUE,02 TWO FAMILY DWELLINGS
us-nyc,United States,New York,USD,770000.0,270.34773,2025-02-28,nyc_dof_rolling_sales,270.34773,,,,1920,,,02 TWO FAMILY DWELLINGS,MORRIS PARK/VAN NEST,1989 CRUGER AVENUE,02 TWO FAMILY DWELLINGS
us-nyc,United States,New York,USD,890000.0,298.776048,2025-05-06,nyc_dof_rolling_sales,298.776048,,,,1905,,,02 TWO FAMILY DWELLINGS,MORRIS PARK/VAN NEST,1961 WALLACE AVENUE,02 TWO FAMILY DWELLINGS
us-nyc,United States,New York,USD,900000.0,260.1284,2025-04-22,nyc_dof_rolling_sales,260.1284,,,,1970,,,02 TWO FAMILY DWELLINGS,MORRIS PARK/VAN NEST,1954 BRONXDALE AVENUE,02 TWO FAMILY DWELLINGS
us-nyc,United States,New York,USD,1.0,164.99572799999999,2025-10-30,nyc_dof_rolling_sales,164.99572799999999,,,,1970,,,02 TWO FAMILY DWELLINGS,MORRIS PARK/VAN NEST,1964 MATTHEWS AVENUE,02 TWO FAMILY DWELLINGS
us-nyc,United States,New York,USD,845000.0,141.955784,2025-03-31,nyc_dof_rolling_sales,141.955784,,,,1955,,,02 TWO FAMILY DWELLINGS,MORRIS PARK/VAN NEST,1900 BRONXDALE AVENUE,02 TWO FAMILY DWELLINGS
us-nyc,United States,New York,USD,999000.0,136.753216,2025-03-18,nyc_dof_rolling_sales,136.753216,,,,1901,,,02 TWO FAMILY DWELLINGS,MORRIS PARK/VAN NEST,1910 MULINER AVENUE,02 TWO FAMILY DWELLINGS
us-nyc,United States,New York,USD,775000.0,151.617696,2025-03-13,nyc_dof_rolling_sales,151.617696,,,,1940,,,02 TWO FAMILY DWELLINGS,MORRIS PARK/VAN NEST,1918 FOWLER AVENUE,02 TWO FAMILY DWELLINGS
us-nyc,United States,New York,USD,992000.0,242.198121,2025-01-30,nyc_dof_rolling_sales,242.198121,,,,1925,,,02 TWO FAMILY DWELLINGS,MORRIS PARK/VAN NEST,1952 PAULDING AVENUE,02 TWO FAMILY DWELLINGS
us-nyc,United States,New York,USD,930000.0,170.94152,2025-05-02,nyc_dof_rolling_sales,170.94152,,,,1935,,,02 TWO FAMILY DWELLINGS,MORRIS PARK/VAN NEST,1960 PAULDING AVENUE,02 TWO FAMILY DWELLINGS
us-nyc,United States,New York,USD,860000.0,234.301366,2025-09-05,nyc_dof_rolling_sales,234.301366,,,,1960,,,02 TWO FAMILY DWELLINGS,MORRIS PARK/VAN NEST,1060 NEILL AVENUE,02 TWO FAMILY DWELLINGS
us-nyc,United States,New York,USD,915000.0,205.501436,2025-06-30,nyc_dof_rolling_sales,205.501436,,,,1920,,,02 TWO FAMILY DWELLINGS,MORRIS PARK/VAN NEST,1940 HONE AVENUE,02 TWO FAMILY DWELLINGS
us-nyc,United States,New York,USD,785000.0,277.594164,2025-09-12,nyc_dof_rolling_sales,277.594164,,,,1925,,,02 TWO FAMILY DWELLINGS,MORRIS PARK/VAN NEST,1950 TOMLINSON AVENUE,02 TWO FAMILY DWELLINGS
us-nyc,United States,New York,USD,1150000.0,382.017136,2025-02-21,nyc_dof_rolling_sales,382.017136,,,,1920,,,03 THREE FAMILY DWELLINGS,MORRIS PARK/VAN NEST,753 VAN NEST AVENUE,03 THREE FAMILY DWELLINGS
us-nyc,United States,New York,USD,755000.0,277.129649,2025-02-26,nyc_dof_rolling_sales,277.129649,,,,1899,,,03 THREE FAMILY DWELLINGS,MORRIS PARK/VAN NEST,1827 AMETHYST STREET,03 THREE FAMILY DWELLINGS
us-nyc,United States,New York,USD,1200000.0,309.36699,2025-08-20,nyc_dof_rolling_sales,309.36699,,,,1910,,,03 THREE FAMILY DWELLINGS,MORRIS PARK/VAN NEST,1837 HUNT AVENUE,03 THREE FAMILY DWELLINGS
us-nyc,United States,New York,USD,800000.0,271.927081,2025-07-22,nyc_dof_rolling_sales,271.927081,,,,1901,,,03 THREE FAMILY DWELLINGS,MORRIS PARK/VAN NEST,1847 BRONXDALE AVENUE,03 THREE FAMILY DWELLINGS
us-nyc,United States,New York,USD,1160000.0,302.677974,2025-06-11,nyc_dof_rolling_sales,302.677974,,,,2005,,,03 THREE FAMILY DWELLINGS,MORRIS PARK/VAN NEST,1570A BOGART AVENUE,03 THREE FAMILY DWELLINGS
us-nyc,United States,New York,USD,1190000.0,241.640703,2025-07-24,nyc_dof_rolling_sales,241.640703,,,,1950,,,03 THREE FAMILY DWELLINGS,MORRIS PARK/VAN NEST,1728 FOWLER AVENUE,03 THREE FAMILY DWELLINGS
us-nyc,United States,New York,USD,976000.0,251.674227,2025-09-12,nyc_dof_rolling_sales,251.674227,,,,1930,,,03 THREE FAMILY DWELLINGS,MORRIS PARK/VAN NEST,1196 VAN NEST AVENUE,03 THREE FAMILY DWELLINGS
us-nyc,United States,New York,USD,1050000.0,355.632684,2025-10-29,nyc_dof_rolling_sales,355.632684,,,,1910,,,03 THREE FAMILY DWELLINGS,MORRIS PARK/VAN NEST,1868 BRONXDALE AVE,03 THREE FAMILY DWELLINGS
us-nyc,United States,New York,USD,1225000.0,240.804576,2025-04-11,nyc_dof_rolling_sales,240.804576,,,,1925,,,03 THREE FAMILY DWELLINGS,MORRIS PARK/VAN NEST,1822 FOWLER AVE,03 THREE FAMILY DWELLINGS
us-nyc,United States,New York,USD,1250000.0,281.031575,2025-11-12,nyc_dof_rolling_sales,281.031575,,,,1960,,,03 THREE FAMILY DWELLINGS,MORRIS PARK/VAN NEST,1855 WILLIAMSBRIDGE ROAD,03 THREE FAMILY DWELLINGS
us-nyc,United States,New York,USD,100.0,202.064025,2025-06-20,nyc_dof_rolling_sales,202.064025,,,,2005,,,03 THREE FAMILY DWELLINGS,MORRIS PARK/VAN NEST,1987 CRUGER AVENUE,03 THREE FAMILY DWELLINGS
us-nyc,United States,New York,USD,1545000.0,338.352726,2025-10-22,nyc_dof_rolling_sales,338.352726,,,,1998,,,03 THREE FAMILY DWELLINGS,MORRIS PARK/VAN NEST,1935 HOLLAND AVENUE,03 THREE FAMILY DWELLINGS
us-nyc,United States,New York,USD,793800.0,294.874122,2025-07-14,nyc_dof_rolling_sales,294.874122,,,,1910,,,03 THREE FAMILY DWELLINGS,MORRIS PARK/VAN NEST,1936 WALLACE AVENUE,03 THREE FAMILY DWELLINGS
us-nyc,United States,New York,USD,825000.0,278.151582,2025-04-29,nyc_dof_rolling_sales,278.151582,,,,1915,,,03 THREE FAMILY DWELLINGS,MORRIS PARK/VAN NEST,1911 MATTHEWS AVENUE,03 THREE FAMILY DWELLINGS
us-nyc,United States,New York,USD,970000.0,258.549049,2025-12-04,nyc_dof_rolling_sales,258.549049,,,,1960,,,03 THREE FAMILY DWELLINGS,MORRIS PARK/VAN NEST,1963 HONE AVENUE,03 THREE FAMILY DWELLINGS
us-nyc,United States,New York,USD,150000.0,337.23789,2025-03-27,nyc_dof_rolling_sales,337.23789,,,,1920,,,03 THREE FAMILY DWELLINGS,MORRIS PARK/VAN NEST,1088 NEILL AVENUE,03 THREE FAMILY DWELLINGS
us-nyc,United States,New York,USD,615000.0,424.752516,2025-08-15,nyc_dof_rolling_sales,424.752516,,,,1930,,,03 THREE FAMILY DWELLINGS,MORRIS PARK/VAN NEST,1956 HAIGHT AVENUE,03 THREE FAMILY DWELLINGS
us-nyc,United States,New York,USD,1800000.0,1367.903772,2025-09-29,nyc_dof_rolling_sales,1367.903772,,,,1927,,,07 RENTALS - WALKUP APARTMENTS,MORRIS PARK/VAN NEST,762 MORRIS PARK AVENUE,07 RENTALS - WALKUP APARTMENTS
us-nyc,United States,New York,USD,1575000.0,280.938672,2025-10-30,nyc_dof_rolling_sales,280.938672,,,,1925,,,07 RENTALS - WALKUP APARTMENTS,MORRIS PARK/VAN NEST,1727 FOWLER AVENUE,07 RENTALS - WALKUP APARTMENTS
us-nyc,United States,New York,USD,985000.0,361.206864,2025-05-15,nyc_dof_rolling_sales,361.206864,,,,1928,,,07 RENTALS - WALKUP APARTMENTS,MORRIS PARK/VAN NEST,1813 RADCLIFF AVENUE,07 RENTALS - WALKUP APARTMENTS
us-nyc,United States,New York,USD,1050000.0,327.01856,2025-11-24,nyc_dof_rolling_sales,327.01856,,,,1926,,,07 RENTALS - WALKUP APARTMENTS,MORRIS PARK/VAN NEST,1004 RHINELANDER AVENUE,07 RENTALS - WALKUP APARTMENTS
us-nyc,United States,New York,USD,980000.0,600.803701,2025-07-29,nyc_dof_rolling_sales,600.803701,,,,1927,,,07 RENTALS - WALKUP APARTMENTS,MORRIS PARK/VAN NEST,1858 HAIGHT AVENUE,07 RENTALS - WALKUP APARTMENTS
us-nyc,United States,New York,USD,500000.0,571.910868,2025-10-09,nyc_dof_rolling_sales,571.910868,,,,1927,,,07 RENTALS - WALKUP APARTMENTS,MORRIS PARK/VAN NEST,1918 HAIGHT AVENUE,07 RENTALS - WALKUP APARTMENTS
us-nyc,United States,New York,USD,4139750.0,6921.2735,2025-01-28,nyc_dof_rolling_sales,6921.2735,,,,1961,,,08 RENTALS - ELEVATOR APARTMENTS,MORRIS PARK/VAN NEST,1955 WILLIAMSBRIDGE ROAD,08 RENTALS - ELEVATOR APARTMENTS
us-nyc,United States,New York,USD,16134032.0,23448.7172,2025-11-20,nyc_dof_rolling_sales,23448.7172,,,,1952,,,08 RENTALS - ELEVATOR APARTMENTS,MORRIS PARK/VAN NEST,801 NEILL AVENUE,08 RENTALS - ELEVATOR APARTMENTS
us-nyc,United States,New York,USD,250000.0,nan,2025-06-06,nyc_dof_rolling_sales,nan,,,,1932,,,10 COOPS - ELEVATOR APARTMENTS,MORRIS PARK/VAN NEST,"754 BRADY AVENUE, 604",10 COOPS - ELEVATOR APARTMENTS
us-nyc,United States,New York,USD,215000.0,nan,2025-02-25,nyc_dof_rolling_sales,nan,,,,1932,,,10 COOPS - ELEVATOR APARTMENTS,MORRIS PARK/VAN NEST,"760 BRADY AVENUE, 216",10 COOPS - ELEVATOR APARTMENTS
us-nyc,United States,New York,USD,3000000.0,738.950462,2025-07-07,nyc_dof_rolling_sales,738.950462,,,,1930,,,21 OFFICE BUILDINGS,MORRIS PARK/VAN NEST,726 MORRIS PARK AVENUE,21 OFFICE BUILDINGS
us-nyc,United States,New York,USD,1275000.0,152.546726,2025-03-19,nyc_dof_rolling_sales,152.546726,,,,1920,,,21 OFFICE BUILDINGS,MORRIS PARK/VAN NEST,1602 HERING AVENUE,21 OFFICE BUILDINGS
us-nyc,United States,New York,USD,1875000.0,318.285678,2025-04-15,nyc_dof_rolling_sales,318.285678,,,,1950,,,21 OFFICE BUILDINGS,MORRIS PARK/VAN NEST,1867 WILLIAMSBRIDGE ROAD,21 OFFICE BUILDINGS
us-nyc,United States,New York,USD,2500000.0,696.7725,2025-09-08,nyc_dof_rolling_sales,696.7725,,,,1953,,,22 STORE BUILDINGS,MORRIS PARK/VAN NEST,966 MORRIS PARK AVENUE,22 STORE BUILDINGS
us-nyc,United States,New York,USD,9900000.0,1253.075664,2025-10-03,nyc_dof_rolling_sales,1253.075664,,,,1962,,,22 STORE BUILDINGS,MORRIS PARK/VAN NEST,1800 WILLIAMSBRIDGE ROAD,22 STORE BUILDINGS
us-nyc,United States,New York,USD,10.0,473.8053,2025-03-01,nyc_dof_rolling_sales,473.8053,,,,1956,,,29 COMMERCIAL GARAGES,MORRIS PARK/VAN NEST,1550 BRONXDALE AVENUE,29 COMMERCIAL GARAGES
us-nyc,United States,New York,USD,403000.0,136.56741,2025-12-10,nyc_dof_rolling_sales,136.56741,,,,1920,,,29 COMMERCIAL GARAGES,MORRIS PARK/VAN NEST,1907 BARNES AVENUE,29 COMMERCIAL GARAGES
us-nyc,United States,New York,USD,1350000.0,557.046388,2025-01-14,nyc_dof_rolling_sales,557.046388,,,,1956,,,30 WAREHOUSES,MORRIS PARK/VAN NEST,1554 PAULDING AVENUE,30 WAREHOUSES
us-nyc,United States,New York,USD,185000.0,214.60593,2025-10-29,nyc_dof_rolling_sales,214.60593,,,,1920,,,01 ONE FAMILY DWELLINGS,MORRISANIA/LONGWOOD,1159 BOSTON ROAD,01 ONE FAMILY DWELLINGS
us-nyc,United States,New York,USD,650000.0,107.024256,2025-10-28,nyc_dof_rolling_sales,107.024256,,,,1993,,,01 ONE FAMILY DWELLINGS,MORRISANIA/LONGWOOD,690 SAINT ANNS AVE,01 ONE FAMILY DWELLINGS
us-nyc,United States,New York,USD,450000.0,110.368764,2025-05-12,nyc_dof_rolling_sales,110.368764,,,,1901,,,01 ONE FAMILY DWELLINGS,MORRISANIA/LONGWOOD,651 JACKSON AVENUE,01 ONE FAMILY DWELLINGS
us-nyc,United States,New York,USD,575000.0,107.024256,2025-12-17,nyc_dof_rolling_sales,107.024256,,,,1992,,,01 ONE FAMILY DWELLINGS,MORRISANIA/LONGWOOD,632 EAGLE AVENUE,01 ONE FAMILY DWELLINGS
us-nyc,United States,New York,USD,570000.0,107.024256,2025-06-25,nyc_dof_rolling_sales,107.024256,,,,1992,,,01 ONE FAMILY DWELLINGS,MORRISANIA/LONGWOOD,718 CAULDWELL AVENUE,01 ONE FAMILY DWELLINGS
us-nyc,United States,New York,USD,550000.0,107.024256,2025-10-14,nyc_dof_rolling_sales,107.024256,,,,1991,,,01 ONE FAMILY DWELLINGS,MORRISANIA/LONGWOOD,793 JACKSON AVE,01 ONE FAMILY DWELLINGS
us-nyc,United States,New York,USD,599000.0,127.46291599999999,2025-01-31,nyc_dof_rolling_sales,127.46291599999999,,,,1987,,,01 ONE FAMILY DWELLINGS,MORRISANIA/LONGWOOD,1177 FOREST AVENUE,01 ONE FAMILY DWELLINGS
us-nyc,United States,New York,USD,40000.0,148.551897,2025-04-29,nyc_dof_rolling_sales,148.551897,,,,1987,,,01 ONE FAMILY DWELLINGS,MORRISANIA/LONGWOOD,1128 FOREST AVE,01 ONE FAMILY DWELLINGS
us-nyc,United States,New York,USD,559000.0,122.63195999999999,2025-03-07,nyc_dof_rolling_sales,122.63195999999999,,,,1987,,,01 ONE FAMILY DWELLINGS,MORRISANIA/LONGWOOD,1144 FOREST AVENUE,01 ONE FAMILY DWELLINGS
us-nyc,United States,New York,USD,995000.0,183.94794,2025-02-24,nyc_dof_rolling_sales,183.94794,,,,1987,,,01 ONE FAMILY DWELLINGS,MORRISANIA/LONGWOOD,885 FOX STREET,01 ONE FAMILY DWELLINGS
us-nyc,United States,New York,USD,615000.0,120.959706,2025-09-18,nyc_dof_rolling_sales,120.959706,,,,1982,,,01 ONE FAMILY DWELLINGS,MORRISANIA/LONGWOOD,922 TIFFANY STREET,01 ONE FAMILY DWELLINGS
us-nyc,United States,New York,USD,445200.0,171.127326,2025-08-22,nyc_dof_rolling_sales,171.127326,,,,1901,,,01 ONE FAMILY DWELLINGS,MORRISANIA/LONGWOOD,1123 SOUTHERN BLVD,01 ONE FAMILY DWELLINGS
us-nyc,United States,New York,USD,562627.0,132.665484,2025-06-11,nyc_dof_rolling_sales,132.665484,,,,1901,,,01 ONE FAMILY DWELLINGS,MORRISANIA/LONGWOOD,831 JENNINGS STREET,01 ONE FAMILY DWELLINGS
us-nyc,United States,New York,USD,500000.0,139.3545,2025-07-22,nyc_dof_rolling_sales,139.3545,,,,1901,,,01 ONE FAMILY DWELLINGS,MORRISANIA/LONGWOOD,1331 CHISHOLM STREET,01 ONE FAMILY DWELLINGS
us-nyc,United States,New York,USD,715000.0,110.368764,2025-08-05,nyc_dof_rolling_sales,110.368764,,,,1991,,,01 ONE FAMILY DWELLINGS,MORRISANIA/LONGWOOD,917 HOME STREET,01 ONE FAMILY DWELLINGS
us-nyc,United States,New York,USD,360000.0,120.588094,2025-01-31,nyc_dof_rolling_sales,120.588094,,,,1920,,,01 ONE FAMILY DWELLINGS,MORRISANIA/LONGWOOD,1209 BRYANT AVENUE,01 ONE FAMILY DWELLINGS
us-nyc,United States,New York,USD,940000.0,222.9672,2025-08-14,nyc_dof_rolling_sales,222.9672,,,,1991,,,02 TWO FAMILY DWELLINGS,MORRISANIA/LONGWOOD,736 ELTON AVE,02 TWO FAMILY DWELLINGS
us-nyc,United States,New York,USD,650000.0,157.470585,2025-06-27,nyc_dof_rolling_sales,157.470585,,,,1899,,,02 TWO FAMILY DWELLINGS,MORRISANIA/LONGWOOD,1143 WASHINGTON AVENUE,02 TWO FAMILY DWELLINGS
us-nyc,United States,New York,USD,820000.0,310.29602,2025-06-16,nyc_dof_rolling_sales,310.29602,,,,1901,,,02 TWO FAMILY DWELLINGS,MORRISANIA/LONGWOOD,3394 3RD AVENUE,02 TWO FAMILY DWELLINGS
us-nyc,United States,New York,USD,1200000.0,228.355574,2025-08-05,nyc_dof_rolling_sales,228.355574,,,,1910,,,02 TWO FAMILY DWELLINGS,MORRISANIA/LONGWOOD,1200 FRANKLIN AVENUE,02 TWO FAMILY DWELLINGS
us-nyc,United States,New York,USD,815000.0,308.995378,2025-05-28,nyc_dof_rolling_sales,308.995378,,,,2002,,,02 TWO FAMILY DWELLINGS,MORRISANIA/LONGWOOD,620 EAST 168 STREET,02 TWO FAMILY DWELLINGS
us-nyc,United States,New York,USD,600000.0,194.724688,2025-05-09,nyc_dof_rolling_sales,194.724688,,,,1901,,,02 TWO FAMILY DWELLINGS,MORRISANIA/LONGWOOD,654 ST ANNS AVENUE,02 TWO FAMILY DWELLINGS
us-nyc,United States,New York,USD,975000.0,261.98646,2025-01-22,nyc_dof_rolling_sales,261.98646,,,,2004,,,02 TWO FAMILY DWELLINGS,MORRISANIA/LONGWOOD,694 ST ANNS AVENUE,02 TWO FAMILY DWELLINGS
us-nyc,United States,New York,USD,636406.0,170.94152,2025-11-17,nyc_dof_rolling_sales,170.94152,,,,1901,,,02 TWO FAMILY DWELLINGS,MORRISANIA/LONGWOOD,643 EAGLE AVENUE,02 TWO FAMILY DWELLINGS
us-nyc,United States,New York,USD,810610.0,255.29744399999998,2025-03-14,nyc_dof_rolling_sales,255.29744399999998,,,,2004,,,02 TWO FAMILY DWELLINGS,MORRISANIA/LONGWOOD,644 ST ANNS AVENUE,02 TWO FAMILY DWELLINGS
us-nyc,United States,New York,USD,865000.0,255.29744399999998,2025-10-23,nyc_dof_rolling_sales,255.29744399999998,,,,2004,,,02 TWO FAMILY DWELLINGS,MORRISANIA/LONGWOOD,646 ST ANNS AVENUE,02 TWO FAMILY DWELLINGS
us-nyc,United States,New York,USD,799000.0,211.81884,2025-09-15,nyc_dof_rolling_sales,211.81884,,,,2001,,,02 TWO FAMILY DWELLINGS,MORRISANIA/LONGWOOD,602 EAGLE AVENUE,02 TWO FAMILY DWELLINGS
us-nyc,United States,New York,USD,600000.0,228.820089,2025-01-06,nyc_dof_rolling_sales,228.820089,,,,1901,,,02 TWO FAMILY DWELLINGS,MORRISANIA/LONGWOOD,658 EAST 156TH STREET,02 TWO FAMILY DWELLINGS
us-nyc,United States,New York,USD,700000.0,246.657465,2025-05-13,nyc_dof_rolling_sales,246.657465,,,,1901,,,02 TWO FAMILY DWELLINGS,MORRISANIA/LONGWOOD,1049 TRINITY AVE,02 TWO FAMILY DWELLINGS
us-nyc,United States,New York,USD,800000.0,217.39302,2025-06-26,nyc_dof_rolling_sales,217.39302,,,,2002,,,02 TWO FAMILY DWELLINGS,MORRISANIA/LONGWOOD,763 EAST 160TH STREET,02 TWO FAMILY DWELLINGS
us-nyc,United States,New York,USD,350000.0,323.30244,2025-07-28,nyc_dof_rolling_sales,323.30244,,,,1925,,,02 TWO FAMILY DWELLINGS,MORRISANIA/LONGWOOD,798 EAST 161 STREET,02 TWO FAMILY DWELLINGS
us-nyc,United States,New York,USD,300000.0,125.41905,2025-08-14,nyc_dof_rolling_sales,125.41905,,,,1920,,,02 TWO FAMILY DWELLINGS,MORRISANIA/LONGWOOD,783 EAST 163RD STREET,02 TWO FAMILY DWELLINGS
us-nyc,United States,New York,USD,850000.0,325.810821,2025-07-18,nyc_dof_rolling_sales,325.810821,,,,1905,,,02 TWO FAMILY DWELLINGS,MORRISANIA/LONGWOOD,1204 TINTON AVENUE,02 TWO FAMILY DWELLINGS
us-nyc,United States,New York,USD,900000.0,325.1605,2025-07-18,nyc_dof_rolling_sales,325.1605,,,,1905,,,02 TWO FAMILY DWELLINGS,MORRISANIA/LONGWOOD,1206 TINTON AVENUE,02 TWO FAMILY DWELLINGS
us-nyc,United States,New York,USD,773000.0,217.39302,2025-07-21,nyc_dof_rolling_sales,217.39302,,,,1990,,,02 TWO FAMILY DWELLINGS,MORRISANIA/LONGWOOD,604 PROSPECT AVENUE,02 TWO FAMILY DWELLINGS
us-nyc,United States,New York,USD,850000.0,217.39302,2025-08-15,nyc_dof_rolling_sales,217.39302,,,,1990,,,02 TWO FAMILY DWELLINGS,MORRISANIA/LONGWOOD,588 BECK STREET,02 TWO FAMILY DWELLINGS
us-nyc,United States,New York,USD,965000.0,220.737528,2025-02-24,nyc_dof_rolling_sales,220.737528,,,,1901,,,02 TWO FAMILY DWELLINGS,MORRISANIA/LONGWOOD,868 EAST 156 STREET,02 TWO FAMILY DWELLINGS
us-nyc,United States,New York,USD,10.0,278.709,2025-01-16,nyc_dof_rolling_sales,278.709,,,,1910,,,02 TWO FAMILY DWELLINGS,MORRISANIA/LONGWOOD,873 MACY PLACE,02 TWO FAMILY DWELLINGS
us-nyc,United States,New York,USD,470000.0,170.662811,2025-04-25,nyc_dof_rolling_sales,170.662811,,,,1901,,,02 TWO FAMILY DWELLINGS,MORRISANIA/LONGWOOD,870 HOME STREET,02 TWO FAMILY DWELLINGS
us-nyc,United States,New York,USD,540000.0,188.128575,2025-04-21,nyc_dof_rolling_sales,188.128575,,,,1901,,,02 TWO FAMILY DWELLINGS,MORRISANIA/LONGWOOD,1042 HALL PLACE,02 TWO FAMILY DWELLINGS
us-nyc,United States,New York,USD,520000.0,239.68974,2025-04-25,nyc_dof_rolling_sales,239.68974,,,,1992,,,02 TWO FAMILY DWELLINGS,MORRISANIA/LONGWOOD,944 LONGWOOD AVENUE,02 TWO FAMILY DWELLINGS
us-nyc,United States,New York,USD,847000.0,239.68974,2025-10-29,nyc_dof_rolling_sales,239.68974,,,,1992,,,02 TWO FAMILY DWELLINGS,MORRISANIA/LONGWOOD,940 LONGWOOD AVENUE,02 TWO FAMILY DWELLINGS
us-nyc,United States,New York,USD,825000.0,156.07704,2025-09-03,nyc_dof_rolling_sales,156.07704,,,,1992,,,02 TWO FAMILY DWELLINGS,MORRISANIA/LONGWOOD,1081 KELLY STREET,02 TWO FAMILY DWELLINGS
us-nyc,United States,New York,USD,745000.0,156.07704,2025-01-28,nyc_dof_rolling_sales,156.07704,,,,1993,,,02 TWO FAMILY DWELLINGS,MORRISANIA/LONGWOOD,1058 KELLY STREET,02 TWO FAMILY DWELLINGS
us-nyc,United States,New York,USD,999000.0,234.11556,2025-10-24,nyc_dof_rolling_sales,234.11556,,,,1993,,,02 TWO FAMILY DWELLINGS,MORRISANIA/LONGWOOD,1070 KELLY ST,02 TWO FAMILY DWELLINGS
us-nyc,United States,New York,USD,650000.0,156.07704,2025-04-24,nyc_dof_rolling_sales,156.07704,,,,1993,,,02 TWO FAMILY DWELLINGS,MORRISANIA/LONGWOOD,1070 KELLY STREET,02 TWO FAMILY DWELLINGS
us-nyc,United States,New York,USD,715000.0,222.9672,2025-03-27,nyc_dof_rolling_sales,222.9672,,,,1992,,,02 TWO FAMILY DWELLINGS,MORRISANIA/LONGWOOD,1127 FOX STREET,02 TWO FAMILY DWELLINGS
us-nyc,United States,New York,USD,1100000.0,244.33489,2025-09-25,nyc_dof_rolling_sales,244.33489,,,,1901,,,02 TWO FAMILY DWELLINGS,MORRISANIA/LONGWOOD,969 EAST 167TH STREET,02 TWO FAMILY DWELLINGS
us-nyc,United States,New York,USD,829000.0,195.09629999999999,2025-11-25,nyc_dof_rolling_sales,195.09629999999999,,,,1992,,,02 TWO FAMILY DWELLINGS,MORRISANIA/LONGWOOD,1170 VYSE AVENUE,02 TWO FAMILY DWELLINGS
us-nyc,United States,New York,USD,720250.0,195.09629999999999,2025-10-07,nyc_dof_rolling_sales,195.09629999999999,,,,1992,,,02 TWO FAMILY DWELLINGS,MORRISANIA/LONGWOOD,1184 VYSE AVENUE,02 TWO FAMILY DWELLINGS
us-nyc,United States,New York,USD,630000.0,190.265344,2025-05-28,nyc_dof_rolling_sales,190.265344,,,,1901,,,02 TWO FAMILY DWELLINGS,MORRISANIA/LONGWOOD,1162 WEST FARMS ROAD,02 TWO FAMILY DWELLINGS
us-nyc,United States,New York,USD,362000.0,122.63195999999999,2025-11-07,nyc_dof_rolling_sales,122.63195999999999,,,,1901,,,02 TWO FAMILY DWELLINGS,MORRISANIA/LONGWOOD,801 JENNINGS STREET,02 TWO FAMILY DWELLINGS
us-nyc,United States,New York,USD,875500.0,211.447228,2025-06-16,nyc_dof_rolling_sales,211.447228,,,,1901,,,02 TWO FAMILY DWELLINGS,MORRISANIA/LONGWOOD,1378 BRISTOW STREET,02 TWO FAMILY DWELLINGS
us-nyc,United States,New York,USD,822000.0,211.81884,2025-02-11,nyc_dof_rolling_sales,211.81884,,,,1991,,,02 TWO FAMILY DWELLINGS,MORRISANIA/LONGWOOD,1274 REV JAMES A POLITE AVE,02 TWO FAMILY DWELLINGS
us-nyc,United States,New York,USD,575000.0,211.81884,2025-04-04,nyc_dof_rolling_sales,211.81884,,,,1991,,,02 TWO FAMILY DWELLINGS,MORRISANIA/LONGWOOD,889 EAST 169 STREET,02 TWO FAMILY DWELLINGS
us-nyc,United States,New York,USD,740000.0,130.0642,2025-04-10,nyc_dof_rolling_sales,130.0642,,,,1901,,,02 TWO FAMILY DWELLINGS,MORRISANIA/LONGWOOD,1285 HOE AVENUE,02 TWO FAMILY DWELLINGS
us-nyc,United States,New York,USD,755500.0,195.09629999999999,2025-04-15,nyc_dof_rolling_sales,195.09629999999999,,,,1991,,,02 TWO FAMILY DWELLINGS,MORRISANIA/LONGWOOD,1228 VYSE AVENUE,02 TWO FAMILY DWELLINGS
us-nyc,United States,New York,USD,635000.0,154.590592,2025-08-12,nyc_dof_rolling_sales,154.590592,,,,1910,,,02 TWO FAMILY DWELLINGS,MORRISANIA/LONGWOOD,1418 VYSE AVENUE,02 TWO FAMILY DWELLINGS
us-nyc,United States,New York,USD,850000.0,135.824186,2025-10-29,nyc_dof_rolling_sales,135.824186,,,,1910,,,02 TWO FAMILY DWELLINGS,MORRISANIA/LONGWOOD,1420 VYSE AVENUE,02 TWO FAMILY DWELLINGS
us-nyc,United States,New York,USD,999900.0,307.694736,2025-10-30,nyc_dof_rolling_sales,307.694736,,,,2002,,,03 THREE FAMILY DWELLINGS,MORRISANIA/LONGWOOD,411 EAST 158TH STREET,03 THREE FAMILY DWELLINGS
us-nyc,United States,New York,USD,1039000.0,316.056006,2025-08-25,nyc_dof_rolling_sales,316.056006,,,,2007,,,03 THREE FAMILY DWELLINGS,MORRISANIA/LONGWOOD,1027 BOSTON ROAD,03 THREE FAMILY DWELLINGS
us-nyc,United States,New York,USD,750000.0,213.212385,2025-01-16,nyc_dof_rolling_sales,213.212385,,,,1901,,,03 THREE FAMILY DWELLINGS,MORRISANIA/LONGWOOD,585 EAST 167 STREET,03 THREE FAMILY DWELLINGS
us-nyc,United States,New York,USD,790000.0,213.212385,2025-08-04,nyc_dof_rolling_sales,213.212385,,,,1901,,,03 THREE FAMILY DWELLINGS,MORRISANIA/LONGWOOD,585 EAST 167 STREET,03 THREE FAMILY DWELLINGS
us-nyc,United States,New York,USD,700000.0,179.674402,2025-05-16,nyc_dof_rolling_sales,179.674402,,,,1901,,,03 THREE FAMILY DWELLINGS,MORRISANIA/LONGWOOD,786 CAULDWELL AVENUE,03 THREE FAMILY DWELLINGS
us-nyc,United States,New York,USD,840000.0,235.787814,2025-02-24,nyc_dof_rolling_sales,235.787814,,,,1910,,,03 THREE FAMILY DWELLINGS,MORRISANIA/LONGWOOD,752 JACKSON AVENUE,03 THREE FAMILY DWELLINGS
us-nyc,United States,New York,USD,950000.0,351.730758,2025-01-07,nyc_dof_rolling_sales,351.730758,,,,1902,,,03 THREE FAMILY DWELLINGS,MORRISANIA/LONGWOOD,1118 JACKSON AVE,03 THREE FAMILY DWELLINGS
us-nyc,United States,New York,USD,705000.0,283.818665,2025-02-25,nyc_dof_rolling_sales,283.818665,,,,1920,,,03 THREE FAMILY DWELLINGS,MORRISANIA/LONGWOOD,1135 FOREST AVENUE,03 THREE FAMILY DWELLINGS
us-nyc,United States,New York,USD,950000.0,283.818665,2025-02-13,nyc_dof_rolling_sales,283.818665,,,,1910,,,03 THREE FAMILY DWELLINGS,MORRISANIA/LONGWOOD,1113 FOREST AVENUE,03 THREE FAMILY DWELLINGS
us-nyc,United States,New York,USD,651056.0,336.30886,2025-09-05,nyc_dof_rolling_sales,336.30886,,,,1920,,,03 THREE FAMILY DWELLINGS,MORRISANIA/LONGWOOD,1171 FOREST AVE,03 THREE FAMILY DWELLINGS
us-nyc,United States,New York,USD,975000.0,287.07027,2025-06-24,nyc_dof_rolling_sales,287.07027,,,,1899,,,03 THREE FAMILY DWELLINGS,MORRISANIA/LONGWOOD,811 EAST 168 STREET,03 THREE FAMILY DWELLINGS
us-nyc,United States,New York,USD,1100000.0,249.165846,2025-10-17,nyc_dof_rolling_sales,249.165846,,,,1910,,,03 THREE FAMILY DWELLINGS,MORRISANIA/LONGWOOD,865 EAST 164TH STREET,03 THREE FAMILY DWELLINGS
us-nyc,United States,New York,USD,1700000.0,291.250905,2025-05-20,nyc_dof_rolling_sales,291.250905,,,,1899,,,03 THREE FAMILY DWELLINGS,MORRISANIA/LONGWOOD,1044 PROSPECT AVENUE,03 THREE FAMILY DWELLINGS
us-nyc,United States,New York,USD,1782284.0,267.56064,2025-09-08,nyc_dof_rolling_sales,267.56064,,,,1901,,,03 THREE FAMILY DWELLINGS,MORRISANIA/LONGWOOD,783 DAWSON STREET,03 THREE FAMILY DWELLINGS
us-nyc,United States,New York,USD,1149000.0,250.094876,2025-05-13,nyc_dof_rolling_sales,250.094876,,,,2006,,,03 THREE FAMILY DWELLINGS,MORRISANIA/LONGWOOD,982C ROGERS PLACE,03 THREE FAMILY DWELLINGS
us-nyc,United States,New York,USD,925000.0,303.79281,2025-10-06,nyc_dof_rolling_sales,303.79281,,,,1901,,,03 THREE FAMILY DWELLINGS,MORRISANIA/LONGWOOD,766 DAWSON STREET,03 THREE FAMILY DWELLINGS
us-nyc,United States,New York,USD,925000.0,303.79281,2025-10-06,nyc_dof_rolling_sales,303.79281,,,,1901,,,03 THREE FAMILY DWELLINGS,MORRISANIA/LONGWOOD,768 DAWSON STREET,03 THREE FAMILY DWELLINGS
us-nyc,United States,New York,USD,999999.0,193.23824,2025-01-17,nyc_dof_rolling_sales,193.23824,,,,1901,,,03 THREE FAMILY DWELLINGS,MORRISANIA/LONGWOOD,749 KELLY STREET,03 THREE FAMILY DWELLINGS
us-nyc,United States,New York,USD,900000.0,285.398016,2025-08-26,nyc_dof_rolling_sales,285.398016,,,,1899,,,03 THREE FAMILY DWELLINGS,MORRISANIA/LONGWOOD,735 KELLY STREET,03 THREE FAMILY DWELLINGS
us-nyc,United States,New York,USD,915000.0,287.07027,2025-05-08,nyc_dof_rolling_sales,287.07027,,,,1901,,,03 THREE FAMILY DWELLINGS,MORRISANIA/LONGWOOD,720 BECK STREET,03 THREE FAMILY DWELLINGS
us-nyc,United States,New York,USD,890000.0,208.10272,2025-08-13,nyc_dof_rolling_sales,208.10272,,,,1910,,,03 THREE FAMILY DWELLINGS,MORRISANIA/LONGWOOD,776 BECK STREET,03 THREE FAMILY DWELLINGS
us-nyc,United States,New York,USD,1025000.0,289.85735999999997,2025-02-27,nyc_dof_rolling_sales,289.85735999999997,,,,1901,,,03 THREE FAMILY DWELLINGS,MORRISANIA/LONGWOOD,952 EAST 156TH STREET,03 THREE FAMILY DWELLINGS
us-nyc,United States,New York,USD,950000.0,242.47683,2025-07-01,nyc_dof_rolling_sales,242.47683,,,,1901,,,03 THREE FAMILY DWELLINGS,MORRISANIA/LONGWOOD,748 KELLY STREET,03 THREE FAMILY DWELLINGS
us-nyc,United States,New York,USD,759000.0,285.398016,2025-01-23,nyc_dof_rolling_sales,285.398016,,,,1901,,,03 THREE FAMILY DWELLINGS,MORRISANIA/LONGWOOD,763 BECK STREET,03 THREE FAMILY DWELLINGS
us-nyc,United States,New York,USD,999999.0,281.49609,2025-01-13,nyc_dof_rolling_sales,281.49609,,,,1901,,,03 THREE FAMILY DWELLINGS,MORRISANIA/LONGWOOD,755 BECK STREET,03 THREE FAMILY DWELLINGS
us-nyc,United States,New York,USD,990000.0,278.709,2025-09-26,nyc_dof_rolling_sales,278.709,,,,1901,,,03 THREE FAMILY DWELLINGS,MORRISANIA/LONGWOOD,1140 FOX STREET,03 THREE FAMILY DWELLINGS
us-nyc,United States,New York,USD,950000.0,380.437785,2025-07-10,nyc_dof_rolling_sales,380.437785,,,,1925,,,03 THREE FAMILY DWELLINGS,MORRISANIA/LONGWOOD,853 BRUCKNER BLVD,03 THREE FAMILY DWELLINGS
us-nyc,United States,New York,USD,730000.0,211.540131,2025-09-03,nyc_dof_rolling_sales,211.540131,,,,1901,,,03 THREE FAMILY DWELLINGS,MORRISANIA/LONGWOOD,1115 HOE AVE,03 THREE FAMILY DWELLINGS
us-nyc,United States,New York,USD,1225000.0,420.29317199999997,2025-07-01,nyc_dof_rolling_sales,420.29317199999997,,,,1901,,,03 THREE FAMILY DWELLINGS,MORRISANIA/LONGWOOD,1103 HOE AVENUE,03 THREE FAMILY DWELLINGS
us-nyc,United States,New York,USD,1100000.0,293.201868,2025-05-28,nyc_dof_rolling_sales,293.201868,,,,1899,,,03 THREE FAMILY DWELLINGS,MORRISANIA/LONGWOOD,1144 LONGFELLOW AVE,03 THREE FAMILY DWELLINGS
us-nyc,United States,New York,USD,930000.0,412.48932,2025-05-22,nyc_dof_rolling_sales,412.48932,,,,1901,,,03 THREE FAMILY DWELLINGS,MORRISANIA/LONGWOOD,1352 FRANKLIN AVENUE,03 THREE FAMILY DWELLINGS
us-nyc,United States,New York,USD,869000.0,196.211136,2025-08-12,nyc_dof_rolling_sales,196.211136,,,,1901,,,03 THREE FAMILY DWELLINGS,MORRISANIA/LONGWOOD,664 JEFFERSON PLACE,03 THREE FAMILY DWELLINGS
us-nyc,United States,New York,USD,999000.0,362.3217,2025-09-04,nyc_dof_rolling_sales,362.3217,,,,2006,,,03 THREE FAMILY DWELLINGS,MORRISANIA/LONGWOOD,1385 CLINTON AVE,03 THREE FAMILY DWELLINGS
us-nyc,United States,New York,USD,563101.0,301.00572,2025-11-17,nyc_dof_rolling_sales,301.00572,,,,1899,,,03 THREE FAMILY DWELLINGS,MORRISANIA/LONGWOOD,665 JEFFERSON PLACE,03 THREE FAMILY DWELLINGS
us-nyc,United States,New York,USD,1090000.0,271.741275,2025-11-03,nyc_dof_rolling_sales,271.741275,,,,2006,,,03 THREE FAMILY DWELLINGS,MORRISANIA/LONGWOOD,781 JENNINGS STREET,03 THREE FAMILY DWELLINGS
us-nyc,United States,New York,USD,875000.0,286.791561,2025-12-15,nyc_dof_rolling_sales,286.791561,,,,1889,,,03 THREE FAMILY DWELLINGS,MORRISANIA/LONGWOOD,1350 PROSPECT AVENUE,03 THREE FAMILY DWELLINGS
us-nyc,United States,New York,USD,670000.0,296.081861,2025-04-24,nyc_dof_rolling_sales,296.081861,,,,1901,,,03 THREE FAMILY DWELLINGS,MORRISANIA/LONGWOOD,847 FREEMAN STREET,03 THREE FAMILY DWELLINGS
us-nyc,United States,New York,USD,150000.0,210.704004,2025-12-05,nyc_dof_rolling_sales,210.704004,,,,1901,,,03 THREE FAMILY DWELLINGS,MORRISANIA/LONGWOOD,827 FREEMAN STREET,03 THREE FAMILY DWELLINGS
us-nyc,United States,New York,USD,766734.0,233.372336,2025-11-13,nyc_dof_rolling_sales,233.372336,,,,1960,,,03 THREE FAMILY DWELLINGS,MORRISANIA/LONGWOOD,1338 CHISHOLM STREET,03 THREE FAMILY DWELLINGS
us-nyc,United States,New York,USD,1185000.0,328.87662,2025-02-28,nyc_dof_rolling_sales,328.87662,,,,2005,,,03 THREE FAMILY DWELLINGS,MORRISANIA/LONGWOOD,1343 BRISTOW STREET,03 THREE FAMILY DWELLINGS
us-nyc,United States,New York,USD,999999.0,278.709,2025-02-13,nyc_dof_rolling_sales,278.709,,,,1999,,,03 THREE FAMILY DWELLINGS,MORRISANIA/LONGWOOD,1413 VYSE AVENUE,03 THREE FAMILY DWELLINGS
us-nyc,United States,New York,USD,750000.0,306.5799,2025-03-18,nyc_dof_rolling_sales,306.5799,,,,1931,,,03 THREE FAMILY DWELLINGS,MORRISANIA/LONGWOOD,1449 BRYANT AVE,03 THREE FAMILY DWELLINGS
us-nyc,United States,New York,USD,750000.0,284.28318,2025-03-18,nyc_dof_rolling_sales,284.28318,,,,1910,,,03 THREE FAMILY DWELLINGS,MORRISANIA/LONGWOOD,1447 BRYANT AVE,03 THREE FAMILY DWELLINGS
us-nyc,United States,New York,USD,705000.0,156.07704,2025-03-03,nyc_dof_rolling_sales,156.07704,,,,1931,,,03 THREE FAMILY DWELLINGS,MORRISANIA/LONGWOOD,1449 LONGFELLOW AVENUE,03 THREE FAMILY DWELLINGS
us-nyc,United States,New York,USD,990000.0,306.5799,2025-08-19,nyc_dof_rolling_sales,306.5799,,,,2003,,,03 THREE FAMILY DWELLINGS,MORRISANIA/LONGWOOD,990 JENNINGS STREET,03 THREE FAMILY DWELLINGS
us-nyc,United States,New York,USD,202000.0,nan,2025-06-27,nyc_dof_rolling_sales,nan,,,,1994,,,04 TAX CLASS 1 CONDOS,MORRISANIA/LONGWOOD,"804B BROOK AVENUE, 11B",04 TAX CLASS 1 CONDOS
us-nyc,United States,New York,USD,389999.0,nan,2025-10-24,nyc_dof_rolling_sales,nan,,,,1994,,,04 TAX CLASS 1 CONDOS,MORRISANIA/LONGWOOD,"800 BROOK AVENUE, 13B",04 TAX CLASS 1 CONDOS
us-nyc,United States,New York,USD,205000.0,nan,2025-06-27,nyc_dof_rolling_sales,nan,,,,1994,,,04 TAX CLASS 1 CONDOS,MORRISANIA/LONGWOOD,"793C ST ANNS AVENUE, 27C",04 TAX CLASS 1 CONDOS
us-nyc,United States,New York,USD,340000.0,nan,2025-05-07,nyc_dof_rolling_sales,nan,,,,1994,,,04 TAX CLASS 1 CONDOS,MORRISANIA/LONGWOOD,"782D BROOK AVENUE, 30D",04 TAX CLASS 1 CONDOS
us-nyc,United States,New York,USD,410000.0,nan,2025-09-25,nyc_dof_rolling_sales,nan,,,,1994,,,04 TAX CLASS 1 CONDOS,MORRISANIA/LONGWOOD,"776C BROOK AVENUE, 33C",04 TAX CLASS 1 CONDOS
us-nyc,United States,New York,USD,390000.0,nan,2025-02-26,nyc_dof_rolling_sales,nan,,,,1994,,,04 TAX CLASS 1 CONDOS,MORRISANIA/LONGWOOD,"761C ST ANNS AVENUE, 38C",04 TAX CLASS 1 CONDOS
us-nyc,United States,New York,USD,245000.0,nan,2025-06-27,nyc_dof_rolling_sales,nan,,,,1994,,,04 TAX CLASS 1 CONDOS,MORRISANIA/LONGWOOD,"769C ST ANNS AVENUE, 42C",04 TAX CLASS 1 CONDOS
us-nyc,United States,New York,USD,385000.0,nan,2025-04-29,nyc_dof_rolling_sales,nan,,,,1994,,,04 TAX CLASS 1 CONDOS,MORRISANIA/LONGWOOD,"769D ST ANNS AVENUE, 42D",04 TAX CLASS 1 CONDOS
us-nyc,United States,New York,USD,340000.0,nan,2025-10-22,nyc_dof_rolling_sales,nan,,,,1994,,,04 TAX CLASS 1 CONDOS,MORRISANIA/LONGWOOD,"773 SAINT ANNS AVE, 44B",04 TAX CLASS 1 CONDOS
us-nyc,United States,New York,USD,395000.0,nan,2025-12-10,nyc_dof_rolling_sales,nan,,,,1994,,,04 TAX CLASS 1 CONDOS,MORRISANIA/LONGWOOD,"751 SAINT ANNS AVENUE, 51D",04 TAX CLASS 1 CONDOS
us-nyc,United States,New York,USD,412000.0,nan,2025-07-31,nyc_dof_rolling_sales,nan,,,,1994,,,04 TAX CLASS 1 CONDOS,MORRISANIA/LONGWOOD,"755B ST ANNS AVENUE, 53B",04 TAX CLASS 1 CONDOS
us-nyc,United States,New York,USD,10.0,nan,2025-07-23,nyc_dof_rolling_sales,nan,,,,1994,,,04 TAX CLASS 1 CONDOS,MORRISANIA/LONGWOOD,519B EAST 156 STREET,04 TAX CLASS 1 CONDOS
us-nyc,United States,New York,USD,310000.0,nan,2025-11-28,nyc_dof_rolling_sales,nan,,,,1995,,,04 TAX CLASS 1 CONDOS,MORRISANIA/LONGWOOD,"818 TRINITY AVENUE, A",04 TAX CLASS 1 CONDOS
us-nyc,United States,New York,USD,360000.0,nan,2025-01-10,nyc_dof_rolling_sales,nan,,,,1993,,,04 TAX CLASS 1 CONDOS,MORRISANIA/LONGWOOD,"785 EAST 160 STREET, 1",04 TAX CLASS 1 CONDOS
us-nyc,United States,New York,USD,202197.0,nan,2025-01-07,nyc_dof_rolling_sales,nan,,,,1995,,,04 TAX CLASS 1 CONDOS,MORRISANIA/LONGWOOD,"900 UNION AVENUE, C",04 TAX CLASS 1 CONDOS
us-nyc,United States,New York,USD,309650.0,nan,2025-11-25,nyc_dof_rolling_sales,nan,,,,,,,04 TAX CLASS 1 CONDOS,MORRISANIA/LONGWOOD,"907 PROSPECT AVENUE, B",04 TAX CLASS 1 CONDOS
us-nyc,United States,New York,USD,400000.0,nan,2025-05-22,nyc_dof_rolling_sales,nan,,,,,,,04 TAX CLASS 1 CONDOS,MORRISANIA/LONGWOOD,"908 UNION AVE, A",04 TAX CLASS 1 CONDOS
us-nyc,United States,New York,USD,298500.0,nan,2025-07-30,nyc_dof_rolling_sales,nan,,,,,,,04 TAX CLASS 1 CONDOS,MORRISANIA/LONGWOOD,"910 UNION AVENUE, C",04 TAX CLASS 1 CONDOS
us-nyc,United States,New York,USD,322000.0,nan,2025-02-05,nyc_dof_rolling_sales,nan,,,,2007,,,04 TAX CLASS 1 CONDOS,MORRISANIA/LONGWOOD,"1238 PROSPECT AVE, 1B",04 TAX CLASS 1 CONDOS
us-nyc,United States,New York,USD,435000.0,nan,2025-03-14,nyc_dof_rolling_sales,nan,,,,2007,,,04 TAX CLASS 1 CONDOS,MORRISANIA/LONGWOOD,"850 HOME STREET, 2E",04 TAX CLASS 1 CONDOS
us-nyc,United States,New York,USD,927225.0,968.513775,2025-07-24,nyc_dof_rolling_sales,968.513775,,,,1931,,,07 RENTALS - WALKUP APARTMENTS,MORRISANIA/LONGWOOD,422 EAST 161 STREET,07 RENTALS - WALKUP APARTMENTS
us-nyc,United States,New York,USD,2574445.0,1839.4794,2025-06-19,nyc_dof_rolling_sales,1839.4794,,,,1909,,,07 RENTALS - WALKUP APARTMENTS,MORRISANIA/LONGWOOD,576 SOUTHERN BOULEVARD,07 RENTALS - WALKUP APARTMENTS
us-nyc,United States,New York,USD,930000.0,382.110039,2025-07-21,nyc_dof_rolling_sales,382.110039,,,,1910,,,07 RENTALS - WALKUP APARTMENTS,MORRISANIA/LONGWOOD,763 JACKSON AVENUE,07 RENTALS - WALKUP APARTMENTS
us-nyc,United States,New York,USD,19625000.0,1334.458692,2025-09-04,nyc_dof_rolling_sales,1334.458692,,,,1911,,,07 RENTALS - WALKUP APARTMENTS,MORRISANIA/LONGWOOD,785 EAST 151 STREET,07 RENTALS - WALKUP APARTMENTS
us-nyc,United States,New York,USD,19625000.0,1705.69908,2025-09-04,nyc_dof_rolling_sales,1705.69908,,,,1911,,,07 RENTALS - WALKUP APARTMENTS,MORRISANIA/LONGWOOD,632 WALES AVENUE,07 RENTALS - WALKUP APARTMENTS
us-nyc,United States,New York,USD,19625000.0,1705.69908,2025-09-04,nyc_dof_rolling_sales,1705.69908,,,,1911,,,07 RENTALS - WALKUP APARTMENTS,MORRISANIA/LONGWOOD,636 WALES AVENUE,07 RENTALS - WALKUP APARTMENTS
us-nyc,United States,New York,USD,19625000.0,1705.69908,2025-09-04,nyc_dof_rolling_sales,1705.69908,,,,1911,,,07 RENTALS - WALKUP APARTMENTS,MORRISANIA/LONGWOOD,640 WALES AVENUE,07 RENTALS - WALKUP APARTMENTS
us-nyc,United States,New York,USD,19625000.0,1923.0921,2025-09-04,nyc_dof_rolling_sales,1923.0921,,,,1906,,,07 RENTALS - WALKUP APARTMENTS,MORRISANIA/LONGWOOD,644 WALES AVENUE,07 RENTALS - WALKUP APARTMENTS
us-nyc,United States,New York,USD,19625000.0,1804.362066,2025-09-04,nyc_dof_rolling_sales,1804.362066,,,,1906,,,07 RENTALS - WALKUP APARTMENTS,MORRISANIA/LONGWOOD,786 EAST 152 STREET,07 RENTALS - WALKUP APARTMENTS
us-nyc,United States,New York,USD,19625000.0,1765.3428059999999,2025-09-04,nyc_dof_rolling_sales,1765.3428059999999,,,,1906,,,07 RENTALS - WALKUP APARTMENTS,MORRISANIA/LONGWOOD,790 EAST 152 STREET,07 RENTALS - WALKUP APARTMENTS
us-nyc,United States,New York,USD,19625000.0,1757.72476,2025-09-04,nyc_dof_rolling_sales,1757.72476,,,,1910,,,07 RENTALS - WALKUP APARTMENTS,MORRISANIA/LONGWOOD,792 EAST 152 STREET,07 RENTALS - WALKUP APARTMENTS
us-nyc,United States,New York,USD,19625000.0,1480.87382,2025-09-04,nyc_dof_rolling_sales,1480.87382,,,,1910,,,07 RENTALS - WALKUP APARTMENTS,MORRISANIA/LONGWOOD,795 EAST 151 STREET,07 RENTALS - WALKUP APARTMENTS
us-nyc,United States,New York,USD,166215.0,1937.492065,2025-12-18,nyc_dof_rolling_sales,1937.492065,,,,1905,,,07 RENTALS - WALKUP APARTMENTS,MORRISANIA/LONGWOOD,"993 UNION AVENUE, 9",07 RENTALS - WALKUP APARTMENTS
us-nyc,United States,New York,USD,17390990.0,1937.492065,2025-12-18,nyc_dof_rolling_sales,1937.492065,,,,1905,,,07 RENTALS - WALKUP APARTMENTS,MORRISANIA/LONGWOOD,995 UNION AVENUE,07 RENTALS - WALKUP APARTMENTS
us-nyc,United States,New York,USD,166215.0,1937.492065,2025-12-18,nyc_dof_rolling_sales,1937.492065,,,,1905,,,07 RENTALS - WALKUP APARTMENTS,MORRISANIA/LONGWOOD,"995 UNION AVENUE, 1C",07 RENTALS - WALKUP APARTMENTS
us-nyc,United States,New York,USD,149561.0,1937.492065,2025-12-18,nyc_dof_rolling_sales,1937.492065,,,,1905,,,07 RENTALS - WALKUP APARTMENTS,MORRISANIA/LONGWOOD,"995 UNION AVENUE, 2A",07 RENTALS - WALKUP APARTMENTS
us-nyc,United States,New York,USD,42500.0,1937.492065,2025-12-18,nyc_dof_rolling_sales,1937.492065,,,,1905,,,07 RENTALS - WALKUP APARTMENTS,MORRISANIA/LONGWOOD,"995 UNION AVENUE, 2B",07 RENTALS - WALKUP APARTMENTS
us-nyc,United States,New York,USD,42500.0,1937.492065,2025-12-18,nyc_dof_rolling_sales,1937.492065,,,,1905,,,07 RENTALS - WALKUP APARTMENTS,MORRISANIA/LONGWOOD,"995 UNION AVENUE, 2C",07 RENTALS - WALKUP APARTMENTS
us-nyc,United States,New York,USD,166215.0,1937.492065,2025-12-18,nyc_dof_rolling_sales,1937.492065,,,,1905,,,07 RENTALS - WALKUP APARTMENTS,MORRISANIA/LONGWOOD,"995 UNION AVENUE, 2D",07 RENTALS - WALKUP APARTMENTS
us-nyc,United States,New York,USD,166215.0,1937.492065,2025-12-18,nyc_dof_rolling_sales,1937.492065,,,,1905,,,07 RENTALS - WALKUP APARTMENTS,MORRISANIA/LONGWOOD,"995 UNION AVENUE, 4B",07 RENTALS - WALKUP APARTMENTS
us-nyc,United States,New York,USD,180488.0,1937.492065,2025-12-18,nyc_dof_rolling_sales,1937.492065,,,,1905,,,07 RENTALS - WALKUP APARTMENTS,MORRISANIA/LONGWOOD,"995 UNION AVENUE, 4D",07 RENTALS - WALKUP APARTMENTS
us-nyc,United States,New York,USD,17390990.0,2281.047359,2025-12-18,nyc_dof_rolling_sales,2281.047359,,,,1905,,,07 RENTALS - WALKUP APARTMENTS,MORRISANIA/LONGWOOD,993 UNION AVENUE,07 RENTALS - WALKUP APARTMENTS
us-nyc,United States,New York,USD,149561.0,2281.047359,2025-12-18,nyc_dof_rolling_sales,2281.047359,,,,1905,,,07 RENTALS - WALKUP APARTMENTS,MORRISANIA/LONGWOOD,"993 UNION AVENUE, 1",07 RENTALS - WALKUP APARTMENTS
us-nyc,United States,New York,USD,180488.0,2281.047359,2025-12-18,nyc_dof_rolling_sales,2281.047359,,,,1905,,,07 RENTALS - WALKUP APARTMENTS,MORRISANIA/LONGWOOD,"993 UNION AVENUE, 12",07 RENTALS - WALKUP APARTMENTS
us-nyc,United States,New York,USD,166215.0,2281.047359,2025-12-18,nyc_dof_rolling_sales,2281.047359,,,,1905,,,07 RENTALS - WALKUP APARTMENTS,MORRISANIA/LONGWOOD,"993 UNION AVENUE, 14",07 RENTALS - WALKUP APARTMENTS
us-nyc,United States,New York,USD,180488.0,2281.047359,2025-12-18,nyc_dof_rolling_sales,2281.047359,,,,1905,,,07 RENTALS - WALKUP APARTMENTS,MORRISANIA/LONGWOOD,"993 UNION AVENUE, 16",07 RENTALS - WALKUP APARTMENTS
us-nyc,United States,New York,USD,166215.0,2281.047359,2025-12-18,nyc_dof_rolling_sales,2281.047359,,,,1905,,,07 RENTALS - WALKUP APARTMENTS,MORRISANIA/LONGWOOD,"993 UNION AVENUE, 18",07 RENTALS - WALKUP APARTMENTS
us-nyc,United States,New York,USD,42500.0,2281.047359,2025-12-18,nyc_dof_rolling_sales,2281.047359,,,,1905,,,07 RENTALS - WALKUP APARTMENTS,MORRISANIA/LONGWOOD,"993 UNION AVENUE, 19",07 RENTALS - WALKUP APARTMENTS
us-nyc,United States,New York,USD,149561.0,2281.047359,2025-12-18,nyc_dof_rolling_sales,2281.047359,,,,1905,,,07 RENTALS - WALKUP APARTMENTS,MORRISANIA/LONGWOOD,"993 UNION AVENUE, 3",07 RENTALS - WALKUP APARTMENTS
us-nyc,United States,New York,USD,166215.0,2281.047359,2025-12-18,nyc_dof_rolling_sales,2281.047359,,,,1905,,,07 RENTALS - WALKUP APARTMENTS,MORRISANIA/LONGWOOD,"993 UNION AVENUE, 6",07 RENTALS - WALKUP APARTMENTS
us-nyc,United States,New York,USD,42500.0,2281.047359,2025-12-18,nyc_dof_rolling_sales,2281.047359,,,,1905,,,07 RENTALS - WALKUP APARTMENTS,MORRISANIA/LONGWOOD,"993 UNION AVENUE, 7",07 RENTALS - WALKUP APARTMENTS
us-nyc,United States,New York,USD,42500.0,2281.047359,2025-12-18,nyc_dof_rolling_sales,2281.047359,,,,1905,,,07 RENTALS - WALKUP APARTMENTS,MORRISANIA/LONGWOOD,"993 UNION AVENUE, 8",07 RENTALS - WALKUP APARTMENTS
us-nyc,United States,New York,USD,11034774.0,1823.407181,2025-12-18,nyc_dof_rolling_sales,1823.407181,,,,1912,,,07 RENTALS - WALKUP APARTMENTS,MORRISANIA/LONGWOOD,774 UNION AVENUE,07 RENTALS - WALKUP APARTMENTS
us-nyc,United States,New York,USD,149561.0,1823.407181,2025-12-18,nyc_dof_rolling_sales,1823.407181,,,,1912,,,07 RENTALS - WALKUP APARTMENTS,MORRISANIA/LONGWOOD,"774 UNION AVENUE, 1B",07 RENTALS - WALKUP APARTMENTS
us-nyc,United States,New York,USD,149561.0,1823.407181,2025-12-18,nyc_dof_rolling_sales,1823.407181,,,,1912,,,07 RENTALS - WALKUP APARTMENTS,MORRISANIA/LONGWOOD,"774 UNION AVENUE, 1C",07 RENTALS - WALKUP APARTMENTS
us-nyc,United States,New York,USD,149561.0,1823.407181,2025-12-18,nyc_dof_rolling_sales,1823.407181,,,,1912,,,07 RENTALS - WALKUP APARTMENTS,MORRISANIA/LONGWOOD,"774 UNION AVENUE, 1E",07 RENTALS - WALKUP APARTMENTS
us-nyc,United States,New York,USD,149561.0,1823.407181,2025-12-18,nyc_dof_rolling_sales,1823.407181,,,,1912,,,07 RENTALS - WALKUP APARTMENTS,MORRISANIA/LONGWOOD,"774 UNION AVENUE, 2B",07 RENTALS - WALKUP APARTMENTS
us-nyc,United States,New York,USD,42500.0,1823.407181,2025-12-18,nyc_dof_rolling_sales,1823.407181,,,,1912,,,07 RENTALS - WALKUP APARTMENTS,MORRISANIA/LONGWOOD,"774 UNION AVENUE, 4A",07 RENTALS - WALKUP APARTMENTS
us-nyc,United States,New York,USD,42500.0,1823.407181,2025-12-18,nyc_dof_rolling_sales,1823.407181,,,,1912,,,07 RENTALS - WALKUP APARTMENTS,MORRISANIA/LONGWOOD,"774 UNION AVENUE, 4B",07 RENTALS - WALKUP APARTMENTS
us-nyc,United States,New York,USD,166215.0,1823.407181,2025-12-18,nyc_dof_rolling_sales,1823.407181,,,,1912,,,07 RENTALS - WALKUP APARTMENTS,MORRISANIA/LONGWOOD,"774 UNION AVENUE, 4C",07 RENTALS - WALKUP APARTMENTS
us-nyc,United States,New York,USD,166215.0,1823.407181,2025-12-18,nyc_dof_rolling_sales,1823.407181,,,,1912,,,07 RENTALS - WALKUP APARTMENTS,MORRISANIA/LONGWOOD,"774 UNION AVENUE, 4E",07 RENTALS - WALKUP APARTMENTS
us-nyc,United States,New York,USD,42500.0,1823.407181,2025-12-18,nyc_dof_rolling_sales,1823.407181,,,,1912,,,07 RENTALS - WALKUP APARTMENTS,MORRISANIA/LONGWOOD,"774 UNION AVENUE, 5A",07 RENTALS - WALKUP APARTMENTS
us-nyc,United States,New York,USD,42500.0,1823.407181,2025-12-18,nyc_dof_rolling_sales,1823.407181,,,,1912,,,07 RENTALS - WALKUP APARTMENTS,MORRISANIA/LONGWOOD,"774 UNION AVENUE, 5C",07 RENTALS - WALKUP APARTMENTS
us-nyc,United States,New York,USD,166215.0,1823.407181,2025-12-18,nyc_dof_rolling_sales,1823.407181,,,,1912,,,07 RENTALS - WALKUP APARTMENTS,MORRISANIA/LONGWOOD,"774 UNION AVENUE, 5D",07 RENTALS - WALKUP APARTMENTS
us-nyc,United States,New York,USD,166215.0,1823.407181,2025-12-18,nyc_dof_rolling_sales,1823.407181,,,,1912,,,07 RENTALS - WALKUP APARTMENTS,MORRISANIA/LONGWOOD,"774 UNION AVENUE, 5E",07 RENTALS - WALKUP APARTMENTS
us-nyc,United States,New York,USD,950000.0,557.418,2025-10-06,nyc_dof_rolling_sales,557.418,,,,1909,,,07 RENTALS - WALKUP APARTMENTS,MORRISANIA/LONGWOOD,956 LEGGETT AVENUE,07 RENTALS - WALKUP APARTMENTS
us-nyc,United States,New York,USD,960000.0,280.938672,2025-07-10,nyc_dof_rolling_sales,280.938672,,,,1915,,,07 RENTALS - WALKUP APARTMENTS,MORRISANIA/LONGWOOD,1029 REV JAMES POLITE AVE,07 RENTALS - WALKUP APARTMENTS
us-nyc,United States,New York,USD,140000.0,687.4822,2025-03-26,nyc_dof_rolling_sales,687.4822,,,,1907,,,07 RENTALS - WALKUP APARTMENTS,MORRISANIA/LONGWOOD,"847 FOX STREET, 7",07 RENTALS - WALKUP APARTMENTS
us-nyc,United States,New York,USD,210000.0,803.796756,2025-08-04,nyc_dof_rolling_sales,803.796756,,,,1907,,,07 RENTALS - WALKUP APARTMENTS,MORRISANIA/LONGWOOD,"811 FOX STREET, 4B",07 RENTALS - WALKUP APARTMENTS
us-nyc,United States,New York,USD,1400000.0,1340.59029,2025-07-14,nyc_dof_rolling_sales,1340.59029,,,,1925,,,07 RENTALS - WALKUP APARTMENTS,MORRISANIA/LONGWOOD,945 BRUCKNER BOULEVARD,07 RENTALS - WALKUP APARTMENTS
us-nyc,United States,New York,USD,1665000.0,529.175488,2025-02-06,nyc_dof_rolling_sales,529.175488,,,,1910,,,07 RENTALS - WALKUP APARTMENTS,MORRISANIA/LONGWOOD,1142 BRYANT AVENUE,07 RENTALS - WALKUP APARTMENTS
us-nyc,United States,New York,USD,999000.0,308.252154,2025-02-26,nyc_dof_rolling_sales,308.252154,,,,1930,,,07 RENTALS - WALKUP APARTMENTS,MORRISANIA/LONGWOOD,1045 LONGFELLOW AVE,07 RENTALS - WALKUP APARTMENTS
us-nyc,United States,New York,USD,1175000.0,308.252154,2025-10-20,nyc_dof_rolling_sales,308.252154,,,,1930,,,07 RENTALS - WALKUP APARTMENTS,MORRISANIA/LONGWOOD,1039 LONGFELLOW AVE,07 RENTALS - WALKUP APARTMENTS
us-nyc,United States,New York,USD,1650000.0,297.2896,2025-02-05,nyc_dof_rolling_sales,297.2896,,,,1930,,,07 RENTALS - WALKUP APARTMENTS,MORRISANIA/LONGWOOD,1052 LONGFELLOW AVENUE,07 RENTALS - WALKUP APARTMENTS
us-nyc,United States,New York,USD,1100000.0,297.2896,2025-06-13,nyc_dof_rolling_sales,297.2896,,,,1930,,,07 RENTALS - WALKUP APARTMENTS,MORRISANIA/LONGWOOD,1060 LONGFELLOW AVE,07 RENTALS - WALKUP APARTMENTS
us-nyc,United States,New York,USD,4739.0,1111.4914919999999,2025-02-05,nyc_dof_rolling_sales,1111.4914919999999,,,,1904,,,07 RENTALS - WALKUP APARTMENTS,MORRISANIA/LONGWOOD,"749 JENNINGS STREET, 4B",07 RENTALS - WALKUP APARTMENTS
us-nyc,United States,New York,USD,5916105.0,5556.900042,2025-10-23,nyc_dof_rolling_sales,5556.900042,,,,1928,,,08 RENTALS - ELEVATOR APARTMENTS,MORRISANIA/LONGWOOD,1250 FRANKLIN AVENUE,08 RENTALS - ELEVATOR APARTMENTS
us-nyc,United States,New York,USD,9292408.0,6171.267581,2025-12-18,nyc_dof_rolling_sales,6171.267581,,,,2000,,,08 RENTALS - ELEVATOR APARTMENTS,MORRISANIA/LONGWOOD,916 REV JAMES POLITE AVE,08 RENTALS - ELEVATOR APARTMENTS
us-nyc,United States,New York,USD,80000.0,nan,2025-10-01,nyc_dof_rolling_sales,nan,,,,1917,,,09 COOPS - WALKUP APARTMENTS,MORRISANIA/LONGWOOD,"1103 FRANKLIN AVE, 14",09 COOPS - WALKUP APARTMENTS
us-nyc,United States,New York,USD,79000.0,nan,2025-10-14,nyc_dof_rolling_sales,nan,,,,1917,,,09 COOPS - WALKUP APARTMENTS,MORRISANIA/LONGWOOD,"1103 FRANKLIN AVENUE, 12",09 COOPS - WALKUP APARTMENTS
us-nyc,United States,New York,USD,66000.0,nan,2025-10-28,nyc_dof_rolling_sales,nan,,,,1927,,,09 COOPS - WALKUP APARTMENTS,MORRISANIA/LONGWOOD,"1165 FULTON AVE, 4D",09 COOPS - WALKUP APARTMENTS
us-nyc,United States,New York,USD,23000.0,nan,2025-01-22,nyc_dof_rolling_sales,nan,,,,1925,,,09 COOPS - WALKUP APARTMENTS,MORRISANIA/LONGWOOD,"1027 AVENUE ST. JOHN, 1A",09 COOPS - WALKUP APARTMENTS
us-nyc,United States,New York,USD,45000.0,nan,2025-03-03,nyc_dof_rolling_sales,nan,,,,1916,,,09 COOPS - WALKUP APARTMENTS,MORRISANIA/LONGWOOD,"986 LEGGETT AVENUE, D",09 COOPS - WALKUP APARTMENTS
us-nyc,United States,New York,USD,133000.0,nan,2025-07-18,nyc_dof_rolling_sales,nan,,,,1924,,,09 COOPS - WALKUP APARTMENTS,MORRISANIA/LONGWOOD,"1027 LEGGETT AVENUE, 1D",09 COOPS - WALKUP APARTMENTS
us-nyc,United States,New York,USD,65000.0,nan,2025-07-11,nyc_dof_rolling_sales,nan,,,,1931,,,09 COOPS - WALKUP APARTMENTS,MORRISANIA/LONGWOOD,"1015 LONGWOOD AVE, 1E",09 COOPS - WALKUP APARTMENTS
us-nyc,United States,New York,USD,100000.0,nan,2025-09-19,nyc_dof_rolling_sales,nan,,,,1914,,,09 COOPS - WALKUP APARTMENTS,MORRISANIA/LONGWOOD,"1116 HOE AVENUE, 1B",09 COOPS - WALKUP APARTMENTS
us-nyc,United States,New York,USD,275000.0,nan,2025-05-23,nyc_dof_rolling_sales,nan,,,,2008,,,10 COOPS - ELEVATOR APARTMENTS,MORRISANIA/LONGWOOD,"715 FOX STREET, 3B",10 COOPS - ELEVATOR APARTMENTS
us-nyc,United States,New York,USD,15583860.0,6776.716432,2025-04-14,nyc_dof_rolling_sales,6776.716432,,,,2003,,,11 SPECIAL CONDO BILLING LOTS,MORRISANIA/LONGWOOD,"488 EAST 164 STREET, R",11 SPECIAL CONDO BILLING LOTS
us-nyc,United States,New York,USD,180000.0,nan,2025-01-27,nyc_dof_rolling_sales,nan,,,,1931,,,12 CONDOS - WALKUP APARTMENTS,MORRISANIA/LONGWOOD,"1010 FAILE STREET, A",12 CONDOS - WALKUP APARTMENTS
us-nyc,United States,New York,USD,270000.0,nan,2025-07-07,nyc_dof_rolling_sales,nan,,,,1915,,,12 CONDOS - WALKUP APARTMENTS,MORRISANIA/LONGWOOD,"1046 FAILE STREET, 1046A",12 CONDOS - WALKUP APARTMENTS
us-nyc,United States,New York,USD,300000.0,nan,2025-07-07,nyc_dof_rolling_sales,nan,,,,1915,,,12 CONDOS - WALKUP APARTMENTS,MORRISANIA/LONGWOOD,"1046 FAILE STREET, 1046C",12 CONDOS - WALKUP APARTMENTS
us-nyc,United States,New York,USD,252500.0,nan,2025-06-05,nyc_dof_rolling_sales,nan,,,,1915,,,12 CONDOS - WALKUP APARTMENTS,MORRISANIA/LONGWOOD,"1019 FAILE STREET, 1019C",12 CONDOS - WALKUP APARTMENTS
us-nyc,United States,New York,USD,346000.0,nan,2025-11-14,nyc_dof_rolling_sales,nan,,,,2006,,,13 CONDOS - ELEVATOR APARTMENTS,MORRISANIA/LONGWOOD,"3044 3RD AVENUE, 6F",13 CONDOS - ELEVATOR APARTMENTS
us-nyc,United States,New York,USD,406000.0,nan,2025-05-21,nyc_dof_rolling_sales,nan,,,,2008,,,13 CONDOS - ELEVATOR APARTMENTS,MORRISANIA/LONGWOOD,"837 WASHINGTON AVENUE, 2G",13 CONDOS - ELEVATOR APARTMENTS
us-nyc,United States,New York,USD,280000.0,nan,2025-10-30,nyc_dof_rolling_sales,nan,,,,2008,,,13 CONDOS - ELEVATOR APARTMENTS,MORRISANIA/LONGWOOD,"837 WASHINGTON AVENUE, 3A",13 CONDOS - ELEVATOR APARTMENTS
us-nyc,United States,New York,USD,385000.0,nan,2025-03-28,nyc_dof_rolling_sales,nan,,,,2008,,,13 CONDOS - ELEVATOR APARTMENTS,MORRISANIA/LONGWOOD,"837 WASHINGTON AVENUE, 7H",13 CONDOS - ELEVATOR APARTMENTS
us-nyc,United States,New York,USD,460000.0,nan,2025-10-09,nyc_dof_rolling_sales,nan,,,,2008,,,13 CONDOS - ELEVATOR APARTMENTS,MORRISANIA/LONGWOOD,"837 WASHINGTON AVE, 7K",13 CONDOS - ELEVATOR APARTMENTS
us-nyc,United States,New York,USD,415000.0,nan,2025-08-28,nyc_dof_rolling_sales,nan,,,,2008,,,13 CONDOS - ELEVATOR APARTMENTS,MORRISANIA/LONGWOOD,"837 WASHINGTON AVENUE, 8C",13 CONDOS - ELEVATOR APARTMENTS
us-nyc,United States,New York,USD,1854000.0,678.1919,2025-03-19,nyc_dof_rolling_sales,678.1919,,,,1900,,,14 RENTALS - 4-10 UNIT,MORRISANIA/LONGWOOD,3202 3 AVENUE,14 RENTALS - 4-10 UNIT
us-nyc,United States,New York,USD,950000.0,442.21828,2025-03-20,nyc_dof_rolling_sales,442.21828,,,,1903,,,14 RENTALS - 4-10 UNIT,MORRISANIA/LONGWOOD,612 UNION AVENUE,14 RENTALS - 4-10 UNIT
us-nyc,United States,New York,USD,277500.0,nan,2025-02-07,nyc_dof_rolling_sales,nan,,,,1910,,,15 CONDOS - 2-10 UNIT RESIDENTIAL,MORRISANIA/LONGWOOD,"947 AVENUE SAINT JOHN, 3A",15 CONDOS - 2-10 UNIT RESIDENTIAL
us-nyc,United States,New York,USD,275000.0,nan,2025-03-13,nyc_dof_rolling_sales,nan,,,,2010,,,17 CONDO COOPS,MORRISANIA/LONGWOOD,"704 BROOK AVENUE, 3S",17 CONDO COOPS
us-nyc,United States,New York,USD,4000000.0,580.64375,2025-07-30,nyc_dof_rolling_sales,580.64375,,,,2000,,,21 OFFICE BUILDINGS,MORRISANIA/LONGWOOD,1210 WEBSTER AVENUE,21 OFFICE BUILDINGS
us-nyc,United States,New York,USD,3250000.0,929.03,2025-06-26,nyc_dof_rolling_sales,929.03,,,,1991,,,21 OFFICE BUILDINGS,MORRISANIA/LONGWOOD,885 BRUCKNER BOULEVARD,21 OFFICE BUILDINGS
us-nyc,United States,New York,USD,2000000.0,464.515,2025-12-09,nyc_dof_rolling_sales,464.515,,,,1930,,,22 STORE BUILDINGS,MORRISANIA/LONGWOOD,2946 3RD AVENUE,22 STORE BUILDINGS
us-nyc,United States,New York,USD,500.0,456.711148,2025-02-18,nyc_dof_rolling_sales,456.711148,,,,1931,,,22 STORE BUILDINGS,MORRISANIA/LONGWOOD,3075 3 AVENUE,22 STORE BUILDINGS
us-nyc,United States,New York,USD,950000.0,456.711148,2025-12-04,nyc_dof_rolling_sales,456.711148,,,,1931,,,22 STORE BUILDINGS,MORRISANIA/LONGWOOD,3075 3 AVENUE,22 STORE BUILDINGS
us-nyc,United States,New York,USD,1500000.0,1374.9644,2025-04-04,nyc_dof_rolling_sales,1374.9644,,,,1931,,,22 STORE BUILDINGS,MORRISANIA/LONGWOOD,1104 WEBSTER AVENUE,22 STORE BUILDINGS
us-nyc,United States,New York,USD,3950000.0,1858.06,2025-08-26,nyc_dof_rolling_sales,1858.06,,,,1931,,,22 STORE BUILDINGS,MORRISANIA/LONGWOOD,564 SOUTHERN BLVD,22 STORE BUILDINGS
us-nyc,United States,New York,USD,940000.0,170.662811,2025-10-10,nyc_dof_rolling_sales,170.662811,,,,1915,,,22 STORE BUILDINGS,MORRISANIA/LONGWOOD,654 WESTCHESTER AVENUE,22 STORE BUILDINGS
us-nyc,United States,New York,USD,150000.0,32.51605,2025-07-17,nyc_dof_rolling_sales,32.51605,,,,1968,,,22 STORE BUILDINGS,MORRISANIA/LONGWOOD,791 EAST 168TH ST,22 STORE BUILDINGS
us-nyc,United States,New York,USD,3875000.0,773.603281,2025-09-30,nyc_dof_rolling_sales,773.603281,,,,1920,,,22 STORE BUILDINGS,MORRISANIA/LONGWOOD,900 SOUTHERN BOULEVARD,22 STORE BUILDINGS
us-nyc,United States,New York,USD,1350000.0,260.1284,2025-02-20,nyc_dof_rolling_sales,260.1284,,,,1931,,,22 STORE BUILDINGS,MORRISANIA/LONGWOOD,1245 SOUTHERN BOULEVARD,22 STORE BUILDINGS
us-nyc,United States,New York,USD,1300000.0,418.0635,2025-11-10,nyc_dof_rolling_sales,418.0635,,,,1931,,,22 STORE BUILDINGS,MORRISANIA/LONGWOOD,1304 SOUTHERN BOULEVARD,22 STORE BUILDINGS
us-nyc,United States,New York,USD,1490000.0,605.448851,2025-03-14,nyc_dof_rolling_sales,605.448851,,,,1930,,,27 FACTORIES,MORRISANIA/LONGWOOD,1056 WASHINGTON AVENUE,27 FACTORIES
us-nyc,United States,New York,USD,1.0,nan,2025-04-15,nyc_dof_rolling_sales,nan,,,,1909,,,28 COMMERCIAL CONDOS,MORRISANIA/LONGWOOD,"1018 EAST 163RD STREET, CU",28 COMMERCIAL CONDOS
us-nyc,United States,New York,USD,5800000.0,1718.7055,2025-10-16,nyc_dof_rolling_sales,1718.7055,,,,1935,,,29 COMMERCIAL GARAGES,MORRISANIA/LONGWOOD,751-767 BRUCKNER BOULEVARD,29 COMMERCIAL GARAGES
us-nyc,United States,New York,USD,100000.0,2283.741546,2025-05-23,nyc_dof_rolling_sales,2283.741546,,,,1931,,,30 WAREHOUSES,MORRISANIA/LONGWOOD,3400 PARK AVE,30 WAREHOUSES
us-nyc,United States,New York,USD,5400000.0,2322.575,2025-04-03,nyc_dof_rolling_sales,2322.575,,,,1972,,,32 HOSPITAL AND HEALTH FACILITIES,MORRISANIA/LONGWOOD,1332 FULTON AVENUE,32 HOSPITAL AND HEALTH FACILITIES
us-nyc,United States,New York,USD,7000000.0,3112.2505,2025-09-25,nyc_dof_rolling_sales,3112.2505,,,,1929,,,33 EDUCATIONAL FACILITIES,MORRISANIA/LONGWOOD,3485-3489 3 AVENUE,33 EDUCATIONAL FACILITIES
us-nyc,United States,New York,USD,618800.0,523.508405,2025-03-20,nyc_dof_rolling_sales,523.508405,,,,1931,,,37 RELIGIOUS FACILITIES,MORRISANIA/LONGWOOD,1040 WASHINGTON AVENUE,37 RELIGIOUS FACILITIES
us-nyc,United States,New York,USD,668800.0,523.508405,2025-03-27,nyc_dof_rolling_sales,523.508405,,,,1931,,,37 RELIGIOUS FACILITIES,MORRISANIA/LONGWOOD,1040 WASHINGTON AVENUE,37 RELIGIOUS FACILITIES
us-nyc,United States,New York,USD,800000.0,200.205965,2025-09-09,nyc_dof_rolling_sales,200.205965,,,,1910,,,37 RELIGIOUS FACILITIES,MORRISANIA/LONGWOOD,1161 BOSTON ROAD,37 RELIGIOUS FACILITIES
us-nyc,United States,New York,USD,1300000.0,197.41887499999999,2025-11-10,nyc_dof_rolling_sales,197.41887499999999,,,,1931,,,37 RELIGIOUS FACILITIES,MORRISANIA/LONGWOOD,1306 SOUTHERN BOULEVARD,37 RELIGIOUS FACILITIES
us-nyc,United States,New York,USD,93920000.0,nan,2025-10-15,nyc_dof_rolling_sales,nan,,,,2020,,,42 CONDO CULTURAL/MEDICAL/EDUCATIONAL/ETC,MORRISANIA/LONGWOOD,"425 WESTCHESTER AVENUE, UNIT1",42 CONDO CULTURAL/MEDICAL/EDUCATIONAL/ETC
us-nyc,United States,New York,USD,93920000.0,nan,2025-10-15,nyc_dof_rolling_sales,nan,,,,2020,,,42 CONDO CULTURAL/MEDICAL/EDUCATIONAL/ETC,MORRISANIA/LONGWOOD,"425 WESTCHESTER AVENUE, UNIT2",42 CONDO CULTURAL/MEDICAL/EDUCATIONAL/ETC
us-nyc,United States,New York,USD,1450000.0,nan,2025-06-16,nyc_dof_rolling_sales,nan,,,,2008,,,44 CONDO PARKING,MORRISANIA/LONGWOOD,"837 WASHINGTON AVENUE, PKNG",44 CONDO PARKING
us-nyc,United States,New York,USD,1000000.0,nan,2025-06-03,nyc_dof_rolling_sales,nan,,,,,,,46 CONDO STORE BUILDINGS,MORRISANIA/LONGWOOD,"3044 3 AVENUE, 1R",46 CONDO STORE BUILDINGS
us-nyc,United States,New York,USD,15583860.0,nan,2025-04-14,nyc_dof_rolling_sales,nan,,,,2003,,,46 CONDO STORE BUILDINGS,MORRISANIA/LONGWOOD,"488 EAST 164 STREET, C",46 CONDO STORE BUILDINGS
us-nyc,United States,New York,USD,1450000.0,nan,2025-06-16,nyc_dof_rolling_sales,nan,,,,2008,,,46 CONDO STORE BUILDINGS,MORRISANIA/LONGWOOD,"837 WASHINGTON AVENUE, RETL",46 CONDO STORE BUILDINGS
us-nyc,United States,New York,USD,10.0,222.9672,2025-10-22,nyc_dof_rolling_sales,222.9672,,,,1910,,,01 ONE FAMILY DWELLINGS,MOTT HAVEN/PORT MORRIS,426 EAST 140TH STREET,01 ONE FAMILY DWELLINGS
us-nyc,United States,New York,USD,600000.0,182.08988,2025-03-12,nyc_dof_rolling_sales,182.08988,,,,1910,,,01 ONE FAMILY DWELLINGS,MOTT HAVEN/PORT MORRIS,410 EAST 142ND STREET,01 ONE FAMILY DWELLINGS
us-nyc,United States,New York,USD,650000.0,182.08988,2025-06-24,nyc_dof_rolling_sales,182.08988,,,,1910,,,01 ONE FAMILY DWELLINGS,MOTT HAVEN/PORT MORRIS,414 EAST 142ND STREET,01 ONE FAMILY DWELLINGS
us-nyc,United States,New York,USD,10000.0,233.000724,2025-05-17,nyc_dof_rolling_sales,233.000724,,,,1901,,,01 ONE FAMILY DWELLINGS,MOTT HAVEN/PORT MORRIS,411 EAST 141 STREET,01 ONE FAMILY DWELLINGS
us-nyc,United States,New York,USD,650000.0,200.67048,2025-10-31,nyc_dof_rolling_sales,200.67048,,,,1910,,,01 ONE FAMILY DWELLINGS,MOTT HAVEN/PORT MORRIS,410 EAST 144 ST,01 ONE FAMILY DWELLINGS
us-nyc,United States,New York,USD,1299000.0,227.705253,2025-10-17,nyc_dof_rolling_sales,227.705253,,,,1899,,,01 ONE FAMILY DWELLINGS,MOTT HAVEN/PORT MORRIS,467 EAST 143RD STREET,01 ONE FAMILY DWELLINGS
us-nyc,United States,New York,USD,850000.0,189.52212,2025-06-11,nyc_dof_rolling_sales,189.52212,,,,1901,,,02 TWO FAMILY DWELLINGS,MOTT HAVEN/PORT MORRIS,516 EAST 142 STREET,02 TWO FAMILY DWELLINGS
us-nyc,United States,New York,USD,765000.0,217.39302,2025-10-15,nyc_dof_rolling_sales,217.39302,,,,1992,,,02 TWO FAMILY DWELLINGS,MOTT HAVEN/PORT MORRIS,504 EAST 147TH STREET,02 TWO FAMILY DWELLINGS
us-nyc,United States,New York,USD,868000.0,217.39302,2025-01-21,nyc_dof_rolling_sales,217.39302,,,,1992,,,02 TWO FAMILY DWELLINGS,MOTT HAVEN/PORT MORRIS,530 EAST 147TH STREET,02 TWO FAMILY DWELLINGS
us-nyc,United States,New York,USD,687319.0,200.67048,2025-12-04,nyc_dof_rolling_sales,200.67048,,,,1910,,,02 TWO FAMILY DWELLINGS,MOTT HAVEN/PORT MORRIS,433 EAST 141 STREET,02 TWO FAMILY DWELLINGS
us-nyc,United States,New York,USD,899000.0,189.52212,2025-09-03,nyc_dof_rolling_sales,189.52212,,,,1901,,,02 TWO FAMILY DWELLINGS,MOTT HAVEN/PORT MORRIS,427 EAST 143 ST,02 TWO FAMILY DWELLINGS
us-nyc,United States,New York,USD,980000.0,211.81884,2025-11-14,nyc_dof_rolling_sales,211.81884,,,,1990,,,02 TWO FAMILY DWELLINGS,MOTT HAVEN/PORT MORRIS,436 EAST 145 STREET,02 TWO FAMILY DWELLINGS
us-nyc,United States,New York,USD,1025000.0,211.81884,2025-08-14,nyc_dof_rolling_sales,211.81884,,,,1990,,,02 TWO FAMILY DWELLINGS,MOTT HAVEN/PORT MORRIS,452 EAST 145 STREET,02 TWO FAMILY DWELLINGS
us-nyc,United States,New York,USD,965000.0,211.81884,2025-06-05,nyc_dof_rolling_sales,211.81884,,,,1993,,,02 TWO FAMILY DWELLINGS,MOTT HAVEN/PORT MORRIS,461 EAST 144 STREET,02 TWO FAMILY DWELLINGS
us-nyc,United States,New York,USD,214968.0,211.81884,2025-02-24,nyc_dof_rolling_sales,211.81884,,,,1993,,,02 TWO FAMILY DWELLINGS,MOTT HAVEN/PORT MORRIS,453 EAST 144 STREET,02 TWO FAMILY DWELLINGS
us-nyc,United States,New York,USD,535000.0,185.806,2025-06-06,nyc_dof_rolling_sales,185.806,,,,1991,,,02 TWO FAMILY DWELLINGS,MOTT HAVEN/PORT MORRIS,444 EAST 146TH,02 TWO FAMILY DWELLINGS
us-nyc,United States,New York,USD,10.0,211.81884,2025-10-03,nyc_dof_rolling_sales,211.81884,,,,1999,,,02 TWO FAMILY DWELLINGS,MOTT HAVEN/PORT MORRIS,363 CYPRESS AVENUE,02 TWO FAMILY DWELLINGS
us-nyc,United States,New York,USD,729000.0,232.907821,2025-01-17,nyc_dof_rolling_sales,232.907821,,,,1931,,,02 TWO FAMILY DWELLINGS,MOTT HAVEN/PORT MORRIS,616 BEECH TERRACE,02 TWO FAMILY DWELLINGS
us-nyc,United States,New York,USD,900000.0,217.39302,2025-05-16,nyc_dof_rolling_sales,217.39302,,,,2000,,,02 TWO FAMILY DWELLINGS,MOTT HAVEN/PORT MORRIS,599 BEECH TERRACE,02 TWO FAMILY DWELLINGS
us-nyc,United States,New York,USD,1065000.0,195.09629999999999,2025-11-20,nyc_dof_rolling_sales,195.09629999999999,,,,1901,,,02 TWO FAMILY DWELLINGS,MOTT HAVEN/PORT MORRIS,487 JACKSON AVENUE,02 TWO FAMILY DWELLINGS
us-nyc,United States,New York,USD,929000.0,133.78032,2025-06-24,nyc_dof_rolling_sales,133.78032,,,,1960,,,03 THREE FAMILY DWELLINGS,MOTT HAVEN/PORT MORRIS,526 EAST 148TH STREET,03 THREE FAMILY DWELLINGS
us-nyc,United States,New York,USD,1150000.0,335.008218,2025-03-28,nyc_dof_rolling_sales,335.008218,,,,2005,,,03 THREE FAMILY DWELLINGS,MOTT HAVEN/PORT MORRIS,521 E 148 STREET,03 THREE FAMILY DWELLINGS
us-nyc,United States,New York,USD,999000.0,200.67048,2025-11-05,nyc_dof_rolling_sales,200.67048,,,,1901,,,03 THREE FAMILY DWELLINGS,MOTT HAVEN/PORT MORRIS,422 E 134TH STREET,03 THREE FAMILY DWELLINGS
us-nyc,United States,New York,USD,610000.0,200.67048,2025-07-24,nyc_dof_rolling_sales,200.67048,,,,1901,,,03 THREE FAMILY DWELLINGS,MOTT HAVEN/PORT MORRIS,422 EAST 134 STREET,03 THREE FAMILY DWELLINGS
us-nyc,United States,New York,USD,10.0,250.8381,2025-10-22,nyc_dof_rolling_sales,250.8381,,,,1994,,,03 THREE FAMILY DWELLINGS,MOTT HAVEN/PORT MORRIS,493 EAST 140TH STREET,03 THREE FAMILY DWELLINGS
us-nyc,United States,New York,USD,1350000.0,230.492343,2025-08-26,nyc_dof_rolling_sales,230.492343,,,,1899,,,03 THREE FAMILY DWELLINGS,MOTT HAVEN/PORT MORRIS,465 E 143RD ST,03 THREE FAMILY DWELLINGS
us-nyc,United States,New York,USD,1410000.0,274.06385,2025-10-03,nyc_dof_rolling_sales,274.06385,,,,1901,,,03 THREE FAMILY DWELLINGS,MOTT HAVEN/PORT MORRIS,278 ALEXANDER AVENUE,03 THREE FAMILY DWELLINGS
us-nyc,United States,New York,USD,707000.0,211.81884,2025-01-17,nyc_dof_rolling_sales,211.81884,,,,1901,,,03 THREE FAMILY DWELLINGS,MOTT HAVEN/PORT MORRIS,610 BEECH TERRACE,03 THREE FAMILY DWELLINGS
us-nyc,United States,New York,USD,707000.0,211.81884,2025-01-17,nyc_dof_rolling_sales,211.81884,,,,1901,,,03 THREE FAMILY DWELLINGS,MOTT HAVEN/PORT MORRIS,614 BEECH TERRACE,03 THREE FAMILY DWELLINGS
us-nyc,United States,New York,USD,707000.0,211.81884,2025-01-17,nyc_dof_rolling_sales,211.81884,,,,1901,,,03 THREE FAMILY DWELLINGS,MOTT HAVEN/PORT MORRIS,612 BEECH TERRACE,03 THREE FAMILY DWELLINGS
us-nyc,United States,New York,USD,500000.0,202.52854,2025-01-08,nyc_dof_rolling_sales,202.52854,,,,1910,,,03 THREE FAMILY DWELLINGS,MOTT HAVEN/PORT MORRIS,347 CONCORD AVENUE,03 THREE FAMILY DWELLINGS
us-nyc,United States,New York,USD,5000000.0,2365.31038,2025-03-03,nyc_dof_rolling_sales,2365.31038,,,,1920,,,07 RENTALS - WALKUP APARTMENTS,MOTT HAVEN/PORT MORRIS,231 BROOK AVENUE,07 RENTALS - WALKUP APARTMENTS
us-nyc,United States,New York,USD,2300000.0,2032.253125,2025-04-17,nyc_dof_rolling_sales,2032.253125,,,,1910,,,07 RENTALS - WALKUP APARTMENTS,MOTT HAVEN/PORT MORRIS,462 EAST 137 STREET,07 RENTALS - WALKUP APARTMENTS
us-nyc,United States,New York,USD,1125000.0,462.65694,2025-01-27,nyc_dof_rolling_sales,462.65694,,,,1915,,,07 RENTALS - WALKUP APARTMENTS,MOTT HAVEN/PORT MORRIS,472 EAST 138TH STREET,07 RENTALS - WALKUP APARTMENTS
us-nyc,United States,New York,USD,1125000.0,462.65694,2025-01-27,nyc_dof_rolling_sales,462.65694,,,,1915,,,07 RENTALS - WALKUP APARTMENTS,MOTT HAVEN/PORT MORRIS,474 EAST 138TH STREET,07 RENTALS - WALKUP APARTMENTS
us-nyc,United States,New York,USD,10000.0,260.035497,2025-05-17,nyc_dof_rolling_sales,260.035497,,,,1910,,,07 RENTALS - WALKUP APARTMENTS,MOTT HAVEN/PORT MORRIS,403 EAST 139 STREET,07 RENTALS - WALKUP APARTMENTS
us-nyc,United States,New York,USD,1000000.0,867.249505,2025-06-13,nyc_dof_rolling_sales,867.249505,,,,1931,,,07 RENTALS - WALKUP APARTMENTS,MOTT HAVEN/PORT MORRIS,378 EAST 139 STREET,07 RENTALS - WALKUP APARTMENTS
us-nyc,United States,New York,USD,1000000.0,870.50111,2025-06-13,nyc_dof_rolling_sales,870.50111,,,,1931,,,07 RENTALS - WALKUP APARTMENTS,MOTT HAVEN/PORT MORRIS,380 EAST 139 STREET,07 RENTALS - WALKUP APARTMENTS
us-nyc,United States,New York,USD,2884164.0,1073.02965,2025-08-28,nyc_dof_rolling_sales,1073.02965,,,,1905,,,07 RENTALS - WALKUP APARTMENTS,MOTT HAVEN/PORT MORRIS,386 EAST 139 STREET,07 RENTALS - WALKUP APARTMENTS
us-nyc,United States,New York,USD,2080000.0,1215.449949,2025-04-09,nyc_dof_rolling_sales,1215.449949,,,,1931,,,07 RENTALS - WALKUP APARTMENTS,MOTT HAVEN/PORT MORRIS,389 E 138 ST,07 RENTALS - WALKUP APARTMENTS
us-nyc,United States,New York,USD,2280000.0,867.71402,2025-02-13,nyc_dof_rolling_sales,867.71402,,,,1931,,,07 RENTALS - WALKUP APARTMENTS,MOTT HAVEN/PORT MORRIS,322 E 141TH STREET,07 RENTALS - WALKUP APARTMENTS
us-nyc,United States,New York,USD,1400000.0,763.012339,2025-02-18,nyc_dof_rolling_sales,763.012339,,,,1915,,,07 RENTALS - WALKUP APARTMENTS,MOTT HAVEN/PORT MORRIS,587 EAST 137 STREET,07 RENTALS - WALKUP APARTMENTS
us-nyc,United States,New York,USD,2000000.0,1027.692986,2025-11-25,nyc_dof_rolling_sales,1027.692986,,,,2008,,,11 SPECIAL CONDO BILLING LOTS,MOTT HAVEN/PORT MORRIS,"615 EAST 138 STREET, 2",11 SPECIAL CONDO BILLING LOTS
us-nyc,United States,New York,USD,2000000.0,nan,2025-11-25,nyc_dof_rolling_sales,nan,,,,2008,,,16 CONDOS - 2-10 UNIT WITH COMMERCIAL UNIT,MOTT HAVEN/PORT MORRIS,"615 EAST 138 STREET, 1",16 CONDOS - 2-10 UNIT WITH COMMERCIAL UNIT
us-nyc,United States,New York,USD,2800000.0,745.546575,2025-09-11,nyc_dof_rolling_sales,745.546575,,,,1965,,,21 OFFICE BUILDINGS,MOTT HAVEN/PORT MORRIS,477 WILLIS AVENUE,21 OFFICE BUILDINGS
us-nyc,United States,New York,USD,7000000.0,143.906747,2025-11-12,nyc_dof_rolling_sales,143.906747,,,,2005,,,22 STORE BUILDINGS,MOTT HAVEN/PORT MORRIS,114 BRUCKNER BOULEVARD,22 STORE BUILDINGS
us-nyc,United States,New York,USD,875000.0,116.12875,2025-12-16,nyc_dof_rolling_sales,116.12875,,,,1931,,,22 STORE BUILDINGS,MOTT HAVEN/PORT MORRIS,2559 MORRIS AVENUE,22 STORE BUILDINGS
us-nyc,United States,New York,USD,4500000.0,1505.493115,2025-03-19,nyc_dof_rolling_sales,1505.493115,,,,1931,,,27 FACTORIES,MOTT HAVEN/PORT MORRIS,9 BRUCKNER BOULEVARD,27 FACTORIES
us-nyc,United States,New York,USD,16200000.0,1378.308908,2025-01-15,nyc_dof_rolling_sales,1378.308908,,,,1926,,,27 FACTORIES,MOTT HAVEN/PORT MORRIS,164 LOCUST AVENUE,27 FACTORIES
us-nyc,United States,New York,USD,4291600.0,492.3859,2025-02-27,nyc_dof_rolling_sales,492.3859,,,,1931,,,29 COMMERCIAL GARAGES,MOTT HAVEN/PORT MORRIS,338 GRAND CONCOURSE,29 COMMERCIAL GARAGES
us-nyc,United States,New York,USD,3708400.0,106.83845,2025-02-27,nyc_dof_rolling_sales,106.83845,,,,1953,,,29 COMMERCIAL GARAGES,MOTT HAVEN/PORT MORRIS,344 GRAND CONCOURSE,29 COMMERCIAL GARAGES
us-nyc,United States,New York,USD,360000.0,113.806175,2025-02-12,nyc_dof_rolling_sales,113.806175,,,,1931,,,29 COMMERCIAL GARAGES,MOTT HAVEN/PORT MORRIS,573 EAST 141 STREET,29 COMMERCIAL GARAGES
us-nyc,United States,New York,USD,21700000.0,8175.464,2025-12-18,nyc_dof_rolling_sales,8175.464,,,,1929,,,30 WAREHOUSES,MOTT HAVEN/PORT MORRIS,845 EAST 136 STREET,30 WAREHOUSES
us-nyc,United States,New York,USD,2400000.0,733.9337,2025-06-17,nyc_dof_rolling_sales,733.9337,,,,1931,,,30 WAREHOUSES,MOTT HAVEN/PORT MORRIS,776 EAST 139 STREET,30 WAREHOUSES
us-nyc,United States,New York,USD,16200000.0,222.9672,2025-01-15,nyc_dof_rolling_sales,222.9672,,,,1931,,,30 WAREHOUSES,MOTT HAVEN/PORT MORRIS,158 LOCUST AVENUE,30 WAREHOUSES
us-nyc,United States,New York,USD,8200000.0,2508.381,2025-04-21,nyc_dof_rolling_sales,2508.381,,,,1925,,,30 WAREHOUSES,MOTT HAVEN/PORT MORRIS,450 TIMPSON PLACE,30 WAREHOUSES
us-nyc,United States,New York,USD,10.0,329.99145599999997,2025-03-25,nyc_dof_rolling_sales,329.99145599999997,,,,1920,,,02 TWO FAMILY DWELLINGS,MOUNT HOPE/MOUNT EDEN,1415 TELLER AVE,02 TWO FAMILY DWELLINGS
us-nyc,United States,New York,USD,475000.0,438.966675,2025-01-03,nyc_dof_rolling_sales,438.966675,,,,1924,,,02 TWO FAMILY DWELLINGS,MOUNT HOPE/MOUNT EDEN,311 EAST 170 STREET,02 TWO FAMILY DWELLINGS
us-nyc,United States,New York,USD,1141000.0,283.35415,2025-05-15,nyc_dof_rolling_sales,283.35415,,,,1920,,,02 TWO FAMILY DWELLINGS,MOUNT HOPE/MOUNT EDEN,1469 TELLER AVE,02 TWO FAMILY DWELLINGS
us-nyc,United States,New York,USD,1000000.0,273.13482,2025-06-26,nyc_dof_rolling_sales,273.13482,,,,1899,,,02 TWO FAMILY DWELLINGS,MOUNT HOPE/MOUNT EDEN,1659 TOPPING AVE,02 TWO FAMILY DWELLINGS
us-nyc,United States,New York,USD,1300000.0,215.349154,2025-07-14,nyc_dof_rolling_sales,215.349154,,,,1920,,,02 TWO FAMILY DWELLINGS,MOUNT HOPE/MOUNT EDEN,1679 EASTBURN AVE,02 TWO FAMILY DWELLINGS
us-nyc,United States,New York,USD,1370000.0,464.515,2025-07-14,nyc_dof_rolling_sales,464.515,,,,1920,,,02 TWO FAMILY DWELLINGS,MOUNT HOPE/MOUNT EDEN,1677 EASTBURN AVE,02 TWO FAMILY DWELLINGS
us-nyc,United States,New York,USD,10.0,292.64445,2025-07-17,nyc_dof_rolling_sales,292.64445,,,,1901,,,02 TWO FAMILY DWELLINGS,MOUNT HOPE/MOUNT EDEN,1769 CLAY AVENUE,02 TWO FAMILY DWELLINGS
us-nyc,United States,New York,USD,999000.0,296.546376,2025-01-27,nyc_dof_rolling_sales,296.546376,,,,1899,,,02 TWO FAMILY DWELLINGS,MOUNT HOPE/MOUNT EDEN,1998 MORRIS AVENUE,02 TWO FAMILY DWELLINGS
us-nyc,United States,New York,USD,700000.0,298.776048,2025-05-09,nyc_dof_rolling_sales,298.776048,,,,1920,,,02 TWO FAMILY DWELLINGS,MOUNT HOPE/MOUNT EDEN,1501 MORRIS AVENUE,02 TWO FAMILY DWELLINGS
us-nyc,United States,New York,USD,1025000.0,261.98646,2025-11-21,nyc_dof_rolling_sales,261.98646,,,,1997,,,03 THREE FAMILY DWELLINGS,MOUNT HOPE/MOUNT EDEN,1678 MONROE AVENUE,03 THREE FAMILY DWELLINGS
us-nyc,United States,New York,USD,990000.0,261.98646,2025-08-08,nyc_dof_rolling_sales,261.98646,,,,1997,,,03 THREE FAMILY DWELLINGS,MOUNT HOPE/MOUNT EDEN,1680 MONROE AVENUE,03 THREE FAMILY DWELLINGS
us-nyc,United States,New York,USD,1125000.0,345.59916,2025-06-18,nyc_dof_rolling_sales,345.59916,,,,1910,,,03 THREE FAMILY DWELLINGS,MOUNT HOPE/MOUNT EDEN,1748 WEEKS,03 THREE FAMILY DWELLINGS
us-nyc,United States,New York,USD,926608.0,345.59916,2025-06-24,nyc_dof_rolling_sales,345.59916,,,,1910,,,03 THREE FAMILY DWELLINGS,MOUNT HOPE/MOUNT EDEN,1750 WEEKS AVENUE,03 THREE FAMILY DWELLINGS
us-nyc,United States,New York,USD,280319.0,299.426369,2025-07-11,nyc_dof_rolling_sales,299.426369,,,,1920,,,03 THREE FAMILY DWELLINGS,MOUNT HOPE/MOUNT EDEN,1816 MONROE AVENUE,03 THREE FAMILY DWELLINGS
us-nyc,United States,New York,USD,1250000.0,306.5799,2025-03-19,nyc_dof_rolling_sales,306.5799,,,,1899,,,03 THREE FAMILY DWELLINGS,MOUNT HOPE/MOUNT EDEN,269 EAST 175TH STREET,03 THREE FAMILY DWELLINGS
us-nyc,United States,New York,USD,1040000.0,289.299942,2025-01-09,nyc_dof_rolling_sales,289.299942,,,,1899,,,03 THREE FAMILY DWELLINGS,MOUNT HOPE/MOUNT EDEN,255 MT HOPE PLACE,03 THREE FAMILY DWELLINGS
us-nyc,United States,New York,USD,999000.0,291.529614,2025-02-12,nyc_dof_rolling_sales,291.529614,,,,1899,,,03 THREE FAMILY DWELLINGS,MOUNT HOPE/MOUNT EDEN,253 MT HOPE PLACE,03 THREE FAMILY DWELLINGS
us-nyc,United States,New York,USD,999000.0,325.532112,2025-11-04,nyc_dof_rolling_sales,325.532112,,,,1899,,,03 THREE FAMILY DWELLINGS,MOUNT HOPE/MOUNT EDEN,241 MT. HOPE PLACE,03 THREE FAMILY DWELLINGS
us-nyc,United States,New York,USD,950000.0,304.72184,2025-06-10,nyc_dof_rolling_sales,304.72184,,,,1899,,,03 THREE FAMILY DWELLINGS,MOUNT HOPE/MOUNT EDEN,1991 MORRIS AVENUE,03 THREE FAMILY DWELLINGS
us-nyc,United States,New York,USD,3500000.0,306.5799,2025-11-10,nyc_dof_rolling_sales,306.5799,,,,1925,,,03 THREE FAMILY DWELLINGS,MOUNT HOPE/MOUNT EDEN,27 MT HOPE PLACE,03 THREE FAMILY DWELLINGS
us-nyc,United States,New York,USD,2500000.0,204.3866,2025-10-03,nyc_dof_rolling_sales,204.3866,,,,1930,,,03 THREE FAMILY DWELLINGS,MOUNT HOPE/MOUNT EDEN,25 MT HOPE PLACE,03 THREE FAMILY DWELLINGS
us-nyc,United States,New York,USD,1900000.0,522.11486,2025-10-03,nyc_dof_rolling_sales,522.11486,,,,1901,,,03 THREE FAMILY DWELLINGS,MOUNT HOPE/MOUNT EDEN,23 MT HOPE PLACE,03 THREE FAMILY DWELLINGS
us-nyc,United States,New York,USD,2462500.0,2978.934695,2025-08-12,nyc_dof_rolling_sales,2978.934695,,,,1928,,,07 RENTALS - WALKUP APARTMENTS,MOUNT HOPE/MOUNT EDEN,1745 EASTBURN AVENUE,07 RENTALS - WALKUP APARTMENTS
us-nyc,United States,New York,USD,2300381.0,1483.66091,2025-06-18,nyc_dof_rolling_sales,1483.66091,,,,1931,,,07 RENTALS - WALKUP APARTMENTS,MOUNT HOPE/MOUNT EDEN,228 EAST TREMONT AVENUE,07 RENTALS - WALKUP APARTMENTS
us-nyc,United States,New York,USD,6300000.0,3526.59788,2025-01-29,nyc_dof_rolling_sales,3526.59788,,,,1920,,,07 RENTALS - WALKUP APARTMENTS,MOUNT HOPE/MOUNT EDEN,1975 CRESTON AVENUE,07 RENTALS - WALKUP APARTMENTS
us-nyc,United States,New York,USD,1250000.0,795.621292,2025-09-30,nyc_dof_rolling_sales,795.621292,,,,1910,,,07 RENTALS - WALKUP APARTMENTS,MOUNT HOPE/MOUNT EDEN,1763 TOWNSEND AVENUE,07 RENTALS - WALKUP APARTMENTS
us-nyc,United States,New York,USD,32333419.0,3159.166515,2025-06-30,nyc_dof_rolling_sales,3159.166515,,,,1922,,,07 RENTALS - WALKUP APARTMENTS,MOUNT HOPE/MOUNT EDEN,1851-1859 WALTON AVENUE,07 RENTALS - WALKUP APARTMENTS
us-nyc,United States,New York,USD,32333419.0,2879.993,2025-06-30,nyc_dof_rolling_sales,2879.993,,,,1922,,,07 RENTALS - WALKUP APARTMENTS,MOUNT HOPE/MOUNT EDEN,1881 WALTON AVENUE,07 RENTALS - WALKUP APARTMENTS
us-nyc,United States,New York,USD,3500000.0,687.110588,2025-11-10,nyc_dof_rolling_sales,687.110588,,,,1901,,,07 RENTALS - WALKUP APARTMENTS,MOUNT HOPE/MOUNT EDEN,29 MT HOPE PLACE,07 RENTALS - WALKUP APARTMENTS
us-nyc,United States,New York,USD,4500000.0,6131.598,2025-03-01,nyc_dof_rolling_sales,6131.598,,,,1927,,,08 RENTALS - ELEVATOR APARTMENTS,MOUNT HOPE/MOUNT EDEN,1930 ANTHONY AVENUE,08 RENTALS - ELEVATOR APARTMENTS
us-nyc,United States,New York,USD,3200000.0,3503.929548,2025-08-19,nyc_dof_rolling_sales,3503.929548,,,,1931,,,08 RENTALS - ELEVATOR APARTMENTS,MOUNT HOPE/MOUNT EDEN,1665 MORRIS AVENUE,08 RENTALS - ELEVATOR APARTMENTS
us-nyc,United States,New York,USD,4500000.0,7022.909382,2025-03-01,nyc_dof_rolling_sales,7022.909382,,,,1929,,,08 RENTALS - ELEVATOR APARTMENTS,MOUNT HOPE/MOUNT EDEN,1475 WYTHE PLACE,08 RENTALS - ELEVATOR APARTMENTS
us-nyc,United States,New York,USD,169000.0,nan,2025-02-20,nyc_dof_rolling_sales,nan,,,,1912,,,09 COOPS - WALKUP APARTMENTS,MOUNT HOPE/MOUNT EDEN,"212 EAST TREMONT AVENUE, 8",09 COOPS - WALKUP APARTMENTS
us-nyc,United States,New York,USD,150000.0,nan,2025-03-12,nyc_dof_rolling_sales,nan,,,,1939,,,10 COOPS - ELEVATOR APARTMENTS,MOUNT HOPE/MOUNT EDEN,"221 EAST 173RD STREET, 4F",10 COOPS - ELEVATOR APARTMENTS
us-nyc,United States,New York,USD,327000.0,nan,2025-12-18,nyc_dof_rolling_sales,nan,,,,1936,,,10 COOPS - ELEVATOR APARTMENTS,MOUNT HOPE/MOUNT EDEN,"1855 GRAND CONCOURSE, 5S",10 COOPS - ELEVATOR APARTMENTS
us-nyc,United States,New York,USD,1349999.0,404.406759,2025-02-14,nyc_dof_rolling_sales,404.406759,,,,1920,,,14 RENTALS - 4-10 UNIT,MOUNT HOPE/MOUNT EDEN,1549 SELWYN AVE,14 RENTALS - 4-10 UNIT
us-nyc,United States,New York,USD,5500000.0,1254.1905,2025-03-27,nyc_dof_rolling_sales,1254.1905,,,,1931,,,21 OFFICE BUILDINGS,MOUNT HOPE/MOUNT EDEN,151 E TREMONT AVE,21 OFFICE BUILDINGS
us-nyc,United States,New York,USD,1150000.0,183.576328,2025-09-19,nyc_dof_rolling_sales,183.576328,,,,1920,,,22 STORE BUILDINGS,MOUNT HOPE/MOUNT EDEN,1836 ANTHONY AVENUE,22 STORE BUILDINGS
us-nyc,United States,New York,USD,2300000.0,413.604156,2025-11-12,nyc_dof_rolling_sales,413.604156,,,,1920,,,22 STORE BUILDINGS,MOUNT HOPE/MOUNT EDEN,229 EAST TREMONT AVE,22 STORE BUILDINGS
us-nyc,United States,New York,USD,4785000.0,956.9009,2025-01-06,nyc_dof_rolling_sales,956.9009,,,,1920,,,29 COMMERCIAL GARAGES,MOUNT HOPE/MOUNT EDEN,1932 JEROME AVENUE,29 COMMERCIAL GARAGES
us-nyc,United States,New York,USD,2300000.0,1205.137716,2025-10-09,nyc_dof_rolling_sales,1205.137716,,,,1931,,,29 COMMERCIAL GARAGES,MOUNT HOPE/MOUNT EDEN,355 EAST 173 STREET,29 COMMERCIAL GARAGES
us-nyc,United States,New York,USD,2300000.0,109.62554,2025-10-09,nyc_dof_rolling_sales,109.62554,,,,1930,,,29 COMMERCIAL GARAGES,MOUNT HOPE/MOUNT EDEN,1680 ANTHONY AVENUE,29 COMMERCIAL GARAGES
us-nyc,United States,New York,USD,2700000.0,1560.7703999999999,2025-10-31,nyc_dof_rolling_sales,1560.7703999999999,,,,1931,,,29 COMMERCIAL GARAGES,MOUNT HOPE/MOUNT EDEN,1765 CARTER AVENUE,29 COMMERCIAL GARAGES
us-nyc,United States,New York,USD,1900000.0,778.062625,2025-05-06,nyc_dof_rolling_sales,778.062625,,,,1987,,,30 WAREHOUSES,MOUNT HOPE/MOUNT EDEN,1785 CARTER AVENUE,30 WAREHOUSES
us-nyc,United States,New York,USD,15000.0,203.736279,2025-02-03,nyc_dof_rolling_sales,203.736279,,,,1955,,,01 ONE FAMILY DWELLINGS,PARKCHESTER,1841 CROSS BRONX EXP,01 ONE FAMILY DWELLINGS
us-nyc,United States,New York,USD,645000.0,117.05778,2025-10-30,nyc_dof_rolling_sales,117.05778,,,,1960,,,01 ONE FAMILY DWELLINGS,PARKCHESTER,1425 BEACH AVENUE,01 ONE FAMILY DWELLINGS
us-nyc,United States,New York,USD,520000.0,188.59309,2025-04-28,nyc_dof_rolling_sales,188.59309,,,,1925,,,01 ONE FAMILY DWELLINGS,PARKCHESTER,621 VAN NEST AVENUE,01 ONE FAMILY DWELLINGS
us-nyc,United States,New York,USD,1350000.0,172.242162,2025-04-17,nyc_dof_rolling_sales,172.242162,,,,1920,,,02 TWO FAMILY DWELLINGS,PARKCHESTER,1380 THIERIOT AVENUE,02 TWO FAMILY DWELLINGS
us-nyc,United States,New York,USD,1200000.0,275.736104,2025-05-30,nyc_dof_rolling_sales,275.736104,,,,1910,,,02 TWO FAMILY DWELLINGS,PARKCHESTER,1432 ST LAWRENCE AVENUE,02 TWO FAMILY DWELLINGS
us-nyc,United States,New York,USD,675000.0,165.553146,2025-11-17,nyc_dof_rolling_sales,165.553146,,,,1950,,,02 TWO FAMILY DWELLINGS,PARKCHESTER,1460 ROSEDALE AVENUE,02 TWO FAMILY DWELLINGS
us-nyc,United States,New York,USD,10.0,222.409782,2025-01-07,nyc_dof_rolling_sales,222.409782,,,,1901,,,02 TWO FAMILY DWELLINGS,PARKCHESTER,1470 ROSEDALE AVENUE,02 TWO FAMILY DWELLINGS
us-nyc,United States,New York,USD,800000.0,306.765706,2025-10-01,nyc_dof_rolling_sales,306.765706,,,,1925,,,02 TWO FAMILY DWELLINGS,PARKCHESTER,1460 COMMONWEALTH AVENUE,02 TWO FAMILY DWELLINGS
us-nyc,United States,New York,USD,915000.0,165.36734,2025-05-15,nyc_dof_rolling_sales,165.36734,,,,1950,,,02 TWO FAMILY DWELLINGS,PARKCHESTER,1532 SAINT LAWRENCE AVENUE,02 TWO FAMILY DWELLINGS
us-nyc,United States,New York,USD,813750.0,156.07704,2025-10-31,nyc_dof_rolling_sales,156.07704,,,,1950,,,02 TWO FAMILY DWELLINGS,PARKCHESTER,1537 BEACH AVENUE,02 TWO FAMILY DWELLINGS
us-nyc,United States,New York,USD,975000.0,386.569383,2025-08-15,nyc_dof_rolling_sales,386.569383,,,,1905,,,02 TWO FAMILY DWELLINGS,PARKCHESTER,1844 GUERLAIN STREET,02 TWO FAMILY DWELLINGS
us-nyc,United States,New York,USD,955000.0,344.484324,2025-05-15,nyc_dof_rolling_sales,344.484324,,,,1901,,,02 TWO FAMILY DWELLINGS,PARKCHESTER,1945 BENEDICT AVENUE,02 TWO FAMILY DWELLINGS
us-nyc,United States,New York,USD,990000.0,262.358072,2025-10-29,nyc_dof_rolling_sales,262.358072,,,,1975,,,02 TWO FAMILY DWELLINGS,PARKCHESTER,1315 PURDY STREET,02 TWO FAMILY DWELLINGS
us-nyc,United States,New York,USD,990000.0,194.724688,2025-10-30,nyc_dof_rolling_sales,194.724688,,,,1915,,,02 TWO FAMILY DWELLINGS,PARKCHESTER,1512 PURDY STREET,02 TWO FAMILY DWELLINGS
us-nyc,United States,New York,USD,435000.0,218.507856,2025-06-03,nyc_dof_rolling_sales,218.507856,,,,1925,,,02 TWO FAMILY DWELLINGS,PARKCHESTER,1619 VAN BUREN STREET,02 TWO FAMILY DWELLINGS
us-nyc,United States,New York,USD,620000.0,122.63195999999999,2025-10-29,nyc_dof_rolling_sales,122.63195999999999,,,,1925,,,02 TWO FAMILY DWELLINGS,PARKCHESTER,1622 ADAMS STREET,02 TWO FAMILY DWELLINGS
us-nyc,United States,New York,USD,940000.0,314.755364,2025-04-17,nyc_dof_rolling_sales,314.755364,,,,1905,,,02 TWO FAMILY DWELLINGS,PARKCHESTER,1746 VAN BUREN STREET,02 TWO FAMILY DWELLINGS
us-nyc,United States,New York,USD,425000.0,83.241088,2025-07-25,nyc_dof_rolling_sales,83.241088,,,,1910,,,02 TWO FAMILY DWELLINGS,PARKCHESTER,557 VAN NEST AVENUE,02 TWO FAMILY DWELLINGS
us-nyc,United States,New York,USD,845000.0,185.806,2025-03-21,nyc_dof_rolling_sales,185.806,,,,1899,,,02 TWO FAMILY DWELLINGS,PARKCHESTER,1629 TAYLOR AVENUE,02 TWO FAMILY DWELLINGS
us-nyc,United States,New York,USD,292000.0,161.465414,2025-12-11,nyc_dof_rolling_sales,161.465414,,,,1899,,,02 TWO FAMILY DWELLINGS,PARKCHESTER,1639 GARFIELD ST,02 TWO FAMILY DWELLINGS
us-nyc,United States,New York,USD,1070000.0,291.065099,2025-02-19,nyc_dof_rolling_sales,291.065099,,,,2003,,,02 TWO FAMILY DWELLINGS,PARKCHESTER,641 BAKER AVENUE,02 TWO FAMILY DWELLINGS
us-nyc,United States,New York,USD,1316000.0,186.73503,2025-05-30,nyc_dof_rolling_sales,186.73503,,,,1901,,,03 THREE FAMILY DWELLINGS,PARKCHESTER,1537 ROSEDALE AVENUE,03 THREE FAMILY DWELLINGS
us-nyc,United States,New York,USD,1025000.0,230.21363399999998,2025-11-17,nyc_dof_rolling_sales,230.21363399999998,,,,1901,,,03 THREE FAMILY DWELLINGS,PARKCHESTER,1519 ROSEDALE AVENUE,03 THREE FAMILY DWELLINGS
us-nyc,United States,New York,USD,975000.0,335.565636,2025-04-25,nyc_dof_rolling_sales,335.565636,,,,1925,,,03 THREE FAMILY DWELLINGS,PARKCHESTER,1523 BEACH AVENUE,03 THREE FAMILY DWELLINGS
us-nyc,United States,New York,USD,1200000.0,344.112712,2025-08-05,nyc_dof_rolling_sales,344.112712,,,,1901,,,03 THREE FAMILY DWELLINGS,PARKCHESTER,1950 BENEDICT AVENUE,03 THREE FAMILY DWELLINGS
us-nyc,United States,New York,USD,850000.0,190.45115,2025-07-24,nyc_dof_rolling_sales,190.45115,,,,2006,,,03 THREE FAMILY DWELLINGS,PARKCHESTER,1924B MCGRAW AVENUE,03 THREE FAMILY DWELLINGS
us-nyc,United States,New York,USD,830000.0,179.767305,2025-06-10,nyc_dof_rolling_sales,179.767305,,,,2006,,,03 THREE FAMILY DWELLINGS,PARKCHESTER,1928 MCGRAW AVENUE,03 THREE FAMILY DWELLINGS
us-nyc,United States,New York,USD,1000.0,241.919412,2025-08-08,nyc_dof_rolling_sales,241.919412,,,,1930,,,03 THREE FAMILY DWELLINGS,PARKCHESTER,2012 BENEDICT AVENUE,03 THREE FAMILY DWELLINGS
us-nyc,United States,New York,USD,1250000.0,241.5478,2025-02-20,nyc_dof_rolling_sales,241.5478,,,,1920,,,03 THREE FAMILY DWELLINGS,PARKCHESTER,1312 PURDY ST,03 THREE FAMILY DWELLINGS
us-nyc,United States,New York,USD,935000.0,301.00572,2025-03-05,nyc_dof_rolling_sales,301.00572,,,,1930,,,03 THREE FAMILY DWELLINGS,PARKCHESTER,1626 PURDY STREET,03 THREE FAMILY DWELLINGS
us-nyc,United States,New York,USD,975000.0,234.487172,2025-06-06,nyc_dof_rolling_sales,234.487172,,,,2010,,,03 THREE FAMILY DWELLINGS,PARKCHESTER,504 MORRIS PARK AVE,03 THREE FAMILY DWELLINGS
us-nyc,United States,New York,USD,600000.0,228.262671,2025-02-06,nyc_dof_rolling_sales,228.262671,,,,1920,,,03 THREE FAMILY DWELLINGS,PARKCHESTER,582 MORRIS PARK AVENUE,03 THREE FAMILY DWELLINGS
us-nyc,United States,New York,USD,1350000.0,301.00572,2025-04-02,nyc_dof_rolling_sales,301.00572,,,,1901,,,03 THREE FAMILY DWELLINGS,PARKCHESTER,584 MORRIS PARK AVENUE,03 THREE FAMILY DWELLINGS
us-nyc,United States,New York,USD,10.0,185.806,2025-09-22,nyc_dof_rolling_sales,185.806,,,,1934,,,03 THREE FAMILY DWELLINGS,PARKCHESTER,1617 TAYLOR AVENUE,03 THREE FAMILY DWELLINGS
us-nyc,United States,New York,USD,1130000.0,274.06385,2025-08-15,nyc_dof_rolling_sales,274.06385,,,,1970,,,03 THREE FAMILY DWELLINGS,PARKCHESTER,630 BAKER AVENUE,03 THREE FAMILY DWELLINGS
us-nyc,United States,New York,USD,925000.0,284.28318,2025-02-04,nyc_dof_rolling_sales,284.28318,,,,2007,,,03 THREE FAMILY DWELLINGS,PARKCHESTER,612 MEAD STREET,03 THREE FAMILY DWELLINGS
us-nyc,United States,New York,USD,998000.0,199.555644,2025-09-03,nyc_dof_rolling_sales,199.555644,,,,1925,,,03 THREE FAMILY DWELLINGS,PARKCHESTER,620 VAN NEST AVE,03 THREE FAMILY DWELLINGS
us-nyc,United States,New York,USD,950000.0,271.462566,2025-02-28,nyc_dof_rolling_sales,271.462566,,,,1920,,,03 THREE FAMILY DWELLINGS,PARKCHESTER,1740 FILLMORE STREET,03 THREE FAMILY DWELLINGS
us-nyc,United States,New York,USD,1300000.0,294.688316,2025-12-04,nyc_dof_rolling_sales,294.688316,,,,1924,,,07 RENTALS - WALKUP APARTMENTS,PARKCHESTER,1424 LELAND AVENUE,07 RENTALS - WALKUP APARTMENTS
us-nyc,United States,New York,USD,3200000.0,772.581348,2025-01-13,nyc_dof_rolling_sales,772.581348,,,,2021,,,07 RENTALS - WALKUP APARTMENTS,PARKCHESTER,1547 LELAND AVENUE,07 RENTALS - WALKUP APARTMENTS
us-nyc,United States,New York,USD,750000.0,464.515,2025-03-27,nyc_dof_rolling_sales,464.515,,,,1915,,,07 RENTALS - WALKUP APARTMENTS,PARKCHESTER,628 MEAD STREET,07 RENTALS - WALKUP APARTMENTS
us-nyc,United States,New York,USD,148750.0,nan,2025-11-20,nyc_dof_rolling_sales,nan,,,,1954,,,10 COOPS - ELEVATOR APARTMENTS,PARKCHESTER,"1425 THIERIOT AVENUE, 2J",10 COOPS - ELEVATOR APARTMENTS
us-nyc,United States,New York,USD,198000.0,nan,2025-03-04,nyc_dof_rolling_sales,nan,,,,1954,,,10 COOPS - ELEVATOR APARTMENTS,PARKCHESTER,"1425 THIERIOT AVENUE, 4M",10 COOPS - ELEVATOR APARTMENTS
us-nyc,United States,New York,USD,279000.0,nan,2025-01-31,nyc_dof_rolling_sales,nan,,,,1954,,,10 COOPS - ELEVATOR APARTMENTS,PARKCHESTER,"1425 THIERIOT AVENUE, 6L",10 COOPS - ELEVATOR APARTMENTS
us-nyc,United States,New York,USD,135000.0,nan,2025-12-18,nyc_dof_rolling_sales,nan,,,,1954,,,10 COOPS - ELEVATOR APARTMENTS,PARKCHESTER,"1475 THERIOT AVENUE, 1J",10 COOPS - ELEVATOR APARTMENTS
us-nyc,United States,New York,USD,50000.0,nan,2025-09-25,nyc_dof_rolling_sales,nan,,,,1954,,,10 COOPS - ELEVATOR APARTMENTS,PARKCHESTER,"1475 THERIOT, 3E",10 COOPS - ELEVATOR APARTMENTS
us-nyc,United States,New York,USD,52000.0,nan,2025-01-24,nyc_dof_rolling_sales,nan,,,,1954,,,10 COOPS - ELEVATOR APARTMENTS,PARKCHESTER,"1475 THERIOT, 4J",10 COOPS - ELEVATOR APARTMENTS
us-nyc,United States,New York,USD,72000.0,nan,2025-04-30,nyc_dof_rolling_sales,nan,,,,1954,,,10 COOPS - ELEVATOR APARTMENTS,PARKCHESTER,"1475 THIERIOT AVENUE, 3L",10 COOPS - ELEVATOR APARTMENTS
us-nyc,United States,New York,USD,195000.0,nan,2025-08-05,nyc_dof_rolling_sales,nan,,,,1960,,,10 COOPS - ELEVATOR APARTMENTS,PARKCHESTER,"1430 THIERIOT AVENUE, 1M",10 COOPS - ELEVATOR APARTMENTS
us-nyc,United States,New York,USD,200000.0,nan,2025-08-15,nyc_dof_rolling_sales,nan,,,,1960,,,10 COOPS - ELEVATOR APARTMENTS,PARKCHESTER,"1430 THIERIOT AVENUE, 3G",10 COOPS - ELEVATOR APARTMENTS
us-nyc,United States,New York,USD,180000.0,nan,2025-03-07,nyc_dof_rolling_sales,nan,,,,1960,,,10 COOPS - ELEVATOR APARTMENTS,PARKCHESTER,"1430 THIERIOT AVENUE, 5K",10 COOPS - ELEVATOR APARTMENTS
us-nyc,United States,New York,USD,195000.0,nan,2025-06-11,nyc_dof_rolling_sales,nan,,,,1960,,,10 COOPS - ELEVATOR APARTMENTS,PARKCHESTER,"1480 THERIOT AVENUE, 6E",10 COOPS - ELEVATOR APARTMENTS
us-nyc,United States,New York,USD,200000.0,nan,2025-02-10,nyc_dof_rolling_sales,nan,,,,1960,,,10 COOPS - ELEVATOR APARTMENTS,PARKCHESTER,"1480 THERIOT, 3H",10 COOPS - ELEVATOR APARTMENTS
us-nyc,United States,New York,USD,135000.0,nan,2025-03-14,nyc_dof_rolling_sales,nan,,,,1960,,,10 COOPS - ELEVATOR APARTMENTS,PARKCHESTER,"1480 THIERIOT AVE, 1 F",10 COOPS - ELEVATOR APARTMENTS
us-nyc,United States,New York,USD,170000.0,nan,2025-03-03,nyc_dof_rolling_sales,nan,,,,1960,,,10 COOPS - ELEVATOR APARTMENTS,PARKCHESTER,"1480 THIERIOT AVE, 4A",10 COOPS - ELEVATOR APARTMENTS
us-nyc,United States,New York,USD,140000.0,nan,2025-01-10,nyc_dof_rolling_sales,nan,,,,1960,,,10 COOPS - ELEVATOR APARTMENTS,PARKCHESTER,"1480 THIERIOT AVE, 4N",10 COOPS - ELEVATOR APARTMENTS
us-nyc,United States,New York,USD,195000.0,nan,2025-03-11,nyc_dof_rolling_sales,nan,,,,1960,,,10 COOPS - ELEVATOR APARTMENTS,PARKCHESTER,"1480 THIERIOT AVENUE, 1A",10 COOPS - ELEVATOR APARTMENTS
us-nyc,United States,New York,USD,144000.0,nan,2025-05-08,nyc_dof_rolling_sales,nan,,,,1960,,,10 COOPS - ELEVATOR APARTMENTS,PARKCHESTER,"1480 THIERIOT AVENUE, 4F",10 COOPS - ELEVATOR APARTMENTS
us-nyc,United States,New York,USD,189000.0,nan,2025-11-05,nyc_dof_rolling_sales,nan,,,,1962,,,10 COOPS - ELEVATOR APARTMENTS,PARKCHESTER,"1332 METROPOLITAN AVENUE, 2H",10 COOPS - ELEVATOR APARTMENTS
us-nyc,United States,New York,USD,190000.0,nan,2025-04-11,nyc_dof_rolling_sales,nan,,,,1962,,,10 COOPS - ELEVATOR APARTMENTS,PARKCHESTER,"1332 METROPOLITAN AVENUE, 6E",10 COOPS - ELEVATOR APARTMENTS
us-nyc,United States,New York,USD,170000.0,nan,2025-12-23,nyc_dof_rolling_sales,nan,,,,1929,,,10 COOPS - ELEVATOR APARTMENTS,PARKCHESTER,"1922 MCGRAW AVENUE, 4C",10 COOPS - ELEVATOR APARTMENTS
us-nyc,United States,New York,USD,160000.0,nan,2025-03-10,nyc_dof_rolling_sales,nan,,,,1929,,,10 COOPS - ELEVATOR APARTMENTS,PARKCHESTER,"1922 MCGRAW AVENUE, 5C",10 COOPS - ELEVATOR APARTMENTS
us-nyc,United States,New York,USD,348000.0,nan,2025-07-14,nyc_dof_rolling_sales,nan,,,,,,,13 CONDOS - ELEVATOR APARTMENTS,PARKCHESTER,"1920 MCGRAW AVENUE, 2G",13 CONDOS - ELEVATOR APARTMENTS
us-nyc,United States,New York,USD,349000.0,nan,2025-10-17,nyc_dof_rolling_sales,nan,,,,,,,13 CONDOS - ELEVATOR APARTMENTS,PARKCHESTER,"1920 MCGRAW AVENUE, 7D",13 CONDOS - ELEVATOR APARTMENTS
us-nyc,United States,New York,USD,211500.0,nan,2025-10-23,nyc_dof_rolling_sales,nan,,,,,,,13 CONDOS - ELEVATOR APARTMENTS,PARKCHESTER,"1314 VIRGINIA AVENUE, MA",13 CONDOS - ELEVATOR APARTMENTS
us-nyc,United States,New York,USD,340000.0,nan,2025-11-24,nyc_dof_rolling_sales,nan,,,,,,,13 CONDOS - ELEVATOR APARTMENTS,PARKCHESTER,"1314 VIRGINIA AVENUE, 5A",13 CONDOS - ELEVATOR APARTMENTS
us-nyc,United States,New York,USD,200000.0,nan,2025-11-25,nyc_dof_rolling_sales,nan,,,,,,,13 CONDOS - ELEVATOR APARTMENTS,PARKCHESTER,"1314 VIRGINIA AVENUE, 6F",13 CONDOS - ELEVATOR APARTMENTS
us-nyc,United States,New York,USD,90000.0,nan,2025-05-08,nyc_dof_rolling_sales,nan,,,,,,,13 CONDOS - ELEVATOR APARTMENTS,PARKCHESTER,"81 METROPOLITAN OVAL, 7G",13 CONDOS - ELEVATOR APARTMENTS
us-nyc,United States,New York,USD,219000.0,nan,2025-03-31,nyc_dof_rolling_sales,nan,,,,,,,13 CONDOS - ELEVATOR APARTMENTS,PARKCHESTER,"81 METROPOLITAN OVAL, 9D",13 CONDOS - ELEVATOR APARTMENTS
us-nyc,United States,New York,USD,225000.0,nan,2025-04-01,nyc_dof_rolling_sales,nan,,,,,,,13 CONDOS - ELEVATOR APARTMENTS,PARKCHESTER,"63 METROPOLITAN OVAL, 6E",13 CONDOS - ELEVATOR APARTMENTS
us-nyc,United States,New York,USD,220000.0,nan,2025-09-16,nyc_dof_rolling_sales,nan,,,,,,,13 CONDOS - ELEVATOR APARTMENTS,PARKCHESTER,"89 METROPOLITAN OVAL, 9E",13 CONDOS - ELEVATOR APARTMENTS
us-nyc,United States,New York,USD,342000.0,nan,2025-01-09,nyc_dof_rolling_sales,nan,,,,,,,13 CONDOS - ELEVATOR APARTMENTS,PARKCHESTER,"99 METROPOLITAN OVAL, 12F",13 CONDOS - ELEVATOR APARTMENTS
us-nyc,United States,New York,USD,175000.0,nan,2025-09-03,nyc_dof_rolling_sales,nan,,,,,,,13 CONDOS - ELEVATOR APARTMENTS,PARKCHESTER,"1561 UNIONPORT ROAD, MF",13 CONDOS - ELEVATOR APARTMENTS
us-nyc,United States,New York,USD,215000.0,nan,2025-04-17,nyc_dof_rolling_sales,nan,,,,,,,13 CONDOS - ELEVATOR APARTMENTS,PARKCHESTER,"1563 UNIONPORT ROAD, 2E",13 CONDOS - ELEVATOR APARTMENTS
us-nyc,United States,New York,USD,230000.0,nan,2025-05-20,nyc_dof_rolling_sales,nan,,,,,,,13 CONDOS - ELEVATOR APARTMENTS,PARKCHESTER,"1563 UNIONPORT ROAD, 6H",13 CONDOS - ELEVATOR APARTMENTS
us-nyc,United States,New York,USD,200000.0,nan,2025-02-07,nyc_dof_rolling_sales,nan,,,,,,,13 CONDOS - ELEVATOR APARTMENTS,PARKCHESTER,"1575 UNIONPORT ROAD, 2D",13 CONDOS - ELEVATOR APARTMENTS
us-nyc,United States,New York,USD,380250.0,nan,2025-01-03,nyc_dof_rolling_sales,nan,,,,,,,13 CONDOS - ELEVATOR APARTMENTS,PARKCHESTER,"1595 UNIONPORT ROAD, 4F",13 CONDOS - ELEVATOR APARTMENTS
us-nyc,United States,New York,USD,260000.0,nan,2025-08-06,nyc_dof_rolling_sales,nan,,,,,,,13 CONDOS - ELEVATOR APARTMENTS,PARKCHESTER,"1545 ARCHER ROAD, 2G",13 CONDOS - ELEVATOR APARTMENTS
us-nyc,United States,New York,USD,335000.0,nan,2025-10-16,nyc_dof_rolling_sales,nan,,,,,,,13 CONDOS - ELEVATOR APARTMENTS,PARKCHESTER,"1545 ARCHER ROAD, 2G",13 CONDOS - ELEVATOR APARTMENTS
us-nyc,United States,New York,USD,10.0,nan,2025-07-10,nyc_dof_rolling_sales,nan,,,,,,,13 CONDOS - ELEVATOR APARTMENTS,PARKCHESTER,"1530 ARCHER RD, 1E",13 CONDOS - ELEVATOR APARTMENTS
us-nyc,United States,New York,USD,240000.0,nan,2025-12-02,nyc_dof_rolling_sales,nan,,,,,,,13 CONDOS - ELEVATOR APARTMENTS,PARKCHESTER,"1530 ARCHER ROAD, 6C",13 CONDOS - ELEVATOR APARTMENTS
us-nyc,United States,New York,USD,250000.0,nan,2025-08-13,nyc_dof_rolling_sales,nan,,,,,,,13 CONDOS - ELEVATOR APARTMENTS,PARKCHESTER,"1510 ARCHER ROAD, 2H",13 CONDOS - ELEVATOR APARTMENTS
us-nyc,United States,New York,USD,220000.0,nan,2025-06-10,nyc_dof_rolling_sales,nan,,,,,,,13 CONDOS - ELEVATOR APARTMENTS,PARKCHESTER,"1500 ARCHER ROAD, MC",13 CONDOS - ELEVATOR APARTMENTS
us-nyc,United States,New York,USD,278000.0,nan,2025-06-06,nyc_dof_rolling_sales,nan,,,,,,,13 CONDOS - ELEVATOR APARTMENTS,PARKCHESTER,"2051 SAINT RAYMOND AVE, 7E",13 CONDOS - ELEVATOR APARTMENTS
us-nyc,United States,New York,USD,310000.0,nan,2025-04-28,nyc_dof_rolling_sales,nan,,,,,,,13 CONDOS - ELEVATOR APARTMENTS,PARKCHESTER,"1505 ARCHER ROAD, 2D",13 CONDOS - ELEVATOR APARTMENTS
us-nyc,United States,New York,USD,330000.0,nan,2025-11-14,nyc_dof_rolling_sales,nan,,,,,,,13 CONDOS - ELEVATOR APARTMENTS,PARKCHESTER,"1505 ARCHER ROAD, 6B",13 CONDOS - ELEVATOR APARTMENTS
us-nyc,United States,New York,USD,237000.0,nan,2025-05-06,nyc_dof_rolling_sales,nan,,,,,,,13 CONDOS - ELEVATOR APARTMENTS,PARKCHESTER,"1420 WOOD ROAD, 5H",13 CONDOS - ELEVATOR APARTMENTS
us-nyc,United States,New York,USD,238000.0,nan,2025-05-20,nyc_dof_rolling_sales,nan,,,,,,,13 CONDOS - ELEVATOR APARTMENTS,PARKCHESTER,"1410 WOOD ROAD, 7G",13 CONDOS - ELEVATOR APARTMENTS
us-nyc,United States,New York,USD,250000.0,nan,2025-10-16,nyc_dof_rolling_sales,nan,,,,,,,13 CONDOS - ELEVATOR APARTMENTS,PARKCHESTER,"1439 METROPOLITAN AVENUE, 5H",13 CONDOS - ELEVATOR APARTMENTS
us-nyc,United States,New York,USD,220000.0,nan,2025-08-11,nyc_dof_rolling_sales,nan,,,,,,,13 CONDOS - ELEVATOR APARTMENTS,PARKCHESTER,"1439 WOOD ROAD, 4E",13 CONDOS - ELEVATOR APARTMENTS
us-nyc,United States,New York,USD,235000.0,nan,2025-09-12,nyc_dof_rolling_sales,nan,,,,,,,13 CONDOS - ELEVATOR APARTMENTS,PARKCHESTER,"1439 WOOD ROAD, 8F",13 CONDOS - ELEVATOR APARTMENTS
us-nyc,United States,New York,USD,185000.0,nan,2025-05-15,nyc_dof_rolling_sales,nan,,,,,,,13 CONDOS - ELEVATOR APARTMENTS,PARKCHESTER,"1469 WEST AVENUE, 4D",13 CONDOS - ELEVATOR APARTMENTS
us-nyc,United States,New York,USD,275000.0,nan,2025-05-09,nyc_dof_rolling_sales,nan,,,,,,,13 CONDOS - ELEVATOR APARTMENTS,PARKCHESTER,"1491 WEST AVENUE, 1G",13 CONDOS - ELEVATOR APARTMENTS
us-nyc,United States,New York,USD,225000.0,nan,2025-08-14,nyc_dof_rolling_sales,nan,,,,,,,13 CONDOS - ELEVATOR APARTMENTS,PARKCHESTER,"1491 WEST AVENUE, 3G",13 CONDOS - ELEVATOR APARTMENTS
us-nyc,United States,New York,USD,355000.0,nan,2025-12-17,nyc_dof_rolling_sales,nan,,,,,,,13 CONDOS - ELEVATOR APARTMENTS,PARKCHESTER,"1491 WEST AVENUE, 3G",13 CONDOS - ELEVATOR APARTMENTS
us-nyc,United States,New York,USD,245000.0,nan,2025-07-10,nyc_dof_rolling_sales,nan,,,,,,,13 CONDOS - ELEVATOR APARTMENTS,PARKCHESTER,"1491 METROPOLITAN AVENUE, 6E",13 CONDOS - ELEVATOR APARTMENTS
us-nyc,United States,New York,USD,310000.0,nan,2025-01-23,nyc_dof_rolling_sales,nan,,,,,,,13 CONDOS - ELEVATOR APARTMENTS,PARKCHESTER,"44 METROPOLITAN OVAL, 6A",13 CONDOS - ELEVATOR APARTMENTS
us-nyc,United States,New York,USD,340000.0,nan,2025-07-31,nyc_dof_rolling_sales,nan,,,,,,,13 CONDOS - ELEVATOR APARTMENTS,PARKCHESTER,"40 METROPOLITAN OVAL, 4G",13 CONDOS - ELEVATOR APARTMENTS
us-nyc,United States,New York,USD,217300.0,nan,2025-04-14,nyc_dof_rolling_sales,nan,,,,,,,13 CONDOS - ELEVATOR APARTMENTS,PARKCHESTER,"40 METROPOLITAN OVAL, 7B",13 CONDOS - ELEVATOR APARTMENTS
us-nyc,United States,New York,USD,225000.0,nan,2025-01-28,nyc_dof_rolling_sales,nan,,,,,,,13 CONDOS - ELEVATOR APARTMENTS,PARKCHESTER,"36 METROPOLITAN OVAL, 3C",13 CONDOS - ELEVATOR APARTMENTS
us-nyc,United States,New York,USD,235000.0,nan,2025-02-13,nyc_dof_rolling_sales,nan,,,,,,,13 CONDOS - ELEVATOR APARTMENTS,PARKCHESTER,"1450 PARKCHESTER ROAD, 2H",13 CONDOS - ELEVATOR APARTMENTS
us-nyc,United States,New York,USD,225000.0,nan,2025-10-10,nyc_dof_rolling_sales,nan,,,,,,,13 CONDOS - ELEVATOR APARTMENTS,PARKCHESTER,"1460 PARKCHESTER ROAD, MD",13 CONDOS - ELEVATOR APARTMENTS
us-nyc,United States,New York,USD,335000.0,nan,2025-08-07,nyc_dof_rolling_sales,nan,,,,,,,13 CONDOS - ELEVATOR APARTMENTS,PARKCHESTER,"1470 PARKCHESTER ROAD, 5D",13 CONDOS - ELEVATOR APARTMENTS
us-nyc,United States,New York,USD,245000.0,nan,2025-07-11,nyc_dof_rolling_sales,nan,,,,,,,13 CONDOS - ELEVATOR APARTMENTS,PARKCHESTER,"1470 PARKCHESTER ROAD, 7G",13 CONDOS - ELEVATOR APARTMENTS
us-nyc,United States,New York,USD,230000.0,nan,2025-10-30,nyc_dof_rolling_sales,nan,,,,,,,13 CONDOS - ELEVATOR APARTMENTS,PARKCHESTER,"1555 UNIONPORT ROAD, 7B",13 CONDOS - ELEVATOR APARTMENTS
us-nyc,United States,New York,USD,350000.0,nan,2025-04-02,nyc_dof_rolling_sales,nan,,,,,,,13 CONDOS - ELEVATOR APARTMENTS,PARKCHESTER,"1555 UNIONPORT ROAD, 7D",13 CONDOS - ELEVATOR APARTMENTS
us-nyc,United States,New York,USD,230000.0,nan,2025-01-21,nyc_dof_rolling_sales,nan,,,,,,,13 CONDOS - ELEVATOR APARTMENTS,PARKCHESTER,"1555 UNIONPORT ROAD, 7E",13 CONDOS - ELEVATOR APARTMENTS
us-nyc,United States,New York,USD,370000.0,nan,2025-12-17,nyc_dof_rolling_sales,nan,,,,,,,13 CONDOS - ELEVATOR APARTMENTS,PARKCHESTER,"1553 UNIONPORT ROAD, 7F",13 CONDOS - ELEVATOR APARTMENTS
us-nyc,United States,New York,USD,238000.0,nan,2025-06-13,nyc_dof_rolling_sales,nan,,,,,,,13 CONDOS - ELEVATOR APARTMENTS,PARKCHESTER,"1545 UNIONPORT ROAD, 2D",13 CONDOS - ELEVATOR APARTMENTS
us-nyc,United States,New York,USD,235000.0,nan,2025-07-21,nyc_dof_rolling_sales,nan,,,,,,,13 CONDOS - ELEVATOR APARTMENTS,PARKCHESTER,"1545 UNIONPORT ROAD, 6E",13 CONDOS - ELEVATOR APARTMENTS
us-nyc,United States,New York,USD,300000.0,nan,2025-08-06,nyc_dof_rolling_sales,nan,,,,,,,13 CONDOS - ELEVATOR APARTMENTS,PARKCHESTER,"1523 UNIONPORT ROAD, 1C",13 CONDOS - ELEVATOR APARTMENTS
us-nyc,United States,New York,USD,350000.0,nan,2025-10-27,nyc_dof_rolling_sales,nan,,,,,,,13 CONDOS - ELEVATOR APARTMENTS,PARKCHESTER,"2059 MCGRAW AVENUE, 6A",13 CONDOS - ELEVATOR APARTMENTS
us-nyc,United States,New York,USD,250000.0,nan,2025-09-09,nyc_dof_rolling_sales,nan,,,,,,,13 CONDOS - ELEVATOR APARTMENTS,PARKCHESTER,"2053 MCGRAW AVENUE, 3G",13 CONDOS - ELEVATOR APARTMENTS
us-nyc,United States,New York,USD,235000.0,nan,2025-08-13,nyc_dof_rolling_sales,nan,,,,,,,13 CONDOS - ELEVATOR APARTMENTS,PARKCHESTER,"2053 MCGRAW AVE, 4G",13 CONDOS - ELEVATOR APARTMENTS
us-nyc,United States,New York,USD,230000.0,nan,2025-08-14,nyc_dof_rolling_sales,nan,,,,,,,13 CONDOS - ELEVATOR APARTMENTS,PARKCHESTER,"2055 MCGRAW AVENUE, 6E",13 CONDOS - ELEVATOR APARTMENTS
us-nyc,United States,New York,USD,245000.0,nan,2025-05-22,nyc_dof_rolling_sales,nan,,,,,,,13 CONDOS - ELEVATOR APARTMENTS,PARKCHESTER,"2001 MCGRAW AVENUE, 2D",13 CONDOS - ELEVATOR APARTMENTS
us-nyc,United States,New York,USD,155000.0,nan,2025-01-08,nyc_dof_rolling_sales,nan,,,,,,,13 CONDOS - ELEVATOR APARTMENTS,PARKCHESTER,"1420 PARKCHESTER ROAD, 3D",13 CONDOS - ELEVATOR APARTMENTS
us-nyc,United States,New York,USD,350000.0,nan,2025-10-23,nyc_dof_rolling_sales,nan,,,,,,,13 CONDOS - ELEVATOR APARTMENTS,PARKCHESTER,"1935 MCGRAW AVENUE, 7C",13 CONDOS - ELEVATOR APARTMENTS
us-nyc,United States,New York,USD,182000.0,nan,2025-08-14,nyc_dof_rolling_sales,nan,,,,,,,13 CONDOS - ELEVATOR APARTMENTS,PARKCHESTER,"1945 MCGRAW AVENUE, 3A",13 CONDOS - ELEVATOR APARTMENTS
us-nyc,United States,New York,USD,241000.0,nan,2025-08-06,nyc_dof_rolling_sales,nan,,,,,,,13 CONDOS - ELEVATOR APARTMENTS,PARKCHESTER,"1410 METROPOLITAN AVENUE, 2I",13 CONDOS - ELEVATOR APARTMENTS
us-nyc,United States,New York,USD,239000.0,nan,2025-12-17,nyc_dof_rolling_sales,nan,,,,,,,13 CONDOS - ELEVATOR APARTMENTS,PARKCHESTER,"1410 METROPOLITAN AVENUE, 7F",13 CONDOS - ELEVATOR APARTMENTS
us-nyc,United States,New York,USD,229000.0,nan,2025-01-10,nyc_dof_rolling_sales,nan,,,,,,,13 CONDOS - ELEVATOR APARTMENTS,PARKCHESTER,"1410 EAST AVENUE, 1B",13 CONDOS - ELEVATOR APARTMENTS
us-nyc,United States,New York,USD,225000.0,nan,2025-01-22,nyc_dof_rolling_sales,nan,,,,,,,13 CONDOS - ELEVATOR APARTMENTS,PARKCHESTER,"1410 EAST AVENUE, 5G",13 CONDOS - ELEVATOR APARTMENTS
us-nyc,United States,New York,USD,210000.0,nan,2025-08-28,nyc_dof_rolling_sales,nan,,,,,,,13 CONDOS - ELEVATOR APARTMENTS,PARKCHESTER,"1440 EAST AVENUE, 6B",13 CONDOS - ELEVATOR APARTMENTS
us-nyc,United States,New York,USD,234315.0,nan,2025-06-17,nyc_dof_rolling_sales,nan,,,,,,,13 CONDOS - ELEVATOR APARTMENTS,PARKCHESTER,"1470 EAST AVENUE, 5G",13 CONDOS - ELEVATOR APARTMENTS
us-nyc,United States,New York,USD,220000.0,nan,2025-04-30,nyc_dof_rolling_sales,nan,,,,,,,13 CONDOS - ELEVATOR APARTMENTS,PARKCHESTER,"1490 EAST AVENUE, 7C",13 CONDOS - ELEVATOR APARTMENTS
us-nyc,United States,New York,USD,248000.0,nan,2025-05-05,nyc_dof_rolling_sales,nan,,,,,,,13 CONDOS - ELEVATOR APARTMENTS,PARKCHESTER,"1490 METROPOLITAN AVE, 6E",13 CONDOS - ELEVATOR APARTMENTS
us-nyc,United States,New York,USD,220000.0,nan,2025-12-23,nyc_dof_rolling_sales,nan,,,,,,,13 CONDOS - ELEVATOR APARTMENTS,PARKCHESTER,"16 METROPOLITAN OVAL, 5D",13 CONDOS - ELEVATOR APARTMENTS
us-nyc,United States,New York,USD,329900.0,nan,2025-08-14,nyc_dof_rolling_sales,nan,,,,,,,13 CONDOS - ELEVATOR APARTMENTS,PARKCHESTER,"22 METROPOLITAN OVAL, 5G",13 CONDOS - ELEVATOR APARTMENTS
us-nyc,United States,New York,USD,215000.0,nan,2025-06-11,nyc_dof_rolling_sales,nan,,,,,,,13 CONDOS - ELEVATOR APARTMENTS,PARKCHESTER,"22 METROPOLITAN OVAL, 6F",13 CONDOS - ELEVATOR APARTMENTS
us-nyc,United States,New York,USD,315000.0,nan,2025-02-14,nyc_dof_rolling_sales,nan,,,,,,,13 CONDOS - ELEVATOR APARTMENTS,PARKCHESTER,"22 METROPOLITAN OVAL, 10C",13 CONDOS - ELEVATOR APARTMENTS
us-nyc,United States,New York,USD,190000.0,nan,2025-04-25,nyc_dof_rolling_sales,nan,,,,,,,13 CONDOS - ELEVATOR APARTMENTS,PARKCHESTER,"28 METROPOLITAN OVAL, 2D",13 CONDOS - ELEVATOR APARTMENTS
us-nyc,United States,New York,USD,215000.0,nan,2025-09-26,nyc_dof_rolling_sales,nan,,,,,,,13 CONDOS - ELEVATOR APARTMENTS,PARKCHESTER,"1558 UNIONPORT ROAD, 6D",13 CONDOS - ELEVATOR APARTMENTS
us-nyc,United States,New York,USD,305000.0,nan,2025-04-02,nyc_dof_rolling_sales,nan,,,,,,,13 CONDOS - ELEVATOR APARTMENTS,PARKCHESTER,"1554 UNIONPORT ROAD, 2F",13 CONDOS - ELEVATOR APARTMENTS
us-nyc,United States,New York,USD,250000.0,nan,2025-11-18,nyc_dof_rolling_sales,nan,,,,,,,13 CONDOS - ELEVATOR APARTMENTS,PARKCHESTER,"1554 UNIONPORT ROAD, 3B",13 CONDOS - ELEVATOR APARTMENTS
us-nyc,United States,New York,USD,235000.0,nan,2025-07-28,nyc_dof_rolling_sales,nan,,,,,,,13 CONDOS - ELEVATOR APARTMENTS,PARKCHESTER,"1554 UNIONPORT RD, 4H",13 CONDOS - ELEVATOR APARTMENTS
us-nyc,United States,New York,USD,230000.0,nan,2025-03-28,nyc_dof_rolling_sales,nan,,,,,,,13 CONDOS - ELEVATOR APARTMENTS,PARKCHESTER,"1550 UNIONPORT ROAD, MC",13 CONDOS - ELEVATOR APARTMENTS
us-nyc,United States,New York,USD,280000.0,nan,2025-02-13,nyc_dof_rolling_sales,nan,,,,,,,13 CONDOS - ELEVATOR APARTMENTS,PARKCHESTER,"1540 UNIONPORT ROAD, 12H",13 CONDOS - ELEVATOR APARTMENTS
us-nyc,United States,New York,USD,230500.0,nan,2025-07-10,nyc_dof_rolling_sales,nan,,,,,,,13 CONDOS - ELEVATOR APARTMENTS,PARKCHESTER,"1522 UNIONPORT ROAD, 6C",13 CONDOS - ELEVATOR APARTMENTS
us-nyc,United States,New York,USD,200000.0,nan,2025-04-16,nyc_dof_rolling_sales,nan,,,,,,,13 CONDOS - ELEVATOR APARTMENTS,PARKCHESTER,"1514 UNIONPORT ROAD, 1A",13 CONDOS - ELEVATOR APARTMENTS
us-nyc,United States,New York,USD,345000.0,nan,2025-08-21,nyc_dof_rolling_sales,nan,,,,,,,13 CONDOS - ELEVATOR APARTMENTS,PARKCHESTER,"1514 UNIONPORT ROAD, 1A",13 CONDOS - ELEVATOR APARTMENTS
us-nyc,United States,New York,USD,294000.0,nan,2025-09-12,nyc_dof_rolling_sales,nan,,,,,,,13 CONDOS - ELEVATOR APARTMENTS,PARKCHESTER,"1514 UNIONPORT ROAD, 3E",13 CONDOS - ELEVATOR APARTMENTS
us-nyc,United States,New York,USD,235000.0,nan,2025-01-22,nyc_dof_rolling_sales,nan,,,,,,,13 CONDOS - ELEVATOR APARTMENTS,PARKCHESTER,"1510 UNIONPORT ROAD, 6A",13 CONDOS - ELEVATOR APARTMENTS
us-nyc,United States,New York,USD,230000.0,nan,2025-05-19,nyc_dof_rolling_sales,nan,,,,,,,13 CONDOS - ELEVATOR APARTMENTS,PARKCHESTER,"2051 ST RAYMOND AVENUE, 7D",13 CONDOS - ELEVATOR APARTMENTS
us-nyc,United States,New York,USD,220000.0,nan,2025-07-29,nyc_dof_rolling_sales,nan,,,,,,,13 CONDOS - ELEVATOR APARTMENTS,PARKCHESTER,"2055 ST RAYMOND AVENUE, 1F",13 CONDOS - ELEVATOR APARTMENTS
us-nyc,United States,New York,USD,342000.0,nan,2025-07-28,nyc_dof_rolling_sales,nan,,,,,,,13 CONDOS - ELEVATOR APARTMENTS,PARKCHESTER,"2055 ST RAYMOND AVENUE, 7C",13 CONDOS - ELEVATOR APARTMENTS
us-nyc,United States,New York,USD,330000.0,nan,2025-10-10,nyc_dof_rolling_sales,nan,,,,,,,13 CONDOS - ELEVATOR APARTMENTS,PARKCHESTER,"2061 ST RAYMOND AVENUE, 4A",13 CONDOS - ELEVATOR APARTMENTS
us-nyc,United States,New York,USD,270000.0,nan,2025-03-07,nyc_dof_rolling_sales,nan,,,,,,,13 CONDOS - ELEVATOR APARTMENTS,PARKCHESTER,"2075 ST. RAYMOND AVE, 6G",13 CONDOS - ELEVATOR APARTMENTS
us-nyc,United States,New York,USD,134370.0,nan,2025-05-22,nyc_dof_rolling_sales,nan,,,,,,,13 CONDOS - ELEVATOR APARTMENTS,PARKCHESTER,"2075 ST RAYMOND AVENUE, 7B",13 CONDOS - ELEVATOR APARTMENTS
us-nyc,United States,New York,USD,325000.0,nan,2025-02-28,nyc_dof_rolling_sales,nan,,,,,,,13 CONDOS - ELEVATOR APARTMENTS,PARKCHESTER,"2125 ST RAYMONDS AVENUE, MB",13 CONDOS - ELEVATOR APARTMENTS
us-nyc,United States,New York,USD,325000.0,nan,2025-07-23,nyc_dof_rolling_sales,nan,,,,,,,13 CONDOS - ELEVATOR APARTMENTS,PARKCHESTER,"1585 ODELL STREET, 7H",13 CONDOS - ELEVATOR APARTMENTS
us-nyc,United States,New York,USD,355000.0,nan,2025-01-22,nyc_dof_rolling_sales,nan,,,,,,,13 CONDOS - ELEVATOR APARTMENTS,PARKCHESTER,"1680 METROPOLITAN AVENUE, 1D",13 CONDOS - ELEVATOR APARTMENTS
us-nyc,United States,New York,USD,325000.0,nan,2025-07-24,nyc_dof_rolling_sales,nan,,,,,,,13 CONDOS - ELEVATOR APARTMENTS,PARKCHESTER,"1686 METROPOLITAN AVE, 1F",13 CONDOS - ELEVATOR APARTMENTS
us-nyc,United States,New York,USD,196000.0,nan,2025-12-05,nyc_dof_rolling_sales,nan,,,,,,,13 CONDOS - ELEVATOR APARTMENTS,PARKCHESTER,"1650 METROPOLITAN AVENUE, 9C",13 CONDOS - ELEVATOR APARTMENTS
us-nyc,United States,New York,USD,155000.0,nan,2025-05-14,nyc_dof_rolling_sales,nan,,,,,,,13 CONDOS - ELEVATOR APARTMENTS,PARKCHESTER,"1640 METROPOLITAN AVENUE, MA",13 CONDOS - ELEVATOR APARTMENTS
us-nyc,United States,New York,USD,350000.0,nan,2025-07-28,nyc_dof_rolling_sales,nan,,,,,,,13 CONDOS - ELEVATOR APARTMENTS,PARKCHESTER,"1640 METROPOLITAN AVENUE, 6G",13 CONDOS - ELEVATOR APARTMENTS
us-nyc,United States,New York,USD,335000.0,nan,2025-09-09,nyc_dof_rolling_sales,nan,,,,,,,13 CONDOS - ELEVATOR APARTMENTS,PARKCHESTER,"1610 METROPOLITAN AVENUE, 6H",13 CONDOS - ELEVATOR APARTMENTS
us-nyc,United States,New York,USD,200000.0,nan,2025-02-07,nyc_dof_rolling_sales,nan,,,,,,,13 CONDOS - ELEVATOR APARTMENTS,PARKCHESTER,"1604 METROPOLITAN AVENUE, 9E",13 CONDOS - ELEVATOR APARTMENTS
us-nyc,United States,New York,USD,242000.0,nan,2025-11-21,nyc_dof_rolling_sales,nan,,,,,,,13 CONDOS - ELEVATOR APARTMENTS,PARKCHESTER,"1604 METROPOLITAN AVENUE, 9G",13 CONDOS - ELEVATOR APARTMENTS
us-nyc,United States,New York,USD,225000.0,nan,2025-09-12,nyc_dof_rolling_sales,nan,,,,,,,13 CONDOS - ELEVATOR APARTMENTS,PARKCHESTER,"1604 METROPOLITAN AVENUE, 11G",13 CONDOS - ELEVATOR APARTMENTS
us-nyc,United States,New York,USD,195000.0,nan,2025-10-03,nyc_dof_rolling_sales,nan,,,,,,,13 CONDOS - ELEVATOR APARTMENTS,PARKCHESTER,"1604 METROPOLITAN AVENUE, 12G",13 CONDOS - ELEVATOR APARTMENTS
us-nyc,United States,New York,USD,240000.0,nan,2025-06-11,nyc_dof_rolling_sales,nan,,,,,,,13 CONDOS - ELEVATOR APARTMENTS,PARKCHESTER,"1560 METROPOLITAN AVENUE, MH",13 CONDOS - ELEVATOR APARTMENTS
us-nyc,United States,New York,USD,94400.0,nan,2025-09-10,nyc_dof_rolling_sales,nan,,,,,,,13 CONDOS - ELEVATOR APARTMENTS,PARKCHESTER,"1560 METROPOLITAN AVENUE, 1G",13 CONDOS - ELEVATOR APARTMENTS
us-nyc,United States,New York,USD,225000.0,nan,2025-04-17,nyc_dof_rolling_sales,nan,,,,,,,13 CONDOS - ELEVATOR APARTMENTS,PARKCHESTER,"1560 METROPOLITAN AVENUE, 8B",13 CONDOS - ELEVATOR APARTMENTS
us-nyc,United States,New York,USD,180000.0,nan,2025-05-16,nyc_dof_rolling_sales,nan,,,,,,,13 CONDOS - ELEVATOR APARTMENTS,PARKCHESTER,"1530 METROPOLITAN AVENUE, 2H",13 CONDOS - ELEVATOR APARTMENTS
us-nyc,United States,New York,USD,150000.0,nan,2025-01-09,nyc_dof_rolling_sales,nan,,,,,,,13 CONDOS - ELEVATOR APARTMENTS,PARKCHESTER,"1514 METROPOLITAN AVENUE, 2D",13 CONDOS - ELEVATOR APARTMENTS
us-nyc,United States,New York,USD,215000.0,nan,2025-06-25,nyc_dof_rolling_sales,nan,,,,,,,13 CONDOS - ELEVATOR APARTMENTS,PARKCHESTER,"1504 METROPOLITAN AVENUE, 1C",13 CONDOS - ELEVATOR APARTMENTS
us-nyc,United States,New York,USD,240000.0,nan,2025-09-26,nyc_dof_rolling_sales,nan,,,,,,,13 CONDOS - ELEVATOR APARTMENTS,PARKCHESTER,"1504 METROPOLITAN AVENUE, 3H",13 CONDOS - ELEVATOR APARTMENTS
us-nyc,United States,New York,USD,210000.0,nan,2025-12-08,nyc_dof_rolling_sales,nan,,,,,,,13 CONDOS - ELEVATOR APARTMENTS,PARKCHESTER,"1504 METROPOLITAN AVENUE, 7C",13 CONDOS - ELEVATOR APARTMENTS
us-nyc,United States,New York,USD,275000.0,nan,2025-03-14,nyc_dof_rolling_sales,nan,,,,,,,13 CONDOS - ELEVATOR APARTMENTS,PARKCHESTER,"1 METROPOLITAN OVAL, 4F",13 CONDOS - ELEVATOR APARTMENTS
us-nyc,United States,New York,USD,125000.0,nan,2025-06-18,nyc_dof_rolling_sales,nan,,,,,,,13 CONDOS - ELEVATOR APARTMENTS,PARKCHESTER,"1 METROPOLITAN OVAL, 9E",13 CONDOS - ELEVATOR APARTMENTS
us-nyc,United States,New York,USD,150000.0,nan,2025-04-10,nyc_dof_rolling_sales,nan,,,,,,,13 CONDOS - ELEVATOR APARTMENTS,PARKCHESTER,"1564 UNIONPORT ROAD, MC",13 CONDOS - ELEVATOR APARTMENTS
us-nyc,United States,New York,USD,220000.0,nan,2025-09-25,nyc_dof_rolling_sales,nan,,,,,,,13 CONDOS - ELEVATOR APARTMENTS,PARKCHESTER,"1562 UNIONPORT ROAD, MC",13 CONDOS - ELEVATOR APARTMENTS
us-nyc,United States,New York,USD,281000.0,nan,2025-02-12,nyc_dof_rolling_sales,nan,,,,,,,13 CONDOS - ELEVATOR APARTMENTS,PARKCHESTER,"1562 UNIONPORT ROAD, MH",13 CONDOS - ELEVATOR APARTMENTS
us-nyc,United States,New York,USD,220000.0,nan,2025-01-10,nyc_dof_rolling_sales,nan,,,,,,,13 CONDOS - ELEVATOR APARTMENTS,PARKCHESTER,"1566 UNIONPORT ROAD, 1A",13 CONDOS - ELEVATOR APARTMENTS
us-nyc,United States,New York,USD,330000.0,nan,2025-12-02,nyc_dof_rolling_sales,nan,,,,,,,13 CONDOS - ELEVATOR APARTMENTS,PARKCHESTER,"1576 UNIONPORT ROAD, 1B",13 CONDOS - ELEVATOR APARTMENTS
us-nyc,United States,New York,USD,245000.0,nan,2025-11-25,nyc_dof_rolling_sales,nan,,,,,,,13 CONDOS - ELEVATOR APARTMENTS,PARKCHESTER,"1560 UNIONPORT ROAD, 3B",13 CONDOS - ELEVATOR APARTMENTS
us-nyc,United States,New York,USD,125000.0,nan,2025-06-18,nyc_dof_rolling_sales,nan,,,,,,,13 CONDOS - ELEVATOR APARTMENTS,PARKCHESTER,"1566 UNIONPORT ROAD, 4C",13 CONDOS - ELEVATOR APARTMENTS
us-nyc,United States,New York,USD,105000.0,nan,2025-01-09,nyc_dof_rolling_sales,nan,,,,,,,13 CONDOS - ELEVATOR APARTMENTS,PARKCHESTER,"1590 UNIONPORT ROAD, 4C",13 CONDOS - ELEVATOR APARTMENTS
us-nyc,United States,New York,USD,305113.0,nan,2025-01-03,nyc_dof_rolling_sales,nan,,,,,,,13 CONDOS - ELEVATOR APARTMENTS,PARKCHESTER,"1560 UNIONPORT ROAD, 5G",13 CONDOS - ELEVATOR APARTMENTS
us-nyc,United States,New York,USD,350000.0,nan,2025-05-20,nyc_dof_rolling_sales,nan,,,,,,,13 CONDOS - ELEVATOR APARTMENTS,PARKCHESTER,"1560 UNIONPORT ROAD, 5G",13 CONDOS - ELEVATOR APARTMENTS
us-nyc,United States,New York,USD,245000.0,nan,2025-02-06,nyc_dof_rolling_sales,nan,,,,,,,13 CONDOS - ELEVATOR APARTMENTS,PARKCHESTER,"1576 UNIONPORT ROAD, 6B",13 CONDOS - ELEVATOR APARTMENTS
us-nyc,United States,New York,USD,195000.0,nan,2025-01-14,nyc_dof_rolling_sales,nan,,,,,,,13 CONDOS - ELEVATOR APARTMENTS,PARKCHESTER,"1596 UNIONPORT ROAD, MC",13 CONDOS - ELEVATOR APARTMENTS
us-nyc,United States,New York,USD,230000.0,nan,2025-10-30,nyc_dof_rolling_sales,nan,,,,,,,13 CONDOS - ELEVATOR APARTMENTS,PARKCHESTER,"1598 UNIONPORT ROAD, 2D",13 CONDOS - ELEVATOR APARTMENTS
us-nyc,United States,New York,USD,270000.0,nan,2025-01-22,nyc_dof_rolling_sales,nan,,,,,,,13 CONDOS - ELEVATOR APARTMENTS,PARKCHESTER,"1594 UNIONPORT ROAD, 4G",13 CONDOS - ELEVATOR APARTMENTS
us-nyc,United States,New York,USD,235000.0,nan,2025-05-08,nyc_dof_rolling_sales,nan,,,,,,,13 CONDOS - ELEVATOR APARTMENTS,PARKCHESTER,"1596 UNIONPORT ROAD, 4E",13 CONDOS - ELEVATOR APARTMENTS
us-nyc,United States,New York,USD,235000.0,nan,2025-10-09,nyc_dof_rolling_sales,nan,,,,,,,13 CONDOS - ELEVATOR APARTMENTS,PARKCHESTER,"1594 UNIONPORT ROAD, 7D",13 CONDOS - ELEVATOR APARTMENTS
us-nyc,United States,New York,USD,172380.0,nan,2025-03-07,nyc_dof_rolling_sales,nan,,,,,,,13 CONDOS - ELEVATOR APARTMENTS,PARKCHESTER,"1938 EAST TREMONT AVENUE, 1G",13 CONDOS - ELEVATOR APARTMENTS
us-nyc,United States,New York,USD,200000.0,nan,2025-02-07,nyc_dof_rolling_sales,nan,,,,,,,13 CONDOS - ELEVATOR APARTMENTS,PARKCHESTER,"1938 EAST TREMONT AVENUE, 2H",13 CONDOS - ELEVATOR APARTMENTS
us-nyc,United States,New York,USD,125000.0,nan,2025-06-18,nyc_dof_rolling_sales,nan,,,,,,,13 CONDOS - ELEVATOR APARTMENTS,PARKCHESTER,"1940 EAST TREMONT AVENUE, 2H",13 CONDOS - ELEVATOR APARTMENTS
us-nyc,United States,New York,USD,215000.0,nan,2025-06-07,nyc_dof_rolling_sales,nan,,,,,,,13 CONDOS - ELEVATOR APARTMENTS,PARKCHESTER,"1940 EAST TREMONT AVENUE, 4H",13 CONDOS - ELEVATOR APARTMENTS
us-nyc,United States,New York,USD,295000.0,nan,2025-02-13,nyc_dof_rolling_sales,nan,,,,,,,13 CONDOS - ELEVATOR APARTMENTS,PARKCHESTER,"1946 EAST TREMONT AVE, 4E",13 CONDOS - ELEVATOR APARTMENTS
us-nyc,United States,New York,USD,280000.0,nan,2025-03-14,nyc_dof_rolling_sales,nan,,,,,,,13 CONDOS - ELEVATOR APARTMENTS,PARKCHESTER,"1936 E. TREMONT AVE, 6B",13 CONDOS - ELEVATOR APARTMENTS
us-nyc,United States,New York,USD,275000.0,nan,2025-04-24,nyc_dof_rolling_sales,nan,,,,,,,13 CONDOS - ELEVATOR APARTMENTS,PARKCHESTER,"1946 EAST TREMONT AVENUE, 6E",13 CONDOS - ELEVATOR APARTMENTS
us-nyc,United States,New York,USD,220000.0,nan,2025-04-24,nyc_dof_rolling_sales,nan,,,,,,,13 CONDOS - ELEVATOR APARTMENTS,PARKCHESTER,"1946 EAST TREMONT AVENUE, 6G",13 CONDOS - ELEVATOR APARTMENTS
us-nyc,United States,New York,USD,230000.0,nan,2025-03-24,nyc_dof_rolling_sales,nan,,,,,,,13 CONDOS - ELEVATOR APARTMENTS,PARKCHESTER,"1938 EAST TREMONT AVENUE, 7G",13 CONDOS - ELEVATOR APARTMENTS
us-nyc,United States,New York,USD,235000.0,nan,2025-03-24,nyc_dof_rolling_sales,nan,,,,,,,13 CONDOS - ELEVATOR APARTMENTS,PARKCHESTER,"1950 EAST TREMONT AVENUE, 1E",13 CONDOS - ELEVATOR APARTMENTS
us-nyc,United States,New York,USD,220000.0,nan,2025-02-20,nyc_dof_rolling_sales,nan,,,,,,,13 CONDOS - ELEVATOR APARTMENTS,PARKCHESTER,"1970 E. TREMONT AVE, 4D",13 CONDOS - ELEVATOR APARTMENTS
us-nyc,United States,New York,USD,215000.0,nan,2025-07-28,nyc_dof_rolling_sales,nan,,,,,,,13 CONDOS - ELEVATOR APARTMENTS,PARKCHESTER,"1970 EAST TREMONT AVENUE, 5G",13 CONDOS - ELEVATOR APARTMENTS
us-nyc,United States,New York,USD,260000.0,nan,2025-03-05,nyc_dof_rolling_sales,nan,,,,,,,13 CONDOS - ELEVATOR APARTMENTS,PARKCHESTER,"1950 E TREMONT AVE, 6H",13 CONDOS - ELEVATOR APARTMENTS
us-nyc,United States,New York,USD,195000.0,nan,2025-07-14,nyc_dof_rolling_sales,nan,,,,,,,13 CONDOS - ELEVATOR APARTMENTS,PARKCHESTER,"1970 EAST TREMONT AVE, 7G",13 CONDOS - ELEVATOR APARTMENTS
us-nyc,United States,New York,USD,230000.0,nan,2025-09-05,nyc_dof_rolling_sales,nan,,,,,,,13 CONDOS - ELEVATOR APARTMENTS,PARKCHESTER,"1970 EAST TREMONT AVENUE, 8A",13 CONDOS - ELEVATOR APARTMENTS
us-nyc,United States,New York,USD,220000.0,nan,2025-06-11,nyc_dof_rolling_sales,nan,,,,,,,13 CONDOS - ELEVATOR APARTMENTS,PARKCHESTER,"1503 METROPOLITAN AVENUE, 1G",13 CONDOS - ELEVATOR APARTMENTS
us-nyc,United States,New York,USD,340000.0,nan,2025-01-15,nyc_dof_rolling_sales,nan,,,,,,,13 CONDOS - ELEVATOR APARTMENTS,PARKCHESTER,"1501 METROPOLITAN AVENUE, 2C",13 CONDOS - ELEVATOR APARTMENTS
us-nyc,United States,New York,USD,125000.0,nan,2025-06-18,nyc_dof_rolling_sales,nan,,,,,,,13 CONDOS - ELEVATOR APARTMENTS,PARKCHESTER,"1501 METROPOLITAN AVENUE, 2D",13 CONDOS - ELEVATOR APARTMENTS
us-nyc,United States,New York,USD,212500.0,nan,2025-02-07,nyc_dof_rolling_sales,nan,,,,,,,13 CONDOS - ELEVATOR APARTMENTS,PARKCHESTER,"1505 METROPOLITAN AVENUE, 2G",13 CONDOS - ELEVATOR APARTMENTS
us-nyc,United States,New York,USD,215000.0,nan,2025-03-28,nyc_dof_rolling_sales,nan,,,,,,,13 CONDOS - ELEVATOR APARTMENTS,PARKCHESTER,"1503 METROPOLITAN AVENUE, 2B",13 CONDOS - ELEVATOR APARTMENTS
us-nyc,United States,New York,USD,260000.0,nan,2025-02-18,nyc_dof_rolling_sales,nan,,,,,,,13 CONDOS - ELEVATOR APARTMENTS,PARKCHESTER,"1501 METROPOLITAN AVENUE, 4F",13 CONDOS - ELEVATOR APARTMENTS
us-nyc,United States,New York,USD,125000.0,nan,2025-06-18,nyc_dof_rolling_sales,nan,,,,,,,13 CONDOS - ELEVATOR APARTMENTS,PARKCHESTER,"1507 METROPOLITAN AVENUE, 4G",13 CONDOS - ELEVATOR APARTMENTS
us-nyc,United States,New York,USD,232000.0,nan,2025-08-05,nyc_dof_rolling_sales,nan,,,,,,,13 CONDOS - ELEVATOR APARTMENTS,PARKCHESTER,"1503U METROPOLITAN AVENUE, 6D",13 CONDOS - ELEVATOR APARTMENTS
us-nyc,United States,New York,USD,278000.0,nan,2025-01-30,nyc_dof_rolling_sales,nan,,,,,,,13 CONDOS - ELEVATOR APARTMENTS,PARKCHESTER,"1501 METROPOLITAN AVENUE, 8A",13 CONDOS - ELEVATOR APARTMENTS
us-nyc,United States,New York,USD,260000.0,nan,2025-01-30,nyc_dof_rolling_sales,nan,,,,,,,13 CONDOS - ELEVATOR APARTMENTS,PARKCHESTER,"1507 METROPOLITAN AVENUE, 8D",13 CONDOS - ELEVATOR APARTMENTS
us-nyc,United States,New York,USD,320000.0,nan,2025-12-11,nyc_dof_rolling_sales,nan,,,,,,,13 CONDOS - ELEVATOR APARTMENTS,PARKCHESTER,"2090 EAST TREMONT AVENUE, MB",13 CONDOS - ELEVATOR APARTMENTS
us-nyc,United States,New York,USD,145000.0,nan,2025-12-17,nyc_dof_rolling_sales,nan,,,,,,,13 CONDOS - ELEVATOR APARTMENTS,PARKCHESTER,"2100 E. TREMONT AVE, 1F",13 CONDOS - ELEVATOR APARTMENTS
us-nyc,United States,New York,USD,200000.0,nan,2025-02-07,nyc_dof_rolling_sales,nan,,,,,,,13 CONDOS - ELEVATOR APARTMENTS,PARKCHESTER,"2090 EAST TREMONT AVENUE, 1G",13 CONDOS - ELEVATOR APARTMENTS
us-nyc,United States,New York,USD,320000.0,nan,2025-08-19,nyc_dof_rolling_sales,nan,,,,,,,13 CONDOS - ELEVATOR APARTMENTS,PARKCHESTER,"2100 E TREMONT AVENUE, 2E",13 CONDOS - ELEVATOR APARTMENTS
us-nyc,United States,New York,USD,230000.0,nan,2025-07-17,nyc_dof_rolling_sales,nan,,,,,,,13 CONDOS - ELEVATOR APARTMENTS,PARKCHESTER,"2090 EAST TREMONT AVENUE, 2G",13 CONDOS - ELEVATOR APARTMENTS
us-nyc,United States,New York,USD,285000.0,nan,2025-08-19,nyc_dof_rolling_sales,nan,,,,,,,13 CONDOS - ELEVATOR APARTMENTS,PARKCHESTER,"2130 EAST TREMONT AVENUE, 4C",13 CONDOS - ELEVATOR APARTMENTS
us-nyc,United States,New York,USD,300000.0,nan,2025-10-16,nyc_dof_rolling_sales,nan,,,,,,,13 CONDOS - ELEVATOR APARTMENTS,PARKCHESTER,"2120 EAST TREMONT AVENUE, 5A",13 CONDOS - ELEVATOR APARTMENTS
us-nyc,United States,New York,USD,280000.0,nan,2025-11-03,nyc_dof_rolling_sales,nan,,,,,,,13 CONDOS - ELEVATOR APARTMENTS,PARKCHESTER,"2090 EAST TREMONT AVENUE, 8F",13 CONDOS - ELEVATOR APARTMENTS
us-nyc,United States,New York,USD,349000.0,nan,2025-09-12,nyc_dof_rolling_sales,nan,,,,,,,13 CONDOS - ELEVATOR APARTMENTS,PARKCHESTER,"2140 E TREMONT AVE, 1A",13 CONDOS - ELEVATOR APARTMENTS
us-nyc,United States,New York,USD,250000.0,nan,2025-12-18,nyc_dof_rolling_sales,nan,,,,,,,13 CONDOS - ELEVATOR APARTMENTS,PARKCHESTER,"2160 E. TREMONT AVE, 5F",13 CONDOS - ELEVATOR APARTMENTS
us-nyc,United States,New York,USD,245000.0,nan,2025-08-01,nyc_dof_rolling_sales,nan,,,,,,,13 CONDOS - ELEVATOR APARTMENTS,PARKCHESTER,"2140 EAST TREMONT AVENUE, 7H",13 CONDOS - ELEVATOR APARTMENTS
us-nyc,United States,New York,USD,270000.0,nan,2025-02-07,nyc_dof_rolling_sales,nan,,,,,,,13 CONDOS - ELEVATOR APARTMENTS,PARKCHESTER,"2150 EAST TREMONT AVENUE, 7E",13 CONDOS - ELEVATOR APARTMENTS
us-nyc,United States,New York,USD,26500.0,nan,2025-06-24,nyc_dof_rolling_sales,nan,,,,,,,13 CONDOS - ELEVATOR APARTMENTS,PARKCHESTER,"2160 EAST TREMONT AVENUE, 7C",13 CONDOS - ELEVATOR APARTMENTS
us-nyc,United States,New York,USD,125000.0,nan,2025-06-18,nyc_dof_rolling_sales,nan,,,,,,,13 CONDOS - ELEVATOR APARTMENTS,PARKCHESTER,"2240 EAST TREMONT AVENUE, 3A",13 CONDOS - ELEVATOR APARTMENTS
us-nyc,United States,New York,USD,305000.0,nan,2025-12-08,nyc_dof_rolling_sales,nan,,,,,,,13 CONDOS - ELEVATOR APARTMENTS,PARKCHESTER,"2200 EAST TREMONT AVENUE, 5A",13 CONDOS - ELEVATOR APARTMENTS
us-nyc,United States,New York,USD,170000.0,nan,2025-05-21,nyc_dof_rolling_sales,nan,,,,,,,13 CONDOS - ELEVATOR APARTMENTS,PARKCHESTER,2240 EAST TREMONT AVENUE,13 CONDOS - ELEVATOR APARTMENTS
us-nyc,United States,New York,USD,125000.0,nan,2025-06-18,nyc_dof_rolling_sales,nan,,,,,,,13 CONDOS - ELEVATOR APARTMENTS,PARKCHESTER,"1725 PURDY STREET, 1A",13 CONDOS - ELEVATOR APARTMENTS
us-nyc,United States,New York,USD,225000.0,nan,2025-09-22,nyc_dof_rolling_sales,nan,,,,,,,13 CONDOS - ELEVATOR APARTMENTS,PARKCHESTER,"1725 PURDY STREET, 1G",13 CONDOS - ELEVATOR APARTMENTS
us-nyc,United States,New York,USD,225000.0,nan,2025-08-29,nyc_dof_rolling_sales,nan,,,,,,,13 CONDOS - ELEVATOR APARTMENTS,PARKCHESTER,"1705 PURDY STREET, 3D",13 CONDOS - ELEVATOR APARTMENTS
us-nyc,United States,New York,USD,230000.0,nan,2025-03-21,nyc_dof_rolling_sales,nan,,,,,,,13 CONDOS - ELEVATOR APARTMENTS,PARKCHESTER,"1735 PURDY STREET, 7B",13 CONDOS - ELEVATOR APARTMENTS
us-nyc,United States,New York,USD,227000.0,nan,2025-06-05,nyc_dof_rolling_sales,nan,,,,,,,13 CONDOS - ELEVATOR APARTMENTS,PARKCHESTER,"1725 PURDY STREET, 7C",13 CONDOS - ELEVATOR APARTMENTS
us-nyc,United States,New York,USD,150000.0,nan,2025-05-19,nyc_dof_rolling_sales,nan,,,,,,,13 CONDOS - ELEVATOR APARTMENTS,PARKCHESTER,"1705 PURDY STREET, 9A",13 CONDOS - ELEVATOR APARTMENTS
us-nyc,United States,New York,USD,390000.0,nan,2025-08-26,nyc_dof_rolling_sales,nan,,,,,,,13 CONDOS - ELEVATOR APARTMENTS,PARKCHESTER,"1705 PURDY STREET, 9C",13 CONDOS - ELEVATOR APARTMENTS
us-nyc,United States,New York,USD,265000.0,nan,2025-08-21,nyc_dof_rolling_sales,nan,,,,,,,13 CONDOS - ELEVATOR APARTMENTS,PARKCHESTER,"1705 PURDY STREET, 10B",13 CONDOS - ELEVATOR APARTMENTS
us-nyc,United States,New York,USD,225000.0,nan,2025-08-06,nyc_dof_rolling_sales,nan,,,,,,,13 CONDOS - ELEVATOR APARTMENTS,PARKCHESTER,"1605 METROPOLITAN AVENUE, MH",13 CONDOS - ELEVATOR APARTMENTS
us-nyc,United States,New York,USD,220000.0,nan,2025-09-18,nyc_dof_rolling_sales,nan,,,,,,,13 CONDOS - ELEVATOR APARTMENTS,PARKCHESTER,"1605 METROPOLITAN AVENUE, 1H",13 CONDOS - ELEVATOR APARTMENTS
us-nyc,United States,New York,USD,125000.0,nan,2025-06-18,nyc_dof_rolling_sales,nan,,,,,,,13 CONDOS - ELEVATOR APARTMENTS,PARKCHESTER,"1651 METROPOLITAN AVENUE, 3D",13 CONDOS - ELEVATOR APARTMENTS
us-nyc,United States,New York,USD,213000.0,nan,2025-09-15,nyc_dof_rolling_sales,nan,,,,,,,13 CONDOS - ELEVATOR APARTMENTS,PARKCHESTER,"1641 METROPOLITAN AVENUE, 6E",13 CONDOS - ELEVATOR APARTMENTS
us-nyc,United States,New York,USD,191000.0,nan,2025-04-30,nyc_dof_rolling_sales,nan,,,,,,,13 CONDOS - ELEVATOR APARTMENTS,PARKCHESTER,"1605 METROPOLITAN AVE, 7H",13 CONDOS - ELEVATOR APARTMENTS
us-nyc,United States,New York,USD,270000.0,nan,2025-08-13,nyc_dof_rolling_sales,nan,,,,,,,13 CONDOS - ELEVATOR APARTMENTS,PARKCHESTER,"1591 METROPOLITAN AVENUE, 3I",13 CONDOS - ELEVATOR APARTMENTS
us-nyc,United States,New York,USD,239000.0,nan,2025-01-14,nyc_dof_rolling_sales,nan,,,,,,,13 CONDOS - ELEVATOR APARTMENTS,PARKCHESTER,"1591 METROPOLITAN AVENUE, 6F",13 CONDOS - ELEVATOR APARTMENTS
us-nyc,United States,New York,USD,197000.0,nan,2025-02-27,nyc_dof_rolling_sales,nan,,,,,,,13 CONDOS - ELEVATOR APARTMENTS,PARKCHESTER,"1563 METROPOLITAN AVENUE, MA",13 CONDOS - ELEVATOR APARTMENTS
us-nyc,United States,New York,USD,200000.0,nan,2025-11-18,nyc_dof_rolling_sales,nan,,,,,,,13 CONDOS - ELEVATOR APARTMENTS,PARKCHESTER,"1561 METROPOLITAN AVENUE, 1G",13 CONDOS - ELEVATOR APARTMENTS
us-nyc,United States,New York,USD,265000.0,nan,2025-01-22,nyc_dof_rolling_sales,nan,,,,,,,13 CONDOS - ELEVATOR APARTMENTS,PARKCHESTER,"1579 METROPOLITAN AVENUE, 4G",13 CONDOS - ELEVATOR APARTMENTS
us-nyc,United States,New York,USD,220000.0,nan,2025-03-20,nyc_dof_rolling_sales,nan,,,,,,,13 CONDOS - ELEVATOR APARTMENTS,PARKCHESTER,"1569 METROPOLITAN AVE, 5E",13 CONDOS - ELEVATOR APARTMENTS
us-nyc,United States,New York,USD,255000.0,nan,2025-11-19,nyc_dof_rolling_sales,nan,,,,,,,13 CONDOS - ELEVATOR APARTMENTS,PARKCHESTER,"1569 METROPOLITAN AVENUE, 5G",13 CONDOS - ELEVATOR APARTMENTS
us-nyc,United States,New York,USD,310000.0,nan,2025-05-09,nyc_dof_rolling_sales,nan,,,,,,,13 CONDOS - ELEVATOR APARTMENTS,PARKCHESTER,"1569 METROPOLITAN AVENUE, 7H",13 CONDOS - ELEVATOR APARTMENTS
us-nyc,United States,New York,USD,200000.0,nan,2025-04-11,nyc_dof_rolling_sales,nan,,,,,,,13 CONDOS - ELEVATOR APARTMENTS,PARKCHESTER,"1563 METROPOLITAN AVENUE, 7E",13 CONDOS - ELEVATOR APARTMENTS
us-nyc,United States,New York,USD,234000.0,nan,2025-07-02,nyc_dof_rolling_sales,nan,,,,,,,13 CONDOS - ELEVATOR APARTMENTS,PARKCHESTER,"1579 METROPOLITAN AVE, 9C",13 CONDOS - ELEVATOR APARTMENTS
us-nyc,United States,New York,USD,280000.0,nan,2025-02-07,nyc_dof_rolling_sales,nan,,,,,,,13 CONDOS - ELEVATOR APARTMENTS,PARKCHESTER,"1579 METROPOLITAN AVENUE, 10B",13 CONDOS - ELEVATOR APARTMENTS
us-nyc,United States,New York,USD,225000.0,nan,2025-08-01,nyc_dof_rolling_sales,nan,,,,,,,13 CONDOS - ELEVATOR APARTMENTS,PARKCHESTER,"1541 METROPOLITAN AVENUE, ME",13 CONDOS - ELEVATOR APARTMENTS
us-nyc,United States,New York,USD,245000.0,nan,2025-07-14,nyc_dof_rolling_sales,nan,,,,,,,13 CONDOS - ELEVATOR APARTMENTS,PARKCHESTER,"1527 METROPOLITAN AVE, 2A",13 CONDOS - ELEVATOR APARTMENTS
us-nyc,United States,New York,USD,225000.0,nan,2025-01-08,nyc_dof_rolling_sales,nan,,,,,,,13 CONDOS - ELEVATOR APARTMENTS,PARKCHESTER,"1527 METROPOLITAN AVENUE, 2A",13 CONDOS - ELEVATOR APARTMENTS
us-nyc,United States,New York,USD,212500.0,nan,2025-02-07,nyc_dof_rolling_sales,nan,,,,,,,13 CONDOS - ELEVATOR APARTMENTS,PARKCHESTER,"1515 METROPOLITAN AVENUE, 3D",13 CONDOS - ELEVATOR APARTMENTS
us-nyc,United States,New York,USD,300000.0,nan,2025-01-29,nyc_dof_rolling_sales,nan,,,,,,,13 CONDOS - ELEVATOR APARTMENTS,PARKCHESTER,"1519 METROPOLITAN AVE, 4C",13 CONDOS - ELEVATOR APARTMENTS
us-nyc,United States,New York,USD,225000.0,nan,2025-03-21,nyc_dof_rolling_sales,nan,,,,,,,13 CONDOS - ELEVATOR APARTMENTS,PARKCHESTER,"1527 METROPOLITAN AVE, 6A",13 CONDOS - ELEVATOR APARTMENTS
us-nyc,United States,New York,USD,125000.0,nan,2025-06-18,nyc_dof_rolling_sales,nan,,,,,,,13 CONDOS - ELEVATOR APARTMENTS,PARKCHESTER,"1527 METROPOLITAN AVENUE, 7C",13 CONDOS - ELEVATOR APARTMENTS
us-nyc,United States,New York,USD,200000.0,nan,2025-06-13,nyc_dof_rolling_sales,nan,,,,,,,13 CONDOS - ELEVATOR APARTMENTS,PARKCHESTER,"1541 METROPOLITAN AVENUE, 7G",13 CONDOS - ELEVATOR APARTMENTS
us-nyc,United States,New York,USD,235000.0,nan,2025-02-18,nyc_dof_rolling_sales,nan,,,,,,,13 CONDOS - ELEVATOR APARTMENTS,PARKCHESTER,"11 METROPOLITAN OVAL, 1F",13 CONDOS - ELEVATOR APARTMENTS
us-nyc,United States,New York,USD,240000.0,nan,2025-06-03,nyc_dof_rolling_sales,nan,,,,,,,13 CONDOS - ELEVATOR APARTMENTS,PARKCHESTER,"11 METROPOLITAN OVAL, 4D",13 CONDOS - ELEVATOR APARTMENTS
us-nyc,United States,New York,USD,125000.0,nan,2025-06-18,nyc_dof_rolling_sales,nan,,,,,,,13 CONDOS - ELEVATOR APARTMENTS,PARKCHESTER,"9 METROPOLITAN OVAL, 4C",13 CONDOS - ELEVATOR APARTMENTS
us-nyc,United States,New York,USD,188000.0,nan,2025-09-24,nyc_dof_rolling_sales,nan,,,,,,,13 CONDOS - ELEVATOR APARTMENTS,PARKCHESTER,"11 METROPOLITAN OVAL, 5F",13 CONDOS - ELEVATOR APARTMENTS
us-nyc,United States,New York,USD,315000.0,nan,2025-06-04,nyc_dof_rolling_sales,nan,,,,,,,13 CONDOS - ELEVATOR APARTMENTS,PARKCHESTER,"7 METROPOLITAN OVAL, 5A",13 CONDOS - ELEVATOR APARTMENTS
us-nyc,United States,New York,USD,370000.0,nan,2025-08-22,nyc_dof_rolling_sales,nan,,,,,,,13 CONDOS - ELEVATOR APARTMENTS,PARKCHESTER,"7 METROPOLITAN OVAL, 5G",13 CONDOS - ELEVATOR APARTMENTS
us-nyc,United States,New York,USD,225000.0,nan,2025-02-18,nyc_dof_rolling_sales,nan,,,,,,,13 CONDOS - ELEVATOR APARTMENTS,PARKCHESTER,"9 METROPOLITAN OVAL, 7A",13 CONDOS - ELEVATOR APARTMENTS
us-nyc,United States,New York,USD,225000.0,nan,2025-09-30,nyc_dof_rolling_sales,nan,,,,,,,13 CONDOS - ELEVATOR APARTMENTS,PARKCHESTER,"1722 PURDY STREET, MC",13 CONDOS - ELEVATOR APARTMENTS
us-nyc,United States,New York,USD,330000.0,nan,2025-08-12,nyc_dof_rolling_sales,nan,,,,,,,13 CONDOS - ELEVATOR APARTMENTS,PARKCHESTER,"1722 PURDY STREET, 1H",13 CONDOS - ELEVATOR APARTMENTS
us-nyc,United States,New York,USD,215000.0,nan,2025-05-09,nyc_dof_rolling_sales,nan,,,,,,,13 CONDOS - ELEVATOR APARTMENTS,PARKCHESTER,"1718 PURDY STREET, 4A",13 CONDOS - ELEVATOR APARTMENTS
us-nyc,United States,New York,USD,260000.0,nan,2025-11-19,nyc_dof_rolling_sales,nan,,,,,,,13 CONDOS - ELEVATOR APARTMENTS,PARKCHESTER,"1722 PURDY STREET, 5A",13 CONDOS - ELEVATOR APARTMENTS
us-nyc,United States,New York,USD,2825000.0,562.99218,2025-11-20,nyc_dof_rolling_sales,562.99218,,,,1949,,,22 STORE BUILDINGS,PARKCHESTER,2130 STARLING AVENUE,22 STORE BUILDINGS
us-nyc,United States,New York,USD,1200000.0,187.571157,2025-03-17,nyc_dof_rolling_sales,187.571157,,,,1940,,,22 STORE BUILDINGS,PARKCHESTER,2167 WESTCHESTER AVENUE,22 STORE BUILDINGS
us-nyc,United States,New York,USD,515000.0,167.2254,2025-06-05,nyc_dof_rolling_sales,167.2254,,,,1930,,,27 FACTORIES,PARKCHESTER,535 VAN NEST AVE,27 FACTORIES
us-nyc,United States,New York,USD,270000.0,28.428318,2025-05-22,nyc_dof_rolling_sales,28.428318,,,,1930,,,29 COMMERCIAL GARAGES,PARKCHESTER,581 VAN NEST AVENUE,29 COMMERCIAL GARAGES
us-nyc,United States,New York,USD,900000.0,202.342734,2025-09-30,nyc_dof_rolling_sales,202.342734,,,,1940,,,01 ONE FAMILY DWELLINGS,PELHAM GARDENS,1530 WARING AVENUE,01 ONE FAMILY DWELLINGS
us-nyc,United States,New York,USD,795000.0,156.07704,2025-10-28,nyc_dof_rolling_sales,156.07704,,,,1950,,,01 ONE FAMILY DWELLINGS,PELHAM GARDENS,1667 ASTOR AVENUE,01 ONE FAMILY DWELLINGS
us-nyc,United States,New York,USD,710000.0,137.682246,2025-11-25,nyc_dof_rolling_sales,137.682246,,,,1920,,,01 ONE FAMILY DWELLINGS,PELHAM GARDENS,2344 TIEMANN AVENUE,01 ONE FAMILY DWELLINGS
us-nyc,United States,New York,USD,960000.0,154.590592,2025-02-12,nyc_dof_rolling_sales,154.590592,,,,1935,,,01 ONE FAMILY DWELLINGS,PELHAM GARDENS,1849 STILLWELL AVENUE,01 ONE FAMILY DWELLINGS
us-nyc,United States,New York,USD,587500.0,97.362344,2025-02-13,nyc_dof_rolling_sales,97.362344,,,,1940,,,01 ONE FAMILY DWELLINGS,PELHAM GARDENS,2563 WOODHULL AVENUE,01 ONE FAMILY DWELLINGS
us-nyc,United States,New York,USD,700000.0,130.807424,2025-04-22,nyc_dof_rolling_sales,130.807424,,,,1950,,,01 ONE FAMILY DWELLINGS,PELHAM GARDENS,1562 ALLERTON AVENUE,01 ONE FAMILY DWELLINGS
us-nyc,United States,New York,USD,668888.0,126.34808,2025-11-12,nyc_dof_rolling_sales,126.34808,,,,1940,,,01 ONE FAMILY DWELLINGS,PELHAM GARDENS,2543 MICKLE AVENUE,01 ONE FAMILY DWELLINGS
us-nyc,United States,New York,USD,643000.0,130.0642,2025-09-29,nyc_dof_rolling_sales,130.0642,,,,1931,,,01 ONE FAMILY DWELLINGS,PELHAM GARDENS,2514 MICKLE AVENUE,01 ONE FAMILY DWELLINGS
us-nyc,United States,New York,USD,655000.0,130.0642,2025-10-10,nyc_dof_rolling_sales,130.0642,,,,1931,,,01 ONE FAMILY DWELLINGS,PELHAM GARDENS,2524 MICKLE AVENUE,01 ONE FAMILY DWELLINGS
us-nyc,United States,New York,USD,630000.0,130.0642,2025-06-04,nyc_dof_rolling_sales,130.0642,,,,1931,,,01 ONE FAMILY DWELLINGS,PELHAM GARDENS,2545 WESTERVELT AVENUE,01 ONE FAMILY DWELLINGS
us-nyc,United States,New York,USD,575000.0,130.0642,2025-03-11,nyc_dof_rolling_sales,130.0642,,,,1931,,,01 ONE FAMILY DWELLINGS,PELHAM GARDENS,2523 WESTERVELT AVENUE,01 ONE FAMILY DWELLINGS
us-nyc,United States,New York,USD,800000.0,130.621618,2025-02-25,nyc_dof_rolling_sales,130.621618,,,,1940,,,01 ONE FAMILY DWELLINGS,PELHAM GARDENS,2553 KINGSLAND AVENUE,01 ONE FAMILY DWELLINGS
us-nyc,United States,New York,USD,730000.0,160.536384,2025-06-02,nyc_dof_rolling_sales,160.536384,,,,1965,,,01 ONE FAMILY DWELLINGS,PELHAM GARDENS,2434 TIEMANN AVENUE,01 ONE FAMILY DWELLINGS
us-nyc,United States,New York,USD,840000.0,176.5157,2025-10-08,nyc_dof_rolling_sales,176.5157,,,,1987,,,01 ONE FAMILY DWELLINGS,PELHAM GARDENS,2471 DELANOY AVENUE,01 ONE FAMILY DWELLINGS
us-nyc,United States,New York,USD,1375000.0,418.0635,2025-08-04,nyc_dof_rolling_sales,418.0635,,,,1993,,,02 TWO FAMILY DWELLINGS,PELHAM GARDENS,2445 WOODHULL AVENUE,02 TWO FAMILY DWELLINGS
us-nyc,United States,New York,USD,960000.0,214.60593,2025-01-07,nyc_dof_rolling_sales,214.60593,,,,1955,,,02 TWO FAMILY DWELLINGS,PELHAM GARDENS,2414 WOODHULL AVENUE,02 TWO FAMILY DWELLINGS
us-nyc,United States,New York,USD,940000.0,156.07704,2025-07-17,nyc_dof_rolling_sales,156.07704,,,,1945,,,02 TWO FAMILY DWELLINGS,PELHAM GARDENS,2563 KINGSLAND AVENUE,02 TWO FAMILY DWELLINGS
us-nyc,United States,New York,USD,925000.0,227.61235,2025-09-11,nyc_dof_rolling_sales,227.61235,,,,1999,,,02 TWO FAMILY DWELLINGS,PELHAM GARDENS,2463 LODOVICK AVENUE,02 TWO FAMILY DWELLINGS
us-nyc,United States,New York,USD,1100000.0,230.771052,2025-11-05,nyc_dof_rolling_sales,230.771052,,,,1999,,,02 TWO FAMILY DWELLINGS,PELHAM GARDENS,2414 GUNTHER AVENUE,02 TWO FAMILY DWELLINGS
us-nyc,United States,New York,USD,470000.0,175.58667,2025-04-15,nyc_dof_rolling_sales,175.58667,,,,1950,,,02 TWO FAMILY DWELLINGS,PELHAM GARDENS,2572 TIEMANN AVE,02 TWO FAMILY DWELLINGS
us-nyc,United States,New York,USD,500.0,175.58667,2025-01-06,nyc_dof_rolling_sales,175.58667,,,,1950,,,02 TWO FAMILY DWELLINGS,PELHAM GARDENS,2572 TIEMANN AVENUE,02 TWO FAMILY DWELLINGS
us-nyc,United States,New York,USD,860000.0,195.09629999999999,2025-03-21,nyc_dof_rolling_sales,195.09629999999999,,,,1987,,,02 TWO FAMILY DWELLINGS,PELHAM GARDENS,2455 DELANOY AVENUE,02 TWO FAMILY DWELLINGS
us-nyc,United States,New York,USD,1150000.0,226.68332,2025-04-28,nyc_dof_rolling_sales,226.68332,,,,1987,,,02 TWO FAMILY DWELLINGS,PELHAM GARDENS,2444 DELANOY AVENUE,02 TWO FAMILY DWELLINGS
us-nyc,United States,New York,USD,5080000.0,562.527665,2025-08-28,nyc_dof_rolling_sales,562.527665,,,,1950,,,22 STORE BUILDINGS,PELHAM GARDENS,2504 EASTCHESTER ROAD,22 STORE BUILDINGS
us-nyc,United States,New York,USD,880000.0,197.41887499999999,2025-10-07,nyc_dof_rolling_sales,197.41887499999999,,,,1955,,,01 ONE FAMILY DWELLINGS,PELHAM PARKWAY NORTH,1235 ASTOR AVENUE,01 ONE FAMILY DWELLINGS
us-nyc,United States,New York,USD,650000.0,109.439734,2025-03-07,nyc_dof_rolling_sales,109.439734,,,,1950,,,01 ONE FAMILY DWELLINGS,PELHAM PARKWAY NORTH,2213 WILSON AVENUE,01 ONE FAMILY DWELLINGS
us-nyc,United States,New York,USD,785000.0,157.9351,2025-04-25,nyc_dof_rolling_sales,157.9351,,,,1950,,,01 ONE FAMILY DWELLINGS,PELHAM PARKWAY NORTH,2319 YOUNG AVENUE,01 ONE FAMILY DWELLINGS
us-nyc,United States,New York,USD,710000.0,188.59309,2025-03-21,nyc_dof_rolling_sales,188.59309,,,,1940,,,01 ONE FAMILY DWELLINGS,PELHAM PARKWAY NORTH,2324 SEYMOUR AVENUE,01 ONE FAMILY DWELLINGS
us-nyc,United States,New York,USD,570000.0,78.03852,2025-06-06,nyc_dof_rolling_sales,78.03852,,,,1899,,,01 ONE FAMILY DWELLINGS,PELHAM PARKWAY NORTH,2446 BARNES AVENUE,01 ONE FAMILY DWELLINGS
us-nyc,United States,New York,USD,569000.0,130.99323,2025-03-25,nyc_dof_rolling_sales,130.99323,,,,1925,,,01 ONE FAMILY DWELLINGS,PELHAM PARKWAY NORTH,2438 MATTHEWS AVENUE,01 ONE FAMILY DWELLINGS
us-nyc,United States,New York,USD,750000.0,151.338987,2025-01-16,nyc_dof_rolling_sales,151.338987,,,,1955,,,01 ONE FAMILY DWELLINGS,PELHAM PARKWAY NORTH,2526 MATTHEWS AVENUE,01 ONE FAMILY DWELLINGS
us-nyc,United States,New York,USD,775415.0,130.0642,2025-08-04,nyc_dof_rolling_sales,130.0642,,,,1935,,,01 ONE FAMILY DWELLINGS,PELHAM PARKWAY NORTH,2561 RADCLIFF AVENUE,01 ONE FAMILY DWELLINGS
us-nyc,United States,New York,USD,580000.0,176.329894,2025-03-13,nyc_dof_rolling_sales,176.329894,,,,1975,,,01 ONE FAMILY DWELLINGS,PELHAM PARKWAY NORTH,2445 LURTING AVE,01 ONE FAMILY DWELLINGS
us-nyc,United States,New York,USD,765000.0,225.75429,2025-10-16,nyc_dof_rolling_sales,225.75429,,,,1945,,,01 ONE FAMILY DWELLINGS,PELHAM PARKWAY NORTH,2423B HERING AVE,01 ONE FAMILY DWELLINGS
us-nyc,United States,New York,USD,619765.0,133.594514,2025-06-11,nyc_dof_rolling_sales,133.594514,,,,1940,,,01 ONE FAMILY DWELLINGS,PELHAM PARKWAY NORTH,2445 ESPLANADE AVENUE,01 ONE FAMILY DWELLINGS
us-nyc,United States,New York,USD,730000.0,167.2254,2025-01-22,nyc_dof_rolling_sales,167.2254,,,,1960,,,01 ONE FAMILY DWELLINGS,PELHAM PARKWAY NORTH,2541 HERING AVENUE,01 ONE FAMILY DWELLINGS
us-nyc,United States,New York,USD,860000.0,189.057605,2025-07-28,nyc_dof_rolling_sales,189.057605,,,,1940,,,01 ONE FAMILY DWELLINGS,PELHAM PARKWAY NORTH,2520 TENBROECK AVE,01 ONE FAMILY DWELLINGS
us-nyc,United States,New York,USD,356250.0,189.057605,2025-01-16,nyc_dof_rolling_sales,189.057605,,,,1940,,,01 ONE FAMILY DWELLINGS,PELHAM PARKWAY NORTH,2524 TENBROECK AVENUE,01 ONE FAMILY DWELLINGS
us-nyc,United States,New York,USD,790000.0,151.060278,2025-08-04,nyc_dof_rolling_sales,151.060278,,,,1935,,,01 ONE FAMILY DWELLINGS,PELHAM PARKWAY NORTH,2560 TENBROECK AVENUE,01 ONE FAMILY DWELLINGS
us-nyc,United States,New York,USD,100000.0,141.955784,2025-11-12,nyc_dof_rolling_sales,141.955784,,,,1960,,,01 ONE FAMILY DWELLINGS,PELHAM PARKWAY NORTH,2532 PEARSALL AVENUE,01 ONE FAMILY DWELLINGS
us-nyc,United States,New York,USD,750000.0,147.158352,2025-08-14,nyc_dof_rolling_sales,147.158352,,,,1960,,,01 ONE FAMILY DWELLINGS,PELHAM PARKWAY NORTH,2588 STEDMAN PLACE,01 ONE FAMILY DWELLINGS
us-nyc,United States,New York,USD,700000.0,150.781569,2025-10-10,nyc_dof_rolling_sales,150.781569,,,,1950,,,01 ONE FAMILY DWELLINGS,PELHAM PARKWAY NORTH,2449 YOUNG AVENUE,01 ONE FAMILY DWELLINGS
us-nyc,United States,New York,USD,675000.0,168.433139,2025-06-23,nyc_dof_rolling_sales,168.433139,,,,1955,,,01 ONE FAMILY DWELLINGS,PELHAM PARKWAY NORTH,2443 FISH AVENUE,01 ONE FAMILY DWELLINGS
us-nyc,United States,New York,USD,865000.0,159.421548,2025-12-15,nyc_dof_rolling_sales,159.421548,,,,1950,,,01 ONE FAMILY DWELLINGS,PELHAM PARKWAY NORTH,2533 YOUNG AVENUE,01 ONE FAMILY DWELLINGS
us-nyc,United States,New York,USD,777000.0,165.553146,2025-10-27,nyc_dof_rolling_sales,165.553146,,,,1970,,,01 ONE FAMILY DWELLINGS,PELHAM PARKWAY NORTH,2513 FISH AVENUE,01 ONE FAMILY DWELLINGS
us-nyc,United States,New York,USD,998000.0,208.10272,2025-10-28,nyc_dof_rolling_sales,208.10272,,,,1940,,,01 ONE FAMILY DWELLINGS,PELHAM PARKWAY NORTH,1357 WARING AVENUE,01 ONE FAMILY DWELLINGS
us-nyc,United States,New York,USD,759000.0,163.50928,2025-03-19,nyc_dof_rolling_sales,163.50928,,,,1945,,,01 ONE FAMILY DWELLINGS,PELHAM PARKWAY NORTH,2434 FISH AVENUE,01 ONE FAMILY DWELLINGS
us-nyc,United States,New York,USD,649120.0,168.15443,2025-05-21,nyc_dof_rolling_sales,168.15443,,,,1955,,,01 ONE FAMILY DWELLINGS,PELHAM PARKWAY NORTH,2429 MORGAN AVENUE,01 ONE FAMILY DWELLINGS
us-nyc,United States,New York,USD,805000.0,118.91584,2025-05-21,nyc_dof_rolling_sales,118.91584,,,,1925,,,01 ONE FAMILY DWELLINGS,PELHAM PARKWAY NORTH,1427 WARING AVENUE,01 ONE FAMILY DWELLINGS
us-nyc,United States,New York,USD,765000.0,183.94794,2025-05-23,nyc_dof_rolling_sales,183.94794,,,,1948,,,01 ONE FAMILY DWELLINGS,PELHAM PARKWAY NORTH,2552 FISH AVENUE,01 ONE FAMILY DWELLINGS
us-nyc,United States,New York,USD,780000.0,190.915665,2025-11-10,nyc_dof_rolling_sales,190.915665,,,,1951,,,01 ONE FAMILY DWELLINGS,PELHAM PARKWAY NORTH,2558 FISH AVENUE,01 ONE FAMILY DWELLINGS
us-nyc,United States,New York,USD,10.0,154.683495,2025-11-17,nyc_dof_rolling_sales,154.683495,,,,1956,,,01 ONE FAMILY DWELLINGS,PELHAM PARKWAY NORTH,2573 SEYMOUR AVENUE,01 ONE FAMILY DWELLINGS
us-nyc,United States,New York,USD,700000.0,154.683495,2025-08-28,nyc_dof_rolling_sales,154.683495,,,,1956,,,01 ONE FAMILY DWELLINGS,PELHAM PARKWAY NORTH,2559 SEYMOUR AVENUE,01 ONE FAMILY DWELLINGS
us-nyc,United States,New York,USD,905000.0,315.777297,2025-01-16,nyc_dof_rolling_sales,315.777297,,,,1940,,,02 TWO FAMILY DWELLINGS,PELHAM PARKWAY NORTH,2332 BARNES AVENUE,02 TWO FAMILY DWELLINGS
us-nyc,United States,New York,USD,570000.0,153.104144,2025-04-07,nyc_dof_rolling_sales,153.104144,,,,1950,,,02 TWO FAMILY DWELLINGS,PELHAM PARKWAY NORTH,2341 MATTHEWS AVE,02 TWO FAMILY DWELLINGS
us-nyc,United States,New York,USD,1250000.0,275.550298,2025-07-03,nyc_dof_rolling_sales,275.550298,,,,1960,,,02 TWO FAMILY DWELLINGS,PELHAM PARKWAY NORTH,1050 WARING AVENUE,02 TWO FAMILY DWELLINGS
us-nyc,United States,New York,USD,1237500.0,312.15408,2025-05-28,nyc_dof_rolling_sales,312.15408,,,,1960,,,02 TWO FAMILY DWELLINGS,PELHAM PARKWAY NORTH,2240 HERING AVE,02 TWO FAMILY DWELLINGS
us-nyc,United States,New York,USD,1100000.0,293.852189,2025-08-29,nyc_dof_rolling_sales,293.852189,,,,1960,,,02 TWO FAMILY DWELLINGS,PELHAM PARKWAY NORTH,1208 ASTOR AVENUE,02 TWO FAMILY DWELLINGS
us-nyc,United States,New York,USD,735000.0,162.858959,2025-02-03,nyc_dof_rolling_sales,162.858959,,,,1955,,,02 TWO FAMILY DWELLINGS,PELHAM PARKWAY NORTH,1254 WARING AVENUE,02 TWO FAMILY DWELLINGS
us-nyc,United States,New York,USD,10.0,225.011066,2025-06-23,nyc_dof_rolling_sales,225.011066,,,,1950,,,02 TWO FAMILY DWELLINGS,PELHAM PARKWAY NORTH,2428 BARNES AVENUE,02 TWO FAMILY DWELLINGS
us-nyc,United States,New York,USD,995000.0,204.572406,2025-10-31,nyc_dof_rolling_sales,204.572406,,,,1935,,,02 TWO FAMILY DWELLINGS,PELHAM PARKWAY NORTH,2543 WILLIAMSBRIDGE ROAD,02 TWO FAMILY DWELLINGS
us-nyc,United States,New York,USD,530000.0,163.230571,2025-01-09,nyc_dof_rolling_sales,163.230571,,,,1945,,,02 TWO FAMILY DWELLINGS,PELHAM PARKWAY NORTH,2565 LURTING AVENUE,02 TWO FAMILY DWELLINGS
us-nyc,United States,New York,USD,500000.0,231.792985,2025-02-27,nyc_dof_rolling_sales,231.792985,,,,1940,,,02 TWO FAMILY DWELLINGS,PELHAM PARKWAY NORTH,2573 LACONIA AVE,02 TWO FAMILY DWELLINGS
us-nyc,United States,New York,USD,750000.0,147.901576,2025-01-16,nyc_dof_rolling_sales,147.901576,,,,1950,,,02 TWO FAMILY DWELLINGS,PELHAM PARKWAY NORTH,1211 WARING AVENUE,02 TWO FAMILY DWELLINGS
us-nyc,United States,New York,USD,1135000.0,251.952936,2025-10-27,nyc_dof_rolling_sales,251.952936,,,,1940,,,02 TWO FAMILY DWELLINGS,PELHAM PARKWAY NORTH,2428 HERING AVENUE,02 TWO FAMILY DWELLINGS
us-nyc,United States,New York,USD,880000.0,157.65639099999999,2025-06-26,nyc_dof_rolling_sales,157.65639099999999,,,,1945,,,02 TWO FAMILY DWELLINGS,PELHAM PARKWAY NORTH,2438 THROOP AVENUE,02 TWO FAMILY DWELLINGS
us-nyc,United States,New York,USD,999999.0,196.95436,2025-04-24,nyc_dof_rolling_sales,196.95436,,,,1935,,,02 TWO FAMILY DWELLINGS,PELHAM PARKWAY NORTH,1262 MACE AVENUE,02 TWO FAMILY DWELLINGS
us-nyc,United States,New York,USD,1260000.0,298.21863,2025-06-27,nyc_dof_rolling_sales,298.21863,,,,1950,,,02 TWO FAMILY DWELLINGS,PELHAM PARKWAY NORTH,2439 BOUCK AVENUE,02 TWO FAMILY DWELLINGS
us-nyc,United States,New York,USD,855000.0,196.396942,2025-06-25,nyc_dof_rolling_sales,196.396942,,,,1910,,,02 TWO FAMILY DWELLINGS,PELHAM PARKWAY NORTH,2541 BOUCK AVENUE,02 TWO FAMILY DWELLINGS
us-nyc,United States,New York,USD,900000.0,245.26391999999998,2025-12-22,nyc_dof_rolling_sales,245.26391999999998,,,,1991,,,02 TWO FAMILY DWELLINGS,PELHAM PARKWAY NORTH,7 GABRIEL DRIVE,02 TWO FAMILY DWELLINGS
us-nyc,United States,New York,USD,725000.0,179.860208,2025-04-04,nyc_dof_rolling_sales,179.860208,,,,1950,,,02 TWO FAMILY DWELLINGS,PELHAM PARKWAY NORTH,2537 YOUNG AVENUE,02 TWO FAMILY DWELLINGS
us-nyc,United States,New York,USD,460000.0,134.337738,2025-09-22,nyc_dof_rolling_sales,134.337738,,,,1950,,,02 TWO FAMILY DWELLINGS,PELHAM PARKWAY NORTH,2568 WILSON AVENUE,02 TWO FAMILY DWELLINGS
us-nyc,United States,New York,USD,985000.0,184.133746,2025-11-13,nyc_dof_rolling_sales,184.133746,,,,1955,,,02 TWO FAMILY DWELLINGS,PELHAM PARKWAY NORTH,2548 YOUNG AVENUE,02 TWO FAMILY DWELLINGS
us-nyc,United States,New York,USD,900000.0,250.001973,2025-11-24,nyc_dof_rolling_sales,250.001973,,,,1940,,,02 TWO FAMILY DWELLINGS,PELHAM PARKWAY NORTH,2530 SEYMOUR AVENUE,02 TWO FAMILY DWELLINGS
us-nyc,United States,New York,USD,792500.0,233.000724,2025-08-08,nyc_dof_rolling_sales,233.000724,,,,1945,,,02 TWO FAMILY DWELLINGS,PELHAM PARKWAY NORTH,2555 MORGAN AVENUE,02 TWO FAMILY DWELLINGS
us-nyc,United States,New York,USD,1080000.0,257.527116,2025-05-07,nyc_dof_rolling_sales,257.527116,,,,1930,,,03 THREE FAMILY DWELLINGS,PELHAM PARKWAY NORTH,2218 YOUNG AVENUE,03 THREE FAMILY DWELLINGS
us-nyc,United States,New York,USD,999900.0,256.41228,2025-01-29,nyc_dof_rolling_sales,256.41228,,,,1950,,,03 THREE FAMILY DWELLINGS,PELHAM PARKWAY NORTH,2326 BOUCK AVENUE,03 THREE FAMILY DWELLINGS
us-nyc,United States,New York,USD,1195000.0,262.358072,2025-06-26,nyc_dof_rolling_sales,262.358072,,,,1940,,,03 THREE FAMILY DWELLINGS,PELHAM PARKWAY NORTH,2318 FISH AVENUE,03 THREE FAMILY DWELLINGS
us-nyc,United States,New York,USD,4550000.0,3434.62391,2025-06-25,nyc_dof_rolling_sales,3434.62391,,,,1928,,,07 RENTALS - WALKUP APARTMENTS,PELHAM PARKWAY NORTH,2303 HOLLAND AVENUE,07 RENTALS - WALKUP APARTMENTS
us-nyc,United States,New York,USD,125000.0,nan,2025-05-27,nyc_dof_rolling_sales,nan,,,,1952,,,10 COOPS - ELEVATOR APARTMENTS,PELHAM PARKWAY NORTH,"2255 CRUGER AVENUE, #5G",10 COOPS - ELEVATOR APARTMENTS
us-nyc,United States,New York,USD,144000.0,nan,2025-01-30,nyc_dof_rolling_sales,nan,,,,1952,,,10 COOPS - ELEVATOR APARTMENTS,PELHAM PARKWAY NORTH,"2255 CRUGER AVENUE, 5A",10 COOPS - ELEVATOR APARTMENTS
us-nyc,United States,New York,USD,95000.0,nan,2025-05-27,nyc_dof_rolling_sales,nan,,,,1952,,,10 COOPS - ELEVATOR APARTMENTS,PELHAM PARKWAY NORTH,"2275 CRUGER AVENUE, 4E",10 COOPS - ELEVATOR APARTMENTS
us-nyc,United States,New York,USD,2800000.0,564.478628,2025-11-24,nyc_dof_rolling_sales,564.478628,,,,1932,,,29 COMMERCIAL GARAGES,PELHAM PARKWAY NORTH,2500 BOSTON ROAD,29 COMMERCIAL GARAGES
us-nyc,United States,New York,USD,1500000.0,371.612,2025-02-05,nyc_dof_rolling_sales,371.612,,,,1935,,,37 RELIGIOUS FACILITIES,PELHAM PARKWAY NORTH,2501 LACONIA AVENUE,37 RELIGIOUS FACILITIES
us-nyc,United States,New York,USD,660000.0,183.94794,2025-09-25,nyc_dof_rolling_sales,183.94794,,,,1935,,,01 ONE FAMILY DWELLINGS,PELHAM PARKWAY SOUTH,1840 TENBROECK,01 ONE FAMILY DWELLINGS
us-nyc,United States,New York,USD,665000.0,163.230571,2025-05-09,nyc_dof_rolling_sales,163.230571,,,,1950,,,01 ONE FAMILY DWELLINGS,PELHAM PARKWAY SOUTH,1770 TENBROECK AVENUE,01 ONE FAMILY DWELLINGS
us-nyc,United States,New York,USD,615000.0,163.230571,2025-02-27,nyc_dof_rolling_sales,163.230571,,,,1950,,,01 ONE FAMILY DWELLINGS,PELHAM PARKWAY SOUTH,1778 TENBROECK AVENUE,01 ONE FAMILY DWELLINGS
us-nyc,United States,New York,USD,782000.0,145.671904,2025-09-10,nyc_dof_rolling_sales,145.671904,,,,1940,,,01 ONE FAMILY DWELLINGS,PELHAM PARKWAY SOUTH,1783 SEMINOLE AVENUE,01 ONE FAMILY DWELLINGS
us-nyc,United States,New York,USD,810000.0,130.0642,2025-04-15,nyc_dof_rolling_sales,130.0642,,,,1930,,,01 ONE FAMILY DWELLINGS,PELHAM PARKWAY SOUTH,1828 NARRAGANSETT AVENUE,01 ONE FAMILY DWELLINGS
us-nyc,United States,New York,USD,700000.0,136.753216,2025-10-07,nyc_dof_rolling_sales,136.753216,,,,1940,,,01 ONE FAMILY DWELLINGS,PELHAM PARKWAY SOUTH,1236 PINCHOT PLACE,01 ONE FAMILY DWELLINGS
us-nyc,United States,New York,USD,850000.0,143.07062,2025-05-02,nyc_dof_rolling_sales,143.07062,,,,1955,,,01 ONE FAMILY DWELLINGS,PELHAM PARKWAY SOUTH,1240 NEILL AVENUE,01 ONE FAMILY DWELLINGS
us-nyc,United States,New York,USD,1170000.0,218.136244,2025-01-06,nyc_dof_rolling_sales,218.136244,,,,1935,,,01 ONE FAMILY DWELLINGS,PELHAM PARKWAY SOUTH,1932 NARRAGANSETT AVENUE,01 ONE FAMILY DWELLINGS
us-nyc,United States,New York,USD,760000.0,203.271764,2025-01-17,nyc_dof_rolling_sales,203.271764,,,,1945,,,01 ONE FAMILY DWELLINGS,PELHAM PARKWAY SOUTH,1256 CHOCTAW PLACE,01 ONE FAMILY DWELLINGS
us-nyc,United States,New York,USD,655000.0,153.104144,2025-03-31,nyc_dof_rolling_sales,153.104144,,,,1960,,,01 ONE FAMILY DWELLINGS,PELHAM PARKWAY SOUTH,2059 MATTHEWS AVENUE,01 ONE FAMILY DWELLINGS
us-nyc,United States,New York,USD,690000.0,143.07062,2025-11-13,nyc_dof_rolling_sales,143.07062,,,,1910,,,01 ONE FAMILY DWELLINGS,PELHAM PARKWAY SOUTH,1088 LYDIG AVENUE,01 ONE FAMILY DWELLINGS
us-nyc,United States,New York,USD,670000.0,136.753216,2025-05-21,nyc_dof_rolling_sales,136.753216,,,,1935,,,01 ONE FAMILY DWELLINGS,PELHAM PARKWAY SOUTH,2020 TOMLINSON AVENUE,01 ONE FAMILY DWELLINGS
us-nyc,United States,New York,USD,490000.0,249.90906999999999,2025-02-28,nyc_dof_rolling_sales,249.90906999999999,,,,1940,,,01 ONE FAMILY DWELLINGS,PELHAM PARKWAY SOUTH,2015 TENBROECK AVENUE,01 ONE FAMILY DWELLINGS
us-nyc,United States,New York,USD,850000.0,182.647298,2025-03-31,nyc_dof_rolling_sales,182.647298,,,,1950,,,01 ONE FAMILY DWELLINGS,PELHAM PARKWAY SOUTH,1258 PELHAM PARKWAY SOUTH,01 ONE FAMILY DWELLINGS
us-nyc,United States,New York,USD,570000.0,167.2254,2025-03-28,nyc_dof_rolling_sales,167.2254,,,,1930,,,01 ONE FAMILY DWELLINGS,PELHAM PARKWAY SOUTH,2125 HAIGHT AVENUE,01 ONE FAMILY DWELLINGS
us-nyc,United States,New York,USD,700000.0,205.501436,2025-02-19,nyc_dof_rolling_sales,205.501436,,,,1940,,,02 TWO FAMILY DWELLINGS,PELHAM PARKWAY SOUTH,1756 SEMINOLE AVENUE,02 TWO FAMILY DWELLINGS
us-nyc,United States,New York,USD,825000.0,137.217731,2025-09-08,nyc_dof_rolling_sales,137.217731,,,,1945,,,02 TWO FAMILY DWELLINGS,PELHAM PARKWAY SOUTH,1528 RHINELANDER AVENUE,02 TWO FAMILY DWELLINGS
us-nyc,United States,New York,USD,820000.0,175.58667,2025-01-29,nyc_dof_rolling_sales,175.58667,,,,1945,,,02 TWO FAMILY DWELLINGS,PELHAM PARKWAY SOUTH,1566 RHINELANDER AVENUE,02 TWO FAMILY DWELLINGS
us-nyc,United States,New York,USD,930000.0,327.668881,2025-02-10,nyc_dof_rolling_sales,327.668881,,,,1940,,,02 TWO FAMILY DWELLINGS,PELHAM PARKWAY SOUTH,2111 MATTHEWS AVENUE,02 TWO FAMILY DWELLINGS
us-nyc,United States,New York,USD,1250000.0,327.668881,2025-05-07,nyc_dof_rolling_sales,327.668881,,,,1940,,,02 TWO FAMILY DWELLINGS,PELHAM PARKWAY SOUTH,2111 MATTHEWS AVENUE,02 TWO FAMILY DWELLINGS
us-nyc,United States,New York,USD,930000.0,167.132497,2025-07-02,nyc_dof_rolling_sales,167.132497,,,,1945,,,02 TWO FAMILY DWELLINGS,PELHAM PARKWAY SOUTH,2112 MATTHEWS AVE,02 TWO FAMILY DWELLINGS
us-nyc,United States,New York,USD,505000.0,192.30921,2025-06-05,nyc_dof_rolling_sales,192.30921,,,,1940,,,02 TWO FAMILY DWELLINGS,PELHAM PARKWAY SOUTH,2034 COLDEN AVENUE,02 TWO FAMILY DWELLINGS
us-nyc,United States,New York,USD,507000.0,242.47683,2025-03-19,nyc_dof_rolling_sales,242.47683,,,,1925,,,02 TWO FAMILY DWELLINGS,PELHAM PARKWAY SOUTH,2015 HONE AVENUE,02 TWO FAMILY DWELLINGS
us-nyc,United States,New York,USD,10.0,326.08953,2025-08-05,nyc_dof_rolling_sales,326.08953,,,,1945,,,02 TWO FAMILY DWELLINGS,PELHAM PARKWAY SOUTH,2005 TOMLINSON AVE,02 TWO FAMILY DWELLINGS
us-nyc,United States,New York,USD,956500.0,193.702755,2025-08-12,nyc_dof_rolling_sales,193.702755,,,,1940,,,02 TWO FAMILY DWELLINGS,PELHAM PARKWAY SOUTH,2013 NARRAGANSETT AVENUE,02 TWO FAMILY DWELLINGS
us-nyc,United States,New York,USD,747500.0,206.802078,2025-05-23,nyc_dof_rolling_sales,206.802078,,,,1940,,,02 TWO FAMILY DWELLINGS,PELHAM PARKWAY SOUTH,2116 PAULDING AVENUE,02 TWO FAMILY DWELLINGS
us-nyc,United States,New York,USD,900000.0,222.9672,2025-08-28,nyc_dof_rolling_sales,222.9672,,,,1920,,,02 TWO FAMILY DWELLINGS,PELHAM PARKWAY SOUTH,2114 HONE AVENUE,02 TWO FAMILY DWELLINGS
us-nyc,United States,New York,USD,1050000.0,265.70258,2025-11-12,nyc_dof_rolling_sales,265.70258,,,,1940,,,02 TWO FAMILY DWELLINGS,PELHAM PARKWAY SOUTH,2166 PAULDING AVENUE,02 TWO FAMILY DWELLINGS
us-nyc,United States,New York,USD,318750.0,161.093802,2025-06-05,nyc_dof_rolling_sales,161.093802,,,,1940,,,02 TWO FAMILY DWELLINGS,PELHAM PARKWAY SOUTH,1060 ESPLANADE AVE,02 TWO FAMILY DWELLINGS
us-nyc,United States,New York,USD,500000.0,271.834178,2025-08-06,nyc_dof_rolling_sales,271.834178,,,,1955,,,03 THREE FAMILY DWELLINGS,PELHAM PARKWAY SOUTH,1151 NEILL AVE,03 THREE FAMILY DWELLINGS
us-nyc,United States,New York,USD,999000.0,271.834178,2025-02-21,nyc_dof_rolling_sales,271.834178,,,,1955,,,03 THREE FAMILY DWELLINGS,PELHAM PARKWAY SOUTH,1147 NEILL AVENUE,03 THREE FAMILY DWELLINGS
us-nyc,United States,New York,USD,1510000.0,276.943843,2025-07-09,nyc_dof_rolling_sales,276.943843,,,,1950,,,03 THREE FAMILY DWELLINGS,PELHAM PARKWAY SOUTH,1181 NEILL AVENUE,03 THREE FAMILY DWELLINGS
us-nyc,United States,New York,USD,988500.0,241.083285,2025-09-23,nyc_dof_rolling_sales,241.083285,,,,1940,,,03 THREE FAMILY DWELLINGS,PELHAM PARKWAY SOUTH,2162 HAIGHT AVENUE,03 THREE FAMILY DWELLINGS
us-nyc,United States,New York,USD,15872810.0,15699.67797,2025-05-16,nyc_dof_rolling_sales,15699.67797,,,,1929,,,08 RENTALS - ELEVATOR APARTMENTS,PELHAM PARKWAY SOUTH,2100 BRONX PARK EAST,08 RENTALS - ELEVATOR APARTMENTS
us-nyc,United States,New York,USD,6450830.0,6524.57769,2025-05-16,nyc_dof_rolling_sales,6524.57769,,,,1935,,,08 RENTALS - ELEVATOR APARTMENTS,PELHAM PARKWAY SOUTH,2165 BOLTON STREET,08 RENTALS - ELEVATOR APARTMENTS
us-nyc,United States,New York,USD,6906170.0,6951.559878,2025-05-16,nyc_dof_rolling_sales,6951.559878,,,,1931,,,08 RENTALS - ELEVATOR APARTMENTS,PELHAM PARKWAY SOUTH,2160 BOLTON STREET,08 RENTALS - ELEVATOR APARTMENTS
us-nyc,United States,New York,USD,6946970.0,7389.876232,2025-05-16,nyc_dof_rolling_sales,7389.876232,,,,1931,,,08 RENTALS - ELEVATOR APARTMENTS,PELHAM PARKWAY SOUTH,2180 BOLTON STREET,08 RENTALS - ELEVATOR APARTMENTS
us-nyc,United States,New York,USD,10503830.0,8250.71543,2025-05-16,nyc_dof_rolling_sales,8250.71543,,,,1930,,,08 RENTALS - ELEVATOR APARTMENTS,PELHAM PARKWAY SOUTH,2140 CRUGER AVENUE,08 RENTALS - ELEVATOR APARTMENTS
us-nyc,United States,New York,USD,8305520.0,7668.956844,2025-05-16,nyc_dof_rolling_sales,7668.956844,,,,1930,,,08 RENTALS - ELEVATOR APARTMENTS,PELHAM PARKWAY SOUTH,2160 HOLLAND AVENUE,08 RENTALS - ELEVATOR APARTMENTS
us-nyc,United States,New York,USD,140000.0,nan,2025-08-01,nyc_dof_rolling_sales,nan,,,,1931,,,10 COOPS - ELEVATOR APARTMENTS,PELHAM PARKWAY SOUTH,"2081 CRUGER AVE, 2H",10 COOPS - ELEVATOR APARTMENTS
us-nyc,United States,New York,USD,139000.0,nan,2025-04-03,nyc_dof_rolling_sales,nan,,,,1931,,,10 COOPS - ELEVATOR APARTMENTS,PELHAM PARKWAY SOUTH,"2081 CRUGER AVENUE, 3K",10 COOPS - ELEVATOR APARTMENTS
us-nyc,United States,New York,USD,157000.0,nan,2025-04-01,nyc_dof_rolling_sales,nan,,,,1931,,,10 COOPS - ELEVATOR APARTMENTS,PELHAM PARKWAY SOUTH,"2081 CRUGER AVENUE, 5K",10 COOPS - ELEVATOR APARTMENTS
us-nyc,United States,New York,USD,70000.0,nan,2025-03-06,nyc_dof_rolling_sales,nan,,,,1930,,,10 COOPS - ELEVATOR APARTMENTS,PELHAM PARKWAY SOUTH,"2075 WALLACE AVENUE, 243",10 COOPS - ELEVATOR APARTMENTS
us-nyc,United States,New York,USD,143000.0,nan,2025-10-31,nyc_dof_rolling_sales,nan,,,,1952,,,10 COOPS - ELEVATOR APARTMENTS,PELHAM PARKWAY SOUTH,"2102 HOLLAND AVENUE, 2D",10 COOPS - ELEVATOR APARTMENTS
us-nyc,United States,New York,USD,150000.0,nan,2025-09-09,nyc_dof_rolling_sales,nan,,,,1952,,,10 COOPS - ELEVATOR APARTMENTS,PELHAM PARKWAY SOUTH,"2102 HOLLAND AVENUE, 4F",10 COOPS - ELEVATOR APARTMENTS
us-nyc,United States,New York,USD,155000.0,nan,2025-11-06,nyc_dof_rolling_sales,nan,,,,1952,,,10 COOPS - ELEVATOR APARTMENTS,PELHAM PARKWAY SOUTH,"2102 HOLLAND AVENUE, 6A",10 COOPS - ELEVATOR APARTMENTS
us-nyc,United States,New York,USD,153000.0,nan,2025-02-07,nyc_dof_rolling_sales,nan,,,,1952,,,10 COOPS - ELEVATOR APARTMENTS,PELHAM PARKWAY SOUTH,"2104 HOLLAND AVENUE, 1C",10 COOPS - ELEVATOR APARTMENTS
us-nyc,United States,New York,USD,160000.0,nan,2025-10-16,nyc_dof_rolling_sales,nan,,,,1952,,,10 COOPS - ELEVATOR APARTMENTS,PELHAM PARKWAY SOUTH,"2104 HOLLAND AVENUE, 3E",10 COOPS - ELEVATOR APARTMENTS
us-nyc,United States,New York,USD,170000.0,nan,2025-02-03,nyc_dof_rolling_sales,nan,,,,1952,,,10 COOPS - ELEVATOR APARTMENTS,PELHAM PARKWAY SOUTH,"2104 HOLLAND AVENUE, 3F",10 COOPS - ELEVATOR APARTMENTS
us-nyc,United States,New York,USD,149000.0,nan,2025-11-25,nyc_dof_rolling_sales,nan,,,,1952,,,10 COOPS - ELEVATOR APARTMENTS,PELHAM PARKWAY SOUTH,"2104 HOLLAND AVENUE, 4D",10 COOPS - ELEVATOR APARTMENTS
us-nyc,United States,New York,USD,125000.0,nan,2025-07-21,nyc_dof_rolling_sales,nan,,,,1952,,,10 COOPS - ELEVATOR APARTMENTS,PELHAM PARKWAY SOUTH,"2104 HOLLAND AVENUE, 5D",10 COOPS - ELEVATOR APARTMENTS
us-nyc,United States,New York,USD,135000.0,nan,2025-10-29,nyc_dof_rolling_sales,nan,,,,1952,,,10 COOPS - ELEVATOR APARTMENTS,PELHAM PARKWAY SOUTH,"2105 WALLACE AVENUE, 2D",10 COOPS - ELEVATOR APARTMENTS
us-nyc,United States,New York,USD,160000.0,nan,2025-02-07,nyc_dof_rolling_sales,nan,,,,1952,,,10 COOPS - ELEVATOR APARTMENTS,PELHAM PARKWAY SOUTH,"2105 WALLACE AVENUE, 6H",10 COOPS - ELEVATOR APARTMENTS
us-nyc,United States,New York,USD,165000.0,nan,2025-08-28,nyc_dof_rolling_sales,nan,,,,1952,,,10 COOPS - ELEVATOR APARTMENTS,PELHAM PARKWAY SOUTH,"2107 WALLACE AVE, 6E",10 COOPS - ELEVATOR APARTMENTS
us-nyc,United States,New York,USD,260000.0,nan,2025-01-13,nyc_dof_rolling_sales,nan,,,,1951,,,10 COOPS - ELEVATOR APARTMENTS,PELHAM PARKWAY SOUTH,"2080 BARNES AVENUE, 1C",10 COOPS - ELEVATOR APARTMENTS
us-nyc,United States,New York,USD,138000.0,nan,2025-02-21,nyc_dof_rolling_sales,nan,,,,1951,,,10 COOPS - ELEVATOR APARTMENTS,PELHAM PARKWAY SOUTH,"2080 BARNES AVENUE, 1D",10 COOPS - ELEVATOR APARTMENTS
us-nyc,United States,New York,USD,173000.0,nan,2025-08-22,nyc_dof_rolling_sales,nan,,,,1951,,,10 COOPS - ELEVATOR APARTMENTS,PELHAM PARKWAY SOUTH,"2080 BARNES AVENUE, 2E",10 COOPS - ELEVATOR APARTMENTS
us-nyc,United States,New York,USD,160000.0,nan,2025-05-15,nyc_dof_rolling_sales,nan,,,,1951,,,10 COOPS - ELEVATOR APARTMENTS,PELHAM PARKWAY SOUTH,"2080 BARNES AVENUE, 5A",10 COOPS - ELEVATOR APARTMENTS
us-nyc,United States,New York,USD,160000.0,nan,2025-03-07,nyc_dof_rolling_sales,nan,,,,1951,,,10 COOPS - ELEVATOR APARTMENTS,PELHAM PARKWAY SOUTH,"2080 BARNES AVENUE, 5D",10 COOPS - ELEVATOR APARTMENTS
us-nyc,United States,New York,USD,185000.0,nan,2025-12-15,nyc_dof_rolling_sales,nan,,,,1951,,,10 COOPS - ELEVATOR APARTMENTS,PELHAM PARKWAY SOUTH,"2090 BARNES AVENUE, 6A",10 COOPS - ELEVATOR APARTMENTS
us-nyc,United States,New York,USD,130000.0,nan,2025-07-03,nyc_dof_rolling_sales,nan,,,,1938,,,10 COOPS - ELEVATOR APARTMENTS,PELHAM PARKWAY SOUTH,"2160 BRONX PARK EAST, 3D",10 COOPS - ELEVATOR APARTMENTS
us-nyc,United States,New York,USD,175000.0,nan,2025-08-08,nyc_dof_rolling_sales,nan,,,,1938,,,10 COOPS - ELEVATOR APARTMENTS,PELHAM PARKWAY SOUTH,"2160 BRONX PARK EAST, 5F",10 COOPS - ELEVATOR APARTMENTS
us-nyc,United States,New York,USD,175000.0,nan,2025-04-17,nyc_dof_rolling_sales,nan,,,,1938,,,10 COOPS - ELEVATOR APARTMENTS,PELHAM PARKWAY SOUTH,"2160 BRONX PARK EAST, 6E",10 COOPS - ELEVATOR APARTMENTS
us-nyc,United States,New York,USD,180000.0,nan,2025-10-23,nyc_dof_rolling_sales,nan,,,,1936,,,10 COOPS - ELEVATOR APARTMENTS,PELHAM PARKWAY SOUTH,"2166 BRONX PARK EAST, 1G",10 COOPS - ELEVATOR APARTMENTS
us-nyc,United States,New York,USD,200000.0,nan,2025-06-18,nyc_dof_rolling_sales,nan,,,,1936,,,10 COOPS - ELEVATOR APARTMENTS,PELHAM PARKWAY SOUTH,"2166 BRONX PARK EAST, 2A",10 COOPS - ELEVATOR APARTMENTS
us-nyc,United States,New York,USD,248000.0,nan,2025-01-09,nyc_dof_rolling_sales,nan,,,,1936,,,10 COOPS - ELEVATOR APARTMENTS,PELHAM PARKWAY SOUTH,"2166 BRONX PARK EAST, 5F",10 COOPS - ELEVATOR APARTMENTS
us-nyc,United States,New York,USD,97000.0,nan,2025-10-20,nyc_dof_rolling_sales,nan,,,,1936,,,10 COOPS - ELEVATOR APARTMENTS,PELHAM PARKWAY SOUTH,"2166 BRONX PARK EAST, 6G",10 COOPS - ELEVATOR APARTMENTS
us-nyc,United States,New York,USD,329000.0,nan,2025-04-18,nyc_dof_rolling_sales,nan,,,,1941,,,10 COOPS - ELEVATOR APARTMENTS,PELHAM PARKWAY SOUTH,"2190 BOSTON ROAD, 1D",10 COOPS - ELEVATOR APARTMENTS
us-nyc,United States,New York,USD,130606.0,nan,2025-08-01,nyc_dof_rolling_sales,nan,,,,1930,,,10 COOPS - ELEVATOR APARTMENTS,PELHAM PARKWAY SOUTH,"2156 CRUGER AVENUE, 2A",10 COOPS - ELEVATOR APARTMENTS
us-nyc,United States,New York,USD,129000.0,nan,2025-07-11,nyc_dof_rolling_sales,nan,,,,1930,,,10 COOPS - ELEVATOR APARTMENTS,PELHAM PARKWAY SOUTH,"2156 CRUGER AVENUE, 2M",10 COOPS - ELEVATOR APARTMENTS
us-nyc,United States,New York,USD,131840.0,nan,2025-06-16,nyc_dof_rolling_sales,nan,,,,1930,,,10 COOPS - ELEVATOR APARTMENTS,PELHAM PARKWAY SOUTH,"2156 CRUGER AVENUE, 4L",10 COOPS - ELEVATOR APARTMENTS
us-nyc,United States,New York,USD,245000.0,nan,2025-10-03,nyc_dof_rolling_sales,nan,,,,1930,,,10 COOPS - ELEVATOR APARTMENTS,PELHAM PARKWAY SOUTH,"2186 CRUGER AVENUE, 2J",10 COOPS - ELEVATOR APARTMENTS
us-nyc,United States,New York,USD,273780.0,nan,2025-06-10,nyc_dof_rolling_sales,nan,,,,1930,,,10 COOPS - ELEVATOR APARTMENTS,PELHAM PARKWAY SOUTH,"2186 CRUGER AVENUE, 2L",10 COOPS - ELEVATOR APARTMENTS
us-nyc,United States,New York,USD,140000.0,nan,2025-11-12,nyc_dof_rolling_sales,nan,,,,1959,,,10 COOPS - ELEVATOR APARTMENTS,PELHAM PARKWAY SOUTH,"2165 MATTHEWS AVENUE, 1G",10 COOPS - ELEVATOR APARTMENTS
us-nyc,United States,New York,USD,120000.0,nan,2025-09-04,nyc_dof_rolling_sales,nan,,,,1959,,,10 COOPS - ELEVATOR APARTMENTS,PELHAM PARKWAY SOUTH,"2165 MATTHEWS AVENUE, 6B",10 COOPS - ELEVATOR APARTMENTS
us-nyc,United States,New York,USD,1600000.0,298.497339,2025-03-05,nyc_dof_rolling_sales,298.497339,,,,1940,,,14 RENTALS - 4-10 UNIT,PELHAM PARKWAY SOUTH,2115 MATTHEWS AVENUE,14 RENTALS - 4-10 UNIT
us-nyc,United States,New York,USD,4650000.0,1282.0614,2025-02-20,nyc_dof_rolling_sales,1282.0614,,,,1948,,,22 STORE BUILDINGS,PELHAM PARKWAY SOUTH,626 PELHAM PARKWAY SOUTH,22 STORE BUILDINGS
us-nyc,United States,New York,USD,260000.0,nan,2025-03-26,nyc_dof_rolling_sales,nan,,,,1963,,,46 CONDO STORE BUILDINGS,PELHAM PARKWAY SOUTH,"1144 LYDIG AVENUE, COM2",46 CONDO STORE BUILDINGS
us-nyc,United States,New York,USD,240000.0,nan,2025-03-26,nyc_dof_rolling_sales,nan,,,,1963,,,46 CONDO STORE BUILDINGS,PELHAM PARKWAY SOUTH,"1144 LYDIG AVENUE, COM3",46 CONDO STORE BUILDINGS
us-nyc,United States,New York,USD,300000.0,nan,2025-03-10,nyc_dof_rolling_sales,nan,,,,1963,,,46 CONDO STORE BUILDINGS,PELHAM PARKWAY SOUTH,"1144 LYDIG AVENUE, COM4",46 CONDO STORE BUILDINGS
us-nyc,United States,New York,USD,1775000.0,325.1605,2025-08-05,nyc_dof_rolling_sales,325.1605,,,,1999,,,01 ONE FAMILY DWELLINGS,RIVERDALE,2740 NETHERLAND AVENUE,01 ONE FAMILY DWELLINGS
us-nyc,United States,New York,USD,2120000.0,274.06385,2025-05-16,nyc_dof_rolling_sales,274.06385,,,,1925,,,01 ONE FAMILY DWELLINGS,RIVERDALE,2737 ARLINGTON AVENUE,01 ONE FAMILY DWELLINGS
us-nyc,United States,New York,USD,1765000.0,277.594164,2025-08-04,nyc_dof_rolling_sales,277.594164,,,,1925,,,01 ONE FAMILY DWELLINGS,RIVERDALE,2721 ARLINGTON AVENUE,01 ONE FAMILY DWELLINGS
us-nyc,United States,New York,USD,616000.0,253.810996,2025-01-13,nyc_dof_rolling_sales,253.810996,,,,1985,,,01 ONE FAMILY DWELLINGS,RIVERDALE,3014 ARLINGTON AVENUE,01 ONE FAMILY DWELLINGS
us-nyc,United States,New York,USD,1525000.0,328.319202,2025-09-30,nyc_dof_rolling_sales,328.319202,,,,1925,,,01 ONE FAMILY DWELLINGS,RIVERDALE,3007 NETHERLAND AVE,01 ONE FAMILY DWELLINGS
us-nyc,United States,New York,USD,1100000.0,130.0642,2025-06-11,nyc_dof_rolling_sales,130.0642,,,,1920,,,01 ONE FAMILY DWELLINGS,RIVERDALE,535 W. 231ST STREET,01 ONE FAMILY DWELLINGS
us-nyc,United States,New York,USD,1170000.0,217.207214,2025-07-10,nyc_dof_rolling_sales,217.207214,,,,1975,,,01 ONE FAMILY DWELLINGS,RIVERDALE,674 WEST 231ST STREET,01 ONE FAMILY DWELLINGS
us-nyc,United States,New York,USD,995000.0,217.207214,2025-08-27,nyc_dof_rolling_sales,217.207214,,,,1975,,,01 ONE FAMILY DWELLINGS,RIVERDALE,670 WEST 231 STREET,01 ONE FAMILY DWELLINGS
us-nyc,United States,New York,USD,630000.0,210.14658599999999,2025-04-09,nyc_dof_rolling_sales,210.14658599999999,,,,1930,,,01 ONE FAMILY DWELLINGS,RIVERDALE,721 W 231 ST,01 ONE FAMILY DWELLINGS
us-nyc,United States,New York,USD,1535000.0,178.002148,2025-01-14,nyc_dof_rolling_sales,178.002148,,,,1901,,,01 ONE FAMILY DWELLINGS,RIVERDALE,517 TULFAN TERRACE,01 ONE FAMILY DWELLINGS
us-nyc,United States,New York,USD,805000.0,180.603432,2025-08-29,nyc_dof_rolling_sales,180.603432,,,,1960,,,01 ONE FAMILY DWELLINGS,RIVERDALE,5450 VALLES AVE,01 ONE FAMILY DWELLINGS
us-nyc,United States,New York,USD,700000.0,110.740376,2025-09-02,nyc_dof_rolling_sales,110.740376,,,,1901,,,01 ONE FAMILY DWELLINGS,RIVERDALE,5517 FIELDSTON ROAD,01 ONE FAMILY DWELLINGS
us-nyc,United States,New York,USD,525000.0,153.847368,2025-07-25,nyc_dof_rolling_sales,153.847368,,,,1930,,,01 ONE FAMILY DWELLINGS,RIVERDALE,5618 SYLVAN AVENUE,01 ONE FAMILY DWELLINGS
us-nyc,United States,New York,USD,794000.0,151.246084,2025-11-25,nyc_dof_rolling_sales,151.246084,,,,1930,,,01 ONE FAMILY DWELLINGS,RIVERDALE,5621 POST ROAD,01 ONE FAMILY DWELLINGS
us-nyc,United States,New York,USD,795000.0,114.456496,2025-03-31,nyc_dof_rolling_sales,114.456496,,,,1930,,,01 ONE FAMILY DWELLINGS,RIVERDALE,5653 POST ROAD,01 ONE FAMILY DWELLINGS
us-nyc,United States,New York,USD,1190000.0,128.113237,2025-08-18,nyc_dof_rolling_sales,128.113237,,,,1930,,,01 ONE FAMILY DWELLINGS,RIVERDALE,5749 FARADAY AVE,01 ONE FAMILY DWELLINGS
us-nyc,United States,New York,USD,988888.0,136.009992,2025-01-16,nyc_dof_rolling_sales,136.009992,,,,1930,,,01 ONE FAMILY DWELLINGS,RIVERDALE,228 WEST 259TH STREET,01 ONE FAMILY DWELLINGS
us-nyc,United States,New York,USD,749000.0,74.879818,2025-01-14,nyc_dof_rolling_sales,74.879818,,,,1910,,,01 ONE FAMILY DWELLINGS,RIVERDALE,436 WEST 259TH STREET,01 ONE FAMILY DWELLINGS
us-nyc,United States,New York,USD,950000.0,170.755714,2025-08-14,nyc_dof_rolling_sales,170.755714,,,,1920,,,01 ONE FAMILY DWELLINGS,RIVERDALE,5611 DELAFIELD AVENUE,01 ONE FAMILY DWELLINGS
us-nyc,United States,New York,USD,885000.0,127.091304,2025-11-14,nyc_dof_rolling_sales,127.091304,,,,1950,,,01 ONE FAMILY DWELLINGS,RIVERDALE,5922 POST ROAD,01 ONE FAMILY DWELLINGS
us-nyc,United States,New York,USD,750000.0,206.430466,2025-12-05,nyc_dof_rolling_sales,206.430466,,,,1935,,,01 ONE FAMILY DWELLINGS,RIVERDALE,5926 SPENCER AVENUE,01 ONE FAMILY DWELLINGS
us-nyc,United States,New York,USD,1040000.0,299.240563,2025-06-09,nyc_dof_rolling_sales,299.240563,,,,1930,,,01 ONE FAMILY DWELLINGS,RIVERDALE,435 WEST 259 STREET,01 ONE FAMILY DWELLINGS
us-nyc,United States,New York,USD,986370.0,127.091304,2025-08-06,nyc_dof_rolling_sales,127.091304,,,,1920,,,01 ONE FAMILY DWELLINGS,RIVERDALE,227 WEST 260 STREET,01 ONE FAMILY DWELLINGS
us-nyc,United States,New York,USD,940000.0,155.984137,2025-08-04,nyc_dof_rolling_sales,155.984137,,,,2013,,,01 ONE FAMILY DWELLINGS,RIVERDALE,6033A HUXLEY AVENUE,01 ONE FAMILY DWELLINGS
us-nyc,United States,New York,USD,587000.0,167.2254,2025-02-03,nyc_dof_rolling_sales,167.2254,,,,1975,,,01 ONE FAMILY DWELLINGS,RIVERDALE,6013 HUXLEY AVE,01 ONE FAMILY DWELLINGS
us-nyc,United States,New York,USD,917500.0,132.665484,2025-07-25,nyc_dof_rolling_sales,132.665484,,,,1930,,,01 ONE FAMILY DWELLINGS,RIVERDALE,6050 TYNDALL AVENUE,01 ONE FAMILY DWELLINGS
us-nyc,United States,New York,USD,850650.0,156.07704,2025-04-02,nyc_dof_rolling_sales,156.07704,,,,1940,,,01 ONE FAMILY DWELLINGS,RIVERDALE,6128 SPENCER AVENUE,01 ONE FAMILY DWELLINGS
us-nyc,United States,New York,USD,747000.0,133.408708,2025-07-09,nyc_dof_rolling_sales,133.408708,,,,1930,,,01 ONE FAMILY DWELLINGS,RIVERDALE,224 WEST 262ND STREET,01 ONE FAMILY DWELLINGS
us-nyc,United States,New York,USD,708000.0,160.907996,2025-12-10,nyc_dof_rolling_sales,160.907996,,,,1930,,,01 ONE FAMILY DWELLINGS,RIVERDALE,6112 FIELDSTON ROAD,01 ONE FAMILY DWELLINGS
us-nyc,United States,New York,USD,890000.0,132.479678,2025-08-28,nyc_dof_rolling_sales,132.479678,,,,1940,,,01 ONE FAMILY DWELLINGS,RIVERDALE,6120 DELAFIELD AVENUE,01 ONE FAMILY DWELLINGS
us-nyc,United States,New York,USD,975000.0,181.16085,2025-01-27,nyc_dof_rolling_sales,181.16085,,,,1950,,,01 ONE FAMILY DWELLINGS,RIVERDALE,555 WEST 246 STREET,01 ONE FAMILY DWELLINGS
us-nyc,United States,New York,USD,2600000.0,263.101296,2025-08-07,nyc_dof_rolling_sales,263.101296,,,,1920,,,01 ONE FAMILY DWELLINGS,RIVERDALE,4 ALDERBROOK ROAD,01 ONE FAMILY DWELLINGS
us-nyc,United States,New York,USD,2615000.0,483.0956,2025-03-04,nyc_dof_rolling_sales,483.0956,,,,2016,,,01 ONE FAMILY DWELLINGS,RIVERDALE,680-15 DELAFIELD WAY,01 ONE FAMILY DWELLINGS
us-nyc,United States,New York,USD,3600000.0,446.398915,2025-01-15,nyc_dof_rolling_sales,446.398915,,,,1910,,,01 ONE FAMILY DWELLINGS,RIVERDALE,4515 DOUGLAS AVENUE,01 ONE FAMILY DWELLINGS
us-nyc,United States,New York,USD,4950000.0,283.075441,2025-07-30,nyc_dof_rolling_sales,283.075441,,,,1950,,,01 ONE FAMILY DWELLINGS,RIVERDALE,5447 PALISADE AVENUE,01 ONE FAMILY DWELLINGS
us-nyc,United States,New York,USD,2325000.0,500.282655,2025-06-27,nyc_dof_rolling_sales,500.282655,,,,1985,,,01 ONE FAMILY DWELLINGS,RIVERDALE,791 WEST 254 STREET,01 ONE FAMILY DWELLINGS
us-nyc,United States,New York,USD,3250000.0,740.622716,2025-08-01,nyc_dof_rolling_sales,740.622716,,,,1984,,,01 ONE FAMILY DWELLINGS,RIVERDALE,5621 PALISADE AVENUE,01 ONE FAMILY DWELLINGS
us-nyc,United States,New York,USD,2500000.0,298.590242,2025-05-09,nyc_dof_rolling_sales,298.590242,,,,1930,,,01 ONE FAMILY DWELLINGS,RIVERDALE,5243 SYCAMORE AVENUE,01 ONE FAMILY DWELLINGS
us-nyc,United States,New York,USD,1500000.0,380.530688,2025-01-23,nyc_dof_rolling_sales,380.530688,,,,1930,,,01 ONE FAMILY DWELLINGS,RIVERDALE,636 WEST 254 STREET,01 ONE FAMILY DWELLINGS
us-nyc,United States,New York,USD,1350000.0,218.507856,2025-06-30,nyc_dof_rolling_sales,218.507856,,,,1958,,,01 ONE FAMILY DWELLINGS,RIVERDALE,5204 ARLINGTON AV,01 ONE FAMILY DWELLINGS
us-nyc,United States,New York,USD,1375000.0,179.116984,2025-05-12,nyc_dof_rolling_sales,179.116984,,,,1950,,,01 ONE FAMILY DWELLINGS,RIVERDALE,5242 ARLINGTON AVENUE,01 ONE FAMILY DWELLINGS
us-nyc,United States,New York,USD,1237000.0,261.243236,2025-01-27,nyc_dof_rolling_sales,261.243236,,,,1935,,,01 ONE FAMILY DWELLINGS,RIVERDALE,5237 NETHERLAND AVENUE,01 ONE FAMILY DWELLINGS
us-nyc,United States,New York,USD,1975000.0,230.39944,2025-10-10,nyc_dof_rolling_sales,230.39944,,,,1950,,,01 ONE FAMILY DWELLINGS,RIVERDALE,5235 NETHERLAND AVENUE,01 ONE FAMILY DWELLINGS
us-nyc,United States,New York,USD,1750000.0,269.047088,2025-11-21,nyc_dof_rolling_sales,269.047088,,,,1970,,,01 ONE FAMILY DWELLINGS,RIVERDALE,11 SIGMA PLACE,01 ONE FAMILY DWELLINGS
us-nyc,United States,New York,USD,1150000.0,221.10914,2025-06-11,nyc_dof_rolling_sales,221.10914,,,,1960,,,01 ONE FAMILY DWELLINGS,RIVERDALE,621 WEST 254 STREET,01 ONE FAMILY DWELLINGS
us-nyc,United States,New York,USD,999999.0,200.11306199999999,2025-06-12,nyc_dof_rolling_sales,200.11306199999999,,,,1955,,,01 ONE FAMILY DWELLINGS,RIVERDALE,615 WEST 256 STREET,01 ONE FAMILY DWELLINGS
us-nyc,United States,New York,USD,2037300.0,481.516249,2025-10-10,nyc_dof_rolling_sales,481.516249,,,,1970,,,01 ONE FAMILY DWELLINGS,RIVERDALE,550 WEST 261ST STREET,01 ONE FAMILY DWELLINGS
us-nyc,United States,New York,USD,888000.0,326.739851,2025-09-09,nyc_dof_rolling_sales,326.739851,,,,1970,,,02 TWO FAMILY DWELLINGS,RIVERDALE,3622 JOHNSON AVE,02 TWO FAMILY DWELLINGS
us-nyc,United States,New York,USD,856000.0,185.434388,2025-11-06,nyc_dof_rolling_sales,185.434388,,,,1989,,,02 TWO FAMILY DWELLINGS,RIVERDALE,5465 SYLVAN AVENUE,02 TWO FAMILY DWELLINGS
us-nyc,United States,New York,USD,900000.0,159.421548,2025-07-25,nyc_dof_rolling_sales,159.421548,,,,1960,,,02 TWO FAMILY DWELLINGS,RIVERDALE,246 WEST 256TH STREET,02 TWO FAMILY DWELLINGS
us-nyc,United States,New York,USD,970000.0,145.300292,2025-04-17,nyc_dof_rolling_sales,145.300292,,,,1960,,,02 TWO FAMILY DWELLINGS,RIVERDALE,418 259TH STREET,02 TWO FAMILY DWELLINGS
us-nyc,United States,New York,USD,600000.0,190.636956,2025-01-06,nyc_dof_rolling_sales,190.636956,,,,1950,,,02 TWO FAMILY DWELLINGS,RIVERDALE,5924 POST ROAD,02 TWO FAMILY DWELLINGS
us-nyc,United States,New York,USD,939000.0,190.636956,2025-05-08,nyc_dof_rolling_sales,190.636956,,,,1950,,,02 TWO FAMILY DWELLINGS,RIVERDALE,5924 POST ROAD,02 TWO FAMILY DWELLINGS
us-nyc,United States,New York,USD,238000.0,232.2575,2025-08-14,nyc_dof_rolling_sales,232.2575,,,,1930,,,02 TWO FAMILY DWELLINGS,RIVERDALE,420 WEST 261ST STREET,02 TWO FAMILY DWELLINGS
us-nyc,United States,New York,USD,1250000.0,293.387674,2025-01-16,nyc_dof_rolling_sales,293.387674,,,,1920,,,02 TWO FAMILY DWELLINGS,RIVERDALE,6141 DELAFIELD AVENUE,02 TWO FAMILY DWELLINGS
us-nyc,United States,New York,USD,770000.0,310.667632,2025-03-17,nyc_dof_rolling_sales,310.667632,,,,1970,,,03 THREE FAMILY DWELLINGS,RIVERDALE,3524 CAMBRIDGE AVENUE,03 THREE FAMILY DWELLINGS
us-nyc,United States,New York,USD,1200000.0,277.594164,2025-06-03,nyc_dof_rolling_sales,277.594164,,,,1930,,,03 THREE FAMILY DWELLINGS,RIVERDALE,5420 POST ROAD,03 THREE FAMILY DWELLINGS
us-nyc,United States,New York,USD,730000.0,286.605755,2025-03-27,nyc_dof_rolling_sales,286.605755,,,,1965,,,03 THREE FAMILY DWELLINGS,RIVERDALE,5704 POST ROAD,03 THREE FAMILY DWELLINGS
us-nyc,United States,New York,USD,1287500.0,228.54138,2025-05-23,nyc_dof_rolling_sales,228.54138,,,,1960,,,03 THREE FAMILY DWELLINGS,RIVERDALE,6015 FIELDSTON ROAD,03 THREE FAMILY DWELLINGS
us-nyc,United States,New York,USD,1133000.0,243.870375,2025-01-24,nyc_dof_rolling_sales,243.870375,,,,1925,,,03 THREE FAMILY DWELLINGS,RIVERDALE,6030 DELAFIELD AVENUE,03 THREE FAMILY DWELLINGS
us-nyc,United States,New York,USD,475000.0,747.776247,2025-11-24,nyc_dof_rolling_sales,747.776247,,,,1969,,,07 RENTALS - WALKUP APARTMENTS,RIVERDALE,6545 BROADWAY,07 RENTALS - WALKUP APARTMENTS
us-nyc,United States,New York,USD,915000.0,nan,2025-01-17,nyc_dof_rolling_sales,nan,,,,1927,,,09 COOPS - WALKUP APARTMENTS,RIVERDALE,"2501 PALISADE AVENUE, F1",09 COOPS - WALKUP APARTMENTS
us-nyc,United States,New York,USD,732000.0,nan,2025-11-13,nyc_dof_rolling_sales,nan,,,,1926,,,09 COOPS - WALKUP APARTMENTS,RIVERDALE,"525 WEST 238TH STREET, 1H",09 COOPS - WALKUP APARTMENTS
us-nyc,United States,New York,USD,735000.0,nan,2025-01-27,nyc_dof_rolling_sales,nan,,,,1926,,,09 COOPS - WALKUP APARTMENTS,RIVERDALE,"525 WEST 238TH STREET, 4O",09 COOPS - WALKUP APARTMENTS
us-nyc,United States,New York,USD,390000.0,nan,2025-03-05,nyc_dof_rolling_sales,nan,,,,1926,,,09 COOPS - WALKUP APARTMENTS,RIVERDALE,"525 WEST 238TH, 2K",09 COOPS - WALKUP APARTMENTS
us-nyc,United States,New York,USD,10.0,nan,2025-04-25,nyc_dof_rolling_sales,nan,,,,1951,,,09 COOPS - WALKUP APARTMENTS,RIVERDALE,"4601 HENRY HUDSON PARKWAY, A 1",09 COOPS - WALKUP APARTMENTS
us-nyc,United States,New York,USD,242000.0,nan,2025-04-08,nyc_dof_rolling_sales,nan,,,,1958,,,10 COOPS - ELEVATOR APARTMENTS,RIVERDALE,"2465 PALISADE AVENUE, 2H",10 COOPS - ELEVATOR APARTMENTS
us-nyc,United States,New York,USD,265000.0,nan,2025-01-09,nyc_dof_rolling_sales,nan,,,,1958,,,10 COOPS - ELEVATOR APARTMENTS,RIVERDALE,"2465 PALISADES AVE, 8H",10 COOPS - ELEVATOR APARTMENTS
us-nyc,United States,New York,USD,490000.0,nan,2025-10-22,nyc_dof_rolling_sales,nan,,,,1969,,,10 COOPS - ELEVATOR APARTMENTS,RIVERDALE,"2400 JOHNSON AVE, 14K",10 COOPS - ELEVATOR APARTMENTS
us-nyc,United States,New York,USD,670000.0,nan,2025-05-28,nyc_dof_rolling_sales,nan,,,,1969,,,10 COOPS - ELEVATOR APARTMENTS,RIVERDALE,"2400 JOHNSON AVE, 1E",10 COOPS - ELEVATOR APARTMENTS
us-nyc,United States,New York,USD,100000.0,nan,2025-07-07,nyc_dof_rolling_sales,nan,,,,1969,,,10 COOPS - ELEVATOR APARTMENTS,RIVERDALE,"2400 JOHNSON AVENUE, 2D",10 COOPS - ELEVATOR APARTMENTS
us-nyc,United States,New York,USD,265000.0,nan,2025-02-19,nyc_dof_rolling_sales,nan,,,,1969,,,10 COOPS - ELEVATOR APARTMENTS,RIVERDALE,"2400 JOHNSON AVENUE, 3H",10 COOPS - ELEVATOR APARTMENTS
us-nyc,United States,New York,USD,715000.0,nan,2025-02-03,nyc_dof_rolling_sales,nan,,,,1967,,,10 COOPS - ELEVATOR APARTMENTS,RIVERDALE,"2500 JOHNSON AVE, 14H",10 COOPS - ELEVATOR APARTMENTS
us-nyc,United States,New York,USD,535000.0,nan,2025-03-18,nyc_dof_rolling_sales,nan,,,,1967,,,10 COOPS - ELEVATOR APARTMENTS,RIVERDALE,"2500 JOHNSON AVE, 3J",10 COOPS - ELEVATOR APARTMENTS
us-nyc,United States,New York,USD,250000.0,nan,2025-09-18,nyc_dof_rolling_sales,nan,,,,1967,,,10 COOPS - ELEVATOR APARTMENTS,RIVERDALE,"2500 JOHNSON AVE, 7A",10 COOPS - ELEVATOR APARTMENTS
us-nyc,United States,New York,USD,555000.0,nan,2025-08-04,nyc_dof_rolling_sales,nan,,,,1967,,,10 COOPS - ELEVATOR APARTMENTS,RIVERDALE,"2500 JOHNSON AVE, 7P",10 COOPS - ELEVATOR APARTMENTS
us-nyc,United States,New York,USD,722500.0,nan,2025-03-18,nyc_dof_rolling_sales,nan,,,,1967,,,10 COOPS - ELEVATOR APARTMENTS,RIVERDALE,"2500 JOHNSON AVE, 9H",10 COOPS - ELEVATOR APARTMENTS
us-nyc,United States,New York,USD,385000.0,nan,2025-12-15,nyc_dof_rolling_sales,nan,,,,1967,,,10 COOPS - ELEVATOR APARTMENTS,RIVERDALE,"2500 JOHNSON AVENUE, 14R",10 COOPS - ELEVATOR APARTMENTS
us-nyc,United States,New York,USD,335000.0,nan,2025-06-30,nyc_dof_rolling_sales,nan,,,,1967,,,10 COOPS - ELEVATOR APARTMENTS,RIVERDALE,"2500 JOHNSON AVENUE, 18F",10 COOPS - ELEVATOR APARTMENTS
us-nyc,United States,New York,USD,510000.0,nan,2025-12-18,nyc_dof_rolling_sales,nan,,,,1967,,,10 COOPS - ELEVATOR APARTMENTS,RIVERDALE,"2500 JOHNSON AVENUE, 4L",10 COOPS - ELEVATOR APARTMENTS
us-nyc,United States,New York,USD,250000.0,nan,2025-07-07,nyc_dof_rolling_sales,nan,,,,1967,,,10 COOPS - ELEVATOR APARTMENTS,RIVERDALE,"2500 JOHNSON AVENUE, 5E",10 COOPS - ELEVATOR APARTMENTS
us-nyc,United States,New York,USD,300000.0,nan,2025-02-13,nyc_dof_rolling_sales,nan,,,,1967,,,10 COOPS - ELEVATOR APARTMENTS,RIVERDALE,"2500 JOHNSON AVENUE, 5F",10 COOPS - ELEVATOR APARTMENTS
us-nyc,United States,New York,USD,660000.0,nan,2025-07-21,nyc_dof_rolling_sales,nan,,,,1967,,,10 COOPS - ELEVATOR APARTMENTS,RIVERDALE,"2500 JOHNSON AVENUE, 8L",10 COOPS - ELEVATOR APARTMENTS
us-nyc,United States,New York,USD,170000.0,nan,2025-01-28,nyc_dof_rolling_sales,nan,,,,1966,,,10 COOPS - ELEVATOR APARTMENTS,RIVERDALE,"555 KAPPOCK ST, 14R",10 COOPS - ELEVATOR APARTMENTS
us-nyc,United States,New York,USD,220000.0,nan,2025-10-09,nyc_dof_rolling_sales,nan,,,,1966,,,10 COOPS - ELEVATOR APARTMENTS,RIVERDALE,"555 KAPPOCK ST, 7K",10 COOPS - ELEVATOR APARTMENTS
us-nyc,United States,New York,USD,269000.0,nan,2025-06-30,nyc_dof_rolling_sales,nan,,,,1966,,,10 COOPS - ELEVATOR APARTMENTS,RIVERDALE,"555 KAPPOCK STREET, 10P",10 COOPS - ELEVATOR APARTMENTS
us-nyc,United States,New York,USD,196000.0,nan,2025-01-27,nyc_dof_rolling_sales,nan,,,,1966,,,10 COOPS - ELEVATOR APARTMENTS,RIVERDALE,"555 KAPPOCK STREET, 11N",10 COOPS - ELEVATOR APARTMENTS
us-nyc,United States,New York,USD,354000.0,nan,2025-05-28,nyc_dof_rolling_sales,nan,,,,1966,,,10 COOPS - ELEVATOR APARTMENTS,RIVERDALE,"555 KAPPOCK STREET, 12G",10 COOPS - ELEVATOR APARTMENTS
us-nyc,United States,New York,USD,432250.0,nan,2025-12-02,nyc_dof_rolling_sales,nan,,,,1966,,,10 COOPS - ELEVATOR APARTMENTS,RIVERDALE,"555 KAPPOCK STREET, 14C",10 COOPS - ELEVATOR APARTMENTS
us-nyc,United States,New York,USD,258570.0,nan,2025-04-28,nyc_dof_rolling_sales,nan,,,,1966,,,10 COOPS - ELEVATOR APARTMENTS,RIVERDALE,"555 KAPPOCK STREET, 14U",10 COOPS - ELEVATOR APARTMENTS
us-nyc,United States,New York,USD,380000.0,nan,2025-01-07,nyc_dof_rolling_sales,nan,,,,1966,,,10 COOPS - ELEVATOR APARTMENTS,RIVERDALE,"555 KAPPOCK STREET, 16H",10 COOPS - ELEVATOR APARTMENTS
us-nyc,United States,New York,USD,449500.0,nan,2025-02-13,nyc_dof_rolling_sales,nan,,,,1966,,,10 COOPS - ELEVATOR APARTMENTS,RIVERDALE,"555 KAPPOCK STREET, 17G",10 COOPS - ELEVATOR APARTMENTS
us-nyc,United States,New York,USD,230000.0,nan,2025-10-29,nyc_dof_rolling_sales,nan,,,,1966,,,10 COOPS - ELEVATOR APARTMENTS,RIVERDALE,"555 KAPPOCK STREET, 19B",10 COOPS - ELEVATOR APARTMENTS
us-nyc,United States,New York,USD,240000.0,nan,2025-09-24,nyc_dof_rolling_sales,nan,,,,1966,,,10 COOPS - ELEVATOR APARTMENTS,RIVERDALE,"555 KAPPOCK STREET, 22U",10 COOPS - ELEVATOR APARTMENTS
us-nyc,United States,New York,USD,420000.0,nan,2025-06-17,nyc_dof_rolling_sales,nan,,,,1966,,,10 COOPS - ELEVATOR APARTMENTS,RIVERDALE,"555 KAPPOCK STREET, 23S",10 COOPS - ELEVATOR APARTMENTS
us-nyc,United States,New York,USD,270000.0,nan,2025-05-19,nyc_dof_rolling_sales,nan,,,,1966,,,10 COOPS - ELEVATOR APARTMENTS,RIVERDALE,"555 KAPPOCK STREET, 2P",10 COOPS - ELEVATOR APARTMENTS
us-nyc,United States,New York,USD,412000.0,nan,2025-10-09,nyc_dof_rolling_sales,nan,,,,1966,,,10 COOPS - ELEVATOR APARTMENTS,RIVERDALE,"555 KAPPOCK STREET, 3H",10 COOPS - ELEVATOR APARTMENTS
us-nyc,United States,New York,USD,240000.0,nan,2025-01-29,nyc_dof_rolling_sales,nan,,,,1966,,,10 COOPS - ELEVATOR APARTMENTS,RIVERDALE,"555 KAPPOCK STREET, 6B",10 COOPS - ELEVATOR APARTMENTS
us-nyc,United States,New York,USD,210000.0,nan,2025-10-08,nyc_dof_rolling_sales,nan,,,,1966,,,10 COOPS - ELEVATOR APARTMENTS,RIVERDALE,"555 KAPPOCK STREET, 7F",10 COOPS - ELEVATOR APARTMENTS
us-nyc,United States,New York,USD,350000.0,nan,2025-12-15,nyc_dof_rolling_sales,nan,,,,1966,,,10 COOPS - ELEVATOR APARTMENTS,RIVERDALE,"555 KAPPOCK STREET, 7T",10 COOPS - ELEVATOR APARTMENTS
us-nyc,United States,New York,USD,480888.0,nan,2025-10-15,nyc_dof_rolling_sales,nan,,,,1966,,,10 COOPS - ELEVATOR APARTMENTS,RIVERDALE,"555 KAPPOCK STREET, 8H",10 COOPS - ELEVATOR APARTMENTS
us-nyc,United States,New York,USD,176000.0,nan,2025-04-21,nyc_dof_rolling_sales,nan,,,,1966,,,10 COOPS - ELEVATOR APARTMENTS,RIVERDALE,"555 KAPPOCK STREET, 8R",10 COOPS - ELEVATOR APARTMENTS
us-nyc,United States,New York,USD,160000.0,nan,2025-08-07,nyc_dof_rolling_sales,nan,,,,1966,,,10 COOPS - ELEVATOR APARTMENTS,RIVERDALE,"555 KAPPOCK, 10R",10 COOPS - ELEVATOR APARTMENTS
us-nyc,United States,New York,USD,232029.0,nan,2025-10-21,nyc_dof_rolling_sales,nan,,,,1953,,,10 COOPS - ELEVATOR APARTMENTS,RIVERDALE,"60 KNOLLS CRESCENT, 10D",10 COOPS - ELEVATOR APARTMENTS
us-nyc,United States,New York,USD,177819.0,nan,2025-04-15,nyc_dof_rolling_sales,nan,,,,1953,,,10 COOPS - ELEVATOR APARTMENTS,RIVERDALE,"60 KNOLLS CRESCENT, 2C",10 COOPS - ELEVATOR APARTMENTS
us-nyc,United States,New York,USD,91866.0,nan,2025-08-20,nyc_dof_rolling_sales,nan,,,,1953,,,10 COOPS - ELEVATOR APARTMENTS,RIVERDALE,"60 KNOLLS CRESCENT, 2F",10 COOPS - ELEVATOR APARTMENTS
us-nyc,United States,New York,USD,94140.0,nan,2025-04-08,nyc_dof_rolling_sales,nan,,,,1953,,,10 COOPS - ELEVATOR APARTMENTS,RIVERDALE,"60 KNOLLS CRESCENT, 3F",10 COOPS - ELEVATOR APARTMENTS
us-nyc,United States,New York,USD,227845.0,nan,2025-01-31,nyc_dof_rolling_sales,nan,,,,1953,,,10 COOPS - ELEVATOR APARTMENTS,RIVERDALE,"60 KNOLLS CRESCENT, 9J",10 COOPS - ELEVATOR APARTMENTS
us-nyc,United States,New York,USD,232029.0,nan,2025-02-13,nyc_dof_rolling_sales,nan,,,,1953,,,10 COOPS - ELEVATOR APARTMENTS,RIVERDALE,"80 KNOLLS CRESCENT, 10J",10 COOPS - ELEVATOR APARTMENTS
us-nyc,United States,New York,USD,175545.0,nan,2025-05-13,nyc_dof_rolling_sales,nan,,,,1953,,,10 COOPS - ELEVATOR APARTMENTS,RIVERDALE,"80 KNOLLS CRESCENT, 1H",10 COOPS - ELEVATOR APARTMENTS
us-nyc,United States,New York,USD,175545.0,nan,2025-01-16,nyc_dof_rolling_sales,nan,,,,1953,,,10 COOPS - ELEVATOR APARTMENTS,RIVERDALE,"80 KNOLLS CRESCENT, 1K",10 COOPS - ELEVATOR APARTMENTS
us-nyc,United States,New York,USD,184641.0,nan,2025-08-04,nyc_dof_rolling_sales,nan,,,,1953,,,10 COOPS - ELEVATOR APARTMENTS,RIVERDALE,"80 KNOLLS CRESCENT, 5K",10 COOPS - ELEVATOR APARTMENTS
us-nyc,United States,New York,USD,178729.0,nan,2025-03-27,nyc_dof_rolling_sales,nan,,,,1953,,,10 COOPS - ELEVATOR APARTMENTS,RIVERDALE,"80 KNOLLS CRESCENT, 7L",10 COOPS - ELEVATOR APARTMENTS
us-nyc,United States,New York,USD,181003.0,nan,2025-11-20,nyc_dof_rolling_sales,nan,,,,1953,,,10 COOPS - ELEVATOR APARTMENTS,RIVERDALE,"80 KNOLLS CRESCENT, 8L",10 COOPS - ELEVATOR APARTMENTS
us-nyc,United States,New York,USD,193737.0,nan,2025-03-27,nyc_dof_rolling_sales,nan,,,,1953,,,10 COOPS - ELEVATOR APARTMENTS,RIVERDALE,"80 KNOLLS CRESCENT, 9K",10 COOPS - ELEVATOR APARTMENTS
us-nyc,United States,New York,USD,204400.0,nan,2025-01-31,nyc_dof_rolling_sales,nan,,,,1954,,,10 COOPS - ELEVATOR APARTMENTS,RIVERDALE,"25 KNOLLS CRESCENT, 1D",10 COOPS - ELEVATOR APARTMENTS
us-nyc,United States,New York,USD,74000.0,nan,2025-11-10,nyc_dof_rolling_sales,nan,,,,1954,,,10 COOPS - ELEVATOR APARTMENTS,RIVERDALE,"25 KNOLLS CRESCENT, 1F",10 COOPS - ELEVATOR APARTMENTS
us-nyc,United States,New York,USD,89200.0,nan,2025-04-01,nyc_dof_rolling_sales,nan,,,,1954,,,10 COOPS - ELEVATOR APARTMENTS,RIVERDALE,"25 KNOLLS CRESCENT, 1K",10 COOPS - ELEVATOR APARTMENTS
us-nyc,United States,New York,USD,178400.0,nan,2025-03-31,nyc_dof_rolling_sales,nan,,,,1954,,,10 COOPS - ELEVATOR APARTMENTS,RIVERDALE,"25 KNOLLS CRESCENT, 1K",10 COOPS - ELEVATOR APARTMENTS
us-nyc,United States,New York,USD,156400.0,nan,2025-01-31,nyc_dof_rolling_sales,nan,,,,1954,,,10 COOPS - ELEVATOR APARTMENTS,RIVERDALE,"25 KNOLLS CRESCENT, 3L",10 COOPS - ELEVATOR APARTMENTS
us-nyc,United States,New York,USD,83200.0,nan,2025-05-01,nyc_dof_rolling_sales,nan,,,,1954,,,10 COOPS - ELEVATOR APARTMENTS,RIVERDALE,"25 KNOLLS CRESCENT, 8L",10 COOPS - ELEVATOR APARTMENTS
us-nyc,United States,New York,USD,84200.0,nan,2025-03-29,nyc_dof_rolling_sales,nan,,,,1954,,,10 COOPS - ELEVATOR APARTMENTS,RIVERDALE,"25 KNOLLS CRESCENT, 9E",10 COOPS - ELEVATOR APARTMENTS
us-nyc,United States,New York,USD,71200.0,nan,2025-01-31,nyc_dof_rolling_sales,nan,,,,1954,,,10 COOPS - ELEVATOR APARTMENTS,RIVERDALE,"55 KNOLLS CRESCENT, 11A",10 COOPS - ELEVATOR APARTMENTS
us-nyc,United States,New York,USD,122400.0,nan,2025-02-01,nyc_dof_rolling_sales,nan,,,,1954,,,10 COOPS - ELEVATOR APARTMENTS,RIVERDALE,"55 KNOLLS CRESCENT, 11A",10 COOPS - ELEVATOR APARTMENTS
us-nyc,United States,New York,USD,98800.0,nan,2025-10-09,nyc_dof_rolling_sales,nan,,,,1954,,,10 COOPS - ELEVATOR APARTMENTS,RIVERDALE,"55 KNOLLS CRESCENT, 5F",10 COOPS - ELEVATOR APARTMENTS
us-nyc,United States,New York,USD,184400.0,nan,2025-02-01,nyc_dof_rolling_sales,nan,,,,1954,,,10 COOPS - ELEVATOR APARTMENTS,RIVERDALE,"55 KNOLLS CRESCENT, 5K",10 COOPS - ELEVATOR APARTMENTS
us-nyc,United States,New York,USD,46400.0,nan,2025-03-29,nyc_dof_rolling_sales,nan,,,,1954,,,10 COOPS - ELEVATOR APARTMENTS,RIVERDALE,"55 KNOLLS CRESCENT, 7G",10 COOPS - ELEVATOR APARTMENTS
us-nyc,United States,New York,USD,295000.0,nan,2025-06-16,nyc_dof_rolling_sales,nan,,,,1960,,,10 COOPS - ELEVATOR APARTMENTS,RIVERDALE,"601 KAPPOCK ST, 5J",10 COOPS - ELEVATOR APARTMENTS
us-nyc,United States,New York,USD,283500.0,nan,2025-01-08,nyc_dof_rolling_sales,nan,,,,1960,,,10 COOPS - ELEVATOR APARTMENTS,RIVERDALE,"601 KAPPOCK STREET, 5C",10 COOPS - ELEVATOR APARTMENTS
us-nyc,United States,New York,USD,215000.0,nan,2025-07-14,nyc_dof_rolling_sales,nan,,,,1960,,,10 COOPS - ELEVATOR APARTMENTS,RIVERDALE,"601 KAPPOCK STREET, 5S",10 COOPS - ELEVATOR APARTMENTS
us-nyc,United States,New York,USD,301000.0,nan,2025-04-17,nyc_dof_rolling_sales,nan,,,,1960,,,10 COOPS - ELEVATOR APARTMENTS,RIVERDALE,"601 KAPPOCK STREET, 6A",10 COOPS - ELEVATOR APARTMENTS
us-nyc,United States,New York,USD,320000.0,nan,2025-03-31,nyc_dof_rolling_sales,nan,,,,1960,,,10 COOPS - ELEVATOR APARTMENTS,RIVERDALE,"601 KAPPOCK STREET, 6L",10 COOPS - ELEVATOR APARTMENTS
us-nyc,United States,New York,USD,380000.0,nan,2025-09-12,nyc_dof_rolling_sales,nan,,,,1962,,,10 COOPS - ELEVATOR APARTMENTS,RIVERDALE,"609 KAPPOCK ST, 5C",10 COOPS - ELEVATOR APARTMENTS
us-nyc,United States,New York,USD,389500.0,nan,2025-05-14,nyc_dof_rolling_sales,nan,,,,1961,,,10 COOPS - ELEVATOR APARTMENTS,RIVERDALE,"629 KAPPOCK STREET, 5B",10 COOPS - ELEVATOR APARTMENTS
us-nyc,United States,New York,USD,235000.0,nan,2025-06-30,nyc_dof_rolling_sales,nan,,,,1961,,,10 COOPS - ELEVATOR APARTMENTS,RIVERDALE,"629 KAPPOCK STREET, 6J",10 COOPS - ELEVATOR APARTMENTS
us-nyc,United States,New York,USD,380000.0,nan,2025-11-04,nyc_dof_rolling_sales,nan,,,,1961,,,10 COOPS - ELEVATOR APARTMENTS,RIVERDALE,"629 KAPPOCK, 4LM",10 COOPS - ELEVATOR APARTMENTS
us-nyc,United States,New York,USD,415000.0,nan,2025-11-13,nyc_dof_rolling_sales,nan,,,,1964,,,10 COOPS - ELEVATOR APARTMENTS,RIVERDALE,"2750 JOHNSON AVENUE, 9B",10 COOPS - ELEVATOR APARTMENTS
us-nyc,United States,New York,USD,419000.0,nan,2025-12-29,nyc_dof_rolling_sales,nan,,,,1958,,,10 COOPS - ELEVATOR APARTMENTS,RIVERDALE,"3050 FAIRFIELD AVENUE, 3J",10 COOPS - ELEVATOR APARTMENTS
us-nyc,United States,New York,USD,250000.0,nan,2025-06-09,nyc_dof_rolling_sales,nan,,,,1958,,,10 COOPS - ELEVATOR APARTMENTS,RIVERDALE,"3050 FAIRFIELD AVENUE, 5C",10 COOPS - ELEVATOR APARTMENTS
us-nyc,United States,New York,USD,360000.0,nan,2025-06-17,nyc_dof_rolling_sales,nan,,,,1958,,,10 COOPS - ELEVATOR APARTMENTS,RIVERDALE,"3050 FAIRFIELD AVENUE, 6G",10 COOPS - ELEVATOR APARTMENTS
us-nyc,United States,New York,USD,429500.0,nan,2025-06-04,nyc_dof_rolling_sales,nan,,,,1958,,,10 COOPS - ELEVATOR APARTMENTS,RIVERDALE,"3050 FAIRFIELD AVENUE, 7E",10 COOPS - ELEVATOR APARTMENTS
us-nyc,United States,New York,USD,275000.0,nan,2025-08-05,nyc_dof_rolling_sales,nan,,,,1958,,,10 COOPS - ELEVATOR APARTMENTS,RIVERDALE,"3050 FAIRFIELD AVENUE, 8B",10 COOPS - ELEVATOR APARTMENTS
us-nyc,United States,New York,USD,365000.0,nan,2025-11-18,nyc_dof_rolling_sales,nan,,,,1953,,,10 COOPS - ELEVATOR APARTMENTS,RIVERDALE,"640 WEST 231ST ST, 5F",10 COOPS - ELEVATOR APARTMENTS
us-nyc,United States,New York,USD,420000.0,nan,2025-03-28,nyc_dof_rolling_sales,nan,,,,1941,,,10 COOPS - ELEVATOR APARTMENTS,RIVERDALE,"3015 RIVERDALE AVENUE, 1D",10 COOPS - ELEVATOR APARTMENTS
us-nyc,United States,New York,USD,300700.0,nan,2025-03-21,nyc_dof_rolling_sales,nan,,,,1941,,,10 COOPS - ELEVATOR APARTMENTS,RIVERDALE,"3015 RIVERDALE AVENUE, 2D",10 COOPS - ELEVATOR APARTMENTS
us-nyc,United States,New York,USD,260000.0,nan,2025-03-20,nyc_dof_rolling_sales,nan,,,,1941,,,10 COOPS - ELEVATOR APARTMENTS,RIVERDALE,"3015 RIVERDALE AVENUE, 2K",10 COOPS - ELEVATOR APARTMENTS
us-nyc,United States,New York,USD,335000.0,nan,2025-04-02,nyc_dof_rolling_sales,nan,,,,1941,,,10 COOPS - ELEVATOR APARTMENTS,RIVERDALE,"3015 RIVERDALE AVENUE, 3D",10 COOPS - ELEVATOR APARTMENTS
us-nyc,United States,New York,USD,365000.0,nan,2025-04-02,nyc_dof_rolling_sales,nan,,,,1941,,,10 COOPS - ELEVATOR APARTMENTS,RIVERDALE,"3015 RIVERDALE AVENUE, 3J",10 COOPS - ELEVATOR APARTMENTS
us-nyc,United States,New York,USD,285000.0,nan,2025-04-03,nyc_dof_rolling_sales,nan,,,,1941,,,10 COOPS - ELEVATOR APARTMENTS,RIVERDALE,"3015 RIVERDALE AVENUE, 5H",10 COOPS - ELEVATOR APARTMENTS
us-nyc,United States,New York,USD,309000.0,nan,2025-07-08,nyc_dof_rolling_sales,nan,,,,1941,,,10 COOPS - ELEVATOR APARTMENTS,RIVERDALE,"3017 RIVERDALE AVENUE, 3F",10 COOPS - ELEVATOR APARTMENTS
us-nyc,United States,New York,USD,275000.0,nan,2025-10-15,nyc_dof_rolling_sales,nan,,,,1941,,,10 COOPS - ELEVATOR APARTMENTS,RIVERDALE,"3017 RIVERDALE AVENUE, 4A",10 COOPS - ELEVATOR APARTMENTS
us-nyc,United States,New York,USD,337500.0,nan,2025-10-23,nyc_dof_rolling_sales,nan,,,,1953,,,10 COOPS - ELEVATOR APARTMENTS,RIVERDALE,"3135 JOHNSON AVENUE, 11A",10 COOPS - ELEVATOR APARTMENTS
us-nyc,United States,New York,USD,450000.0,nan,2025-07-14,nyc_dof_rolling_sales,nan,,,,1953,,,10 COOPS - ELEVATOR APARTMENTS,RIVERDALE,"3135 JOHNSON AVENUE, 12B",10 COOPS - ELEVATOR APARTMENTS
us-nyc,United States,New York,USD,310000.0,nan,2025-04-14,nyc_dof_rolling_sales,nan,,,,1953,,,10 COOPS - ELEVATOR APARTMENTS,RIVERDALE,"3135 JOHNSON AVENUE, 8G",10 COOPS - ELEVATOR APARTMENTS
us-nyc,United States,New York,USD,165000.0,nan,2025-06-27,nyc_dof_rolling_sales,nan,,,,1949,,,10 COOPS - ELEVATOR APARTMENTS,RIVERDALE,"3103 FAIRFIELD AVENUE, 11E",10 COOPS - ELEVATOR APARTMENTS
us-nyc,United States,New York,USD,315000.0,nan,2025-04-10,nyc_dof_rolling_sales,nan,,,,1961,,,10 COOPS - ELEVATOR APARTMENTS,RIVERDALE,"2530 INDEPENDENCE AVE, 4H",10 COOPS - ELEVATOR APARTMENTS
us-nyc,United States,New York,USD,250000.0,nan,2025-06-06,nyc_dof_rolling_sales,nan,,,,1961,,,10 COOPS - ELEVATOR APARTMENTS,RIVERDALE,"2530 INDEPENDENCE AVENUE, #6J",10 COOPS - ELEVATOR APARTMENTS
us-nyc,United States,New York,USD,390000.0,nan,2025-04-23,nyc_dof_rolling_sales,nan,,,,1964,,,10 COOPS - ELEVATOR APARTMENTS,RIVERDALE,"2390 PALISADE AVE, 6A",10 COOPS - ELEVATOR APARTMENTS
us-nyc,United States,New York,USD,377000.0,nan,2025-02-11,nyc_dof_rolling_sales,nan,,,,1964,,,10 COOPS - ELEVATOR APARTMENTS,RIVERDALE,"2390 PALISADE AVENUE, 3A",10 COOPS - ELEVATOR APARTMENTS
us-nyc,United States,New York,USD,200000.0,nan,2025-03-28,nyc_dof_rolling_sales,nan,,,,1964,,,10 COOPS - ELEVATOR APARTMENTS,RIVERDALE,"2390 PALISADE AVENUE, 4K",10 COOPS - ELEVATOR APARTMENTS
us-nyc,United States,New York,USD,225000.0,nan,2025-10-06,nyc_dof_rolling_sales,nan,,,,1959,,,10 COOPS - ELEVATOR APARTMENTS,RIVERDALE,"2550 INDEPENDENCE AVE, 4A",10 COOPS - ELEVATOR APARTMENTS
us-nyc,United States,New York,USD,550000.0,nan,2025-11-19,nyc_dof_rolling_sales,nan,,,,1959,,,10 COOPS - ELEVATOR APARTMENTS,RIVERDALE,"2550 INDEPENDENCE AVE, 7G",10 COOPS - ELEVATOR APARTMENTS
us-nyc,United States,New York,USD,158000.0,nan,2025-05-28,nyc_dof_rolling_sales,nan,,,,1959,,,10 COOPS - ELEVATOR APARTMENTS,RIVERDALE,"2550 INDEPENDENCE AVENUE, 3V",10 COOPS - ELEVATOR APARTMENTS
us-nyc,United States,New York,USD,350000.0,nan,2025-08-12,nyc_dof_rolling_sales,nan,,,,1959,,,10 COOPS - ELEVATOR APARTMENTS,RIVERDALE,"2550 INDEPENDENCE AVENUE, 4J",10 COOPS - ELEVATOR APARTMENTS
us-nyc,United States,New York,USD,250000.0,nan,2025-12-10,nyc_dof_rolling_sales,nan,,,,1959,,,10 COOPS - ELEVATOR APARTMENTS,RIVERDALE,"2550 INDEPENDENCE AVENUE, 7L",10 COOPS - ELEVATOR APARTMENTS
us-nyc,United States,New York,USD,510000.0,nan,2025-09-19,nyc_dof_rolling_sales,nan,,,,1953,,,10 COOPS - ELEVATOR APARTMENTS,RIVERDALE,"750 KAPPOCK STREET, #A1",10 COOPS - ELEVATOR APARTMENTS
us-nyc,United States,New York,USD,240000.0,nan,2025-04-21,nyc_dof_rolling_sales,nan,,,,1953,,,10 COOPS - ELEVATOR APARTMENTS,RIVERDALE,"750 KAPPOCK STREET, 108",10 COOPS - ELEVATOR APARTMENTS
us-nyc,United States,New York,USD,272000.0,nan,2025-04-24,nyc_dof_rolling_sales,nan,,,,1953,,,10 COOPS - ELEVATOR APARTMENTS,RIVERDALE,"750 KAPPOCK STREET, 502",10 COOPS - ELEVATOR APARTMENTS
us-nyc,United States,New York,USD,543000.0,nan,2025-04-09,nyc_dof_rolling_sales,nan,,,,1953,,,10 COOPS - ELEVATOR APARTMENTS,RIVERDALE,"750 KAPPOCK STREET, 510",10 COOPS - ELEVATOR APARTMENTS
us-nyc,United States,New York,USD,635000.0,nan,2025-02-20,nyc_dof_rolling_sales,nan,,,,1953,,,10 COOPS - ELEVATOR APARTMENTS,RIVERDALE,"750 KAPPOCK STREET, 910",10 COOPS - ELEVATOR APARTMENTS
us-nyc,United States,New York,USD,727500.0,nan,2025-05-22,nyc_dof_rolling_sales,nan,,,,1962,,,10 COOPS - ELEVATOR APARTMENTS,RIVERDALE,"2621 PALISADE AVE, 15A",10 COOPS - ELEVATOR APARTMENTS
us-nyc,United States,New York,USD,410000.0,nan,2025-10-23,nyc_dof_rolling_sales,nan,,,,1962,,,10 COOPS - ELEVATOR APARTMENTS,RIVERDALE,"2621 PALISADE AVENUE, 14F",10 COOPS - ELEVATOR APARTMENTS
us-nyc,United States,New York,USD,304500.0,nan,2025-07-29,nyc_dof_rolling_sales,nan,,,,1962,,,10 COOPS - ELEVATOR APARTMENTS,RIVERDALE,"2621 PALISADE AVENUE, 3F",10 COOPS - ELEVATOR APARTMENTS
us-nyc,United States,New York,USD,248000.0,nan,2025-05-22,nyc_dof_rolling_sales,nan,,,,1962,,,10 COOPS - ELEVATOR APARTMENTS,RIVERDALE,"2621 PALISADE AVENUE, 6E",10 COOPS - ELEVATOR APARTMENTS
us-nyc,United States,New York,USD,925000.0,nan,2025-07-14,nyc_dof_rolling_sales,nan,,,,1962,,,10 COOPS - ELEVATOR APARTMENTS,RIVERDALE,"2621 PALISADE AVENUE, 9B",10 COOPS - ELEVATOR APARTMENTS
us-nyc,United States,New York,USD,632000.0,nan,2025-05-15,nyc_dof_rolling_sales,nan,,,,1962,,,10 COOPS - ELEVATOR APARTMENTS,RIVERDALE,"2621 PALISADES AVENUE, 1A",10 COOPS - ELEVATOR APARTMENTS
us-nyc,United States,New York,USD,705000.0,nan,2025-02-20,nyc_dof_rolling_sales,nan,,,,1955,,,10 COOPS - ELEVATOR APARTMENTS,RIVERDALE,"2727 PALISADE AVE, 15C",10 COOPS - ELEVATOR APARTMENTS
us-nyc,United States,New York,USD,375000.0,nan,2025-04-22,nyc_dof_rolling_sales,nan,,,,1955,,,10 COOPS - ELEVATOR APARTMENTS,RIVERDALE,"2727 PALISADE AVENUE, 12A",10 COOPS - ELEVATOR APARTMENTS
us-nyc,United States,New York,USD,340000.0,nan,2025-11-20,nyc_dof_rolling_sales,nan,,,,1955,,,10 COOPS - ELEVATOR APARTMENTS,RIVERDALE,"2727 PALISADE AVENUE, 14A",10 COOPS - ELEVATOR APARTMENTS
us-nyc,United States,New York,USD,999999.0,nan,2025-11-25,nyc_dof_rolling_sales,nan,,,,1955,,,10 COOPS - ELEVATOR APARTMENTS,RIVERDALE,"2727 PALISADE AVENUE, 16A",10 COOPS - ELEVATOR APARTMENTS
us-nyc,United States,New York,USD,999999.0,nan,2025-11-25,nyc_dof_rolling_sales,nan,,,,1955,,,10 COOPS - ELEVATOR APARTMENTS,RIVERDALE,"2727 PALISADE AVENUE, 16B",10 COOPS - ELEVATOR APARTMENTS
us-nyc,United States,New York,USD,555000.0,nan,2025-08-05,nyc_dof_rolling_sales,nan,,,,1958,,,10 COOPS - ELEVATOR APARTMENTS,RIVERDALE,"2575 PALISADE AVENUE, 10G",10 COOPS - ELEVATOR APARTMENTS
us-nyc,United States,New York,USD,340000.0,nan,2025-09-30,nyc_dof_rolling_sales,nan,,,,1958,,,10 COOPS - ELEVATOR APARTMENTS,RIVERDALE,"2575 PALISADE AVENUE, 2J",10 COOPS - ELEVATOR APARTMENTS
us-nyc,United States,New York,USD,825000.0,nan,2025-05-07,nyc_dof_rolling_sales,nan,,,,1958,,,10 COOPS - ELEVATOR APARTMENTS,RIVERDALE,"2575 PALISADE AVENUE, 4JK",10 COOPS - ELEVATOR APARTMENTS
us-nyc,United States,New York,USD,465000.0,nan,2025-03-27,nyc_dof_rolling_sales,nan,,,,1958,,,10 COOPS - ELEVATOR APARTMENTS,RIVERDALE,"2575 PALISADE AVENUE, 5B",10 COOPS - ELEVATOR APARTMENTS
us-nyc,United States,New York,USD,860000.0,nan,2025-04-09,nyc_dof_rolling_sales,nan,,,,1958,,,10 COOPS - ELEVATOR APARTMENTS,RIVERDALE,"2575 PALISADE AVENUE, 5JK",10 COOPS - ELEVATOR APARTMENTS
us-nyc,United States,New York,USD,330000.0,nan,2025-04-09,nyc_dof_rolling_sales,nan,,,,1953,,,10 COOPS - ELEVATOR APARTMENTS,RIVERDALE,"2711 HENRY HUDSON PARKWAY, #4E",10 COOPS - ELEVATOR APARTMENTS
us-nyc,United States,New York,USD,418000.0,nan,2025-04-30,nyc_dof_rolling_sales,nan,,,,1970,,,10 COOPS - ELEVATOR APARTMENTS,RIVERDALE,"2736 INDEPENDENCE AVE, 2D",10 COOPS - ELEVATOR APARTMENTS
us-nyc,United States,New York,USD,367500.0,nan,2025-02-14,nyc_dof_rolling_sales,nan,,,,1970,,,10 COOPS - ELEVATOR APARTMENTS,RIVERDALE,"2736 INDEPENDENCE AVENUE, 1C",10 COOPS - ELEVATOR APARTMENTS
us-nyc,United States,New York,USD,1010500.0,nan,2025-11-10,nyc_dof_rolling_sales,nan,,,,1934,,,10 COOPS - ELEVATOR APARTMENTS,RIVERDALE,"3001 HENRY HUDSON PARKWAY, 1FG",10 COOPS - ELEVATOR APARTMENTS
us-nyc,United States,New York,USD,775000.0,nan,2025-10-14,nyc_dof_rolling_sales,nan,,,,1934,,,10 COOPS - ELEVATOR APARTMENTS,RIVERDALE,"3001 HENRY HUDSON PARKWAY, 4B",10 COOPS - ELEVATOR APARTMENTS
us-nyc,United States,New York,USD,415000.0,nan,2025-01-21,nyc_dof_rolling_sales,nan,,,,1953,,,10 COOPS - ELEVATOR APARTMENTS,RIVERDALE,"735 KAPPOCK STREET, 9C",10 COOPS - ELEVATOR APARTMENTS
us-nyc,United States,New York,USD,190000.0,nan,2025-04-23,nyc_dof_rolling_sales,nan,,,,1941,,,10 COOPS - ELEVATOR APARTMENTS,RIVERDALE,"3600 FIELDSTON ROAD, 3F",10 COOPS - ELEVATOR APARTMENTS
us-nyc,United States,New York,USD,258000.0,nan,2025-05-13,nyc_dof_rolling_sales,nan,,,,1941,,,10 COOPS - ELEVATOR APARTMENTS,RIVERDALE,"3600 FIELDSTON ROAD, 7L",10 COOPS - ELEVATOR APARTMENTS
us-nyc,United States,New York,USD,265000.0,nan,2025-09-03,nyc_dof_rolling_sales,nan,,,,1939,,,10 COOPS - ELEVATOR APARTMENTS,RIVERDALE,"3810 GREYSTONE AVENUE, 301",10 COOPS - ELEVATOR APARTMENTS
us-nyc,United States,New York,USD,275000.0,nan,2025-10-31,nyc_dof_rolling_sales,nan,,,,1939,,,10 COOPS - ELEVATOR APARTMENTS,RIVERDALE,"3810 GREYSTONE AVENUE, 307",10 COOPS - ELEVATOR APARTMENTS
us-nyc,United States,New York,USD,304000.0,nan,2025-02-11,nyc_dof_rolling_sales,nan,,,,1951,,,10 COOPS - ELEVATOR APARTMENTS,RIVERDALE,"3840 GREYSTONE AVE, 3Q",10 COOPS - ELEVATOR APARTMENTS
us-nyc,United States,New York,USD,275000.0,nan,2025-06-27,nyc_dof_rolling_sales,nan,,,,1951,,,10 COOPS - ELEVATOR APARTMENTS,RIVERDALE,"3840 GREYSTONE AVENUE, 2S",10 COOPS - ELEVATOR APARTMENTS
us-nyc,United States,New York,USD,240000.0,nan,2025-12-03,nyc_dof_rolling_sales,nan,,,,1951,,,10 COOPS - ELEVATOR APARTMENTS,RIVERDALE,"3840 GREYSTONE AVENUE, 3A",10 COOPS - ELEVATOR APARTMENTS
us-nyc,United States,New York,USD,205000.0,nan,2025-11-10,nyc_dof_rolling_sales,nan,,,,1951,,,10 COOPS - ELEVATOR APARTMENTS,RIVERDALE,"3840 GREYSTONE AVENUE, 3I",10 COOPS - ELEVATOR APARTMENTS
us-nyc,United States,New York,USD,364026.0,nan,2025-08-07,nyc_dof_rolling_sales,nan,,,,1951,,,10 COOPS - ELEVATOR APARTMENTS,RIVERDALE,"3840 GREYSTONE AVENUE, 5G",10 COOPS - ELEVATOR APARTMENTS
us-nyc,United States,New York,USD,585000.0,nan,2025-03-20,nyc_dof_rolling_sales,nan,,,,1954,,,10 COOPS - ELEVATOR APARTMENTS,RIVERDALE,"3299 CAMBRIDGE AVENUE, 5H",10 COOPS - ELEVATOR APARTMENTS
us-nyc,United States,New York,USD,450000.0,nan,2025-10-23,nyc_dof_rolling_sales,nan,,,,1954,,,10 COOPS - ELEVATOR APARTMENTS,RIVERDALE,"3299 CAMBRIDGE AVENUE, 6L",10 COOPS - ELEVATOR APARTMENTS
us-nyc,United States,New York,USD,541500.0,nan,2025-12-15,nyc_dof_rolling_sales,nan,,,,1954,,,10 COOPS - ELEVATOR APARTMENTS,RIVERDALE,"3299 CAMBRIDGE AVENUE, 8J",10 COOPS - ELEVATOR APARTMENTS
us-nyc,United States,New York,USD,295000.0,nan,2025-02-03,nyc_dof_rolling_sales,nan,,,,1960,,,10 COOPS - ELEVATOR APARTMENTS,RIVERDALE,"3235 CAMBRIDGE AVE, 1H",10 COOPS - ELEVATOR APARTMENTS
us-nyc,United States,New York,USD,210000.0,nan,2025-04-18,nyc_dof_rolling_sales,nan,,,,1960,,,10 COOPS - ELEVATOR APARTMENTS,RIVERDALE,"3235 CAMBRIDGE AVENUE, 7D",10 COOPS - ELEVATOR APARTMENTS
us-nyc,United States,New York,USD,236000.0,nan,2025-06-06,nyc_dof_rolling_sales,nan,,,,1950,,,10 COOPS - ELEVATOR APARTMENTS,RIVERDALE,"3260 NETHERLAND AVENUE, 1B",10 COOPS - ELEVATOR APARTMENTS
us-nyc,United States,New York,USD,240000.0,nan,2025-03-14,nyc_dof_rolling_sales,nan,,,,1950,,,10 COOPS - ELEVATOR APARTMENTS,RIVERDALE,"3260 NETHERLAND AVENUE, 1J",10 COOPS - ELEVATOR APARTMENTS
us-nyc,United States,New York,USD,240000.0,nan,2025-04-03,nyc_dof_rolling_sales,nan,,,,1950,,,10 COOPS - ELEVATOR APARTMENTS,RIVERDALE,"3260 NETHERLAND AVENUE, 2A",10 COOPS - ELEVATOR APARTMENTS
us-nyc,United States,New York,USD,174000.0,nan,2025-08-20,nyc_dof_rolling_sales,nan,,,,1950,,,10 COOPS - ELEVATOR APARTMENTS,RIVERDALE,"3260 NETHERLAND AVENUE, 2E",10 COOPS - ELEVATOR APARTMENTS
us-nyc,United States,New York,USD,380000.0,nan,2025-04-08,nyc_dof_rolling_sales,nan,,,,1950,,,10 COOPS - ELEVATOR APARTMENTS,RIVERDALE,"3260 NETHERLAND AVENUE, 3G",10 COOPS - ELEVATOR APARTMENTS
us-nyc,United States,New York,USD,255250.0,nan,2025-08-07,nyc_dof_rolling_sales,nan,,,,1950,,,10 COOPS - ELEVATOR APARTMENTS,RIVERDALE,"3260 NETHERLAND AVENUE, 4J",10 COOPS - ELEVATOR APARTMENTS
us-nyc,United States,New York,USD,245000.0,nan,2025-04-04,nyc_dof_rolling_sales,nan,,,,1950,,,10 COOPS - ELEVATOR APARTMENTS,RIVERDALE,"3260 NETHERLAND AVENUE, 6B",10 COOPS - ELEVATOR APARTMENTS
us-nyc,United States,New York,USD,270000.0,nan,2025-10-15,nyc_dof_rolling_sales,nan,,,,1950,,,10 COOPS - ELEVATOR APARTMENTS,RIVERDALE,"3260 NETHERLAND AVENUE, 6H",10 COOPS - ELEVATOR APARTMENTS
us-nyc,United States,New York,USD,220000.0,nan,2025-07-16,nyc_dof_rolling_sales,nan,,,,1955,,,10 COOPS - ELEVATOR APARTMENTS,RIVERDALE,"3210 ARLINGTON AVENUE, 3B",10 COOPS - ELEVATOR APARTMENTS
us-nyc,United States,New York,USD,349000.0,nan,2025-03-10,nyc_dof_rolling_sales,nan,,,,1955,,,10 COOPS - ELEVATOR APARTMENTS,RIVERDALE,"3210 ARLINGTON AVENUE, 3J",10 COOPS - ELEVATOR APARTMENTS
us-nyc,United States,New York,USD,355000.0,nan,2025-07-18,nyc_dof_rolling_sales,nan,,,,1955,,,10 COOPS - ELEVATOR APARTMENTS,RIVERDALE,"3210 ARLINGTON AVENUE, 6D",10 COOPS - ELEVATOR APARTMENTS
us-nyc,United States,New York,USD,360000.0,nan,2025-10-23,nyc_dof_rolling_sales,nan,,,,1939,,,10 COOPS - ELEVATOR APARTMENTS,RIVERDALE,"3215 NETHERLAND AVENUE, 5C",10 COOPS - ELEVATOR APARTMENTS
us-nyc,United States,New York,USD,145000.0,nan,2025-08-06,nyc_dof_rolling_sales,nan,,,,1954,,,10 COOPS - ELEVATOR APARTMENTS,RIVERDALE,"3206 FAIRFIELD AVE, 5B",10 COOPS - ELEVATOR APARTMENTS
us-nyc,United States,New York,USD,212940.0,nan,2025-03-31,nyc_dof_rolling_sales,nan,,,,1958,,,10 COOPS - ELEVATOR APARTMENTS,RIVERDALE,"3215 ARLINGTON AVE., 1A",10 COOPS - ELEVATOR APARTMENTS
us-nyc,United States,New York,USD,251794.0,nan,2025-04-15,nyc_dof_rolling_sales,nan,,,,1958,,,10 COOPS - ELEVATOR APARTMENTS,RIVERDALE,"3215 ARLINGTON AVE., 5K",10 COOPS - ELEVATOR APARTMENTS
us-nyc,United States,New York,USD,170000.0,nan,2025-09-02,nyc_dof_rolling_sales,nan,,,,1958,,,10 COOPS - ELEVATOR APARTMENTS,RIVERDALE,"3215 ARLINGTON AVENUE, 1B",10 COOPS - ELEVATOR APARTMENTS
us-nyc,United States,New York,USD,214000.0,nan,2025-01-31,nyc_dof_rolling_sales,nan,,,,1958,,,10 COOPS - ELEVATOR APARTMENTS,RIVERDALE,"3215 ARLINGTON AVENUE, 7F",10 COOPS - ELEVATOR APARTMENTS
us-nyc,United States,New York,USD,185000.0,nan,2025-09-24,nyc_dof_rolling_sales,nan,,,,1962,,,10 COOPS - ELEVATOR APARTMENTS,RIVERDALE,"3512 OXFORD AVE, 3A",10 COOPS - ELEVATOR APARTMENTS
us-nyc,United States,New York,USD,43000.0,nan,2025-11-24,nyc_dof_rolling_sales,nan,,,,1962,,,10 COOPS - ELEVATOR APARTMENTS,RIVERDALE,"3512 OXFORD AVENUE, 1E",10 COOPS - ELEVATOR APARTMENTS
us-nyc,United States,New York,USD,270000.0,nan,2025-12-02,nyc_dof_rolling_sales,nan,,,,1962,,,10 COOPS - ELEVATOR APARTMENTS,RIVERDALE,"3512 OXFORD AVENUE, 2F",10 COOPS - ELEVATOR APARTMENTS
us-nyc,United States,New York,USD,399000.0,nan,2025-02-11,nyc_dof_rolling_sales,nan,,,,1954,,,10 COOPS - ELEVATOR APARTMENTS,RIVERDALE,"525 W. 235TH STREET, 3B",10 COOPS - ELEVATOR APARTMENTS
us-nyc,United States,New York,USD,423300.0,nan,2025-07-30,nyc_dof_rolling_sales,nan,,,,1954,,,10 COOPS - ELEVATOR APARTMENTS,RIVERDALE,"525 WEST 235TH STREET, 7D",10 COOPS - ELEVATOR APARTMENTS
us-nyc,United States,New York,USD,520000.0,nan,2025-11-20,nyc_dof_rolling_sales,nan,,,,1955,,,10 COOPS - ELEVATOR APARTMENTS,RIVERDALE,"3530 HENRY HUDSON PARKWAY, 15D",10 COOPS - ELEVATOR APARTMENTS
us-nyc,United States,New York,USD,290000.0,nan,2025-04-03,nyc_dof_rolling_sales,nan,,,,1955,,,10 COOPS - ELEVATOR APARTMENTS,RIVERDALE,"3530 HENRY HUDSON PARKWAY, 4A",10 COOPS - ELEVATOR APARTMENTS
us-nyc,United States,New York,USD,373000.0,nan,2025-05-19,nyc_dof_rolling_sales,nan,,,,1955,,,10 COOPS - ELEVATOR APARTMENTS,RIVERDALE,"3530 HENRY HUDSON PARKWAY, 4N",10 COOPS - ELEVATOR APARTMENTS
us-nyc,United States,New York,USD,900000.0,nan,2025-05-28,nyc_dof_rolling_sales,nan,,,,1955,,,10 COOPS - ELEVATOR APARTMENTS,RIVERDALE,"3530 HENRY HUDSON PARKWAY, 7AB",10 COOPS - ELEVATOR APARTMENTS
us-nyc,United States,New York,USD,400000.0,nan,2025-06-30,nyc_dof_rolling_sales,nan,,,,1955,,,10 COOPS - ELEVATOR APARTMENTS,RIVERDALE,"3530 HENRY HUDSON PARKWAY, 9F",10 COOPS - ELEVATOR APARTMENTS
us-nyc,United States,New York,USD,599000.0,nan,2025-11-24,nyc_dof_rolling_sales,nan,,,,1955,,,10 COOPS - ELEVATOR APARTMENTS,RIVERDALE,"3530 HENRY HUDSON PARKWAY, 9G",10 COOPS - ELEVATOR APARTMENTS
us-nyc,United States,New York,USD,350000.0,nan,2025-06-03,nyc_dof_rolling_sales,nan,,,,1956,,,10 COOPS - ELEVATOR APARTMENTS,RIVERDALE,"525 WEST 236 ST, B",10 COOPS - ELEVATOR APARTMENTS
us-nyc,United States,New York,USD,144000.0,nan,2025-01-02,nyc_dof_rolling_sales,nan,,,,1956,,,10 COOPS - ELEVATOR APARTMENTS,RIVERDALE,"525 WEST 236TH STREET, 2G",10 COOPS - ELEVATOR APARTMENTS
us-nyc,United States,New York,USD,500.0,nan,2025-07-31,nyc_dof_rolling_sales,nan,,,,1956,,,10 COOPS - ELEVATOR APARTMENTS,RIVERDALE,"525 WEST 236TH STREET, 6A",10 COOPS - ELEVATOR APARTMENTS
us-nyc,United States,New York,USD,350000.0,nan,2025-07-25,nyc_dof_rolling_sales,nan,,,,1932,,,10 COOPS - ELEVATOR APARTMENTS,RIVERDALE,"3656 JOHNSON AVENUE, 2E",10 COOPS - ELEVATOR APARTMENTS
us-nyc,United States,New York,USD,210000.0,nan,2025-11-07,nyc_dof_rolling_sales,nan,,,,1932,,,10 COOPS - ELEVATOR APARTMENTS,RIVERDALE,"3656 JOHNSON AVENUE, 4G",10 COOPS - ELEVATOR APARTMENTS
us-nyc,United States,New York,USD,345000.0,nan,2025-03-06,nyc_dof_rolling_sales,nan,,,,1954,,,10 COOPS - ELEVATOR APARTMENTS,RIVERDALE,"3635 JOHNSON AVENUE, 1G",10 COOPS - ELEVATOR APARTMENTS
us-nyc,United States,New York,USD,215000.0,nan,2025-02-07,nyc_dof_rolling_sales,nan,,,,1954,,,10 COOPS - ELEVATOR APARTMENTS,RIVERDALE,"3635 JOHNSON AVENUE, 2L",10 COOPS - ELEVATOR APARTMENTS
us-nyc,United States,New York,USD,352000.0,nan,2025-02-24,nyc_dof_rolling_sales,nan,,,,1954,,,10 COOPS - ELEVATOR APARTMENTS,RIVERDALE,"3635 JOHNSON AVENUE, 3G",10 COOPS - ELEVATOR APARTMENTS
us-nyc,United States,New York,USD,275000.0,nan,2025-03-05,nyc_dof_rolling_sales,nan,,,,1955,,,10 COOPS - ELEVATOR APARTMENTS,RIVERDALE,"3601 JOHNSON AVENUE, 1B",10 COOPS - ELEVATOR APARTMENTS
us-nyc,United States,New York,USD,285000.0,nan,2025-12-10,nyc_dof_rolling_sales,nan,,,,1955,,,10 COOPS - ELEVATOR APARTMENTS,RIVERDALE,"3601 JOHNSON AVENUE, 1D",10 COOPS - ELEVATOR APARTMENTS
us-nyc,United States,New York,USD,280000.0,nan,2025-03-17,nyc_dof_rolling_sales,nan,,,,1955,,,10 COOPS - ELEVATOR APARTMENTS,RIVERDALE,"3601 JOHNSON AVENUE, 1N",10 COOPS - ELEVATOR APARTMENTS
us-nyc,United States,New York,USD,275000.0,nan,2025-04-03,nyc_dof_rolling_sales,nan,,,,1955,,,10 COOPS - ELEVATOR APARTMENTS,RIVERDALE,"3601 JOHNSON AVENUE, 3F",10 COOPS - ELEVATOR APARTMENTS
us-nyc,United States,New York,USD,290000.0,nan,2025-10-22,nyc_dof_rolling_sales,nan,,,,1955,,,10 COOPS - ELEVATOR APARTMENTS,RIVERDALE,"3601 JOHNSON AVENUE, 4D",10 COOPS - ELEVATOR APARTMENTS
us-nyc,United States,New York,USD,455000.0,nan,2025-09-30,nyc_dof_rolling_sales,nan,,,,1955,,,10 COOPS - ELEVATOR APARTMENTS,RIVERDALE,"3601 JOHNSON AVENUE, 4M",10 COOPS - ELEVATOR APARTMENTS
us-nyc,United States,New York,USD,445000.0,nan,2025-07-24,nyc_dof_rolling_sales,nan,,,,1955,,,10 COOPS - ELEVATOR APARTMENTS,RIVERDALE,"3601 JOHNSON AVENUE, 6H",10 COOPS - ELEVATOR APARTMENTS
us-nyc,United States,New York,USD,272000.0,nan,2025-07-17,nyc_dof_rolling_sales,nan,,,,1955,,,10 COOPS - ELEVATOR APARTMENTS,RIVERDALE,"3601 JOHNSON AVENUE, 6L",10 COOPS - ELEVATOR APARTMENTS
us-nyc,United States,New York,USD,410000.0,nan,2025-12-10,nyc_dof_rolling_sales,nan,,,,1955,,,10 COOPS - ELEVATOR APARTMENTS,RIVERDALE,"3601 JOHNSON AVENUE, 6M",10 COOPS - ELEVATOR APARTMENTS
us-nyc,United States,New York,USD,270000.0,nan,2025-07-17,nyc_dof_rolling_sales,nan,,,,1955,,,10 COOPS - ELEVATOR APARTMENTS,RIVERDALE,"3601 JOHNSON AVENUE, 6O",10 COOPS - ELEVATOR APARTMENTS
us-nyc,United States,New York,USD,485000.0,nan,2025-12-16,nyc_dof_rolling_sales,nan,,,,1954,,,10 COOPS - ELEVATOR APARTMENTS,RIVERDALE,"3616 HENRY HUDSON PARKWAY, 21S",10 COOPS - ELEVATOR APARTMENTS
us-nyc,United States,New York,USD,230000.0,nan,2025-08-05,nyc_dof_rolling_sales,nan,,,,1954,,,10 COOPS - ELEVATOR APARTMENTS,RIVERDALE,"3616 HENRY HUDSON PKWY E, 1D",10 COOPS - ELEVATOR APARTMENTS
us-nyc,United States,New York,USD,277500.0,nan,2025-05-30,nyc_dof_rolling_sales,nan,,,,1960,,,10 COOPS - ELEVATOR APARTMENTS,RIVERDALE,"5550 FIELDSTON ROAD, 3J",10 COOPS - ELEVATOR APARTMENTS
us-nyc,United States,New York,USD,372000.0,nan,2025-01-06,nyc_dof_rolling_sales,nan,,,,1960,,,10 COOPS - ELEVATOR APARTMENTS,RIVERDALE,"5550 FIELDSTON ROAD, 7G",10 COOPS - ELEVATOR APARTMENTS
us-nyc,United States,New York,USD,399000.0,nan,2025-10-23,nyc_dof_rolling_sales,nan,,,,1960,,,10 COOPS - ELEVATOR APARTMENTS,RIVERDALE,"5550 FIELDSTON ROAD, 8D",10 COOPS - ELEVATOR APARTMENTS
us-nyc,United States,New York,USD,110000.0,nan,2025-05-13,nyc_dof_rolling_sales,nan,,,,1960,,,10 COOPS - ELEVATOR APARTMENTS,RIVERDALE,"5550 FIELDSTON ROAD, 9B",10 COOPS - ELEVATOR APARTMENTS
us-nyc,United States,New York,USD,245000.0,nan,2025-11-04,nyc_dof_rolling_sales,nan,,,,1965,,,10 COOPS - ELEVATOR APARTMENTS,RIVERDALE,"5425 VALLES AVE, 1L",10 COOPS - ELEVATOR APARTMENTS
us-nyc,United States,New York,USD,220000.0,nan,2025-10-30,nyc_dof_rolling_sales,nan,,,,1965,,,10 COOPS - ELEVATOR APARTMENTS,RIVERDALE,"5425 VALLES AVENUE, 3C",10 COOPS - ELEVATOR APARTMENTS
us-nyc,United States,New York,USD,280000.0,nan,2025-07-11,nyc_dof_rolling_sales,nan,,,,1965,,,10 COOPS - ELEVATOR APARTMENTS,RIVERDALE,"5425 VALLES AVENUE, 4L",10 COOPS - ELEVATOR APARTMENTS
us-nyc,United States,New York,USD,225000.0,nan,2025-10-30,nyc_dof_rolling_sales,nan,,,,1965,,,10 COOPS - ELEVATOR APARTMENTS,RIVERDALE,"5425 VALLES AVENUE, 5C",10 COOPS - ELEVATOR APARTMENTS
us-nyc,United States,New York,USD,300000.0,nan,2025-10-30,nyc_dof_rolling_sales,nan,,,,1965,,,10 COOPS - ELEVATOR APARTMENTS,RIVERDALE,"5425 VALLES AVENUE, 6E",10 COOPS - ELEVATOR APARTMENTS
us-nyc,United States,New York,USD,235000.0,nan,2025-10-27,nyc_dof_rolling_sales,nan,,,,1965,,,10 COOPS - ELEVATOR APARTMENTS,RIVERDALE,"5425 VALLES AVENUE, 6M",10 COOPS - ELEVATOR APARTMENTS
us-nyc,United States,New York,USD,97000.0,nan,2025-07-09,nyc_dof_rolling_sales,nan,,,,1961,,,10 COOPS - ELEVATOR APARTMENTS,RIVERDALE,"6495 BROADWAY, 1N",10 COOPS - ELEVATOR APARTMENTS
us-nyc,United States,New York,USD,285000.0,nan,2025-03-13,nyc_dof_rolling_sales,nan,,,,1961,,,10 COOPS - ELEVATOR APARTMENTS,RIVERDALE,"6495 BROADWAY, 2R",10 COOPS - ELEVATOR APARTMENTS
us-nyc,United States,New York,USD,345000.0,nan,2025-08-28,nyc_dof_rolling_sales,nan,,,,1961,,,10 COOPS - ELEVATOR APARTMENTS,RIVERDALE,"6495 BROADWAY, 4M",10 COOPS - ELEVATOR APARTMENTS
us-nyc,United States,New York,USD,351000.0,nan,2025-07-09,nyc_dof_rolling_sales,nan,,,,1961,,,10 COOPS - ELEVATOR APARTMENTS,RIVERDALE,"6495 BROADWAY, 6T",10 COOPS - ELEVATOR APARTMENTS
us-nyc,United States,New York,USD,300000.0,nan,2025-08-21,nyc_dof_rolling_sales,nan,,,,1962,,,10 COOPS - ELEVATOR APARTMENTS,RIVERDALE,"5715 MOSHOLU AVENUE, 6F",10 COOPS - ELEVATOR APARTMENTS
us-nyc,United States,New York,USD,285000.0,nan,2025-03-14,nyc_dof_rolling_sales,nan,,,,1962,,,10 COOPS - ELEVATOR APARTMENTS,RIVERDALE,"5715 MOSHOLU AVENUE, 7B",10 COOPS - ELEVATOR APARTMENTS
us-nyc,United States,New York,USD,185000.0,nan,2025-09-11,nyc_dof_rolling_sales,nan,,,,1969,,,10 COOPS - ELEVATOR APARTMENTS,RIVERDALE,"6535 BROADWAY, 2A",10 COOPS - ELEVATOR APARTMENTS
us-nyc,United States,New York,USD,170000.0,nan,2025-08-18,nyc_dof_rolling_sales,nan,,,,1969,,,10 COOPS - ELEVATOR APARTMENTS,RIVERDALE,"6535 BROADWAY, 4B",10 COOPS - ELEVATOR APARTMENTS
us-nyc,United States,New York,USD,180000.0,nan,2025-05-28,nyc_dof_rolling_sales,nan,,,,1969,,,10 COOPS - ELEVATOR APARTMENTS,RIVERDALE,"6535 BROADWAY, 4J",10 COOPS - ELEVATOR APARTMENTS
us-nyc,United States,New York,USD,205000.0,nan,2025-02-18,nyc_dof_rolling_sales,nan,,,,1958,,,10 COOPS - ELEVATOR APARTMENTS,RIVERDALE,"6601 BROADWAY, 1F",10 COOPS - ELEVATOR APARTMENTS
us-nyc,United States,New York,USD,249000.0,nan,2025-05-12,nyc_dof_rolling_sales,nan,,,,1958,,,10 COOPS - ELEVATOR APARTMENTS,RIVERDALE,"6601 BROADWAY, 2E",10 COOPS - ELEVATOR APARTMENTS
us-nyc,United States,New York,USD,235000.0,nan,2025-02-12,nyc_dof_rolling_sales,nan,,,,1959,,,10 COOPS - ELEVATOR APARTMENTS,RIVERDALE,"6200 RIVERDALE AVENUE, 4H",10 COOPS - ELEVATOR APARTMENTS
us-nyc,United States,New York,USD,200000.0,nan,2025-10-30,nyc_dof_rolling_sales,nan,,,,1959,,,10 COOPS - ELEVATOR APARTMENTS,RIVERDALE,"6200 RIVERDALE AVENUE, 6B",10 COOPS - ELEVATOR APARTMENTS
us-nyc,United States,New York,USD,375000.0,nan,2025-09-30,nyc_dof_rolling_sales,nan,,,,1959,,,10 COOPS - ELEVATOR APARTMENTS,RIVERDALE,"6200 RIVERDALE AVENUE, 6C",10 COOPS - ELEVATOR APARTMENTS
us-nyc,United States,New York,USD,225000.0,nan,2025-02-21,nyc_dof_rolling_sales,nan,,,,1962,,,10 COOPS - ELEVATOR APARTMENTS,RIVERDALE,"6300 RIVERDALE AVE, 2C",10 COOPS - ELEVATOR APARTMENTS
us-nyc,United States,New York,USD,325000.0,nan,2025-04-07,nyc_dof_rolling_sales,nan,,,,1962,,,10 COOPS - ELEVATOR APARTMENTS,RIVERDALE,"6300 RIVERDALE AVENUE, 4D",10 COOPS - ELEVATOR APARTMENTS
us-nyc,United States,New York,USD,265000.0,nan,2025-09-23,nyc_dof_rolling_sales,nan,,,,1962,,,10 COOPS - ELEVATOR APARTMENTS,RIVERDALE,"6300 RIVERDALE AVENUE, LB",10 COOPS - ELEVATOR APARTMENTS
us-nyc,United States,New York,USD,108000.0,nan,2025-01-06,nyc_dof_rolling_sales,nan,,,,1962,,,10 COOPS - ELEVATOR APARTMENTS,RIVERDALE,"6300 RIVERDALE AVENUE, LC",10 COOPS - ELEVATOR APARTMENTS
us-nyc,United States,New York,USD,825000.0,nan,2025-03-27,nyc_dof_rolling_sales,nan,,,,1970,,,10 COOPS - ELEVATOR APARTMENTS,RIVERDALE,"3333 HENRY HUDSON PARKWAY, #6E",10 COOPS - ELEVATOR APARTMENTS
us-nyc,United States,New York,USD,335500.0,nan,2025-08-26,nyc_dof_rolling_sales,nan,,,,1970,,,10 COOPS - ELEVATOR APARTMENTS,RIVERDALE,"3333 HENRY HUDSON PARKWAY, 14W",10 COOPS - ELEVATOR APARTMENTS
us-nyc,United States,New York,USD,400000.0,nan,2025-09-15,nyc_dof_rolling_sales,nan,,,,1970,,,10 COOPS - ELEVATOR APARTMENTS,RIVERDALE,"3333 HENRY HUDSON PARKWAY, 15F",10 COOPS - ELEVATOR APARTMENTS
us-nyc,United States,New York,USD,607000.0,nan,2025-05-27,nyc_dof_rolling_sales,nan,,,,1970,,,10 COOPS - ELEVATOR APARTMENTS,RIVERDALE,"3333 HENRY HUDSON PARKWAY, 15N",10 COOPS - ELEVATOR APARTMENTS
us-nyc,United States,New York,USD,365000.0,nan,2025-06-04,nyc_dof_rolling_sales,nan,,,,1970,,,10 COOPS - ELEVATOR APARTMENTS,RIVERDALE,"3333 HENRY HUDSON PARKWAY, 15T",10 COOPS - ELEVATOR APARTMENTS
us-nyc,United States,New York,USD,350000.0,nan,2025-04-21,nyc_dof_rolling_sales,nan,,,,1970,,,10 COOPS - ELEVATOR APARTMENTS,RIVERDALE,"3333 HENRY HUDSON PARKWAY, 18D",10 COOPS - ELEVATOR APARTMENTS
us-nyc,United States,New York,USD,436000.0,nan,2025-12-02,nyc_dof_rolling_sales,nan,,,,1970,,,10 COOPS - ELEVATOR APARTMENTS,RIVERDALE,"3333 HENRY HUDSON PARKWAY, 19M",10 COOPS - ELEVATOR APARTMENTS
us-nyc,United States,New York,USD,685000.0,nan,2025-08-13,nyc_dof_rolling_sales,nan,,,,1970,,,10 COOPS - ELEVATOR APARTMENTS,RIVERDALE,"3333 HENRY HUDSON PARKWAY, 19Y",10 COOPS - ELEVATOR APARTMENTS
us-nyc,United States,New York,USD,419000.0,nan,2025-08-25,nyc_dof_rolling_sales,nan,,,,1970,,,10 COOPS - ELEVATOR APARTMENTS,RIVERDALE,"3333 HENRY HUDSON PARKWAY, 21W",10 COOPS - ELEVATOR APARTMENTS
us-nyc,United States,New York,USD,945000.0,nan,2025-09-03,nyc_dof_rolling_sales,nan,,,,1970,,,10 COOPS - ELEVATOR APARTMENTS,RIVERDALE,"3333 HENRY HUDSON PARKWAY, 22 S",10 COOPS - ELEVATOR APARTMENTS
us-nyc,United States,New York,USD,1400000.0,nan,2025-10-09,nyc_dof_rolling_sales,nan,,,,1970,,,10 COOPS - ELEVATOR APARTMENTS,RIVERDALE,"3333 HENRY HUDSON PARKWAY, 23EF",10 COOPS - ELEVATOR APARTMENTS
us-nyc,United States,New York,USD,650000.0,nan,2025-12-16,nyc_dof_rolling_sales,nan,,,,1970,,,10 COOPS - ELEVATOR APARTMENTS,RIVERDALE,"3333 HENRY HUDSON PARKWAY, 23H",10 COOPS - ELEVATOR APARTMENTS
us-nyc,United States,New York,USD,860000.0,nan,2025-03-13,nyc_dof_rolling_sales,nan,,,,1970,,,10 COOPS - ELEVATOR APARTMENTS,RIVERDALE,"3333 HENRY HUDSON PARKWAY, 2MN",10 COOPS - ELEVATOR APARTMENTS
us-nyc,United States,New York,USD,295350.0,nan,2025-05-19,nyc_dof_rolling_sales,nan,,,,1970,,,10 COOPS - ELEVATOR APARTMENTS,RIVERDALE,"3333 HENRY HUDSON PARKWAY, 3P",10 COOPS - ELEVATOR APARTMENTS
us-nyc,United States,New York,USD,325000.0,nan,2025-10-09,nyc_dof_rolling_sales,nan,,,,1970,,,10 COOPS - ELEVATOR APARTMENTS,RIVERDALE,"3333 HENRY HUDSON PARKWAY, 4F",10 COOPS - ELEVATOR APARTMENTS
us-nyc,United States,New York,USD,342500.0,nan,2025-09-11,nyc_dof_rolling_sales,nan,,,,1970,,,10 COOPS - ELEVATOR APARTMENTS,RIVERDALE,"3333 HENRY HUDSON PARKWAY, 4K",10 COOPS - ELEVATOR APARTMENTS
us-nyc,United States,New York,USD,340000.0,nan,2025-04-01,nyc_dof_rolling_sales,nan,,,,1970,,,10 COOPS - ELEVATOR APARTMENTS,RIVERDALE,"3333 HENRY HUDSON PARKWAY, 5D",10 COOPS - ELEVATOR APARTMENTS
us-nyc,United States,New York,USD,640000.0,nan,2025-08-13,nyc_dof_rolling_sales,nan,,,,1970,,,10 COOPS - ELEVATOR APARTMENTS,RIVERDALE,"3333 HENRY HUDSON PARKWAY, 6H",10 COOPS - ELEVATOR APARTMENTS
us-nyc,United States,New York,USD,265000.0,nan,2025-09-11,nyc_dof_rolling_sales,nan,,,,1970,,,10 COOPS - ELEVATOR APARTMENTS,RIVERDALE,"3333 HENRY HUDSON PARKWAY, 8C",10 COOPS - ELEVATOR APARTMENTS
us-nyc,United States,New York,USD,320000.0,nan,2025-03-27,nyc_dof_rolling_sales,nan,,,,1970,,,10 COOPS - ELEVATOR APARTMENTS,RIVERDALE,"3333 HENRY HUDSON PARKWAY, 8K",10 COOPS - ELEVATOR APARTMENTS
us-nyc,United States,New York,USD,307500.0,nan,2025-12-02,nyc_dof_rolling_sales,nan,,,,1970,,,10 COOPS - ELEVATOR APARTMENTS,RIVERDALE,"3333 HENRY HUDSON PARKWAY, 8V",10 COOPS - ELEVATOR APARTMENTS
us-nyc,United States,New York,USD,389000.0,nan,2025-01-22,nyc_dof_rolling_sales,nan,,,,1970,,,10 COOPS - ELEVATOR APARTMENTS,RIVERDALE,"3333 HENRY HUDSON PARKWAY, 8W",10 COOPS - ELEVATOR APARTMENTS
us-nyc,United States,New York,USD,370000.0,nan,2025-07-18,nyc_dof_rolling_sales,nan,,,,1970,,,10 COOPS - ELEVATOR APARTMENTS,RIVERDALE,"3333 HENRY HUDSON PKWY, 18J",10 COOPS - ELEVATOR APARTMENTS
us-nyc,United States,New York,USD,600000.0,nan,2025-03-03,nyc_dof_rolling_sales,nan,,,,1970,,,10 COOPS - ELEVATOR APARTMENTS,RIVERDALE,"3333 HENRY HUDSON PKWY, 20N",10 COOPS - ELEVATOR APARTMENTS
us-nyc,United States,New York,USD,650000.0,nan,2025-06-18,nyc_dof_rolling_sales,nan,,,,1954,,,10 COOPS - ELEVATOR APARTMENTS,RIVERDALE,"3515 HENRY HUDSON PARKWAY, 11EF",10 COOPS - ELEVATOR APARTMENTS
us-nyc,United States,New York,USD,445000.0,nan,2025-04-29,nyc_dof_rolling_sales,nan,,,,1954,,,10 COOPS - ELEVATOR APARTMENTS,RIVERDALE,"3515 HENRY HUDSON PARKWAY, 4G",10 COOPS - ELEVATOR APARTMENTS
us-nyc,United States,New York,USD,515000.0,nan,2025-03-04,nyc_dof_rolling_sales,nan,,,,1954,,,10 COOPS - ELEVATOR APARTMENTS,RIVERDALE,"3515 HENRY HUDSON PARKWAY, 5F",10 COOPS - ELEVATOR APARTMENTS
us-nyc,United States,New York,USD,475000.0,nan,2025-01-07,nyc_dof_rolling_sales,nan,,,,1954,,,10 COOPS - ELEVATOR APARTMENTS,RIVERDALE,"3515 HENRY HUDSON PARKWAY, 6G",10 COOPS - ELEVATOR APARTMENTS
us-nyc,United States,New York,USD,430000.0,nan,2025-05-15,nyc_dof_rolling_sales,nan,,,,1954,,,10 COOPS - ELEVATOR APARTMENTS,RIVERDALE,"3515 HENRY HUDSON PARKWAY, 9B",10 COOPS - ELEVATOR APARTMENTS
us-nyc,United States,New York,USD,551000.0,nan,2025-12-03,nyc_dof_rolling_sales,nan,,,,1961,,,10 COOPS - ELEVATOR APARTMENTS,RIVERDALE,"3755 HENRY HUDSON PARKWAY, 4A",10 COOPS - ELEVATOR APARTMENTS
us-nyc,United States,New York,USD,299000.0,nan,2025-12-03,nyc_dof_rolling_sales,nan,,,,1961,,,10 COOPS - ELEVATOR APARTMENTS,RIVERDALE,"3755 HENRY HUDSON PARKWAY, 4B",10 COOPS - ELEVATOR APARTMENTS
us-nyc,United States,New York,USD,299999.0,nan,2025-12-02,nyc_dof_rolling_sales,nan,,,,1961,,,10 COOPS - ELEVATOR APARTMENTS,RIVERDALE,"3755 HENRY HUDSON PARKWAY, 7E",10 COOPS - ELEVATOR APARTMENTS
us-nyc,United States,New York,USD,675000.0,nan,2025-09-04,nyc_dof_rolling_sales,nan,,,,1961,,,10 COOPS - ELEVATOR APARTMENTS,RIVERDALE,"3755 HENRY HUDSON PKWY, 14A",10 COOPS - ELEVATOR APARTMENTS
us-nyc,United States,New York,USD,1300000.0,nan,2025-07-02,nyc_dof_rolling_sales,nan,,,,1961,,,10 COOPS - ELEVATOR APARTMENTS,RIVERDALE,"3755 HENRY HUDSON PKWY, 14GH",10 COOPS - ELEVATOR APARTMENTS
us-nyc,United States,New York,USD,225000.0,nan,2025-10-23,nyc_dof_rolling_sales,nan,,,,1952,,,10 COOPS - ELEVATOR APARTMENTS,RIVERDALE,"3725 HENRY HUDSON PARKWAY, 10A",10 COOPS - ELEVATOR APARTMENTS
us-nyc,United States,New York,USD,235000.0,nan,2025-01-23,nyc_dof_rolling_sales,nan,,,,1952,,,10 COOPS - ELEVATOR APARTMENTS,RIVERDALE,"3725 HENRY HUDSON PARKWAY, 11G",10 COOPS - ELEVATOR APARTMENTS
us-nyc,United States,New York,USD,702000.0,nan,2025-06-23,nyc_dof_rolling_sales,nan,,,,1952,,,10 COOPS - ELEVATOR APARTMENTS,RIVERDALE,"3725 HENRY HUDSON PARKWAY, 12E",10 COOPS - ELEVATOR APARTMENTS
us-nyc,United States,New York,USD,345000.0,nan,2025-01-15,nyc_dof_rolling_sales,nan,,,,1952,,,10 COOPS - ELEVATOR APARTMENTS,RIVERDALE,"3725 HENRY HUDSON PARKWAY, 1D",10 COOPS - ELEVATOR APARTMENTS
us-nyc,United States,New York,USD,252500.0,nan,2025-02-12,nyc_dof_rolling_sales,nan,,,,1952,,,10 COOPS - ELEVATOR APARTMENTS,RIVERDALE,"3725 HENRY HUDSON PARKWAY, 5G",10 COOPS - ELEVATOR APARTMENTS
us-nyc,United States,New York,USD,245000.0,nan,2025-09-26,nyc_dof_rolling_sales,nan,,,,1952,,,10 COOPS - ELEVATOR APARTMENTS,RIVERDALE,"3725 HENRY HUDSON PARKWAY, 7G",10 COOPS - ELEVATOR APARTMENTS
us-nyc,United States,New York,USD,425000.0,nan,2025-03-18,nyc_dof_rolling_sales,nan,,,,1954,,,10 COOPS - ELEVATOR APARTMENTS,RIVERDALE,"3720 INDEPENDENCE AVENUE, 3F",10 COOPS - ELEVATOR APARTMENTS
us-nyc,United States,New York,USD,400000.0,nan,2025-06-16,nyc_dof_rolling_sales,nan,,,,1954,,,10 COOPS - ELEVATOR APARTMENTS,RIVERDALE,"3720 INDEPENDENCE AVENUE, 4D",10 COOPS - ELEVATOR APARTMENTS
us-nyc,United States,New York,USD,415000.0,nan,2025-09-30,nyc_dof_rolling_sales,nan,,,,1954,,,10 COOPS - ELEVATOR APARTMENTS,RIVERDALE,"3720 INDEPENDENCE AVENUE, 5C",10 COOPS - ELEVATOR APARTMENTS
us-nyc,United States,New York,USD,257000.0,nan,2025-10-21,nyc_dof_rolling_sales,nan,,,,1954,,,10 COOPS - ELEVATOR APARTMENTS,RIVERDALE,"3720 INDEPENDENCE AVENUE, 5G",10 COOPS - ELEVATOR APARTMENTS
us-nyc,United States,New York,USD,442000.0,nan,2025-01-23,nyc_dof_rolling_sales,nan,,,,1954,,,10 COOPS - ELEVATOR APARTMENTS,RIVERDALE,"3720 INDEPENDENCE AVENUE, 6A",10 COOPS - ELEVATOR APARTMENTS
us-nyc,United States,New York,USD,315000.0,nan,2025-10-27,nyc_dof_rolling_sales,nan,,,,1953,,,10 COOPS - ELEVATOR APARTMENTS,RIVERDALE,"620 WEST 239TH STREET, 6B",10 COOPS - ELEVATOR APARTMENTS
us-nyc,United States,New York,USD,214500.0,nan,2025-12-08,nyc_dof_rolling_sales,nan,,,,1953,,,10 COOPS - ELEVATOR APARTMENTS,RIVERDALE,"640 WEST 239TH STREET, 1A",10 COOPS - ELEVATOR APARTMENTS
us-nyc,United States,New York,USD,345000.0,nan,2025-05-02,nyc_dof_rolling_sales,nan,,,,1953,,,10 COOPS - ELEVATOR APARTMENTS,RIVERDALE,"640 WEST 239TH STREET, 28",10 COOPS - ELEVATOR APARTMENTS
us-nyc,United States,New York,USD,177000.0,nan,2025-07-08,nyc_dof_rolling_sales,nan,,,,1953,,,10 COOPS - ELEVATOR APARTMENTS,RIVERDALE,"640 WEST 239TH STREET, 4D",10 COOPS - ELEVATOR APARTMENTS
us-nyc,United States,New York,USD,309000.0,nan,2025-10-09,nyc_dof_rolling_sales,nan,,,,1960,,,10 COOPS - ELEVATOR APARTMENTS,RIVERDALE,"3935 BLACKSTONE AVENUE, 3F",10 COOPS - ELEVATOR APARTMENTS
us-nyc,United States,New York,USD,205000.0,nan,2025-12-04,nyc_dof_rolling_sales,nan,,,,1952,,,10 COOPS - ELEVATOR APARTMENTS,RIVERDALE,"4499 HENRY HUDSON PARKWAY, 5F",10 COOPS - ELEVATOR APARTMENTS
us-nyc,United States,New York,USD,370000.0,nan,2025-02-27,nyc_dof_rolling_sales,nan,,,,1954,,,10 COOPS - ELEVATOR APARTMENTS,RIVERDALE,"611 WEST 239TH ST., 4E",10 COOPS - ELEVATOR APARTMENTS
us-nyc,United States,New York,USD,312500.0,nan,2025-05-20,nyc_dof_rolling_sales,nan,,,,1954,,,10 COOPS - ELEVATOR APARTMENTS,RIVERDALE,"611 WEST 239TH STREET, 3C",10 COOPS - ELEVATOR APARTMENTS
us-nyc,United States,New York,USD,530000.0,nan,2025-01-28,nyc_dof_rolling_sales,nan,,,,1953,,,10 COOPS - ELEVATOR APARTMENTS,RIVERDALE,"4555 HENRY HUDSON PARKWAY, 1101",10 COOPS - ELEVATOR APARTMENTS
us-nyc,United States,New York,USD,30000.0,nan,2025-06-30,nyc_dof_rolling_sales,nan,,,,1953,,,10 COOPS - ELEVATOR APARTMENTS,RIVERDALE,"4555 HENRY HUDSON PARKWAY, A605",10 COOPS - ELEVATOR APARTMENTS
us-nyc,United States,New York,USD,365000.0,nan,2025-06-30,nyc_dof_rolling_sales,nan,,,,1953,,,10 COOPS - ELEVATOR APARTMENTS,RIVERDALE,"4555 HENRY HUDSON PARKWAY, A605",10 COOPS - ELEVATOR APARTMENTS
us-nyc,United States,New York,USD,530000.0,nan,2025-07-01,nyc_dof_rolling_sales,nan,,,,1953,,,10 COOPS - ELEVATOR APARTMENTS,RIVERDALE,"4555 HENRY HUDSON PARKWAY, A901",10 COOPS - ELEVATOR APARTMENTS
us-nyc,United States,New York,USD,635000.0,nan,2025-01-17,nyc_dof_rolling_sales,nan,,,,1953,,,10 COOPS - ELEVATOR APARTMENTS,RIVERDALE,"4555 HENRY HUDSON PKWY, 903",10 COOPS - ELEVATOR APARTMENTS
us-nyc,United States,New York,USD,645000.0,nan,2025-09-09,nyc_dof_rolling_sales,nan,,,,1953,,,10 COOPS - ELEVATOR APARTMENTS,RIVERDALE,"4525 HENRY HUDSON PARKWAY, 603",10 COOPS - ELEVATOR APARTMENTS
us-nyc,United States,New York,USD,540000.0,nan,2025-11-19,nyc_dof_rolling_sales,nan,,,,1953,,,10 COOPS - ELEVATOR APARTMENTS,RIVERDALE,"4525 HENRY HUDSON PARKWAY, B204",10 COOPS - ELEVATOR APARTMENTS
us-nyc,United States,New York,USD,515000.0,nan,2025-02-10,nyc_dof_rolling_sales,nan,,,,1953,,,10 COOPS - ELEVATOR APARTMENTS,RIVERDALE,"4525 HENRY HUDSON PARKWAY, B303",10 COOPS - ELEVATOR APARTMENTS
us-nyc,United States,New York,USD,695000.0,nan,2025-11-05,nyc_dof_rolling_sales,nan,,,,1961,,,10 COOPS - ELEVATOR APARTMENTS,RIVERDALE,"4705 HENRY HUDSON PARKWAY, 14KL",10 COOPS - ELEVATOR APARTMENTS
us-nyc,United States,New York,USD,169999.0,nan,2025-11-14,nyc_dof_rolling_sales,nan,,,,1961,,,10 COOPS - ELEVATOR APARTMENTS,RIVERDALE,"4705 HENRY HUDSON PARKWAY, 4A",10 COOPS - ELEVATOR APARTMENTS
us-nyc,United States,New York,USD,400000.0,nan,2025-01-29,nyc_dof_rolling_sales,nan,,,,1961,,,10 COOPS - ELEVATOR APARTMENTS,RIVERDALE,"4705 HENRY HUDSON PKWY, 6J",10 COOPS - ELEVATOR APARTMENTS
us-nyc,United States,New York,USD,400000.0,nan,2025-08-07,nyc_dof_rolling_sales,nan,,,,1961,,,10 COOPS - ELEVATOR APARTMENTS,RIVERDALE,"4901 HENRY HUDSON PARKWAY WEST, 8D",10 COOPS - ELEVATOR APARTMENTS
us-nyc,United States,New York,USD,225000.0,nan,2025-06-19,nyc_dof_rolling_sales,nan,,,,1961,,,10 COOPS - ELEVATOR APARTMENTS,RIVERDALE,"4901 HENRY HUDSON PARKWAY, 5F",10 COOPS - ELEVATOR APARTMENTS
us-nyc,United States,New York,USD,355000.0,nan,2025-09-29,nyc_dof_rolling_sales,nan,,,,1961,,,10 COOPS - ELEVATOR APARTMENTS,RIVERDALE,"4901 HENRY HUDSON PARKWAY, 6D",10 COOPS - ELEVATOR APARTMENTS
us-nyc,United States,New York,USD,415000.0,nan,2025-06-05,nyc_dof_rolling_sales,nan,,,,1961,,,10 COOPS - ELEVATOR APARTMENTS,RIVERDALE,"4901 HENRY HUDSON PARKWAY, 9E",10 COOPS - ELEVATOR APARTMENTS
us-nyc,United States,New York,USD,230000.0,nan,2025-09-17,nyc_dof_rolling_sales,nan,,,,1961,,,10 COOPS - ELEVATOR APARTMENTS,RIVERDALE,"4901 HENRY HUDSON PARKWAY, 9G",10 COOPS - ELEVATOR APARTMENTS
us-nyc,United States,New York,USD,348000.0,nan,2025-04-16,nyc_dof_rolling_sales,nan,,,,1961,,,10 COOPS - ELEVATOR APARTMENTS,RIVERDALE,"4901 HENRY HUDSON PKWY, 10H",10 COOPS - ELEVATOR APARTMENTS
us-nyc,United States,New York,USD,785000.0,nan,2025-02-27,nyc_dof_rolling_sales,nan,,,,1963,,,10 COOPS - ELEVATOR APARTMENTS,RIVERDALE,"3777 INDEPENDENCE AVE, 14L",10 COOPS - ELEVATOR APARTMENTS
us-nyc,United States,New York,USD,816500.0,nan,2025-07-21,nyc_dof_rolling_sales,nan,,,,1963,,,10 COOPS - ELEVATOR APARTMENTS,RIVERDALE,"3777 INDEPENDENCE AVENUE, 16C",10 COOPS - ELEVATOR APARTMENTS
us-nyc,United States,New York,USD,814000.0,nan,2025-09-18,nyc_dof_rolling_sales,nan,,,,1963,,,10 COOPS - ELEVATOR APARTMENTS,RIVERDALE,"3777 INDEPENDENCE AVENUE, 2B",10 COOPS - ELEVATOR APARTMENTS
us-nyc,United States,New York,USD,285000.0,nan,2025-10-21,nyc_dof_rolling_sales,nan,,,,1963,,,10 COOPS - ELEVATOR APARTMENTS,RIVERDALE,"3777 INDEPENDENCE AVENUE, 5K",10 COOPS - ELEVATOR APARTMENTS
us-nyc,United States,New York,USD,804418.0,nan,2025-03-26,nyc_dof_rolling_sales,nan,,,,1963,,,10 COOPS - ELEVATOR APARTMENTS,RIVERDALE,"3777 INDEPENDENCE AVENUE, 6M",10 COOPS - ELEVATOR APARTMENTS
us-nyc,United States,New York,USD,655000.0,nan,2025-05-06,nyc_dof_rolling_sales,nan,,,,1963,,,10 COOPS - ELEVATOR APARTMENTS,RIVERDALE,"3777 INDEPENDENCE AVENUE, 7B",10 COOPS - ELEVATOR APARTMENTS
us-nyc,United States,New York,USD,339000.0,nan,2025-03-18,nyc_dof_rolling_sales,nan,,,,1963,,,10 COOPS - ELEVATOR APARTMENTS,RIVERDALE,"3777 INDEPENDENCE AVENUE, 8D",10 COOPS - ELEVATOR APARTMENTS
us-nyc,United States,New York,USD,210000.0,nan,2025-07-22,nyc_dof_rolling_sales,nan,,,,1963,,,10 COOPS - ELEVATOR APARTMENTS,RIVERDALE,"3777 INDEPENDENCE AVENUE, 9E",10 COOPS - ELEVATOR APARTMENTS
us-nyc,United States,New York,USD,352500.0,nan,2025-03-03,nyc_dof_rolling_sales,nan,,,,1954,,,10 COOPS - ELEVATOR APARTMENTS,RIVERDALE,"3750 HUDSON MANOR TERRACE, 4DW",10 COOPS - ELEVATOR APARTMENTS
us-nyc,United States,New York,USD,315000.0,nan,2025-10-10,nyc_dof_rolling_sales,nan,,,,1954,,,10 COOPS - ELEVATOR APARTMENTS,RIVERDALE,"3750 HUDSON MANOR TERRACE, 6HW",10 COOPS - ELEVATOR APARTMENTS
us-nyc,United States,New York,USD,344500.0,nan,2025-03-27,nyc_dof_rolling_sales,nan,,,,1954,,,10 COOPS - ELEVATOR APARTMENTS,RIVERDALE,"3850 HUDSON MANOR TERRACE, 3AW",10 COOPS - ELEVATOR APARTMENTS
us-nyc,United States,New York,USD,350000.0,nan,2025-08-25,nyc_dof_rolling_sales,nan,,,,1954,,,10 COOPS - ELEVATOR APARTMENTS,RIVERDALE,"3850 HUDSON MANOR TERRACE, 4BW",10 COOPS - ELEVATOR APARTMENTS
us-nyc,United States,New York,USD,389000.0,nan,2025-08-01,nyc_dof_rolling_sales,nan,,,,1954,,,10 COOPS - ELEVATOR APARTMENTS,RIVERDALE,"3850 HUDSON MANOR TERRACE, 4GW",10 COOPS - ELEVATOR APARTMENTS
us-nyc,United States,New York,USD,375000.0,nan,2025-05-22,nyc_dof_rolling_sales,nan,,,,1954,,,10 COOPS - ELEVATOR APARTMENTS,RIVERDALE,"3850 HUDSON MANOR TERRACE, 5A/E",10 COOPS - ELEVATOR APARTMENTS
us-nyc,United States,New York,USD,390000.0,nan,2025-08-22,nyc_dof_rolling_sales,nan,,,,1954,,,10 COOPS - ELEVATOR APARTMENTS,RIVERDALE,"3850 HUDSON MANOR TERRACE, 5BW",10 COOPS - ELEVATOR APARTMENTS
us-nyc,United States,New York,USD,359000.0,nan,2025-12-26,nyc_dof_rolling_sales,nan,,,,1954,,,10 COOPS - ELEVATOR APARTMENTS,RIVERDALE,"3850 HUDSON MANOR TERRACE, 6DE",10 COOPS - ELEVATOR APARTMENTS
us-nyc,United States,New York,USD,350000.0,nan,2025-02-19,nyc_dof_rolling_sales,nan,,,,1954,,,10 COOPS - ELEVATOR APARTMENTS,RIVERDALE,"3850 HUDSON MANOR TERRACE, 6HW",10 COOPS - ELEVATOR APARTMENTS
us-nyc,United States,New York,USD,415000.0,nan,2025-10-27,nyc_dof_rolling_sales,nan,,,,1963,,,10 COOPS - ELEVATOR APARTMENTS,RIVERDALE,"3901 INDEPENDENCE AVE, 2T",10 COOPS - ELEVATOR APARTMENTS
us-nyc,United States,New York,USD,425000.0,nan,2025-01-07,nyc_dof_rolling_sales,nan,,,,1963,,,10 COOPS - ELEVATOR APARTMENTS,RIVERDALE,"3901 INDEPENDENCE AVENUE, 1R",10 COOPS - ELEVATOR APARTMENTS
us-nyc,United States,New York,USD,295000.0,nan,2025-12-09,nyc_dof_rolling_sales,nan,,,,1963,,,10 COOPS - ELEVATOR APARTMENTS,RIVERDALE,"3901 INDEPENDENCE AVENUE, 2F",10 COOPS - ELEVATOR APARTMENTS
us-nyc,United States,New York,USD,180000.0,nan,2025-03-19,nyc_dof_rolling_sales,nan,,,,1963,,,10 COOPS - ELEVATOR APARTMENTS,RIVERDALE,"3901 INDEPENDENCE AVENUE, 7H",10 COOPS - ELEVATOR APARTMENTS
us-nyc,United States,New York,USD,590000.0,nan,2025-09-12,nyc_dof_rolling_sales,nan,,,,1960,,,10 COOPS - ELEVATOR APARTMENTS,RIVERDALE,"679 W 239TH STREET, 4F",10 COOPS - ELEVATOR APARTMENTS
us-nyc,United States,New York,USD,153000.0,nan,2025-02-12,nyc_dof_rolling_sales,nan,,,,1963,,,10 COOPS - ELEVATOR APARTMENTS,RIVERDALE,"3671 HUDSON MANOR TERRACE, 10F",10 COOPS - ELEVATOR APARTMENTS
us-nyc,United States,New York,USD,590000.0,nan,2025-06-26,nyc_dof_rolling_sales,nan,,,,1963,,,10 COOPS - ELEVATOR APARTMENTS,RIVERDALE,"3671 HUDSON MANOR TERRACE, 10K",10 COOPS - ELEVATOR APARTMENTS
us-nyc,United States,New York,USD,260000.0,nan,2025-03-05,nyc_dof_rolling_sales,nan,,,,1963,,,10 COOPS - ELEVATOR APARTMENTS,RIVERDALE,"3671 HUDSON MANOR TERRACE, 14D",10 COOPS - ELEVATOR APARTMENTS
us-nyc,United States,New York,USD,250000.0,nan,2025-05-15,nyc_dof_rolling_sales,nan,,,,1963,,,10 COOPS - ELEVATOR APARTMENTS,RIVERDALE,"3671 HUDSON MANOR TERRACE, 16G",10 COOPS - ELEVATOR APARTMENTS
us-nyc,United States,New York,USD,335000.0,nan,2025-01-06,nyc_dof_rolling_sales,nan,,,,1963,,,10 COOPS - ELEVATOR APARTMENTS,RIVERDALE,"3671 HUDSON MANOR TERRACE, 4D",10 COOPS - ELEVATOR APARTMENTS
us-nyc,United States,New York,USD,300000.0,nan,2025-03-25,nyc_dof_rolling_sales,nan,,,,1963,,,10 COOPS - ELEVATOR APARTMENTS,RIVERDALE,"3671 HUDSON MANOR TERRACE, 5D",10 COOPS - ELEVATOR APARTMENTS
us-nyc,United States,New York,USD,240000.0,nan,2025-03-04,nyc_dof_rolling_sales,nan,,,,1963,,,10 COOPS - ELEVATOR APARTMENTS,RIVERDALE,"3671 HUDSON MANOR TERRACE, 5L",10 COOPS - ELEVATOR APARTMENTS
us-nyc,United States,New York,USD,195000.0,nan,2025-02-10,nyc_dof_rolling_sales,nan,,,,1939,,,10 COOPS - ELEVATOR APARTMENTS,RIVERDALE,"5420 NETHERLAND AVENUE, B42",10 COOPS - ELEVATOR APARTMENTS
us-nyc,United States,New York,USD,240000.0,nan,2025-01-10,nyc_dof_rolling_sales,nan,,,,1939,,,10 COOPS - ELEVATOR APARTMENTS,RIVERDALE,"5440 NETHERLAND AVENUE, D-13",10 COOPS - ELEVATOR APARTMENTS
us-nyc,United States,New York,USD,220000.0,nan,2025-10-09,nyc_dof_rolling_sales,nan,,,,1939,,,10 COOPS - ELEVATOR APARTMENTS,RIVERDALE,"5440 NETHERLAND AVENUE, D14",10 COOPS - ELEVATOR APARTMENTS
us-nyc,United States,New York,USD,310000.0,nan,2025-03-19,nyc_dof_rolling_sales,nan,,,,1939,,,10 COOPS - ELEVATOR APARTMENTS,RIVERDALE,"5440 NETHERLAND AVENUE, D21",10 COOPS - ELEVATOR APARTMENTS
us-nyc,United States,New York,USD,225000.0,nan,2025-01-21,nyc_dof_rolling_sales,nan,,,,1939,,,10 COOPS - ELEVATOR APARTMENTS,RIVERDALE,"5415 NETHERLAND AVENUE, K-32",10 COOPS - ELEVATOR APARTMENTS
us-nyc,United States,New York,USD,349000.0,nan,2025-02-07,nyc_dof_rolling_sales,nan,,,,1939,,,10 COOPS - ELEVATOR APARTMENTS,RIVERDALE,"5415 NETHERLAND AVENUE, K21",10 COOPS - ELEVATOR APARTMENTS
us-nyc,United States,New York,USD,190000.0,nan,2025-03-21,nyc_dof_rolling_sales,nan,,,,1939,,,10 COOPS - ELEVATOR APARTMENTS,RIVERDALE,"5415 NETHERLAND AVENUE, K42",10 COOPS - ELEVATOR APARTMENTS
us-nyc,United States,New York,USD,540000.0,nan,2025-02-24,nyc_dof_rolling_sales,nan,,,,1961,,,10 COOPS - ELEVATOR APARTMENTS,RIVERDALE,"5700 ARLINGTON AVE, 20C",10 COOPS - ELEVATOR APARTMENTS
us-nyc,United States,New York,USD,179000.0,nan,2025-11-21,nyc_dof_rolling_sales,nan,,,,1961,,,10 COOPS - ELEVATOR APARTMENTS,RIVERDALE,"5700 ARLINGTON AVE, 21O",10 COOPS - ELEVATOR APARTMENTS
us-nyc,United States,New York,USD,400000.0,nan,2025-04-07,nyc_dof_rolling_sales,nan,,,,1961,,,10 COOPS - ELEVATOR APARTMENTS,RIVERDALE,"5700 ARLINGTON AVENUE, #16F",10 COOPS - ELEVATOR APARTMENTS
us-nyc,United States,New York,USD,345000.0,nan,2025-08-14,nyc_dof_rolling_sales,nan,,,,1961,,,10 COOPS - ELEVATOR APARTMENTS,RIVERDALE,"5700 ARLINGTON AVENUE, #16T",10 COOPS - ELEVATOR APARTMENTS
us-nyc,United States,New York,USD,245000.0,nan,2025-03-25,nyc_dof_rolling_sales,nan,,,,1961,,,10 COOPS - ELEVATOR APARTMENTS,RIVERDALE,"5700 ARLINGTON AVENUE, #4K",10 COOPS - ELEVATOR APARTMENTS
us-nyc,United States,New York,USD,205000.0,nan,2025-02-03,nyc_dof_rolling_sales,nan,,,,1961,,,10 COOPS - ELEVATOR APARTMENTS,RIVERDALE,"5700 ARLINGTON AVENUE, 11O",10 COOPS - ELEVATOR APARTMENTS
us-nyc,United States,New York,USD,286000.0,nan,2025-10-27,nyc_dof_rolling_sales,nan,,,,1961,,,10 COOPS - ELEVATOR APARTMENTS,RIVERDALE,"5700 ARLINGTON AVENUE, 12K",10 COOPS - ELEVATOR APARTMENTS
us-nyc,United States,New York,USD,709000.0,nan,2025-10-30,nyc_dof_rolling_sales,nan,,,,1961,,,10 COOPS - ELEVATOR APARTMENTS,RIVERDALE,"5700 ARLINGTON AVENUE, 15B",10 COOPS - ELEVATOR APARTMENTS
us-nyc,United States,New York,USD,283500.0,nan,2025-04-23,nyc_dof_rolling_sales,nan,,,,1961,,,10 COOPS - ELEVATOR APARTMENTS,RIVERDALE,"5700 ARLINGTON AVENUE, 17D",10 COOPS - ELEVATOR APARTMENTS
us-nyc,United States,New York,USD,230000.0,nan,2025-08-04,nyc_dof_rolling_sales,nan,,,,1961,,,10 COOPS - ELEVATOR APARTMENTS,RIVERDALE,"5700 ARLINGTON AVENUE, 20E",10 COOPS - ELEVATOR APARTMENTS
us-nyc,United States,New York,USD,417500.0,nan,2025-09-22,nyc_dof_rolling_sales,nan,,,,1961,,,10 COOPS - ELEVATOR APARTMENTS,RIVERDALE,"5700 ARLINGTON AVENUE, 20G",10 COOPS - ELEVATOR APARTMENTS
us-nyc,United States,New York,USD,365000.0,nan,2025-09-24,nyc_dof_rolling_sales,nan,,,,1961,,,10 COOPS - ELEVATOR APARTMENTS,RIVERDALE,"5700 ARLINGTON AVENUE, 20K",10 COOPS - ELEVATOR APARTMENTS
us-nyc,United States,New York,USD,185000.0,nan,2025-07-02,nyc_dof_rolling_sales,nan,,,,1961,,,10 COOPS - ELEVATOR APARTMENTS,RIVERDALE,"5700 ARLINGTON AVENUE, 3P",10 COOPS - ELEVATOR APARTMENTS
us-nyc,United States,New York,USD,475000.0,nan,2025-06-13,nyc_dof_rolling_sales,nan,,,,1961,,,10 COOPS - ELEVATOR APARTMENTS,RIVERDALE,"5700 ARLINGTON AVENUE, 6V",10 COOPS - ELEVATOR APARTMENTS
us-nyc,United States,New York,USD,163000.0,nan,2025-07-24,nyc_dof_rolling_sales,nan,,,,1961,,,10 COOPS - ELEVATOR APARTMENTS,RIVERDALE,"5700 ARLINGTON AVENUE, 7N",10 COOPS - ELEVATOR APARTMENTS
us-nyc,United States,New York,USD,440000.0,nan,2025-06-18,nyc_dof_rolling_sales,nan,,,,1961,,,10 COOPS - ELEVATOR APARTMENTS,RIVERDALE,"5700 ARLINGTON AVENUE, 9C",10 COOPS - ELEVATOR APARTMENTS
us-nyc,United States,New York,USD,455000.0,nan,2025-03-06,nyc_dof_rolling_sales,nan,,,,1961,,,10 COOPS - ELEVATOR APARTMENTS,RIVERDALE,"5800 ARLINGTON AVE, 11W",10 COOPS - ELEVATOR APARTMENTS
us-nyc,United States,New York,USD,175000.0,nan,2025-06-10,nyc_dof_rolling_sales,nan,,,,1961,,,10 COOPS - ELEVATOR APARTMENTS,RIVERDALE,"5800 ARLINGTON AVE, 21N",10 COOPS - ELEVATOR APARTMENTS
us-nyc,United States,New York,USD,310000.0,nan,2025-06-10,nyc_dof_rolling_sales,nan,,,,1961,,,10 COOPS - ELEVATOR APARTMENTS,RIVERDALE,"5800 ARLINGTON AVENUE, #11L",10 COOPS - ELEVATOR APARTMENTS
us-nyc,United States,New York,USD,230000.0,nan,2025-08-20,nyc_dof_rolling_sales,nan,,,,1961,,,10 COOPS - ELEVATOR APARTMENTS,RIVERDALE,"5800 ARLINGTON AVENUE, #5R",10 COOPS - ELEVATOR APARTMENTS
us-nyc,United States,New York,USD,807500.0,nan,2025-08-18,nyc_dof_rolling_sales,nan,,,,1961,,,10 COOPS - ELEVATOR APARTMENTS,RIVERDALE,"5800 ARLINGTON AVENUE, #6B",10 COOPS - ELEVATOR APARTMENTS
us-nyc,United States,New York,USD,210000.0,nan,2025-02-27,nyc_dof_rolling_sales,nan,,,,1961,,,10 COOPS - ELEVATOR APARTMENTS,RIVERDALE,"5800 ARLINGTON AVENUE, 11-O",10 COOPS - ELEVATOR APARTMENTS
us-nyc,United States,New York,USD,280000.0,nan,2025-05-28,nyc_dof_rolling_sales,nan,,,,1961,,,10 COOPS - ELEVATOR APARTMENTS,RIVERDALE,"5800 ARLINGTON AVENUE, 11E",10 COOPS - ELEVATOR APARTMENTS
us-nyc,United States,New York,USD,310000.0,nan,2025-06-16,nyc_dof_rolling_sales,nan,,,,1961,,,10 COOPS - ELEVATOR APARTMENTS,RIVERDALE,"5800 ARLINGTON AVENUE, 12M",10 COOPS - ELEVATOR APARTMENTS
us-nyc,United States,New York,USD,380000.0,nan,2025-06-04,nyc_dof_rolling_sales,nan,,,,1961,,,10 COOPS - ELEVATOR APARTMENTS,RIVERDALE,"5800 ARLINGTON AVENUE, 16V",10 COOPS - ELEVATOR APARTMENTS
us-nyc,United States,New York,USD,400000.0,nan,2025-05-22,nyc_dof_rolling_sales,nan,,,,1961,,,10 COOPS - ELEVATOR APARTMENTS,RIVERDALE,"5800 ARLINGTON AVENUE, 2W",10 COOPS - ELEVATOR APARTMENTS
us-nyc,United States,New York,USD,375180.0,nan,2025-02-18,nyc_dof_rolling_sales,nan,,,,1961,,,10 COOPS - ELEVATOR APARTMENTS,RIVERDALE,"5800 ARLINGTON AVENUE, 3X",10 COOPS - ELEVATOR APARTMENTS
us-nyc,United States,New York,USD,298000.0,nan,2025-07-28,nyc_dof_rolling_sales,nan,,,,1961,,,10 COOPS - ELEVATOR APARTMENTS,RIVERDALE,"5800 ARLINGTON AVENUE, 7M",10 COOPS - ELEVATOR APARTMENTS
us-nyc,United States,New York,USD,420000.0,nan,2025-03-06,nyc_dof_rolling_sales,nan,,,,1961,,,10 COOPS - ELEVATOR APARTMENTS,RIVERDALE,"5800 ARLINGTON AVENUE, 9F",10 COOPS - ELEVATOR APARTMENTS
us-nyc,United States,New York,USD,365000.0,nan,2025-11-26,nyc_dof_rolling_sales,nan,,,,1961,,,10 COOPS - ELEVATOR APARTMENTS,RIVERDALE,"5800 ARLINGTON AVENUE, 9H",10 COOPS - ELEVATOR APARTMENTS
us-nyc,United States,New York,USD,184000.0,nan,2025-02-20,nyc_dof_rolling_sales,nan,,,,1962,,,10 COOPS - ELEVATOR APARTMENTS,RIVERDALE,"5900 ARLINGTON AVE, 16P",10 COOPS - ELEVATOR APARTMENTS
us-nyc,United States,New York,USD,175000.0,nan,2025-08-13,nyc_dof_rolling_sales,nan,,,,1962,,,10 COOPS - ELEVATOR APARTMENTS,RIVERDALE,"5900 ARLINGTON AVE, 18-O",10 COOPS - ELEVATOR APARTMENTS
us-nyc,United States,New York,USD,155000.0,nan,2025-04-10,nyc_dof_rolling_sales,nan,,,,1962,,,10 COOPS - ELEVATOR APARTMENTS,RIVERDALE,"5900 ARLINGTON AVE, 5N",10 COOPS - ELEVATOR APARTMENTS
us-nyc,United States,New York,USD,365000.0,nan,2025-05-28,nyc_dof_rolling_sales,nan,,,,1962,,,10 COOPS - ELEVATOR APARTMENTS,RIVERDALE,"5900 ARLINGTON AVE, 6W",10 COOPS - ELEVATOR APARTMENTS
us-nyc,United States,New York,USD,649000.0,nan,2025-01-16,nyc_dof_rolling_sales,nan,,,,1962,,,10 COOPS - ELEVATOR APARTMENTS,RIVERDALE,"5900 ARLINGTON AVE, 8B",10 COOPS - ELEVATOR APARTMENTS
us-nyc,United States,New York,USD,400000.0,nan,2025-10-22,nyc_dof_rolling_sales,nan,,,,1962,,,10 COOPS - ELEVATOR APARTMENTS,RIVERDALE,"5900 ARLINGTON AVENU, 5G",10 COOPS - ELEVATOR APARTMENTS
us-nyc,United States,New York,USD,190000.0,nan,2025-05-19,nyc_dof_rolling_sales,nan,,,,1962,,,10 COOPS - ELEVATOR APARTMENTS,RIVERDALE,"5900 ARLINGTON AVENUE, #12O",10 COOPS - ELEVATOR APARTMENTS
us-nyc,United States,New York,USD,295000.0,nan,2025-09-08,nyc_dof_rolling_sales,nan,,,,1962,,,10 COOPS - ELEVATOR APARTMENTS,RIVERDALE,"5900 ARLINGTON AVENUE, #18L",10 COOPS - ELEVATOR APARTMENTS
us-nyc,United States,New York,USD,315000.0,nan,2025-02-04,nyc_dof_rolling_sales,nan,,,,1962,,,10 COOPS - ELEVATOR APARTMENTS,RIVERDALE,"5900 ARLINGTON AVENUE, 16S",10 COOPS - ELEVATOR APARTMENTS
us-nyc,United States,New York,USD,353000.0,nan,2025-07-09,nyc_dof_rolling_sales,nan,,,,1962,,,10 COOPS - ELEVATOR APARTMENTS,RIVERDALE,"5900 ARLINGTON AVENUE, 16X",10 COOPS - ELEVATOR APARTMENTS
us-nyc,United States,New York,USD,195000.0,nan,2025-02-18,nyc_dof_rolling_sales,nan,,,,1962,,,10 COOPS - ELEVATOR APARTMENTS,RIVERDALE,"5900 ARLINGTON AVENUE, 17-O",10 COOPS - ELEVATOR APARTMENTS
us-nyc,United States,New York,USD,480000.0,nan,2025-08-06,nyc_dof_rolling_sales,nan,,,,1962,,,10 COOPS - ELEVATOR APARTMENTS,RIVERDALE,"5900 ARLINGTON AVENUE, 17W",10 COOPS - ELEVATOR APARTMENTS
us-nyc,United States,New York,USD,570000.0,nan,2025-01-10,nyc_dof_rolling_sales,nan,,,,1962,,,10 COOPS - ELEVATOR APARTMENTS,RIVERDALE,"5900 ARLINGTON AVENUE, 21L",10 COOPS - ELEVATOR APARTMENTS
us-nyc,United States,New York,USD,570000.0,nan,2025-01-10,nyc_dof_rolling_sales,nan,,,,1962,,,10 COOPS - ELEVATOR APARTMENTS,RIVERDALE,"5900 ARLINGTON AVENUE, 21M",10 COOPS - ELEVATOR APARTMENTS
us-nyc,United States,New York,USD,340000.0,nan,2025-03-10,nyc_dof_rolling_sales,nan,,,,1962,,,10 COOPS - ELEVATOR APARTMENTS,RIVERDALE,"5900 ARLINGTON AVENUE, 2G",10 COOPS - ELEVATOR APARTMENTS
us-nyc,United States,New York,USD,267500.0,nan,2025-03-26,nyc_dof_rolling_sales,nan,,,,1962,,,10 COOPS - ELEVATOR APARTMENTS,RIVERDALE,"5900 ARLINGTON AVENUE, 8E",10 COOPS - ELEVATOR APARTMENTS
us-nyc,United States,New York,USD,355000.0,nan,2025-08-28,nyc_dof_rolling_sales,nan,,,,1962,,,10 COOPS - ELEVATOR APARTMENTS,RIVERDALE,"5900 ARLINGTON AVENUE, 9X",10 COOPS - ELEVATOR APARTMENTS
us-nyc,United States,New York,USD,245000.0,nan,2025-10-21,nyc_dof_rolling_sales,nan,,,,1954,,,10 COOPS - ELEVATOR APARTMENTS,RIVERDALE,"5601 RIVERDALE AVENUE, 1C",10 COOPS - ELEVATOR APARTMENTS
us-nyc,United States,New York,USD,260000.0,nan,2025-12-08,nyc_dof_rolling_sales,nan,,,,1954,,,10 COOPS - ELEVATOR APARTMENTS,RIVERDALE,"5601 RIVERDALE AVENUE, 4D",10 COOPS - ELEVATOR APARTMENTS
us-nyc,United States,New York,USD,30000.0,nan,2025-02-14,nyc_dof_rolling_sales,nan,,,,1949,,,10 COOPS - ELEVATOR APARTMENTS,RIVERDALE,"5610 NETHERLAND AVENUE, 6F",10 COOPS - ELEVATOR APARTMENTS
us-nyc,United States,New York,USD,81305.0,nan,2025-04-08,nyc_dof_rolling_sales,nan,,,,1949,,,10 COOPS - ELEVATOR APARTMENTS,RIVERDALE,"5614 NETHERLAND AVENUE, 2B",10 COOPS - ELEVATOR APARTMENTS
us-nyc,United States,New York,USD,167000.0,nan,2025-07-15,nyc_dof_rolling_sales,nan,,,,1949,,,10 COOPS - ELEVATOR APARTMENTS,RIVERDALE,"5614 NETHERLAND AVENUE, 4C",10 COOPS - ELEVATOR APARTMENTS
us-nyc,United States,New York,USD,200000.0,nan,2025-02-11,nyc_dof_rolling_sales,nan,,,,1949,,,10 COOPS - ELEVATOR APARTMENTS,RIVERDALE,"5614 NETHERLAND AVENUE, 6D",10 COOPS - ELEVATOR APARTMENTS
us-nyc,United States,New York,USD,185000.0,nan,2025-10-09,nyc_dof_rolling_sales,nan,,,,1949,,,10 COOPS - ELEVATOR APARTMENTS,RIVERDALE,"5615 NETHERLAND AVENUE, 4C",10 COOPS - ELEVATOR APARTMENTS
us-nyc,United States,New York,USD,195000.0,nan,2025-04-11,nyc_dof_rolling_sales,nan,,,,1949,,,10 COOPS - ELEVATOR APARTMENTS,RIVERDALE,"5620 NETHERLAND AVENUE, 5B",10 COOPS - ELEVATOR APARTMENTS
us-nyc,United States,New York,USD,170000.0,nan,2025-05-27,nyc_dof_rolling_sales,nan,,,,1949,,,10 COOPS - ELEVATOR APARTMENTS,RIVERDALE,"5620 NETHERLAND AVENUE, 5D",10 COOPS - ELEVATOR APARTMENTS
us-nyc,United States,New York,USD,185000.0,nan,2025-06-30,nyc_dof_rolling_sales,nan,,,,1949,,,10 COOPS - ELEVATOR APARTMENTS,RIVERDALE,"5639 NETHERLAND AVENUE, 1D",10 COOPS - ELEVATOR APARTMENTS
us-nyc,United States,New York,USD,203000.0,nan,2025-12-10,nyc_dof_rolling_sales,nan,,,,1949,,,10 COOPS - ELEVATOR APARTMENTS,RIVERDALE,"5639 NETHERLAND AVENUE, 6D",10 COOPS - ELEVATOR APARTMENTS
us-nyc,United States,New York,USD,181000.0,nan,2025-02-07,nyc_dof_rolling_sales,nan,,,,1949,,,10 COOPS - ELEVATOR APARTMENTS,RIVERDALE,"5640 NETHERLAND AVENUE, 4E",10 COOPS - ELEVATOR APARTMENTS
us-nyc,United States,New York,USD,262500.0,nan,2025-09-09,nyc_dof_rolling_sales,nan,,,,1949,,,10 COOPS - ELEVATOR APARTMENTS,RIVERDALE,"5645 NETHERLAND AVENUE, 2G",10 COOPS - ELEVATOR APARTMENTS
us-nyc,United States,New York,USD,195000.0,nan,2025-08-13,nyc_dof_rolling_sales,nan,,,,1949,,,10 COOPS - ELEVATOR APARTMENTS,RIVERDALE,"5650 NETHERLAND AVE, 2D",10 COOPS - ELEVATOR APARTMENTS
us-nyc,United States,New York,USD,200000.0,nan,2025-07-31,nyc_dof_rolling_sales,nan,,,,1949,,,10 COOPS - ELEVATOR APARTMENTS,RIVERDALE,"5650 NETHERLAND AVENUE, 3E",10 COOPS - ELEVATOR APARTMENTS
us-nyc,United States,New York,USD,80800.0,nan,2025-04-08,nyc_dof_rolling_sales,nan,,,,1949,,,10 COOPS - ELEVATOR APARTMENTS,RIVERDALE,"5650 NETHERLAND AVENUE, 6C",10 COOPS - ELEVATOR APARTMENTS
us-nyc,United States,New York,USD,675000.0,nan,2025-07-15,nyc_dof_rolling_sales,nan,,,,2006,,,12 CONDOS - WALKUP APARTMENTS,RIVERDALE,"3205 ARLINGTON AVENUE, 5A",12 CONDOS - WALKUP APARTMENTS
us-nyc,United States,New York,USD,649900.0,nan,2025-08-28,nyc_dof_rolling_sales,nan,,,,1983,,,13 CONDOS - ELEVATOR APARTMENTS,RIVERDALE,"2287 JOHNSON AVENUE, 3A",13 CONDOS - ELEVATOR APARTMENTS
us-nyc,United States,New York,USD,610000.0,nan,2025-08-21,nyc_dof_rolling_sales,nan,,,,1983,,,13 CONDOS - ELEVATOR APARTMENTS,RIVERDALE,"2287 JOHNSON AVENUE, 10A",13 CONDOS - ELEVATOR APARTMENTS
us-nyc,United States,New York,USD,350000.0,nan,2025-07-03,nyc_dof_rolling_sales,nan,,,,1983,,,13 CONDOS - ELEVATOR APARTMENTS,RIVERDALE,"2287 JOHNSON AVENUE, 14D",13 CONDOS - ELEVATOR APARTMENTS
us-nyc,United States,New York,USD,875000.0,nan,2025-09-29,nyc_dof_rolling_sales,nan,,,,1983,,,13 CONDOS - ELEVATOR APARTMENTS,RIVERDALE,"2287 JOHNSON AVENUE, 17J",13 CONDOS - ELEVATOR APARTMENTS
us-nyc,United States,New York,USD,898000.0,nan,2025-05-19,nyc_dof_rolling_sales,nan,,,,1986,,,13 CONDOS - ELEVATOR APARTMENTS,RIVERDALE,"2521 PALISADE AVENUE, 3A",13 CONDOS - ELEVATOR APARTMENTS
us-nyc,United States,New York,USD,995000.0,nan,2025-10-31,nyc_dof_rolling_sales,nan,,,,1986,,,13 CONDOS - ELEVATOR APARTMENTS,RIVERDALE,"2521 PALISADE AVENUE, 10A",13 CONDOS - ELEVATOR APARTMENTS
us-nyc,United States,New York,USD,875000.0,nan,2025-04-23,nyc_dof_rolling_sales,nan,,,,1986,,,13 CONDOS - ELEVATOR APARTMENTS,RIVERDALE,"2521 PALISADE AVENUE, 11B",13 CONDOS - ELEVATOR APARTMENTS
us-nyc,United States,New York,USD,10.0,nan,2025-04-16,nyc_dof_rolling_sales,nan,,,,1986,,,13 CONDOS - ELEVATOR APARTMENTS,RIVERDALE,"2521 PALISADE AVENUE, PHA-A",13 CONDOS - ELEVATOR APARTMENTS
us-nyc,United States,New York,USD,450000.0,nan,2025-01-17,nyc_dof_rolling_sales,nan,,,,1949,,,13 CONDOS - ELEVATOR APARTMENTS,RIVERDALE,"445 WEST 240 STREET, 2C",13 CONDOS - ELEVATOR APARTMENTS
us-nyc,United States,New York,USD,525000.0,nan,2025-09-24,nyc_dof_rolling_sales,nan,,,,1949,,,13 CONDOS - ELEVATOR APARTMENTS,RIVERDALE,"445 WEST 240TH STREET, 3G",13 CONDOS - ELEVATOR APARTMENTS
us-nyc,United States,New York,USD,529490.0,nan,2025-10-27,nyc_dof_rolling_sales,nan,,,,1949,,,13 CONDOS - ELEVATOR APARTMENTS,RIVERDALE,"445 WEST 240 STREET, 4A",13 CONDOS - ELEVATOR APARTMENTS
us-nyc,United States,New York,USD,520000.0,nan,2025-10-27,nyc_dof_rolling_sales,nan,,,,1949,,,13 CONDOS - ELEVATOR APARTMENTS,RIVERDALE,"445 W 240TH STREET, 4C",13 CONDOS - ELEVATOR APARTMENTS
us-nyc,United States,New York,USD,489600.0,nan,2025-01-31,nyc_dof_rolling_sales,nan,,,,1949,,,13 CONDOS - ELEVATOR APARTMENTS,RIVERDALE,"445 WEST 240TH STREET, 5D",13 CONDOS - ELEVATOR APARTMENTS
us-nyc,United States,New York,USD,460000.0,nan,2025-01-28,nyc_dof_rolling_sales,nan,,,,1949,,,13 CONDOS - ELEVATOR APARTMENTS,RIVERDALE,"445 WEST 240TH STREET, 7C",13 CONDOS - ELEVATOR APARTMENTS
us-nyc,United States,New York,USD,520000.0,nan,2025-03-21,nyc_dof_rolling_sales,nan,,,,1949,,,13 CONDOS - ELEVATOR APARTMENTS,RIVERDALE,"445 WEST 240 STREET, 7G",13 CONDOS - ELEVATOR APARTMENTS
us-nyc,United States,New York,USD,260000.0,nan,2025-02-19,nyc_dof_rolling_sales,nan,,,,1988,,,13 CONDOS - ELEVATOR APARTMENTS,RIVERDALE,"3240 NETHERLAND AVENUE, 1C",13 CONDOS - ELEVATOR APARTMENTS
us-nyc,United States,New York,USD,1100000.0,nan,2025-05-12,nyc_dof_rolling_sales,nan,,,,2004,,,13 CONDOS - ELEVATOR APARTMENTS,RIVERDALE,"3220 ARLINGTON AVE, 6C",13 CONDOS - ELEVATOR APARTMENTS
us-nyc,United States,New York,USD,10.0,nan,2025-11-24,nyc_dof_rolling_sales,nan,,,,2004,,,13 CONDOS - ELEVATOR APARTMENTS,RIVERDALE,"3220 ARLINGTON AVE, 8C",13 CONDOS - ELEVATOR APARTMENTS
us-nyc,United States,New York,USD,1120000.0,nan,2025-04-07,nyc_dof_rolling_sales,nan,,,,2004,,,13 CONDOS - ELEVATOR APARTMENTS,RIVERDALE,"3220 ARLINGTON AVE, 10A",13 CONDOS - ELEVATOR APARTMENTS
us-nyc,United States,New York,USD,1.0,nan,2025-11-24,nyc_dof_rolling_sales,nan,,,,2004,,,13 CONDOS - ELEVATOR APARTMENTS,RIVERDALE,"3220 ARLINGTON AVENUE, 11A",13 CONDOS - ELEVATOR APARTMENTS
us-nyc,United States,New York,USD,482000.0,nan,2025-01-30,nyc_dof_rolling_sales,nan,,,,1989,,,13 CONDOS - ELEVATOR APARTMENTS,RIVERDALE,"3220 FAIRFIELD AVE, 6C",13 CONDOS - ELEVATOR APARTMENTS
us-nyc,United States,New York,USD,800000.0,nan,2025-07-08,nyc_dof_rolling_sales,nan,,,,2005,,,13 CONDOS - ELEVATOR APARTMENTS,RIVERDALE,"3536 CAMBRIDGE AVENUE, 4E",13 CONDOS - ELEVATOR APARTMENTS
us-nyc,United States,New York,USD,540000.0,nan,2025-07-08,nyc_dof_rolling_sales,nan,,,,2005,,,13 CONDOS - ELEVATOR APARTMENTS,RIVERDALE,"3536 CAMBRIDGE AVENUE, 5D",13 CONDOS - ELEVATOR APARTMENTS
us-nyc,United States,New York,USD,160000.0,nan,2025-05-07,nyc_dof_rolling_sales,nan,,,,1962,,,13 CONDOS - ELEVATOR APARTMENTS,RIVERDALE,"5775 MOSHOLU AVENUE, 7K",13 CONDOS - ELEVATOR APARTMENTS
us-nyc,United States,New York,USD,1087000.0,nan,2025-01-24,nyc_dof_rolling_sales,nan,,,,2006,,,13 CONDOS - ELEVATOR APARTMENTS,RIVERDALE,"640 WEST 237TH STREET, 15A",13 CONDOS - ELEVATOR APARTMENTS
us-nyc,United States,New York,USD,625000.0,nan,2025-12-01,nyc_dof_rolling_sales,nan,,,,2002,,,13 CONDOS - ELEVATOR APARTMENTS,RIVERDALE,"3800 BLACKSTONE AVE, 3S",13 CONDOS - ELEVATOR APARTMENTS
us-nyc,United States,New York,USD,810000.0,nan,2025-06-27,nyc_dof_rolling_sales,nan,,,,,,,13 CONDOS - ELEVATOR APARTMENTS,RIVERDALE,"4455 DOUGLAS AVENUE, 2E",13 CONDOS - ELEVATOR APARTMENTS
us-nyc,United States,New York,USD,925000.0,nan,2025-09-10,nyc_dof_rolling_sales,nan,,,,,,,13 CONDOS - ELEVATOR APARTMENTS,RIVERDALE,"4455 DOUGLAS AVENUE, 3B",13 CONDOS - ELEVATOR APARTMENTS
us-nyc,United States,New York,USD,998000.0,nan,2025-10-27,nyc_dof_rolling_sales,nan,,,,,,,13 CONDOS - ELEVATOR APARTMENTS,RIVERDALE,"4455 DOUGLAS AVENUE, 3E",13 CONDOS - ELEVATOR APARTMENTS
us-nyc,United States,New York,USD,998000.0,nan,2025-10-27,nyc_dof_rolling_sales,nan,,,,,,,13 CONDOS - ELEVATOR APARTMENTS,RIVERDALE,"4455 DOUGLAS AVENUE, 3F",13 CONDOS - ELEVATOR APARTMENTS
us-nyc,United States,New York,USD,650000.0,nan,2025-06-20,nyc_dof_rolling_sales,nan,,,,,,,13 CONDOS - ELEVATOR APARTMENTS,RIVERDALE,"4455 DOUGLAS AVENUE, 4H",13 CONDOS - ELEVATOR APARTMENTS
us-nyc,United States,New York,USD,425000.0,nan,2025-05-09,nyc_dof_rolling_sales,nan,,,,,,,13 CONDOS - ELEVATOR APARTMENTS,RIVERDALE,"4455 DOUGLAS AVENUE, 5M",13 CONDOS - ELEVATOR APARTMENTS
us-nyc,United States,New York,USD,512500.0,nan,2025-08-18,nyc_dof_rolling_sales,nan,,,,,,,13 CONDOS - ELEVATOR APARTMENTS,RIVERDALE,"4455 DOUGLAS AVENUE, 8A",13 CONDOS - ELEVATOR APARTMENTS
us-nyc,United States,New York,USD,450000.0,nan,2025-09-10,nyc_dof_rolling_sales,nan,,,,,,,13 CONDOS - ELEVATOR APARTMENTS,RIVERDALE,"4455 DOUGLAS AVENUE, 8M",13 CONDOS - ELEVATOR APARTMENTS
us-nyc,United States,New York,USD,1205000.0,nan,2025-10-08,nyc_dof_rolling_sales,nan,,,,,,,13 CONDOS - ELEVATOR APARTMENTS,RIVERDALE,"4455 DOUGLAS AVENUE, 14G",13 CONDOS - ELEVATOR APARTMENTS
us-nyc,United States,New York,USD,1075000.0,474.176912,2025-09-18,nyc_dof_rolling_sales,474.176912,,,,1925,,,14 RENTALS - 4-10 UNIT,RIVERDALE,5993 RIVERDALE AVENUE,14 RENTALS - 4-10 UNIT
us-nyc,United States,New York,USD,220000.0,nan,2025-02-27,nyc_dof_rolling_sales,nan,,,,1962,,,17 CONDO COOPS,RIVERDALE,"3636 FIELDSTON RD, 5-H",17 CONDO COOPS
us-nyc,United States,New York,USD,225000.0,nan,2025-03-24,nyc_dof_rolling_sales,nan,,,,1962,,,17 CONDO COOPS,RIVERDALE,"3636 FIELDSTON ROAD, 1E",17 CONDO COOPS
us-nyc,United States,New York,USD,217000.0,nan,2025-05-09,nyc_dof_rolling_sales,nan,,,,1962,,,17 CONDO COOPS,RIVERDALE,"3636 FIELDSTON ROAD, 6A",17 CONDO COOPS
us-nyc,United States,New York,USD,940000.0,224.360745,2025-09-10,nyc_dof_rolling_sales,224.360745,,,,1910,,,21 OFFICE BUILDINGS,RIVERDALE,5997 RIVERDALE AVENUE,21 OFFICE BUILDINGS
us-nyc,United States,New York,USD,1225000.0,257.527116,2025-08-29,nyc_dof_rolling_sales,257.527116,,,,1949,,,22 STORE BUILDINGS,RIVERDALE,3535 RIVERDALE AVENUE,22 STORE BUILDINGS
us-nyc,United States,New York,USD,1545375.0,271.741275,2025-01-03,nyc_dof_rolling_sales,271.741275,,,,1962,,,22 STORE BUILDINGS,RIVERDALE,5900 RIVERDALE AVENUE,22 STORE BUILDINGS
us-nyc,United States,New York,USD,1550000.0,271.741275,2025-08-20,nyc_dof_rolling_sales,271.741275,,,,1962,,,22 STORE BUILDINGS,RIVERDALE,5900 RIVERDALE AVENUE,22 STORE BUILDINGS
us-nyc,United States,New York,USD,10780000.0,5527.635597,2025-03-10,nyc_dof_rolling_sales,5527.635597,,,,1968,,,32 HOSPITAL AND HEALTH FACILITIES,RIVERDALE,6585 BROADWAY,32 HOSPITAL AND HEALTH FACILITIES
us-nyc,United States,New York,USD,3000000.0,1375.800527,2025-06-20,nyc_dof_rolling_sales,1375.800527,,,,2003,,,37 RELIGIOUS FACILITIES,RIVERDALE,521 WEST 239 STREET,37 RELIGIOUS FACILITIES
us-nyc,United States,New York,USD,875000.0,nan,2025-09-29,nyc_dof_rolling_sales,nan,,,,1986,,,44 CONDO PARKING,RIVERDALE,"2287 JOHNSON AVENUE, 2",44 CONDO PARKING
us-nyc,United States,New York,USD,610000.0,nan,2025-08-21,nyc_dof_rolling_sales,nan,,,,1986,,,44 CONDO PARKING,RIVERDALE,"2287 JOHNSON AVENUE, 21",44 CONDO PARKING
us-nyc,United States,New York,USD,350000.0,nan,2025-07-03,nyc_dof_rolling_sales,nan,,,,1986,,,44 CONDO PARKING,RIVERDALE,"2287 JOHNSON AVENUE, 23",44 CONDO PARKING
us-nyc,United States,New York,USD,649900.0,nan,2025-08-28,nyc_dof_rolling_sales,nan,,,,1986,,,44 CONDO PARKING,RIVERDALE,"2287 JOHNSON AVENUE, 26",44 CONDO PARKING
us-nyc,United States,New York,USD,649900.0,nan,2025-08-28,nyc_dof_rolling_sales,nan,,,,1986,,,44 CONDO PARKING,RIVERDALE,"2287 JOHNSON AVENUE, 69",44 CONDO PARKING
us-nyc,United States,New York,USD,800000.0,nan,2025-07-08,nyc_dof_rolling_sales,nan,,,,2005,,,44 CONDO PARKING,RIVERDALE,"3536 CAMBRIDGE AVENUE, P4",44 CONDO PARKING
us-nyc,United States,New York,USD,36000.0,nan,2025-01-21,nyc_dof_rolling_sales,nan,,,,2005,,,44 CONDO PARKING,RIVERDALE,"3536 CAMBRIDGE AVENUE, P14",44 CONDO PARKING
us-nyc,United States,New York,USD,10.0,167.782818,2025-07-08,nyc_dof_rolling_sales,167.782818,,,,1910,,,01 ONE FAMILY DWELLINGS,SCHUYLERVILLE/PELHAM BAY,1668 HUTCHINSON RIVER PARKWAY EAST,01 ONE FAMILY DWELLINGS
us-nyc,United States,New York,USD,965000.0,141.21256,2025-11-12,nyc_dof_rolling_sales,141.21256,,,,1940,,,01 ONE FAMILY DWELLINGS,SCHUYLERVILLE/PELHAM BAY,2883 ROBERTS AVENUE,01 ONE FAMILY DWELLINGS
us-nyc,United States,New York,USD,720000.0,162.022832,2025-11-13,nyc_dof_rolling_sales,162.022832,,,,1960,,,01 ONE FAMILY DWELLINGS,SCHUYLERVILLE/PELHAM BAY,2935B MIDDLETOWN ROAD,01 ONE FAMILY DWELLINGS
us-nyc,United States,New York,USD,950000.0,189.52212,2025-05-28,nyc_dof_rolling_sales,189.52212,,,,1920,,,01 ONE FAMILY DWELLINGS,SCHUYLERVILLE/PELHAM BAY,3013 MIDDLETOWN ROAD,01 ONE FAMILY DWELLINGS
us-nyc,United States,New York,USD,649000.0,129.506782,2025-06-11,nyc_dof_rolling_sales,129.506782,,,,1920,,,01 ONE FAMILY DWELLINGS,SCHUYLERVILLE/PELHAM BAY,1629 MAHAN AVENUE,01 ONE FAMILY DWELLINGS
us-nyc,United States,New York,USD,737000.0,108.510704,2025-07-22,nyc_dof_rolling_sales,108.510704,,,,1925,,,01 ONE FAMILY DWELLINGS,SCHUYLERVILLE/PELHAM BAY,1736 JARVIS AVENUE,01 ONE FAMILY DWELLINGS
us-nyc,United States,New York,USD,652600.0,107.76748,2025-04-14,nyc_dof_rolling_sales,107.76748,,,,1920,,,01 ONE FAMILY DWELLINGS,SCHUYLERVILLE/PELHAM BAY,1823 MULFORD AVENUE,01 ONE FAMILY DWELLINGS
us-nyc,United States,New York,USD,380000.0,200.67048,2025-05-23,nyc_dof_rolling_sales,200.67048,,,,1963,,,01 ONE FAMILY DWELLINGS,SCHUYLERVILLE/PELHAM BAY,1803 PARKVIEW AVENUE,01 ONE FAMILY DWELLINGS
us-nyc,United States,New York,USD,610000.0,170.569908,2025-07-30,nyc_dof_rolling_sales,170.569908,,,,1950,,,01 ONE FAMILY DWELLINGS,SCHUYLERVILLE/PELHAM BAY,1936 MULFORD AVENUE,01 ONE FAMILY DWELLINGS
us-nyc,United States,New York,USD,715000.0,170.569908,2025-01-10,nyc_dof_rolling_sales,170.569908,,,,1950,,,01 ONE FAMILY DWELLINGS,SCHUYLERVILLE/PELHAM BAY,1950 MULFORD AVE,01 ONE FAMILY DWELLINGS
us-nyc,United States,New York,USD,685000.0,170.569908,2025-04-17,nyc_dof_rolling_sales,170.569908,,,,1950,,,01 ONE FAMILY DWELLINGS,SCHUYLERVILLE/PELHAM BAY,1968 MULFORD AVE,01 ONE FAMILY DWELLINGS
us-nyc,United States,New York,USD,865000.0,85.284954,2025-05-22,nyc_dof_rolling_sales,85.284954,,,,1925,,,01 ONE FAMILY DWELLINGS,SCHUYLERVILLE/PELHAM BAY,1933 PILGRIM AVE,01 ONE FAMILY DWELLINGS
us-nyc,United States,New York,USD,860000.0,127.46291599999999,2025-05-29,nyc_dof_rolling_sales,127.46291599999999,,,,1935,,,01 ONE FAMILY DWELLINGS,SCHUYLERVILLE/PELHAM BAY,1945 HOBART AVENUE,01 ONE FAMILY DWELLINGS
us-nyc,United States,New York,USD,725000.0,204.3866,2025-12-19,nyc_dof_rolling_sales,204.3866,,,,1927,,,01 ONE FAMILY DWELLINGS,SCHUYLERVILLE/PELHAM BAY,3194 WESTCHESTER AVENUE,01 ONE FAMILY DWELLINGS
us-nyc,United States,New York,USD,10.0,118.91584,2025-03-31,nyc_dof_rolling_sales,118.91584,,,,1950,,,01 ONE FAMILY DWELLINGS,SCHUYLERVILLE/PELHAM BAY,2042 MAYFLOWER AVE,01 ONE FAMILY DWELLINGS
us-nyc,United States,New York,USD,500000.0,118.91584,2025-10-17,nyc_dof_rolling_sales,118.91584,,,,1915,,,01 ONE FAMILY DWELLINGS,SCHUYLERVILLE/PELHAM BAY,2054 ST PAUL AVENUE,01 ONE FAMILY DWELLINGS
us-nyc,United States,New York,USD,685000.0,152.175114,2025-02-27,nyc_dof_rolling_sales,152.175114,,,,1950,,,01 ONE FAMILY DWELLINGS,SCHUYLERVILLE/PELHAM BAY,2924 BAISLEY,01 ONE FAMILY DWELLINGS
us-nyc,United States,New York,USD,787800.0,154.683495,2025-12-16,nyc_dof_rolling_sales,154.683495,,,,1940,,,01 ONE FAMILY DWELLINGS,SCHUYLERVILLE/PELHAM BAY,1239 EDISON AVE,01 ONE FAMILY DWELLINGS
us-nyc,United States,New York,USD,565000.0,154.683495,2025-06-26,nyc_dof_rolling_sales,154.683495,,,,1950,,,01 ONE FAMILY DWELLINGS,SCHUYLERVILLE/PELHAM BAY,1282 EDISON AVENUE,01 ONE FAMILY DWELLINGS
us-nyc,United States,New York,USD,610000.0,154.683495,2025-05-15,nyc_dof_rolling_sales,154.683495,,,,1950,,,01 ONE FAMILY DWELLINGS,SCHUYLERVILLE/PELHAM BAY,2956 WATERBURY AVE,01 ONE FAMILY DWELLINGS
us-nyc,United States,New York,USD,490000.0,101.26427,2025-02-12,nyc_dof_rolling_sales,101.26427,,,,1960,,,01 ONE FAMILY DWELLINGS,SCHUYLERVILLE/PELHAM BAY,1251 HOBART AVE,01 ONE FAMILY DWELLINGS
us-nyc,United States,New York,USD,670000.0,161.65122,2025-11-04,nyc_dof_rolling_sales,161.65122,,,,1955,,,01 ONE FAMILY DWELLINGS,SCHUYLERVILLE/PELHAM BAY,2943 WATERBURY AVENUE,01 ONE FAMILY DWELLINGS
us-nyc,United States,New York,USD,715000.0,162.115735,2025-10-30,nyc_dof_rolling_sales,162.115735,,,,1950,,,01 ONE FAMILY DWELLINGS,SCHUYLERVILLE/PELHAM BAY,2896 CODDINGTON AVENUE,01 ONE FAMILY DWELLINGS
us-nyc,United States,New York,USD,280000.0,109.62554,2025-03-13,nyc_dof_rolling_sales,109.62554,,,,1920,,,01 ONE FAMILY DWELLINGS,SCHUYLERVILLE/PELHAM BAY,2920 CODDINGTON AVE,01 ONE FAMILY DWELLINGS
us-nyc,United States,New York,USD,665000.0,237.460068,2025-10-06,nyc_dof_rolling_sales,237.460068,,,,1925,,,01 ONE FAMILY DWELLINGS,SCHUYLERVILLE/PELHAM BAY,1317 HOLLYWOOD AVENUE,01 ONE FAMILY DWELLINGS
us-nyc,United States,New York,USD,685000.0,154.683495,2025-08-27,nyc_dof_rolling_sales,154.683495,,,,1955,,,01 ONE FAMILY DWELLINGS,SCHUYLERVILLE/PELHAM BAY,3015 LA SALLE AVENUE,01 ONE FAMILY DWELLINGS
us-nyc,United States,New York,USD,690000.0,172.056356,2025-03-28,nyc_dof_rolling_sales,172.056356,,,,1955,,,01 ONE FAMILY DWELLINGS,SCHUYLERVILLE/PELHAM BAY,3009 LA SALLE AVENUE,01 ONE FAMILY DWELLINGS
us-nyc,United States,New York,USD,675000.0,138.982888,2025-06-17,nyc_dof_rolling_sales,138.982888,,,,1925,,,01 ONE FAMILY DWELLINGS,SCHUYLERVILLE/PELHAM BAY,1369 MERRY AVENUE,01 ONE FAMILY DWELLINGS
us-nyc,United States,New York,USD,815000.0,129.506782,2025-09-29,nyc_dof_rolling_sales,129.506782,,,,1930,,,01 ONE FAMILY DWELLINGS,SCHUYLERVILLE/PELHAM BAY,3055 LASALLE AVENUE,01 ONE FAMILY DWELLINGS
us-nyc,United States,New York,USD,730000.0,165.553146,2025-06-06,nyc_dof_rolling_sales,165.553146,,,,1950,,,01 ONE FAMILY DWELLINGS,SCHUYLERVILLE/PELHAM BAY,3080 CODDINGTON AVENUE,01 ONE FAMILY DWELLINGS
us-nyc,United States,New York,USD,690000.0,178.931178,2025-05-14,nyc_dof_rolling_sales,178.931178,,,,1955,,,01 ONE FAMILY DWELLINGS,SCHUYLERVILLE/PELHAM BAY,1418 EDWARDS AVENUE,01 ONE FAMILY DWELLINGS
us-nyc,United States,New York,USD,345000.0,163.50928,2025-01-31,nyc_dof_rolling_sales,163.50928,,,,1920,,,01 ONE FAMILY DWELLINGS,SCHUYLERVILLE/PELHAM BAY,1463 WILLIAM PLACE,01 ONE FAMILY DWELLINGS
us-nyc,United States,New York,USD,870000.0,163.50928,2025-06-25,nyc_dof_rolling_sales,163.50928,,,,1920,,,01 ONE FAMILY DWELLINGS,SCHUYLERVILLE/PELHAM BAY,1463 WILLIAM PLACE,01 ONE FAMILY DWELLINGS
us-nyc,United States,New York,USD,800000.0,129.13517,2025-12-04,nyc_dof_rolling_sales,129.13517,,,,1920,,,01 ONE FAMILY DWELLINGS,SCHUYLERVILLE/PELHAM BAY,2888 HARRINGTON AVENUE,01 ONE FAMILY DWELLINGS
us-nyc,United States,New York,USD,750000.0,122.63195999999999,2025-03-25,nyc_dof_rolling_sales,122.63195999999999,,,,1920,,,01 ONE FAMILY DWELLINGS,SCHUYLERVILLE/PELHAM BAY,2866 MIDDLETOWN ROAD,01 ONE FAMILY DWELLINGS
us-nyc,United States,New York,USD,689000.0,142.420299,2025-10-14,nyc_dof_rolling_sales,142.420299,,,,1945,,,01 ONE FAMILY DWELLINGS,SCHUYLERVILLE/PELHAM BAY,2940 DUDLEY AVENUE,01 ONE FAMILY DWELLINGS
us-nyc,United States,New York,USD,800000.0,122.63195999999999,2025-05-08,nyc_dof_rolling_sales,122.63195999999999,,,,1925,,,01 ONE FAMILY DWELLINGS,SCHUYLERVILLE/PELHAM BAY,1436 GILLESPIE AVE,01 ONE FAMILY DWELLINGS
us-nyc,United States,New York,USD,475000.0,139.726112,2025-10-30,nyc_dof_rolling_sales,139.726112,,,,1930,,,01 ONE FAMILY DWELLINGS,SCHUYLERVILLE/PELHAM BAY,1517 GILLESPIE AVENUE,01 ONE FAMILY DWELLINGS
us-nyc,United States,New York,USD,710000.0,98.105568,2025-07-02,nyc_dof_rolling_sales,98.105568,,,,1935,,,01 ONE FAMILY DWELLINGS,SCHUYLERVILLE/PELHAM BAY,1428 HOBART AVENUE,01 ONE FAMILY DWELLINGS
us-nyc,United States,New York,USD,625000.0,125.883565,2025-02-28,nyc_dof_rolling_sales,125.883565,,,,1955,,,01 ONE FAMILY DWELLINGS,SCHUYLERVILLE/PELHAM BAY,1557 MERRY AVENUE,01 ONE FAMILY DWELLINGS
us-nyc,United States,New York,USD,623000.0,125.883565,2025-04-14,nyc_dof_rolling_sales,125.883565,,,,1955,,,01 ONE FAMILY DWELLINGS,SCHUYLERVILLE/PELHAM BAY,1606 MERRY AVENUE,01 ONE FAMILY DWELLINGS
us-nyc,United States,New York,USD,10.0,110.368764,2025-03-27,nyc_dof_rolling_sales,110.368764,,,,1935,,,01 ONE FAMILY DWELLINGS,SCHUYLERVILLE/PELHAM BAY,3337 BRUCKNER BLVD,01 ONE FAMILY DWELLINGS
us-nyc,United States,New York,USD,940000.0,200.67048,2025-10-27,nyc_dof_rolling_sales,200.67048,,,,1925,,,02 TWO FAMILY DWELLINGS,SCHUYLERVILLE/PELHAM BAY,1639 1/2 PILGRIM AVENUE,02 TWO FAMILY DWELLINGS
us-nyc,United States,New York,USD,1080000.0,342.626264,2025-03-19,nyc_dof_rolling_sales,342.626264,,,,1930,,,02 TWO FAMILY DWELLINGS,SCHUYLERVILLE/PELHAM BAY,1740 MAHAN AVENUE,02 TWO FAMILY DWELLINGS
us-nyc,United States,New York,USD,765000.0,166.853788,2025-03-11,nyc_dof_rolling_sales,166.853788,,,,1920,,,02 TWO FAMILY DWELLINGS,SCHUYLERVILLE/PELHAM BAY,1738 PARKVIEW AVENUE,02 TWO FAMILY DWELLINGS
us-nyc,United States,New York,USD,880000.0,211.81884,2025-11-21,nyc_dof_rolling_sales,211.81884,,,,1965,,,02 TWO FAMILY DWELLINGS,SCHUYLERVILLE/PELHAM BAY,1858 HUTCHINSON RIVER PARKWAY,02 TWO FAMILY DWELLINGS
us-nyc,United States,New York,USD,10.0,190.636956,2025-07-08,nyc_dof_rolling_sales,190.636956,,,,1920,,,02 TWO FAMILY DWELLINGS,SCHUYLERVILLE/PELHAM BAY,1828 MULFORD AVENUE,02 TWO FAMILY DWELLINGS
us-nyc,United States,New York,USD,1150000.0,185.806,2025-03-04,nyc_dof_rolling_sales,185.806,,,,1931,,,02 TWO FAMILY DWELLINGS,SCHUYLERVILLE/PELHAM BAY,1869 MAYFLOWER AVENUE,02 TWO FAMILY DWELLINGS
us-nyc,United States,New York,USD,1090000.0,271.27676,2025-11-17,nyc_dof_rolling_sales,271.27676,,,,1966,,,02 TWO FAMILY DWELLINGS,SCHUYLERVILLE/PELHAM BAY,2851 BUHRE AVENUE,02 TWO FAMILY DWELLINGS
us-nyc,United States,New York,USD,660000.0,100.33524,2025-10-14,nyc_dof_rolling_sales,100.33524,,,,1925,,,02 TWO FAMILY DWELLINGS,SCHUYLERVILLE/PELHAM BAY,1856 EDISON AVENUE,02 TWO FAMILY DWELLINGS
us-nyc,United States,New York,USD,1100000.0,329.80565,2025-01-29,nyc_dof_rolling_sales,329.80565,,,,1960,,,02 TWO FAMILY DWELLINGS,SCHUYLERVILLE/PELHAM BAY,3103 BUHRE AVENUE,02 TWO FAMILY DWELLINGS
us-nyc,United States,New York,USD,1050000.0,236.066523,2025-06-11,nyc_dof_rolling_sales,236.066523,,,,1955,,,02 TWO FAMILY DWELLINGS,SCHUYLERVILLE/PELHAM BAY,1961 MAYFLOWER AVENUE,02 TWO FAMILY DWELLINGS
us-nyc,United States,New York,USD,600000.0,172.427968,2025-09-11,nyc_dof_rolling_sales,172.427968,,,,1955,,,02 TWO FAMILY DWELLINGS,SCHUYLERVILLE/PELHAM BAY,1936 MAYFLOWER AVENUE,02 TWO FAMILY DWELLINGS
us-nyc,United States,New York,USD,925000.0,191.844695,2025-03-07,nyc_dof_rolling_sales,191.844695,,,,1925,,,02 TWO FAMILY DWELLINGS,SCHUYLERVILLE/PELHAM BAY,1981 PILGRIM AVENUE,02 TWO FAMILY DWELLINGS
us-nyc,United States,New York,USD,745000.0,132.293872,2025-10-06,nyc_dof_rolling_sales,132.293872,,,,1925,,,02 TWO FAMILY DWELLINGS,SCHUYLERVILLE/PELHAM BAY,1920 PILGRIM AVENUE,02 TWO FAMILY DWELLINGS
us-nyc,United States,New York,USD,1227000.0,333.335964,2025-04-28,nyc_dof_rolling_sales,333.335964,,,,1955,,,02 TWO FAMILY DWELLINGS,SCHUYLERVILLE/PELHAM BAY,1930 PILGRIM AVENUE,02 TWO FAMILY DWELLINGS
us-nyc,United States,New York,USD,480000.0,163.50928,2025-05-06,nyc_dof_rolling_sales,163.50928,,,,1955,,,02 TWO FAMILY DWELLINGS,SCHUYLERVILLE/PELHAM BAY,1932 PILGRIM AVENUE,02 TWO FAMILY DWELLINGS
us-nyc,United States,New York,USD,550000.0,163.50928,2025-06-13,nyc_dof_rolling_sales,163.50928,,,,1955,,,02 TWO FAMILY DWELLINGS,SCHUYLERVILLE/PELHAM BAY,1932 PILGRIM AVENUE,02 TWO FAMILY DWELLINGS
us-nyc,United States,New York,USD,658000.0,151.617696,2025-10-22,nyc_dof_rolling_sales,151.617696,,,,1955,,,02 TWO FAMILY DWELLINGS,SCHUYLERVILLE/PELHAM BAY,1959B EDISON AVENUE,02 TWO FAMILY DWELLINGS
us-nyc,United States,New York,USD,1110000.0,182.08988,2025-08-12,nyc_dof_rolling_sales,182.08988,,,,1940,,,02 TWO FAMILY DWELLINGS,SCHUYLERVILLE/PELHAM BAY,1942 EDISON AVENUE,02 TWO FAMILY DWELLINGS
us-nyc,United States,New York,USD,800000.0,127.46291599999999,2025-03-28,nyc_dof_rolling_sales,127.46291599999999,,,,1935,,,02 TWO FAMILY DWELLINGS,SCHUYLERVILLE/PELHAM BAY,1951 HOBART AVENUE,02 TWO FAMILY DWELLINGS
us-nyc,United States,New York,USD,900000.0,292.64445,2025-04-22,nyc_dof_rolling_sales,292.64445,,,,1935,,,02 TWO FAMILY DWELLINGS,SCHUYLERVILLE/PELHAM BAY,3131 SANDS PLACE,02 TWO FAMILY DWELLINGS
us-nyc,United States,New York,USD,970000.0,202.52854,2025-10-27,nyc_dof_rolling_sales,202.52854,,,,1920,,,02 TWO FAMILY DWELLINGS,SCHUYLERVILLE/PELHAM BAY,2033 HOBART AVE,02 TWO FAMILY DWELLINGS
us-nyc,United States,New York,USD,959000.0,189.52212,2025-07-17,nyc_dof_rolling_sales,189.52212,,,,1920,,,02 TWO FAMILY DWELLINGS,SCHUYLERVILLE/PELHAM BAY,2054 CONTINENTAL AVENUE,02 TWO FAMILY DWELLINGS
us-nyc,United States,New York,USD,600000.0,178.37376,2025-01-21,nyc_dof_rolling_sales,178.37376,,,,1915,,,02 TWO FAMILY DWELLINGS,SCHUYLERVILLE/PELHAM BAY,2018 ST. PAUL AVENUE,02 TWO FAMILY DWELLINGS
us-nyc,United States,New York,USD,900000.0,181.439559,2025-09-16,nyc_dof_rolling_sales,181.439559,,,,1920,,,02 TWO FAMILY DWELLINGS,SCHUYLERVILLE/PELHAM BAY,2039 COLONIAL AVENUE,02 TWO FAMILY DWELLINGS
us-nyc,United States,New York,USD,865000.0,317.170842,2025-11-25,nyc_dof_rolling_sales,317.170842,,,,1910,,,02 TWO FAMILY DWELLINGS,SCHUYLERVILLE/PELHAM BAY,3014 BAISLEY AVENUE,02 TWO FAMILY DWELLINGS
us-nyc,United States,New York,USD,940000.0,292.64445,2025-07-25,nyc_dof_rolling_sales,292.64445,,,,1920,,,02 TWO FAMILY DWELLINGS,SCHUYLERVILLE/PELHAM BAY,2901 PAINE STREET,02 TWO FAMILY DWELLINGS
us-nyc,United States,New York,USD,750000.0,209.310459,2025-03-20,nyc_dof_rolling_sales,209.310459,,,,1920,,,02 TWO FAMILY DWELLINGS,SCHUYLERVILLE/PELHAM BAY,1234 EDISON AVENUE,02 TWO FAMILY DWELLINGS
us-nyc,United States,New York,USD,825000.0,220.737528,2025-06-05,nyc_dof_rolling_sales,220.737528,,,,2007,,,02 TWO FAMILY DWELLINGS,SCHUYLERVILLE/PELHAM BAY,1368 BALCOM AVENUE,02 TWO FAMILY DWELLINGS
us-nyc,United States,New York,USD,830000.0,254.55422,2025-02-18,nyc_dof_rolling_sales,254.55422,,,,1961,,,02 TWO FAMILY DWELLINGS,SCHUYLERVILLE/PELHAM BAY,1361 EDWARDS AVENUE,02 TWO FAMILY DWELLINGS
us-nyc,United States,New York,USD,895000.0,275.085783,2025-06-25,nyc_dof_rolling_sales,275.085783,,,,1930,,,02 TWO FAMILY DWELLINGS,SCHUYLERVILLE/PELHAM BAY,1317 HOBART AVENUE,02 TWO FAMILY DWELLINGS
us-nyc,United States,New York,USD,630000.0,179.488596,2025-12-02,nyc_dof_rolling_sales,179.488596,,,,1940,,,02 TWO FAMILY DWELLINGS,SCHUYLERVILLE/PELHAM BAY,3227 BRUCKNER BOULEVARD,02 TWO FAMILY DWELLINGS
us-nyc,United States,New York,USD,900000.0,153.104144,2025-10-21,nyc_dof_rolling_sales,153.104144,,,,1960,,,02 TWO FAMILY DWELLINGS,SCHUYLERVILLE/PELHAM BAY,1365 CROSBY AVENUE,02 TWO FAMILY DWELLINGS
us-nyc,United States,New York,USD,799000.0,160.536384,2025-03-10,nyc_dof_rolling_sales,160.536384,,,,1925,,,02 TWO FAMILY DWELLINGS,SCHUYLERVILLE/PELHAM BAY,3036 CODDINGTON AVENUE,02 TWO FAMILY DWELLINGS
us-nyc,United States,New York,USD,750000.0,107.024256,2025-01-31,nyc_dof_rolling_sales,107.024256,,,,1925,,,02 TWO FAMILY DWELLINGS,SCHUYLERVILLE/PELHAM BAY,3040 CODDINGTON AVENUE,02 TWO FAMILY DWELLINGS
us-nyc,United States,New York,USD,885302.0,263.380005,2025-10-29,nyc_dof_rolling_sales,263.380005,,,,1910,,,02 TWO FAMILY DWELLINGS,SCHUYLERVILLE/PELHAM BAY,1425 EDWARDS AVENUE,02 TWO FAMILY DWELLINGS
us-nyc,United States,New York,USD,700000.0,160.536384,2025-11-07,nyc_dof_rolling_sales,160.536384,,,,1930,,,02 TWO FAMILY DWELLINGS,SCHUYLERVILLE/PELHAM BAY,2819 CODDINGTON AVENUE,02 TWO FAMILY DWELLINGS
us-nyc,United States,New York,USD,580000.0,123.56099,2025-09-05,nyc_dof_rolling_sales,123.56099,,,,1910,,,02 TWO FAMILY DWELLINGS,SCHUYLERVILLE/PELHAM BAY,2829 HARRINGTON AVENUE,02 TWO FAMILY DWELLINGS
us-nyc,United States,New York,USD,750000.0,285.955434,2025-03-05,nyc_dof_rolling_sales,285.955434,,,,1910,,,02 TWO FAMILY DWELLINGS,SCHUYLERVILLE/PELHAM BAY,2875 HARRINGTON AVENUE,02 TWO FAMILY DWELLINGS
us-nyc,United States,New York,USD,920000.0,148.458994,2025-10-20,nyc_dof_rolling_sales,148.458994,,,,1920,,,02 TWO FAMILY DWELLINGS,SCHUYLERVILLE/PELHAM BAY,2891 DUDLEY AVENUE,02 TWO FAMILY DWELLINGS
us-nyc,United States,New York,USD,450000.0,224.453648,2025-04-11,nyc_dof_rolling_sales,224.453648,,,,1930,,,02 TWO FAMILY DWELLINGS,SCHUYLERVILLE/PELHAM BAY,1464 GEORGE STREET,02 TWO FAMILY DWELLINGS
us-nyc,United States,New York,USD,880000.0,363.436536,2025-03-17,nyc_dof_rolling_sales,363.436536,,,,1920,,,02 TWO FAMILY DWELLINGS,SCHUYLERVILLE/PELHAM BAY,2840 ZULETTE AVE,02 TWO FAMILY DWELLINGS
us-nyc,United States,New York,USD,775000.0,187.199545,2025-06-20,nyc_dof_rolling_sales,187.199545,,,,1960,,,02 TWO FAMILY DWELLINGS,SCHUYLERVILLE/PELHAM BAY,2813 WELLMAN AVENUE,02 TWO FAMILY DWELLINGS
us-nyc,United States,New York,USD,960000.0,141.21256,2025-04-08,nyc_dof_rolling_sales,141.21256,,,,1970,,,02 TWO FAMILY DWELLINGS,SCHUYLERVILLE/PELHAM BAY,1562 HUTCHINSON RVR PKWY,02 TWO FAMILY DWELLINGS
us-nyc,United States,New York,USD,795000.0,208.10272,2025-10-02,nyc_dof_rolling_sales,208.10272,,,,1965,,,02 TWO FAMILY DWELLINGS,SCHUYLERVILLE/PELHAM BAY,2836 ROEBLING AVENUE,02 TWO FAMILY DWELLINGS
us-nyc,United States,New York,USD,834000.0,189.52212,2025-10-02,nyc_dof_rolling_sales,189.52212,,,,1965,,,02 TWO FAMILY DWELLINGS,SCHUYLERVILLE/PELHAM BAY,2838 ROEBLING AVENUE,02 TWO FAMILY DWELLINGS
us-nyc,United States,New York,USD,905000.0,145.85771,2025-05-20,nyc_dof_rolling_sales,145.85771,,,,1920,,,02 TWO FAMILY DWELLINGS,SCHUYLERVILLE/PELHAM BAY,2889 WELLMAN AVENUE,02 TWO FAMILY DWELLINGS
us-nyc,United States,New York,USD,1220000.0,304.350228,2025-11-13,nyc_dof_rolling_sales,304.350228,,,,1940,,,02 TWO FAMILY DWELLINGS,SCHUYLERVILLE/PELHAM BAY,2910 ZULETTE AVENUE,02 TWO FAMILY DWELLINGS
us-nyc,United States,New York,USD,650000.0,222.9672,2025-10-21,nyc_dof_rolling_sales,222.9672,,,,1930,,,02 TWO FAMILY DWELLINGS,SCHUYLERVILLE/PELHAM BAY,2950 MIDDLETOWN ROAD,02 TWO FAMILY DWELLINGS
us-nyc,United States,New York,USD,580750.0,98.105568,2025-12-05,nyc_dof_rolling_sales,98.105568,,,,1935,,,02 TWO FAMILY DWELLINGS,SCHUYLERVILLE/PELHAM BAY,3031 CODDINGTON AVENUE,02 TWO FAMILY DWELLINGS
us-nyc,United States,New York,USD,965000.0,264.77355,2025-11-07,nyc_dof_rolling_sales,264.77355,,,,1950,,,02 TWO FAMILY DWELLINGS,SCHUYLERVILLE/PELHAM BAY,1551 HOLLYWOOD AVE,02 TWO FAMILY DWELLINGS
us-nyc,United States,New York,USD,500000.0,204.572406,2025-06-26,nyc_dof_rolling_sales,204.572406,,,,1928,,,02 TWO FAMILY DWELLINGS,SCHUYLERVILLE/PELHAM BAY,1610 MERRY AVENUE,02 TWO FAMILY DWELLINGS
us-nyc,United States,New York,USD,250902.0,198.255002,2025-06-19,nyc_dof_rolling_sales,198.255002,,,,2007,,,02 TWO FAMILY DWELLINGS,SCHUYLERVILLE/PELHAM BAY,3080 MIDDLETOWN ROAD,02 TWO FAMILY DWELLINGS
us-nyc,United States,New York,USD,1138000.0,198.255002,2025-05-14,nyc_dof_rolling_sales,198.255002,,,,2007,,,02 TWO FAMILY DWELLINGS,SCHUYLERVILLE/PELHAM BAY,3086 MIDDLETOWN ROAD,02 TWO FAMILY DWELLINGS
us-nyc,United States,New York,USD,495000.0,333.150158,2025-09-12,nyc_dof_rolling_sales,333.150158,,,,1975,,,03 THREE FAMILY DWELLINGS,SCHUYLERVILLE/PELHAM BAY,2885 ROBERTS AVENUE,03 THREE FAMILY DWELLINGS
us-nyc,United States,New York,USD,910000.0,345.320451,2025-09-04,nyc_dof_rolling_sales,345.320451,,,,1920,,,03 THREE FAMILY DWELLINGS,SCHUYLERVILLE/PELHAM BAY,3066 ROBERTS AVENUE,03 THREE FAMILY DWELLINGS
us-nyc,United States,New York,USD,550000.0,342.626264,2025-07-11,nyc_dof_rolling_sales,342.626264,,,,1972,,,03 THREE FAMILY DWELLINGS,SCHUYLERVILLE/PELHAM BAY,3077 MIDDLETOWN ROAD,03 THREE FAMILY DWELLINGS
us-nyc,United States,New York,USD,850000.0,265.330968,2025-11-14,nyc_dof_rolling_sales,265.330968,,,,1925,,,03 THREE FAMILY DWELLINGS,SCHUYLERVILLE/PELHAM BAY,1749 JARVIS AVENUE,03 THREE FAMILY DWELLINGS
us-nyc,United States,New York,USD,1500000.0,401.34096,2025-08-28,nyc_dof_rolling_sales,401.34096,,,,1925,,,03 THREE FAMILY DWELLINGS,SCHUYLERVILLE/PELHAM BAY,1738 HOBART AVENUE,03 THREE FAMILY DWELLINGS
us-nyc,United States,New York,USD,1350000.0,318.65729,2025-07-31,nyc_dof_rolling_sales,318.65729,,,,2005,,,03 THREE FAMILY DWELLINGS,SCHUYLERVILLE/PELHAM BAY,3146 WESTCHESTER AVENUE,03 THREE FAMILY DWELLINGS
us-nyc,United States,New York,USD,980000.0,260.592915,2025-10-09,nyc_dof_rolling_sales,260.592915,,,,1950,,,03 THREE FAMILY DWELLINGS,SCHUYLERVILLE/PELHAM BAY,3119 ARNOW PLACE,03 THREE FAMILY DWELLINGS
us-nyc,United States,New York,USD,925000.0,270.069021,2025-05-13,nyc_dof_rolling_sales,270.069021,,,,1930,,,03 THREE FAMILY DWELLINGS,SCHUYLERVILLE/PELHAM BAY,3141 ARNOW PLACE,03 THREE FAMILY DWELLINGS
us-nyc,United States,New York,USD,525000.0,342.347555,2025-07-02,nyc_dof_rolling_sales,342.347555,,,,1975,,,03 THREE FAMILY DWELLINGS,SCHUYLERVILLE/PELHAM BAY,2834 EAST 196 STREET,03 THREE FAMILY DWELLINGS
us-nyc,United States,New York,USD,1138000.0,222.9672,2025-07-30,nyc_dof_rolling_sales,222.9672,,,,1928,,,03 THREE FAMILY DWELLINGS,SCHUYLERVILLE/PELHAM BAY,2850 EAST 197 STREET,03 THREE FAMILY DWELLINGS
us-nyc,United States,New York,USD,1340000.0,350.05850399999997,2025-01-24,nyc_dof_rolling_sales,350.05850399999997,,,,1930,,,03 THREE FAMILY DWELLINGS,SCHUYLERVILLE/PELHAM BAY,2112 CONTINENTAL AVENUE,03 THREE FAMILY DWELLINGS
us-nyc,United States,New York,USD,1.0,308.902475,2025-10-20,nyc_dof_rolling_sales,308.902475,,,,1988,,,03 THREE FAMILY DWELLINGS,SCHUYLERVILLE/PELHAM BAY,2709 GIFFORD AVENUE,03 THREE FAMILY DWELLINGS
us-nyc,United States,New York,USD,460000.0,308.902475,2025-03-04,nyc_dof_rolling_sales,308.902475,,,,1988,,,03 THREE FAMILY DWELLINGS,SCHUYLERVILLE/PELHAM BAY,2709 GIFFORD AVENUE,03 THREE FAMILY DWELLINGS
us-nyc,United States,New York,USD,1100000.0,231.885888,2025-08-08,nyc_dof_rolling_sales,231.885888,,,,1920,,,03 THREE FAMILY DWELLINGS,SCHUYLERVILLE/PELHAM BAY,2711 BRUCKNER BOULEVARD,03 THREE FAMILY DWELLINGS
us-nyc,United States,New York,USD,800000.0,257.527116,2025-03-07,nyc_dof_rolling_sales,257.527116,,,,2004,,,03 THREE FAMILY DWELLINGS,SCHUYLERVILLE/PELHAM BAY,1307 VREELAND AVENUE,03 THREE FAMILY DWELLINGS
us-nyc,United States,New York,USD,760000.0,294.316704,2025-11-10,nyc_dof_rolling_sales,294.316704,,,,1920,,,03 THREE FAMILY DWELLINGS,SCHUYLERVILLE/PELHAM BAY,1303 BALCOM AVENUE,03 THREE FAMILY DWELLINGS
us-nyc,United States,New York,USD,980000.0,383.503584,2025-05-20,nyc_dof_rolling_sales,383.503584,,,,1990,,,03 THREE FAMILY DWELLINGS,SCHUYLERVILLE/PELHAM BAY,2919 LA SALLE AVENUE,03 THREE FAMILY DWELLINGS
us-nyc,United States,New York,USD,1200000.0,267.56064,2025-08-11,nyc_dof_rolling_sales,267.56064,,,,1930,,,03 THREE FAMILY DWELLINGS,SCHUYLERVILLE/PELHAM BAY,1310 HOLLYWOOD AVENUE,03 THREE FAMILY DWELLINGS
us-nyc,United States,New York,USD,1125000.0,275.92191,2025-09-09,nyc_dof_rolling_sales,275.92191,,,,1920,,,03 THREE FAMILY DWELLINGS,SCHUYLERVILLE/PELHAM BAY,3070 LA SALLE AVENUE,03 THREE FAMILY DWELLINGS
us-nyc,United States,New York,USD,1125000.0,297.661212,2025-02-14,nyc_dof_rolling_sales,297.661212,,,,1910,,,03 THREE FAMILY DWELLINGS,SCHUYLERVILLE/PELHAM BAY,2812 DUDLEY AVENUE,03 THREE FAMILY DWELLINGS
us-nyc,United States,New York,USD,995000.0,342.068846,2025-06-20,nyc_dof_rolling_sales,342.068846,,,,1910,,,03 THREE FAMILY DWELLINGS,SCHUYLERVILLE/PELHAM BAY,2849 HARRINGTON AVENUE,03 THREE FAMILY DWELLINGS
us-nyc,United States,New York,USD,1120000.0,245.26391999999998,2025-02-21,nyc_dof_rolling_sales,245.26391999999998,,,,1910,,,03 THREE FAMILY DWELLINGS,SCHUYLERVILLE/PELHAM BAY,1508 ERICSON PLACE,03 THREE FAMILY DWELLINGS
us-nyc,United States,New York,USD,1125000.0,426.42477,2025-10-14,nyc_dof_rolling_sales,426.42477,,,,1930,,,03 THREE FAMILY DWELLINGS,SCHUYLERVILLE/PELHAM BAY,1539 GILLESPIE AVE,03 THREE FAMILY DWELLINGS
us-nyc,United States,New York,USD,1025000.0,929.03,2025-09-25,nyc_dof_rolling_sales,929.03,,,,1930,,,07 RENTALS - WALKUP APARTMENTS,SCHUYLERVILLE/PELHAM BAY,2913 MIDDLETOWN ROAD,07 RENTALS - WALKUP APARTMENTS
us-nyc,United States,New York,USD,2700000.0,2360.851036,2025-07-15,nyc_dof_rolling_sales,2360.851036,,,,1928,,,07 RENTALS - WALKUP APARTMENTS,SCHUYLERVILLE/PELHAM BAY,1721 HOBART AVENUE,07 RENTALS - WALKUP APARTMENTS
us-nyc,United States,New York,USD,850000.0,224.82526,2025-06-18,nyc_dof_rolling_sales,224.82526,,,,1924,,,07 RENTALS - WALKUP APARTMENTS,SCHUYLERVILLE/PELHAM BAY,1888 MULFORD AVENUE,07 RENTALS - WALKUP APARTMENTS
us-nyc,United States,New York,USD,1634500.0,264.77355,2025-05-29,nyc_dof_rolling_sales,264.77355,,,,1946,,,07 RENTALS - WALKUP APARTMENTS,SCHUYLERVILLE/PELHAM BAY,1822 EDISON AVENUE,07 RENTALS - WALKUP APARTMENTS
us-nyc,United States,New York,USD,1325000.0,286.14124,2025-03-07,nyc_dof_rolling_sales,286.14124,,,,1926,,,07 RENTALS - WALKUP APARTMENTS,SCHUYLERVILLE/PELHAM BAY,2883 EAST 196TH STREET,07 RENTALS - WALKUP APARTMENTS
us-nyc,United States,New York,USD,900000.0,499.353625,2025-04-29,nyc_dof_rolling_sales,499.353625,,,,1926,,,07 RENTALS - WALKUP APARTMENTS,SCHUYLERVILLE/PELHAM BAY,2935 WILKINSON AVENUE,07 RENTALS - WALKUP APARTMENTS
us-nyc,United States,New York,USD,3800000.0,3506.15922,2025-04-22,nyc_dof_rolling_sales,3506.15922,,,,1930,,,07 RENTALS - WALKUP APARTMENTS,SCHUYLERVILLE/PELHAM BAY,2015 COLONIAL AVENUE,07 RENTALS - WALKUP APARTMENTS
us-nyc,United States,New York,USD,4500000.0,3901.926,2025-09-29,nyc_dof_rolling_sales,3901.926,,,,1928,,,07 RENTALS - WALKUP APARTMENTS,SCHUYLERVILLE/PELHAM BAY,2965 EAST 196TH STREET,07 RENTALS - WALKUP APARTMENTS
us-nyc,United States,New York,USD,625000.0,288.092203,2025-07-30,nyc_dof_rolling_sales,288.092203,,,,1930,,,07 RENTALS - WALKUP APARTMENTS,SCHUYLERVILLE/PELHAM BAY,1255 BRADFORD AVENUE,07 RENTALS - WALKUP APARTMENTS
us-nyc,United States,New York,USD,999000.0,297.2896,2025-06-18,nyc_dof_rolling_sales,297.2896,,,,1930,,,07 RENTALS - WALKUP APARTMENTS,SCHUYLERVILLE/PELHAM BAY,1290 CROSBY AVENUE,07 RENTALS - WALKUP APARTMENTS
us-nyc,United States,New York,USD,1050000.0,311.689565,2025-06-27,nyc_dof_rolling_sales,311.689565,,,,1931,,,07 RENTALS - WALKUP APARTMENTS,SCHUYLERVILLE/PELHAM BAY,3033 LASALLE AVENUE,07 RENTALS - WALKUP APARTMENTS
us-nyc,United States,New York,USD,1300000.0,345.877869,2025-04-02,nyc_dof_rolling_sales,345.877869,,,,1935,,,07 RENTALS - WALKUP APARTMENTS,SCHUYLERVILLE/PELHAM BAY,2804 WELLMAN AVENUE,07 RENTALS - WALKUP APARTMENTS
us-nyc,United States,New York,USD,4238870.0,3553.53975,2025-05-16,nyc_dof_rolling_sales,3553.53975,,,,1931,,,08 RENTALS - ELEVATOR APARTMENTS,SCHUYLERVILLE/PELHAM BAY,3565 BRUCKNER BOULEVARD,08 RENTALS - ELEVATOR APARTMENTS
us-nyc,United States,New York,USD,4214840.0,3901.926,2025-05-16,nyc_dof_rolling_sales,3901.926,,,,1935,,,08 RENTALS - ELEVATOR APARTMENTS,SCHUYLERVILLE/PELHAM BAY,3073 BUHRE AVENUE,08 RENTALS - ELEVATOR APARTMENTS
us-nyc,United States,New York,USD,156085.0,nan,2025-11-12,nyc_dof_rolling_sales,nan,,,,1963,,,10 COOPS - ELEVATOR APARTMENTS,SCHUYLERVILLE/PELHAM BAY,"3121 MIDDLETOWN ROAD, 11H",10 COOPS - ELEVATOR APARTMENTS
us-nyc,United States,New York,USD,155000.0,nan,2025-11-17,nyc_dof_rolling_sales,nan,,,,1963,,,10 COOPS - ELEVATOR APARTMENTS,SCHUYLERVILLE/PELHAM BAY,"3121 MIDDLETOWN ROAD, 3L",10 COOPS - ELEVATOR APARTMENTS
us-nyc,United States,New York,USD,180000.0,nan,2025-01-03,nyc_dof_rolling_sales,nan,,,,1963,,,10 COOPS - ELEVATOR APARTMENTS,SCHUYLERVILLE/PELHAM BAY,"3121 MIDDLETOWN ROAD, 6G",10 COOPS - ELEVATOR APARTMENTS
us-nyc,United States,New York,USD,156000.0,nan,2025-04-25,nyc_dof_rolling_sales,nan,,,,1963,,,10 COOPS - ELEVATOR APARTMENTS,SCHUYLERVILLE/PELHAM BAY,"3121 MIDDLETOWN ROAD, 6H",10 COOPS - ELEVATOR APARTMENTS
us-nyc,United States,New York,USD,196000.0,nan,2025-08-08,nyc_dof_rolling_sales,nan,,,,1964,,,10 COOPS - ELEVATOR APARTMENTS,SCHUYLERVILLE/PELHAM BAY,"2015 SAINT PAUL AVENUE, 2J",10 COOPS - ELEVATOR APARTMENTS
us-nyc,United States,New York,USD,185000.0,nan,2025-03-14,nyc_dof_rolling_sales,nan,,,,1964,,,10 COOPS - ELEVATOR APARTMENTS,SCHUYLERVILLE/PELHAM BAY,"2015 SAINT PAUL AVENUE, 4G",10 COOPS - ELEVATOR APARTMENTS
us-nyc,United States,New York,USD,125000.0,nan,2025-12-05,nyc_dof_rolling_sales,nan,,,,1964,,,10 COOPS - ELEVATOR APARTMENTS,SCHUYLERVILLE/PELHAM BAY,"2015 ST. PAUL AVENUE, 3H",10 COOPS - ELEVATOR APARTMENTS
us-nyc,United States,New York,USD,285000.0,nan,2025-02-26,nyc_dof_rolling_sales,nan,,,,1964,,,10 COOPS - ELEVATOR APARTMENTS,SCHUYLERVILLE/PELHAM BAY,"2015 ST. PAUL AVENUE, 5I",10 COOPS - ELEVATOR APARTMENTS
us-nyc,United States,New York,USD,215000.0,nan,2025-04-23,nyc_dof_rolling_sales,nan,,,,1970,,,10 COOPS - ELEVATOR APARTMENTS,SCHUYLERVILLE/PELHAM BAY,"1874 PELHAM PARKWAY SOUTH, 5K",10 COOPS - ELEVATOR APARTMENTS
us-nyc,United States,New York,USD,205000.0,nan,2025-08-18,nyc_dof_rolling_sales,nan,,,,1970,,,10 COOPS - ELEVATOR APARTMENTS,SCHUYLERVILLE/PELHAM BAY,"1874 PELHAM PARKWAY SOUTH, 6H",10 COOPS - ELEVATOR APARTMENTS
us-nyc,United States,New York,USD,98000.0,nan,2025-08-22,nyc_dof_rolling_sales,nan,,,,1939,,,10 COOPS - ELEVATOR APARTMENTS,SCHUYLERVILLE/PELHAM BAY,"3321 BRUCKNER BLVD, 1B",10 COOPS - ELEVATOR APARTMENTS
us-nyc,United States,New York,USD,220000.0,nan,2025-03-03,nyc_dof_rolling_sales,nan,,,,1939,,,10 COOPS - ELEVATOR APARTMENTS,SCHUYLERVILLE/PELHAM BAY,"3321 BRUCKNER BLVD, 1H",10 COOPS - ELEVATOR APARTMENTS
us-nyc,United States,New York,USD,108000.0,nan,2025-03-28,nyc_dof_rolling_sales,nan,,,,1939,,,10 COOPS - ELEVATOR APARTMENTS,SCHUYLERVILLE/PELHAM BAY,"3321 BRUCKNER BLVD, 2L",10 COOPS - ELEVATOR APARTMENTS
us-nyc,United States,New York,USD,165000.0,nan,2025-03-20,nyc_dof_rolling_sales,nan,,,,1939,,,10 COOPS - ELEVATOR APARTMENTS,SCHUYLERVILLE/PELHAM BAY,"3321 BRUCKNER BLVD, 6D",10 COOPS - ELEVATOR APARTMENTS
us-nyc,United States,New York,USD,168000.0,nan,2025-12-17,nyc_dof_rolling_sales,nan,,,,1939,,,10 COOPS - ELEVATOR APARTMENTS,SCHUYLERVILLE/PELHAM BAY,"3321 BRUCKNER BOULEVARD, 1J",10 COOPS - ELEVATOR APARTMENTS
us-nyc,United States,New York,USD,147500.0,nan,2025-10-22,nyc_dof_rolling_sales,nan,,,,1939,,,10 COOPS - ELEVATOR APARTMENTS,SCHUYLERVILLE/PELHAM BAY,"3321 BRUCKNER BOULEVARD, 6K",10 COOPS - ELEVATOR APARTMENTS
us-nyc,United States,New York,USD,269000.0,nan,2025-09-25,nyc_dof_rolling_sales,nan,,,,1965,,,13 CONDOS - ELEVATOR APARTMENTS,SCHUYLERVILLE/PELHAM BAY,"1725 EDISON AVENUE, 2A",13 CONDOS - ELEVATOR APARTMENTS
us-nyc,United States,New York,USD,239000.0,nan,2025-07-16,nyc_dof_rolling_sales,nan,,,,1965,,,13 CONDOS - ELEVATOR APARTMENTS,SCHUYLERVILLE/PELHAM BAY,"1725 EDISON AVENUE, 2E",13 CONDOS - ELEVATOR APARTMENTS
us-nyc,United States,New York,USD,382000.0,nan,2025-09-29,nyc_dof_rolling_sales,nan,,,,2003,,,13 CONDOS - ELEVATOR APARTMENTS,SCHUYLERVILLE/PELHAM BAY,"1600 PARKVIEW AVENUE, 6A",13 CONDOS - ELEVATOR APARTMENTS
us-nyc,United States,New York,USD,1415000.0,341.418525,2025-07-29,nyc_dof_rolling_sales,341.418525,,,,1920,,,14 RENTALS - 4-10 UNIT,SCHUYLERVILLE/PELHAM BAY,3182 E TREMONT AVENUE,14 RENTALS - 4-10 UNIT
us-nyc,United States,New York,USD,2075000.0,1486.448,2025-11-13,nyc_dof_rolling_sales,1486.448,,,,1932,,,22 STORE BUILDINGS,SCHUYLERVILLE/PELHAM BAY,2925 WESTCHESTER AVENUE,22 STORE BUILDINGS
us-nyc,United States,New York,USD,2700000.0,418.0635,2025-09-09,nyc_dof_rolling_sales,418.0635,,,,1950,,,22 STORE BUILDINGS,SCHUYLERVILLE/PELHAM BAY,1626 CROSBY AVENUE,22 STORE BUILDINGS
us-nyc,United States,New York,USD,3950000.0,1449.472606,2025-12-03,nyc_dof_rolling_sales,1449.472606,,,,2015,,,22 STORE BUILDINGS,SCHUYLERVILLE/PELHAM BAY,3261-3271 WESTCHESTER AVENUE,22 STORE BUILDINGS
us-nyc,United States,New York,USD,2350000.0,557.418,2025-01-08,nyc_dof_rolling_sales,557.418,,,,1925,,,22 STORE BUILDINGS,SCHUYLERVILLE/PELHAM BAY,3289 WESTCHESTER AVE,22 STORE BUILDINGS
us-nyc,United States,New York,USD,450000.0,55.7418,2025-10-30,nyc_dof_rolling_sales,55.7418,,,,1931,,,22 STORE BUILDINGS,SCHUYLERVILLE/PELHAM BAY,1400 CROSBY AVE,22 STORE BUILDINGS
us-nyc,United States,New York,USD,355000.0,269.4187,2025-11-21,nyc_dof_rolling_sales,269.4187,,,,1945,,,01 ONE FAMILY DWELLINGS,SOUNDVIEW,618 HARDING PARK,01 ONE FAMILY DWELLINGS
us-nyc,United States,New York,USD,581755.0,269.4187,2025-09-17,nyc_dof_rolling_sales,269.4187,,,,1945,,,01 ONE FAMILY DWELLINGS,SOUNDVIEW,618 HARDING PARK,01 ONE FAMILY DWELLINGS
us-nyc,United States,New York,USD,520000.0,110.55457,2025-07-08,nyc_dof_rolling_sales,110.55457,,,,1930,,,01 ONE FAMILY DWELLINGS,SOUNDVIEW,927 HARDING PARK,01 ONE FAMILY DWELLINGS
us-nyc,United States,New York,USD,285000.0,128.020334,2025-01-16,nyc_dof_rolling_sales,128.020334,,,,1945,,,01 ONE FAMILY DWELLINGS,SOUNDVIEW,726 HARDING PARK,01 ONE FAMILY DWELLINGS
us-nyc,United States,New York,USD,10.0,173.356998,2025-05-06,nyc_dof_rolling_sales,173.356998,,,,1925,,,01 ONE FAMILY DWELLINGS,SOUNDVIEW,1329 HARDING PARK,01 ONE FAMILY DWELLINGS
us-nyc,United States,New York,USD,635000.0,141.21256,2025-09-04,nyc_dof_rolling_sales,141.21256,,,,1945,,,01 ONE FAMILY DWELLINGS,SOUNDVIEW,1632 HARDING PARK,01 ONE FAMILY DWELLINGS
us-nyc,United States,New York,USD,275000.0,111.4836,2025-04-14,nyc_dof_rolling_sales,111.4836,,,,1935,,,01 ONE FAMILY DWELLINGS,SOUNDVIEW,1944 GILDERSLEEVE AVENUE,01 ONE FAMILY DWELLINGS
us-nyc,United States,New York,USD,425000.0,104.98039,2025-06-25,nyc_dof_rolling_sales,104.98039,,,,1955,,,01 ONE FAMILY DWELLINGS,SOUNDVIEW,1981 CORNELL AVENUE,01 ONE FAMILY DWELLINGS
us-nyc,United States,New York,USD,380000.0,97.54814999999999,2025-09-29,nyc_dof_rolling_sales,97.54814999999999,,,,1910,,,01 ONE FAMILY DWELLINGS,SOUNDVIEW,1101 HARDING PARK,01 ONE FAMILY DWELLINGS
us-nyc,United States,New York,USD,485000.0,74.3224,2025-01-28,nyc_dof_rolling_sales,74.3224,,,,1930,,,01 ONE FAMILY DWELLINGS,SOUNDVIEW,1204 HARDING PARK,01 ONE FAMILY DWELLINGS
us-nyc,United States,New York,USD,265000.0,83.6127,2025-07-16,nyc_dof_rolling_sales,83.6127,,,,1930,,,01 ONE FAMILY DWELLINGS,SOUNDVIEW,1202 HARDING PARK,01 ONE FAMILY DWELLINGS
us-nyc,United States,New York,USD,215000.0,65.0321,2025-08-01,nyc_dof_rolling_sales,65.0321,,,,1901,,,01 ONE FAMILY DWELLINGS,SOUNDVIEW,1617 HARDING PARK,01 ONE FAMILY DWELLINGS
us-nyc,United States,New York,USD,705000.0,108.69651,2025-06-26,nyc_dof_rolling_sales,108.69651,,,,1925,,,01 ONE FAMILY DWELLINGS,SOUNDVIEW,227 NEWMAN AVE,01 ONE FAMILY DWELLINGS
us-nyc,United States,New York,USD,228000.0,121.888736,2025-03-24,nyc_dof_rolling_sales,121.888736,,,,1920,,,01 ONE FAMILY DWELLINGS,SOUNDVIEW,216 PUGSLEY AVENUE,01 ONE FAMILY DWELLINGS
us-nyc,United States,New York,USD,730000.0,136.56741,2025-03-26,nyc_dof_rolling_sales,136.56741,,,,1920,,,01 ONE FAMILY DWELLINGS,SOUNDVIEW,210 HUSSON AVENUE,01 ONE FAMILY DWELLINGS
us-nyc,United States,New York,USD,260000.0,78.03852,2025-01-22,nyc_dof_rolling_sales,78.03852,,,,1940,,,01 ONE FAMILY DWELLINGS,SOUNDVIEW,330 TAYLOR AVE,01 ONE FAMILY DWELLINGS
us-nyc,United States,New York,USD,495000.0,120.030676,2025-09-04,nyc_dof_rolling_sales,120.030676,,,,2006,,,01 ONE FAMILY DWELLINGS,SOUNDVIEW,302 BOLTON AVENUE,01 ONE FAMILY DWELLINGS
us-nyc,United States,New York,USD,700000.0,171.406035,2025-12-22,nyc_dof_rolling_sales,171.406035,,,,1920,,,01 ONE FAMILY DWELLINGS,SOUNDVIEW,349 NEWMAN AVENUE,01 ONE FAMILY DWELLINGS
us-nyc,United States,New York,USD,830000.0,173.72861,2025-02-19,nyc_dof_rolling_sales,173.72861,,,,1920,,,01 ONE FAMILY DWELLINGS,SOUNDVIEW,327 NEWMAN AVENUE,01 ONE FAMILY DWELLINGS
us-nyc,United States,New York,USD,650000.0,169.547975,2025-04-04,nyc_dof_rolling_sales,169.547975,,,,1940,,,01 ONE FAMILY DWELLINGS,SOUNDVIEW,431 TAYLOR AVENUE,01 ONE FAMILY DWELLINGS
us-nyc,United States,New York,USD,690000.0,118.91584,2025-12-02,nyc_dof_rolling_sales,118.91584,,,,1945,,,01 ONE FAMILY DWELLINGS,SOUNDVIEW,532 ST LAWRENCE AVENUE,01 ONE FAMILY DWELLINGS
us-nyc,United States,New York,USD,635000.0,130.99323,2025-03-18,nyc_dof_rolling_sales,130.99323,,,,1920,,,01 ONE FAMILY DWELLINGS,SOUNDVIEW,1871 LACOMBE AVENUE,01 ONE FAMILY DWELLINGS
us-nyc,United States,New York,USD,451230.0,134.523544,2025-04-28,nyc_dof_rolling_sales,134.523544,,,,1930,,,01 ONE FAMILY DWELLINGS,SOUNDVIEW,1909 LACOMBE AVENUE,01 ONE FAMILY DWELLINGS
us-nyc,United States,New York,USD,385000.0,119.84487,2025-04-07,nyc_dof_rolling_sales,119.84487,,,,1925,,,01 ONE FAMILY DWELLINGS,SOUNDVIEW,528 BOLTON AVENUE,01 ONE FAMILY DWELLINGS
us-nyc,United States,New York,USD,620000.0,164.99572799999999,2025-02-13,nyc_dof_rolling_sales,164.99572799999999,,,,1920,,,01 ONE FAMILY DWELLINGS,SOUNDVIEW,731 ROSEDALE AVE,01 ONE FAMILY DWELLINGS
us-nyc,United States,New York,USD,430000.0,161.65122,2025-05-07,nyc_dof_rolling_sales,161.65122,,,,1940,,,01 ONE FAMILY DWELLINGS,SOUNDVIEW,1055 WHEELER,01 ONE FAMILY DWELLINGS
us-nyc,United States,New York,USD,735000.0,121.888736,2025-05-15,nyc_dof_rolling_sales,121.888736,,,,1925,,,01 ONE FAMILY DWELLINGS,SOUNDVIEW,1151 LELAND AVENUE,01 ONE FAMILY DWELLINGS
us-nyc,United States,New York,USD,799000.0,136.56741,2025-11-26,nyc_dof_rolling_sales,136.56741,,,,1940,,,01 ONE FAMILY DWELLINGS,SOUNDVIEW,1870 GLEASON AVENUE,01 ONE FAMILY DWELLINGS
us-nyc,United States,New York,USD,825000.0,133.78032,2025-03-19,nyc_dof_rolling_sales,133.78032,,,,1920,,,01 ONE FAMILY DWELLINGS,SOUNDVIEW,1239 EVERGREEN AVE,01 ONE FAMILY DWELLINGS
us-nyc,United States,New York,USD,930000.0,224.82526,2025-10-09,nyc_dof_rolling_sales,224.82526,,,,2016,,,02 TWO FAMILY DWELLINGS,SOUNDVIEW,113 DOLPHIN COURT,02 TWO FAMILY DWELLINGS
us-nyc,United States,New York,USD,850000.0,222.9672,2025-03-31,nyc_dof_rolling_sales,222.9672,,,,2014,,,02 TWO FAMILY DWELLINGS,SOUNDVIEW,114 HORIZON LANE,02 TWO FAMILY DWELLINGS
us-nyc,United States,New York,USD,810000.0,224.82526,2025-03-31,nyc_dof_rolling_sales,224.82526,,,,2002,,,02 TWO FAMILY DWELLINGS,SOUNDVIEW,1 STARBOARD CT,02 TWO FAMILY DWELLINGS
us-nyc,United States,New York,USD,848000.0,221.10914,2025-09-29,nyc_dof_rolling_sales,221.10914,,,,2002,,,02 TWO FAMILY DWELLINGS,SOUNDVIEW,117 WHITE PLAINS ROAD,02 TWO FAMILY DWELLINGS
us-nyc,United States,New York,USD,825000.0,221.10914,2025-04-07,nyc_dof_rolling_sales,221.10914,,,,2002,,,02 TWO FAMILY DWELLINGS,SOUNDVIEW,105 WHITE PLAINS ROAD,02 TWO FAMILY DWELLINGS
us-nyc,United States,New York,USD,899000.0,170.569908,2025-03-26,nyc_dof_rolling_sales,170.569908,,,,2008,,,02 TWO FAMILY DWELLINGS,SOUNDVIEW,115 PUGSLEY AVENUE,02 TWO FAMILY DWELLINGS
us-nyc,United States,New York,USD,505000.0,199.74145,2025-12-04,nyc_dof_rolling_sales,199.74145,,,,1935,,,02 TWO FAMILY DWELLINGS,SOUNDVIEW,127 HUSSON AVENUE,02 TWO FAMILY DWELLINGS
us-nyc,United States,New York,USD,760000.0,185.806,2025-06-13,nyc_dof_rolling_sales,185.806,,,,1945,,,02 TWO FAMILY DWELLINGS,SOUNDVIEW,110 HUSSON AVE,02 TWO FAMILY DWELLINGS
us-nyc,United States,New York,USD,525000.0,183.94794,2025-04-08,nyc_dof_rolling_sales,183.94794,,,,1945,,,02 TWO FAMILY DWELLINGS,SOUNDVIEW,1201 HARDING PARK,02 TWO FAMILY DWELLINGS
us-nyc,United States,New York,USD,860000.0,229.47041,2025-12-01,nyc_dof_rolling_sales,229.47041,,,,1955,,,02 TWO FAMILY DWELLINGS,SOUNDVIEW,250 NEWMAN AVENUE,02 TWO FAMILY DWELLINGS
us-nyc,United States,New York,USD,810000.0,176.701506,2025-10-10,nyc_dof_rolling_sales,176.701506,,,,2001,,,02 TWO FAMILY DWELLINGS,SOUNDVIEW,347 BEACH AVENUE,02 TWO FAMILY DWELLINGS
us-nyc,United States,New York,USD,24000.0,176.701506,2025-09-08,nyc_dof_rolling_sales,176.701506,,,,2001,,,02 TWO FAMILY DWELLINGS,SOUNDVIEW,352 BEACH AVENUE,02 TWO FAMILY DWELLINGS
us-nyc,United States,New York,USD,750000.0,262.91549,2025-03-27,nyc_dof_rolling_sales,262.91549,,,,1920,,,02 TWO FAMILY DWELLINGS,SOUNDVIEW,329 UNDERHILL AVENUE,02 TWO FAMILY DWELLINGS
us-nyc,United States,New York,USD,865000.0,189.52212,2025-05-19,nyc_dof_rolling_sales,189.52212,,,,1950,,,02 TWO FAMILY DWELLINGS,SOUNDVIEW,330 UNDERHILL AVENUE,02 TWO FAMILY DWELLINGS
us-nyc,United States,New York,USD,460000.0,209.03175,2025-08-05,nyc_dof_rolling_sales,209.03175,,,,1920,,,02 TWO FAMILY DWELLINGS,SOUNDVIEW,325 NEWMAN AVENUE,02 TWO FAMILY DWELLINGS
us-nyc,United States,New York,USD,10.0,226.68332,2025-02-27,nyc_dof_rolling_sales,226.68332,,,,1920,,,02 TWO FAMILY DWELLINGS,SOUNDVIEW,1966 LACOMBE AVENUE,02 TWO FAMILY DWELLINGS
us-nyc,United States,New York,USD,896000.0,200.67048,2025-01-30,nyc_dof_rolling_sales,200.67048,,,,2007,,,02 TWO FAMILY DWELLINGS,SOUNDVIEW,407 TAYLOR AVENUE,02 TWO FAMILY DWELLINGS
us-nyc,United States,New York,USD,559936.0,160.72219,2025-02-05,nyc_dof_rolling_sales,160.72219,,,,1940,,,02 TWO FAMILY DWELLINGS,SOUNDVIEW,1837 PATTERSON AVENUE,02 TWO FAMILY DWELLINGS
us-nyc,United States,New York,USD,10.0,269.4187,2025-06-19,nyc_dof_rolling_sales,269.4187,,,,1950,,,02 TWO FAMILY DWELLINGS,SOUNDVIEW,411 THIERIOT AVE,02 TWO FAMILY DWELLINGS
us-nyc,United States,New York,USD,415000.0,148.6448,2025-10-21,nyc_dof_rolling_sales,148.6448,,,,1920,,,02 TWO FAMILY DWELLINGS,SOUNDVIEW,424 THIERIOT AVENUE,02 TWO FAMILY DWELLINGS
us-nyc,United States,New York,USD,720000.0,123.189378,2025-06-18,nyc_dof_rolling_sales,123.189378,,,,1920,,,02 TWO FAMILY DWELLINGS,SOUNDVIEW,421 LELAND AVENUE,02 TWO FAMILY DWELLINGS
us-nyc,United States,New York,USD,873000.0,285.676725,2025-06-10,nyc_dof_rolling_sales,285.676725,,,,1970,,,02 TWO FAMILY DWELLINGS,SOUNDVIEW,622 ROSEDALE AVENUE,02 TWO FAMILY DWELLINGS
us-nyc,United States,New York,USD,325000.0,213.6769,2025-04-17,nyc_dof_rolling_sales,213.6769,,,,1925,,,02 TWO FAMILY DWELLINGS,SOUNDVIEW,625 TAYLOR AVENUE,02 TWO FAMILY DWELLINGS
us-nyc,United States,New York,USD,850000.0,255.29744399999998,2025-10-24,nyc_dof_rolling_sales,255.29744399999998,,,,2001,,,02 TWO FAMILY DWELLINGS,SOUNDVIEW,1894 SEWARD AVENUE,02 TWO FAMILY DWELLINGS
us-nyc,United States,New York,USD,1.0,255.29744399999998,2025-05-27,nyc_dof_rolling_sales,255.29744399999998,,,,2001,,,02 TWO FAMILY DWELLINGS,SOUNDVIEW,643 BOLTON AVENUE,02 TWO FAMILY DWELLINGS
us-nyc,United States,New York,USD,969900.0,210.053683,2025-01-24,nyc_dof_rolling_sales,210.053683,,,,2008,,,02 TWO FAMILY DWELLINGS,SOUNDVIEW,747 BEACH AVENUE,02 TWO FAMILY DWELLINGS
us-nyc,United States,New York,USD,470000.0,179.581499,2025-05-30,nyc_dof_rolling_sales,179.581499,,,,1930,,,02 TWO FAMILY DWELLINGS,SOUNDVIEW,733 TAYLOR AVENUE,02 TWO FAMILY DWELLINGS
us-nyc,United States,New York,USD,750000.0,179.581499,2025-07-22,nyc_dof_rolling_sales,179.581499,,,,1930,,,02 TWO FAMILY DWELLINGS,SOUNDVIEW,725 TAYLOR AVENUE,02 TWO FAMILY DWELLINGS
us-nyc,United States,New York,USD,450000.0,176.5157,2025-05-22,nyc_dof_rolling_sales,176.5157,,,,1940,,,02 TWO FAMILY DWELLINGS,SOUNDVIEW,948 BOYNTON AVENUE,02 TWO FAMILY DWELLINGS
us-nyc,United States,New York,USD,500.0,149.94544199999999,2025-02-20,nyc_dof_rolling_sales,149.94544199999999,,,,1955,,,02 TWO FAMILY DWELLINGS,SOUNDVIEW,1056 COLGATE AVENUE,02 TWO FAMILY DWELLINGS
us-nyc,United States,New York,USD,760000.0,215.53496,2025-11-13,nyc_dof_rolling_sales,215.53496,,,,1940,,,02 TWO FAMILY DWELLINGS,SOUNDVIEW,1053 EVERGREEN AVENUE,02 TWO FAMILY DWELLINGS
us-nyc,United States,New York,USD,680000.0,167.2254,2025-05-12,nyc_dof_rolling_sales,167.2254,,,,1940,,,02 TWO FAMILY DWELLINGS,SOUNDVIEW,1060 EVERGREEN AVENUE,02 TWO FAMILY DWELLINGS
us-nyc,United States,New York,USD,10.0,137.682246,2025-06-23,nyc_dof_rolling_sales,137.682246,,,,1940,,,02 TWO FAMILY DWELLINGS,SOUNDVIEW,1029 WHEELER AVE,02 TWO FAMILY DWELLINGS
us-nyc,United States,New York,USD,50000.0,255.48325,2025-01-20,nyc_dof_rolling_sales,255.48325,,,,1925,,,02 TWO FAMILY DWELLINGS,SOUNDVIEW,1116 MANOR AVENUE,02 TWO FAMILY DWELLINGS
us-nyc,United States,New York,USD,787500.0,260.1284,2025-11-21,nyc_dof_rolling_sales,260.1284,,,,1960,,,02 TWO FAMILY DWELLINGS,SOUNDVIEW,1685 WATSON AVENUE,02 TWO FAMILY DWELLINGS
us-nyc,United States,New York,USD,920000.0,265.70258,2025-03-12,nyc_dof_rolling_sales,265.70258,,,,1955,,,02 TWO FAMILY DWELLINGS,SOUNDVIEW,1719 WATSON,02 TWO FAMILY DWELLINGS
us-nyc,United States,New York,USD,10.0,284.28318,2025-06-06,nyc_dof_rolling_sales,284.28318,,,,1955,,,02 TWO FAMILY DWELLINGS,SOUNDVIEW,1114 CROES AVENUE,02 TWO FAMILY DWELLINGS
us-nyc,United States,New York,USD,585000.0,204.3866,2025-04-30,nyc_dof_rolling_sales,204.3866,,,,1910,,,02 TWO FAMILY DWELLINGS,SOUNDVIEW,1135 BEACH AVE,02 TWO FAMILY DWELLINGS
us-nyc,United States,New York,USD,849999.0,277.036746,2025-04-11,nyc_dof_rolling_sales,277.036746,,,,1920,,,02 TWO FAMILY DWELLINGS,SOUNDVIEW,1126 BEACH AVENUE,02 TWO FAMILY DWELLINGS
us-nyc,United States,New York,USD,995000.0,166.482176,2025-02-28,nyc_dof_rolling_sales,166.482176,,,,1935,,,02 TWO FAMILY DWELLINGS,SOUNDVIEW,1158 LELAND AVENUE,02 TWO FAMILY DWELLINGS
us-nyc,United States,New York,USD,990000.0,298.404436,2025-04-28,nyc_dof_rolling_sales,298.404436,,,,1920,,,02 TWO FAMILY DWELLINGS,SOUNDVIEW,1240 SAINT LAWRENCE AVENUE,02 TWO FAMILY DWELLINGS
us-nyc,United States,New York,USD,665000.0,149.202218,2025-07-31,nyc_dof_rolling_sales,149.202218,,,,1950,,,02 TWO FAMILY DWELLINGS,SOUNDVIEW,1250 THIERIOT AVENUE,02 TWO FAMILY DWELLINGS
us-nyc,United States,New York,USD,678960.0,237.83168,2025-01-30,nyc_dof_rolling_sales,237.83168,,,,1925,,,02 TWO FAMILY DWELLINGS,SOUNDVIEW,1269 EVERGREEN AVE,02 TWO FAMILY DWELLINGS
us-nyc,United States,New York,USD,1200000.0,327.390172,2025-12-09,nyc_dof_rolling_sales,327.390172,,,,1930,,,02 TWO FAMILY DWELLINGS,SOUNDVIEW,1236 EVERGREEN AVE,02 TWO FAMILY DWELLINGS
us-nyc,United States,New York,USD,310000.0,222.9672,2025-08-29,nyc_dof_rolling_sales,222.9672,,,,1930,,,02 TWO FAMILY DWELLINGS,SOUNDVIEW,1233 BOYNTON AVENUE,02 TWO FAMILY DWELLINGS
us-nyc,United States,New York,USD,1100000.0,236.345232,2025-12-12,nyc_dof_rolling_sales,236.345232,,,,1930,,,02 TWO FAMILY DWELLINGS,SOUNDVIEW,1253 WARD AVENUE,02 TWO FAMILY DWELLINGS
us-nyc,United States,New York,USD,800000.0,236.345232,2025-03-05,nyc_dof_rolling_sales,236.345232,,,,1930,,,02 TWO FAMILY DWELLINGS,SOUNDVIEW,1251 WARD AVENUE,02 TWO FAMILY DWELLINGS
us-nyc,United States,New York,USD,950000.0,245.821338,2025-03-31,nyc_dof_rolling_sales,245.821338,,,,1930,,,02 TWO FAMILY DWELLINGS,SOUNDVIEW,1236 WARD AVENUE,02 TWO FAMILY DWELLINGS
us-nyc,United States,New York,USD,1000.0,213.305288,2025-10-31,nyc_dof_rolling_sales,213.305288,,,,1930,,,02 TWO FAMILY DWELLINGS,SOUNDVIEW,1255 FTELEY AVENUE,02 TWO FAMILY DWELLINGS
us-nyc,United States,New York,USD,1000.0,213.305288,2025-11-10,nyc_dof_rolling_sales,213.305288,,,,1930,,,02 TWO FAMILY DWELLINGS,SOUNDVIEW,1255 FTELEY AVENUE,02 TWO FAMILY DWELLINGS
us-nyc,United States,New York,USD,955000.0,170.94152,2025-12-12,nyc_dof_rolling_sales,170.94152,,,,1960,,,02 TWO FAMILY DWELLINGS,SOUNDVIEW,1274 FTELEY AVENUE,02 TWO FAMILY DWELLINGS
us-nyc,United States,New York,USD,900000.0,260.1284,2025-06-13,nyc_dof_rolling_sales,260.1284,,,,1955,,,02 TWO FAMILY DWELLINGS,SOUNDVIEW,1257 NOBLE AVENUE,02 TWO FAMILY DWELLINGS
us-nyc,United States,New York,USD,999000.0,240.897479,2025-11-13,nyc_dof_rolling_sales,240.897479,,,,1955,,,02 TWO FAMILY DWELLINGS,SOUNDVIEW,1248 NOBLE AVENUE,02 TWO FAMILY DWELLINGS
us-nyc,United States,New York,USD,846600.0,254.55422,2025-08-11,nyc_dof_rolling_sales,254.55422,,,,1955,,,02 TWO FAMILY DWELLINGS,SOUNDVIEW,1257 COMMONWEALTH AVENUE,02 TWO FAMILY DWELLINGS
us-nyc,United States,New York,USD,1100000.0,254.55422,2025-12-18,nyc_dof_rolling_sales,254.55422,,,,1955,,,02 TWO FAMILY DWELLINGS,SOUNDVIEW,1257 COMMONWEALTH AVENUE,02 TWO FAMILY DWELLINGS
us-nyc,United States,New York,USD,900000.0,239.318128,2025-07-10,nyc_dof_rolling_sales,239.318128,,,,1920,,,02 TWO FAMILY DWELLINGS,SOUNDVIEW,1338 FTELEY AVENUE,02 TWO FAMILY DWELLINGS
us-nyc,United States,New York,USD,900000.0,256.226474,2025-05-29,nyc_dof_rolling_sales,256.226474,,,,1920,,,02 TWO FAMILY DWELLINGS,SOUNDVIEW,1333 CROES AVENUE,02 TWO FAMILY DWELLINGS
us-nyc,United States,New York,USD,945000.0,232.2575,2025-04-18,nyc_dof_rolling_sales,232.2575,,,,1970,,,02 TWO FAMILY DWELLINGS,SOUNDVIEW,1719 EAST 172ND STREET,02 TWO FAMILY DWELLINGS
us-nyc,United States,New York,USD,994850.0,220.644625,2025-11-24,nyc_dof_rolling_sales,220.644625,,,,1970,,,02 TWO FAMILY DWELLINGS,SOUNDVIEW,1707 E. 172ND STREET,02 TWO FAMILY DWELLINGS
us-nyc,United States,New York,USD,1075000.0,248.98004,2025-07-15,nyc_dof_rolling_sales,248.98004,,,,1925,,,02 TWO FAMILY DWELLINGS,SOUNDVIEW,1337 COMMONWEALTH AVENUE,02 TWO FAMILY DWELLINGS
us-nyc,United States,New York,USD,880000.0,164.717019,2025-10-21,nyc_dof_rolling_sales,164.717019,,,,1910,,,02 TWO FAMILY DWELLINGS,SOUNDVIEW,1317 THIERIOT AVE,02 TWO FAMILY DWELLINGS
us-nyc,United States,New York,USD,999000.0,189.52212,2025-06-17,nyc_dof_rolling_sales,189.52212,,,,1963,,,02 TWO FAMILY DWELLINGS,SOUNDVIEW,1328 THIERIOT AVENUE,02 TWO FAMILY DWELLINGS
us-nyc,United States,New York,USD,360000.0,367.152656,2025-10-23,nyc_dof_rolling_sales,367.152656,,,,1910,,,02 TWO FAMILY DWELLINGS,SOUNDVIEW,1809 MCGRAW AVENUE,02 TWO FAMILY DWELLINGS
us-nyc,United States,New York,USD,950000.0,222.9672,2025-03-26,nyc_dof_rolling_sales,222.9672,,,,1920,,,03 THREE FAMILY DWELLINGS,SOUNDVIEW,1953 GILDERSLEEVE AVENUE,03 THREE FAMILY DWELLINGS
us-nyc,United States,New York,USD,840000.0,246.19295,2025-08-15,nyc_dof_rolling_sales,246.19295,,,,1975,,,03 THREE FAMILY DWELLINGS,SOUNDVIEW,485 COMMONWEALTH AVE,03 THREE FAMILY DWELLINGS
us-nyc,United States,New York,USD,920000.0,253.62519,2025-08-25,nyc_dof_rolling_sales,253.62519,,,,1975,,,03 THREE FAMILY DWELLINGS,SOUNDVIEW,454 COMMONWEALTH AVENUE,03 THREE FAMILY DWELLINGS
us-nyc,United States,New York,USD,1100000.0,390.19259999999997,2025-07-25,nyc_dof_rolling_sales,390.19259999999997,,,,2008,,,03 THREE FAMILY DWELLINGS,SOUNDVIEW,436 LELAND AVENUE,03 THREE FAMILY DWELLINGS
us-nyc,United States,New York,USD,1100000.0,390.19259999999997,2025-11-06,nyc_dof_rolling_sales,390.19259999999997,,,,2008,,,03 THREE FAMILY DWELLINGS,SOUNDVIEW,432 LELAND AVENUE,03 THREE FAMILY DWELLINGS
us-nyc,United States,New York,USD,1358000.0,309.645699,2025-09-12,nyc_dof_rolling_sales,309.645699,,,,2023,,,03 THREE FAMILY DWELLINGS,SOUNDVIEW,459 UNDERHILL AVE,03 THREE FAMILY DWELLINGS
us-nyc,United States,New York,USD,1117020.0,262.822587,2025-10-23,nyc_dof_rolling_sales,262.822587,,,,2023,,,03 THREE FAMILY DWELLINGS,SOUNDVIEW,461 UNDERHILL AVE,03 THREE FAMILY DWELLINGS
us-nyc,United States,New York,USD,999000.0,246.19295,2025-06-16,nyc_dof_rolling_sales,246.19295,,,,1970,,,03 THREE FAMILY DWELLINGS,SOUNDVIEW,428 BOLTON AVENUE,03 THREE FAMILY DWELLINGS
us-nyc,United States,New York,USD,999000.0,256.41228,2025-08-07,nyc_dof_rolling_sales,256.41228,,,,1950,,,03 THREE FAMILY DWELLINGS,SOUNDVIEW,535 ST. LAWRENCE AVENUE,03 THREE FAMILY DWELLINGS
us-nyc,United States,New York,USD,1015000.0,260.1284,2025-04-15,nyc_dof_rolling_sales,260.1284,,,,1970,,,03 THREE FAMILY DWELLINGS,SOUNDVIEW,547 BOLTON AVE,03 THREE FAMILY DWELLINGS
us-nyc,United States,New York,USD,900000.0,260.1284,2025-05-14,nyc_dof_rolling_sales,260.1284,,,,1965,,,03 THREE FAMILY DWELLINGS,SOUNDVIEW,566 BOLTON AVENUE,03 THREE FAMILY DWELLINGS
us-nyc,United States,New York,USD,900000.0,232.2575,2025-11-07,nyc_dof_rolling_sales,232.2575,,,,1940,,,03 THREE FAMILY DWELLINGS,SOUNDVIEW,654 ROSEDALE AVENUE,03 THREE FAMILY DWELLINGS
us-nyc,United States,New York,USD,266000.0,219.25108,2025-02-14,nyc_dof_rolling_sales,219.25108,,,,1925,,,03 THREE FAMILY DWELLINGS,SOUNDVIEW,651 ST LAWRENCE AVENUE,03 THREE FAMILY DWELLINGS
us-nyc,United States,New York,USD,900000.0,163.50928,2025-07-02,nyc_dof_rolling_sales,163.50928,,,,1915,,,03 THREE FAMILY DWELLINGS,SOUNDVIEW,611 SAINT LAWRENCE AVENUE,03 THREE FAMILY DWELLINGS
us-nyc,United States,New York,USD,850000.0,329.80565,2025-03-27,nyc_dof_rolling_sales,329.80565,,,,1920,,,03 THREE FAMILY DWELLINGS,SOUNDVIEW,711 COMMONWEALTH AVE,03 THREE FAMILY DWELLINGS
us-nyc,United States,New York,USD,960000.0,254.55422,2025-01-07,nyc_dof_rolling_sales,254.55422,,,,2005,,,03 THREE FAMILY DWELLINGS,SOUNDVIEW,1009 WARD AVENUE,03 THREE FAMILY DWELLINGS
us-nyc,United States,New York,USD,1080000.0,353.0314,2025-10-16,nyc_dof_rolling_sales,353.0314,,,,1915,,,03 THREE FAMILY DWELLINGS,SOUNDVIEW,1022 WARD AVENUE,03 THREE FAMILY DWELLINGS
us-nyc,United States,New York,USD,100000.0,369.289425,2025-04-28,nyc_dof_rolling_sales,369.289425,,,,1930,,,03 THREE FAMILY DWELLINGS,SOUNDVIEW,1044 MANOR AVENUE,03 THREE FAMILY DWELLINGS
us-nyc,United States,New York,USD,10.0,329.80565,2025-09-04,nyc_dof_rolling_sales,329.80565,,,,1925,,,03 THREE FAMILY DWELLINGS,SOUNDVIEW,1124 MANOR AVE,03 THREE FAMILY DWELLINGS
us-nyc,United States,New York,USD,964250.0,260.1284,2025-02-21,nyc_dof_rolling_sales,260.1284,,,,1955,,,03 THREE FAMILY DWELLINGS,SOUNDVIEW,1761 WATSON AVENUE,03 THREE FAMILY DWELLINGS
us-nyc,United States,New York,USD,1100000.0,260.1284,2025-09-09,nyc_dof_rolling_sales,260.1284,,,,1965,,,03 THREE FAMILY DWELLINGS,SOUNDVIEW,1106 SAINT LAWRENCE AVENUE,03 THREE FAMILY DWELLINGS
us-nyc,United States,New York,USD,1.0,275.92191,2025-04-10,nyc_dof_rolling_sales,275.92191,,,,1925,,,03 THREE FAMILY DWELLINGS,SOUNDVIEW,1845 WATSON AVENUE,03 THREE FAMILY DWELLINGS
us-nyc,United States,New York,USD,1125000.0,291.250905,2025-05-28,nyc_dof_rolling_sales,291.250905,,,,2006,,,03 THREE FAMILY DWELLINGS,SOUNDVIEW,1746 WESTCHESTER AVE.,03 THREE FAMILY DWELLINGS
us-nyc,United States,New York,USD,975000.0,331.849516,2025-10-01,nyc_dof_rolling_sales,331.849516,,,,1925,,,03 THREE FAMILY DWELLINGS,SOUNDVIEW,1805 GLEASON AVENUE,03 THREE FAMILY DWELLINGS
us-nyc,United States,New York,USD,900000.0,230.39944,2025-10-28,nyc_dof_rolling_sales,230.39944,,,,1930,,,03 THREE FAMILY DWELLINGS,SOUNDVIEW,1234 ELDER AVENUE,03 THREE FAMILY DWELLINGS
us-nyc,United States,New York,USD,960000.0,236.345232,2025-07-23,nyc_dof_rolling_sales,236.345232,,,,1930,,,03 THREE FAMILY DWELLINGS,SOUNDVIEW,1231 WARD AVENUE,03 THREE FAMILY DWELLINGS
us-nyc,United States,New York,USD,1220000.0,301.00572,2025-10-10,nyc_dof_rolling_sales,301.00572,,,,1927,,,03 THREE FAMILY DWELLINGS,SOUNDVIEW,1243 MORRISON AVENUE,03 THREE FAMILY DWELLINGS
us-nyc,United States,New York,USD,850000.0,235.04459,2025-06-12,nyc_dof_rolling_sales,235.04459,,,,1960,,,03 THREE FAMILY DWELLINGS,SOUNDVIEW,1283 CROES AVENUE,03 THREE FAMILY DWELLINGS
us-nyc,United States,New York,USD,526000.0,237.83168,2025-03-18,nyc_dof_rolling_sales,237.83168,,,,1915,,,03 THREE FAMILY DWELLINGS,SOUNDVIEW,1323 ELDER AVENUE,03 THREE FAMILY DWELLINGS
us-nyc,United States,New York,USD,900000.0,320.236641,2025-03-12,nyc_dof_rolling_sales,320.236641,,,,1920,,,03 THREE FAMILY DWELLINGS,SOUNDVIEW,1321 CROES AVE,03 THREE FAMILY DWELLINGS
us-nyc,United States,New York,USD,10.0,337.23789,2025-01-25,nyc_dof_rolling_sales,337.23789,,,,1935,,,03 THREE FAMILY DWELLINGS,SOUNDVIEW,1323 NOBLE AVENUE,03 THREE FAMILY DWELLINGS
us-nyc,United States,New York,USD,485000.0,nan,2025-07-23,nyc_dof_rolling_sales,nan,,,,1996,,,04 TAX CLASS 1 CONDOS,SOUNDVIEW,"117 SUNSET BOULEVARD, 10117",04 TAX CLASS 1 CONDOS
us-nyc,United States,New York,USD,453000.0,nan,2025-07-02,nyc_dof_rolling_sales,nan,,,,1996,,,04 TAX CLASS 1 CONDOS,SOUNDVIEW,"119 SUNSET BOULEVARD, 10119",04 TAX CLASS 1 CONDOS
us-nyc,United States,New York,USD,400000.0,nan,2025-09-10,nyc_dof_rolling_sales,nan,,,,1996,,,04 TAX CLASS 1 CONDOS,SOUNDVIEW,"226 SUNSET BLVD., 12226",04 TAX CLASS 1 CONDOS
us-nyc,United States,New York,USD,440000.0,nan,2025-12-10,nyc_dof_rolling_sales,nan,,,,2005,,,04 TAX CLASS 1 CONDOS,SOUNDVIEW,"109 NEPTUNE LANE, 5",04 TAX CLASS 1 CONDOS
us-nyc,United States,New York,USD,450000.0,nan,2025-06-05,nyc_dof_rolling_sales,nan,,,,2005,,,04 TAX CLASS 1 CONDOS,SOUNDVIEW,"118 ADMIRAL COURT, 14",04 TAX CLASS 1 CONDOS
us-nyc,United States,New York,USD,515000.0,nan,2025-09-11,nyc_dof_rolling_sales,nan,,,,2005,,,04 TAX CLASS 1 CONDOS,SOUNDVIEW,"105 SURF DRIVE, 25",04 TAX CLASS 1 CONDOS
us-nyc,United States,New York,USD,515000.0,nan,2025-09-22,nyc_dof_rolling_sales,nan,,,,2005,,,04 TAX CLASS 1 CONDOS,SOUNDVIEW,"131 SURF DRIVE, 38",04 TAX CLASS 1 CONDOS
us-nyc,United States,New York,USD,61100.0,nan,2025-06-26,nyc_dof_rolling_sales,nan,,,,2005,,,04 TAX CLASS 1 CONDOS,SOUNDVIEW,"93 ADMIRAL COURT, 83",04 TAX CLASS 1 CONDOS
us-nyc,United States,New York,USD,550000.0,nan,2025-08-18,nyc_dof_rolling_sales,nan,,,,2006,,,04 TAX CLASS 1 CONDOS,SOUNDVIEW,"151 MERMAID LANE, 256",04 TAX CLASS 1 CONDOS
us-nyc,United States,New York,USD,385521.0,nan,2025-02-03,nyc_dof_rolling_sales,nan,,,,2007,,,04 TAX CLASS 1 CONDOS,SOUNDVIEW,"213 SURF DRIVE, 131A",04 TAX CLASS 1 CONDOS
us-nyc,United States,New York,USD,387500.0,nan,2025-06-03,nyc_dof_rolling_sales,nan,,,,2007,,,04 TAX CLASS 1 CONDOS,SOUNDVIEW,"213 SURF DRIVE, 131A",04 TAX CLASS 1 CONDOS
us-nyc,United States,New York,USD,580000.0,nan,2025-06-30,nyc_dof_rolling_sales,nan,,,,2007,,,04 TAX CLASS 1 CONDOS,SOUNDVIEW,"231 SURF DRIVE, 140B",04 TAX CLASS 1 CONDOS
us-nyc,United States,New York,USD,410000.0,nan,2025-02-05,nyc_dof_rolling_sales,nan,,,,2007,,,04 TAX CLASS 1 CONDOS,SOUNDVIEW,"241 SURF DRIVE, 169A",04 TAX CLASS 1 CONDOS
us-nyc,United States,New York,USD,580000.0,nan,2025-07-10,nyc_dof_rolling_sales,nan,,,,2007,,,04 TAX CLASS 1 CONDOS,SOUNDVIEW,"241 SURF DRIVE, 169A",04 TAX CLASS 1 CONDOS
us-nyc,United States,New York,USD,465000.0,nan,2025-02-27,nyc_dof_rolling_sales,nan,,,,2008,,,04 TAX CLASS 1 CONDOS,SOUNDVIEW,"132 HERON LANE, 355",04 TAX CLASS 1 CONDOS
us-nyc,United States,New York,USD,530250.0,nan,2025-05-30,nyc_dof_rolling_sales,nan,,,,2008,,,04 TAX CLASS 1 CONDOS,SOUNDVIEW,"87 HERON LANE, 436",04 TAX CLASS 1 CONDOS
us-nyc,United States,New York,USD,540000.0,nan,2025-07-25,nyc_dof_rolling_sales,nan,,,,2008,,,04 TAX CLASS 1 CONDOS,SOUNDVIEW,"134 SURF DRIVE, 474",04 TAX CLASS 1 CONDOS
us-nyc,United States,New York,USD,53100.0,nan,2025-05-20,nyc_dof_rolling_sales,nan,,,,2008,,,04 TAX CLASS 1 CONDOS,SOUNDVIEW,"150 SURF DRIVE, 482",04 TAX CLASS 1 CONDOS
us-nyc,United States,New York,USD,316000.0,nan,2025-12-08,nyc_dof_rolling_sales,nan,,,,1988,,,04 TAX CLASS 1 CONDOS,SOUNDVIEW,"1869 LAFAYETTE AVENUE, 8B",04 TAX CLASS 1 CONDOS
us-nyc,United States,New York,USD,330000.0,nan,2025-09-05,nyc_dof_rolling_sales,nan,,,,1988,,,04 TAX CLASS 1 CONDOS,SOUNDVIEW,"822 LELAND AVENUE, 14C",04 TAX CLASS 1 CONDOS
us-nyc,United States,New York,USD,295000.0,nan,2025-07-24,nyc_dof_rolling_sales,nan,,,,1988,,,04 TAX CLASS 1 CONDOS,SOUNDVIEW,"842 LELAND AVENUE, 24C",04 TAX CLASS 1 CONDOS
us-nyc,United States,New York,USD,350000.0,nan,2025-10-31,nyc_dof_rolling_sales,nan,,,,1988,,,04 TAX CLASS 1 CONDOS,SOUNDVIEW,"844 LELAND AVE, 25A",04 TAX CLASS 1 CONDOS
us-nyc,United States,New York,USD,480195.0,nan,2025-03-24,nyc_dof_rolling_sales,nan,,,,1988,,,04 TAX CLASS 1 CONDOS,SOUNDVIEW,"862 LELAND AVENUE, 34A",04 TAX CLASS 1 CONDOS
us-nyc,United States,New York,USD,375000.0,nan,2025-07-02,nyc_dof_rolling_sales,nan,,,,,,,04 TAX CLASS 1 CONDOS,SOUNDVIEW,"1874 STORY AVE, 43-A",04 TAX CLASS 1 CONDOS
us-nyc,United States,New York,USD,300000.0,nan,2025-02-19,nyc_dof_rolling_sales,nan,,,,1989,,,04 TAX CLASS 1 CONDOS,SOUNDVIEW,"909B ELDER AVENUE, 909B",04 TAX CLASS 1 CONDOS
us-nyc,United States,New York,USD,367820.0,nan,2025-10-08,nyc_dof_rolling_sales,nan,,,,1989,,,04 TAX CLASS 1 CONDOS,SOUNDVIEW,"918C WHEELER AVENUE, 918C",04 TAX CLASS 1 CONDOS
us-nyc,United States,New York,USD,995000.0,297.2896,2025-07-11,nyc_dof_rolling_sales,297.2896,,,,1935,,,07 RENTALS - WALKUP APARTMENTS,SOUNDVIEW,137-139 PUGSLEY AVENUE,07 RENTALS - WALKUP APARTMENTS
us-nyc,United States,New York,USD,243000.0,4645.15,2025-01-28,nyc_dof_rolling_sales,4645.15,,,,2021,,,07 RENTALS - WALKUP APARTMENTS,SOUNDVIEW,"1715A LACOMBE AVENUE, 1B",07 RENTALS - WALKUP APARTMENTS
us-nyc,United States,New York,USD,275800.0,4645.15,2025-02-25,nyc_dof_rolling_sales,4645.15,,,,2021,,,07 RENTALS - WALKUP APARTMENTS,SOUNDVIEW,"1715A LACOMBE AVENUE, 2A",07 RENTALS - WALKUP APARTMENTS
us-nyc,United States,New York,USD,243000.0,4645.15,2025-01-09,nyc_dof_rolling_sales,4645.15,,,,2021,,,07 RENTALS - WALKUP APARTMENTS,SOUNDVIEW,"1715A LACOMBE AVENUE, 2B",07 RENTALS - WALKUP APARTMENTS
us-nyc,United States,New York,USD,223700.0,4645.15,2025-04-17,nyc_dof_rolling_sales,4645.15,,,,2021,,,07 RENTALS - WALKUP APARTMENTS,SOUNDVIEW,"1715A LACOMBE AVENUE, 4B",07 RENTALS - WALKUP APARTMENTS
us-nyc,United States,New York,USD,275800.0,4645.15,2025-01-31,nyc_dof_rolling_sales,4645.15,,,,2021,,,07 RENTALS - WALKUP APARTMENTS,SOUNDVIEW,"1719 LACOMBE AVENUE, 3A",07 RENTALS - WALKUP APARTMENTS
us-nyc,United States,New York,USD,275800.0,4645.15,2025-04-29,nyc_dof_rolling_sales,4645.15,,,,2021,,,07 RENTALS - WALKUP APARTMENTS,SOUNDVIEW,"1719 LACOMBE AVENUE, 4A",07 RENTALS - WALKUP APARTMENTS
us-nyc,United States,New York,USD,275800.0,4645.15,2025-01-24,nyc_dof_rolling_sales,4645.15,,,,2021,,,07 RENTALS - WALKUP APARTMENTS,SOUNDVIEW,"1723 LACOMBE AVENUE, 2A",07 RENTALS - WALKUP APARTMENTS
us-nyc,United States,New York,USD,275800.0,4645.15,2025-01-23,nyc_dof_rolling_sales,4645.15,,,,2021,,,07 RENTALS - WALKUP APARTMENTS,SOUNDVIEW,"1723 LACOMBE AVENUE, 3A",07 RENTALS - WALKUP APARTMENTS
us-nyc,United States,New York,USD,275800.0,4645.15,2025-02-11,nyc_dof_rolling_sales,4645.15,,,,2021,,,07 RENTALS - WALKUP APARTMENTS,SOUNDVIEW,"1723 LACOMBE AVENUE, 4A",07 RENTALS - WALKUP APARTMENTS
us-nyc,United States,New York,USD,275800.0,4645.15,2025-02-27,nyc_dof_rolling_sales,4645.15,,,,2021,,,07 RENTALS - WALKUP APARTMENTS,SOUNDVIEW,"1727 LACOMBE AVENUE, 1A",07 RENTALS - WALKUP APARTMENTS
us-nyc,United States,New York,USD,243000.0,4645.15,2025-02-05,nyc_dof_rolling_sales,4645.15,,,,2021,,,07 RENTALS - WALKUP APARTMENTS,SOUNDVIEW,"1727 LACOMBE AVENUE, 1B",07 RENTALS - WALKUP APARTMENTS
us-nyc,United States,New York,USD,255000.0,4645.15,2025-02-13,nyc_dof_rolling_sales,4645.15,,,,2021,,,07 RENTALS - WALKUP APARTMENTS,SOUNDVIEW,"1727 LACOMBE AVENUE, 2A",07 RENTALS - WALKUP APARTMENTS
us-nyc,United States,New York,USD,275800.0,4645.15,2025-01-09,nyc_dof_rolling_sales,4645.15,,,,2021,,,07 RENTALS - WALKUP APARTMENTS,SOUNDVIEW,"1731 LACOMBE AVENUE, 1A",07 RENTALS - WALKUP APARTMENTS
us-nyc,United States,New York,USD,275800.0,4645.15,2025-03-07,nyc_dof_rolling_sales,4645.15,,,,2021,,,07 RENTALS - WALKUP APARTMENTS,SOUNDVIEW,"1735 LACOMBE AVENUE, 2A",07 RENTALS - WALKUP APARTMENTS
us-nyc,United States,New York,USD,223700.0,4645.15,2025-05-02,nyc_dof_rolling_sales,4645.15,,,,2021,,,07 RENTALS - WALKUP APARTMENTS,SOUNDVIEW,"1735 LACOMBE AVENUE, 4B",07 RENTALS - WALKUP APARTMENTS
us-nyc,United States,New York,USD,315000.0,4645.15,2025-01-23,nyc_dof_rolling_sales,4645.15,,,,2021,,,07 RENTALS - WALKUP APARTMENTS,SOUNDVIEW,"1739 LACOMBE AVENUE, 1A",07 RENTALS - WALKUP APARTMENTS
us-nyc,United States,New York,USD,315000.0,4645.15,2025-02-27,nyc_dof_rolling_sales,4645.15,,,,2021,,,07 RENTALS - WALKUP APARTMENTS,SOUNDVIEW,"1739 LACOMBE AVENUE, 2A",07 RENTALS - WALKUP APARTMENTS
us-nyc,United States,New York,USD,315000.0,4645.15,2025-02-11,nyc_dof_rolling_sales,4645.15,,,,2021,,,07 RENTALS - WALKUP APARTMENTS,SOUNDVIEW,"1739 LACOMBE AVENUE, 3A",07 RENTALS - WALKUP APARTMENTS
us-nyc,United States,New York,USD,315000.0,4645.15,2025-01-17,nyc_dof_rolling_sales,4645.15,,,,2021,,,07 RENTALS - WALKUP APARTMENTS,SOUNDVIEW,"1739 LACOMBE AVENUE, 4A",07 RENTALS - WALKUP APARTMENTS
us-nyc,United States,New York,USD,243000.0,4645.15,2025-03-18,nyc_dof_rolling_sales,4645.15,,,,2021,,,07 RENTALS - WALKUP APARTMENTS,SOUNDVIEW,"351 BRONX RIVER AVENUE, 1A",07 RENTALS - WALKUP APARTMENTS
us-nyc,United States,New York,USD,275800.0,4645.15,2025-01-07,nyc_dof_rolling_sales,4645.15,,,,2021,,,07 RENTALS - WALKUP APARTMENTS,SOUNDVIEW,"351 BRONX RIVER AVENUE, 2B",07 RENTALS - WALKUP APARTMENTS
us-nyc,United States,New York,USD,275800.0,4645.15,2025-03-18,nyc_dof_rolling_sales,4645.15,,,,2021,,,07 RENTALS - WALKUP APARTMENTS,SOUNDVIEW,"351 BRONX RIVER AVENUE, 3B",07 RENTALS - WALKUP APARTMENTS
us-nyc,United States,New York,USD,243000.0,4645.15,2025-01-28,nyc_dof_rolling_sales,4645.15,,,,2021,,,07 RENTALS - WALKUP APARTMENTS,SOUNDVIEW,"351 BRONX RIVER AVENUE, 4A",07 RENTALS - WALKUP APARTMENTS
us-nyc,United States,New York,USD,275800.0,4645.15,2025-01-24,nyc_dof_rolling_sales,4645.15,,,,2021,,,07 RENTALS - WALKUP APARTMENTS,SOUNDVIEW,"351 BRONX RIVER AVENUE, 4B",07 RENTALS - WALKUP APARTMENTS
us-nyc,United States,New York,USD,315000.0,4645.15,2025-01-08,nyc_dof_rolling_sales,4645.15,,,,2021,,,07 RENTALS - WALKUP APARTMENTS,SOUNDVIEW,"355 BRONX RIVER AVENUE, 1A",07 RENTALS - WALKUP APARTMENTS
us-nyc,United States,New York,USD,315000.0,4645.15,2025-01-14,nyc_dof_rolling_sales,4645.15,,,,2021,,,07 RENTALS - WALKUP APARTMENTS,SOUNDVIEW,"355 BRONX RIVER AVENUE, 2A",07 RENTALS - WALKUP APARTMENTS
us-nyc,United States,New York,USD,315000.0,4645.15,2025-05-12,nyc_dof_rolling_sales,4645.15,,,,2021,,,07 RENTALS - WALKUP APARTMENTS,SOUNDVIEW,"355 BRONX RIVER AVENUE, 3A",07 RENTALS - WALKUP APARTMENTS
us-nyc,United States,New York,USD,315000.0,4645.15,2025-05-14,nyc_dof_rolling_sales,4645.15,,,,2021,,,07 RENTALS - WALKUP APARTMENTS,SOUNDVIEW,"359 BRONX RIVER AVENUE, 2A",07 RENTALS - WALKUP APARTMENTS
us-nyc,United States,New York,USD,315000.0,4645.15,2025-01-17,nyc_dof_rolling_sales,4645.15,,,,2021,,,07 RENTALS - WALKUP APARTMENTS,SOUNDVIEW,"359 BRONX RIVER AVENUE, 4A",07 RENTALS - WALKUP APARTMENTS
us-nyc,United States,New York,USD,275800.0,4645.15,2025-09-19,nyc_dof_rolling_sales,4645.15,,,,2021,,,07 RENTALS - WALKUP APARTMENTS,SOUNDVIEW,"1715A LACOMBE AVENUE, 3A",07 RENTALS - WALKUP APARTMENTS
us-nyc,United States,New York,USD,255000.0,4645.15,2025-08-21,nyc_dof_rolling_sales,4645.15,,,,2021,,,07 RENTALS - WALKUP APARTMENTS,SOUNDVIEW,"1719 LACOMBE AVENUE, 1A",07 RENTALS - WALKUP APARTMENTS
us-nyc,United States,New York,USD,275800.0,4645.15,2025-07-28,nyc_dof_rolling_sales,4645.15,,,,2021,,,07 RENTALS - WALKUP APARTMENTS,SOUNDVIEW,"1731 LACOMBE AVENUE, 3B",07 RENTALS - WALKUP APARTMENTS
us-nyc,United States,New York,USD,243000.0,4645.15,2025-08-28,nyc_dof_rolling_sales,4645.15,,,,2021,,,07 RENTALS - WALKUP APARTMENTS,SOUNDVIEW,"1735 LACOMBE AVENUE, 1B",07 RENTALS - WALKUP APARTMENTS
us-nyc,United States,New York,USD,275800.0,4645.15,2025-06-27,nyc_dof_rolling_sales,4645.15,,,,2021,,,07 RENTALS - WALKUP APARTMENTS,SOUNDVIEW,"1735 LACOMBE AVENUE, 3A",07 RENTALS - WALKUP APARTMENTS
us-nyc,United States,New York,USD,255000.0,4645.15,2025-09-12,nyc_dof_rolling_sales,4645.15,,,,2021,,,07 RENTALS - WALKUP APARTMENTS,SOUNDVIEW,"1735 LACOMBE AVENUE, 4A",07 RENTALS - WALKUP APARTMENTS
us-nyc,United States,New York,USD,243000.0,4645.15,2025-07-22,nyc_dof_rolling_sales,4645.15,,,,2021,,,07 RENTALS - WALKUP APARTMENTS,SOUNDVIEW,"1739 LACOMBE AVENUE, 2B",07 RENTALS - WALKUP APARTMENTS
us-nyc,United States,New York,USD,223700.0,4645.15,2025-07-15,nyc_dof_rolling_sales,4645.15,,,,2021,,,07 RENTALS - WALKUP APARTMENTS,SOUNDVIEW,"1739 LACOMBE AVENUE, 4B",07 RENTALS - WALKUP APARTMENTS
us-nyc,United States,New York,USD,315000.0,4645.15,2025-08-22,nyc_dof_rolling_sales,4645.15,,,,2021,,,07 RENTALS - WALKUP APARTMENTS,SOUNDVIEW,"355 BRONX RIVER AVENUE, 2B",07 RENTALS - WALKUP APARTMENTS
us-nyc,United States,New York,USD,315000.0,4645.15,2025-07-18,nyc_dof_rolling_sales,4645.15,,,,2021,,,07 RENTALS - WALKUP APARTMENTS,SOUNDVIEW,"355 BRONX RIVER AVENUE, 4A",07 RENTALS - WALKUP APARTMENTS
us-nyc,United States,New York,USD,10.0,195.09629999999999,2025-04-10,nyc_dof_rolling_sales,195.09629999999999,,,,1921,,,07 RENTALS - WALKUP APARTMENTS,SOUNDVIEW,529 UNDERHILL AVENUE,07 RENTALS - WALKUP APARTMENTS
us-nyc,United States,New York,USD,800000.0,260.1284,2025-07-25,nyc_dof_rolling_sales,260.1284,,,,1970,,,07 RENTALS - WALKUP APARTMENTS,SOUNDVIEW,555 BOLTON AVENUE,07 RENTALS - WALKUP APARTMENTS
us-nyc,United States,New York,USD,1035000.0,252.69616,2025-11-14,nyc_dof_rolling_sales,252.69616,,,,1929,,,07 RENTALS - WALKUP APARTMENTS,SOUNDVIEW,1754 SEWARD AVENUE,07 RENTALS - WALKUP APARTMENTS
us-nyc,United States,New York,USD,2600000.0,289.85735999999997,2025-09-18,nyc_dof_rolling_sales,289.85735999999997,,,,1960,,,07 RENTALS - WALKUP APARTMENTS,SOUNDVIEW,1024 ELDER AVE,07 RENTALS - WALKUP APARTMENTS
us-nyc,United States,New York,USD,4050000.0,3390.9595,2025-03-19,nyc_dof_rolling_sales,3390.9595,,,,1928,,,07 RENTALS - WALKUP APARTMENTS,SOUNDVIEW,1161 ELDER AVENUE,07 RENTALS - WALKUP APARTMENTS
us-nyc,United States,New York,USD,975000.0,323.766955,2025-11-13,nyc_dof_rolling_sales,323.766955,,,,1928,,,07 RENTALS - WALKUP APARTMENTS,SOUNDVIEW,1127 BOYNTON AVENUE,07 RENTALS - WALKUP APARTMENTS
us-nyc,United States,New York,USD,985000.0,323.766955,2025-05-02,nyc_dof_rolling_sales,323.766955,,,,1928,,,07 RENTALS - WALKUP APARTMENTS,SOUNDVIEW,1125 BOYNTON AVENUE,07 RENTALS - WALKUP APARTMENTS
us-nyc,United States,New York,USD,1200000.0,323.766955,2025-03-31,nyc_dof_rolling_sales,323.766955,,,,1927,,,07 RENTALS - WALKUP APARTMENTS,SOUNDVIEW,1130 BOYNTON AVENUE,07 RENTALS - WALKUP APARTMENTS
us-nyc,United States,New York,USD,1060000.0,304.72184,2025-07-10,nyc_dof_rolling_sales,304.72184,,,,1926,,,07 RENTALS - WALKUP APARTMENTS,SOUNDVIEW,1159 MANOR AVENUE,07 RENTALS - WALKUP APARTMENTS
us-nyc,United States,New York,USD,1050000.0,297.2896,2025-07-02,nyc_dof_rolling_sales,297.2896,,,,1927,,,07 RENTALS - WALKUP APARTMENTS,SOUNDVIEW,1155 FTELEY AVENUE,07 RENTALS - WALKUP APARTMENTS
us-nyc,United States,New York,USD,1066667.0,297.2896,2025-02-27,nyc_dof_rolling_sales,297.2896,,,,1928,,,07 RENTALS - WALKUP APARTMENTS,SOUNDVIEW,1127 FTELEY AVENUE,07 RENTALS - WALKUP APARTMENTS
us-nyc,United States,New York,USD,1066667.0,297.2896,2025-02-27,nyc_dof_rolling_sales,297.2896,,,,1928,,,07 RENTALS - WALKUP APARTMENTS,SOUNDVIEW,1123 FTELEY AVENUE,07 RENTALS - WALKUP APARTMENTS
us-nyc,United States,New York,USD,1066667.0,297.2896,2025-02-27,nyc_dof_rolling_sales,297.2896,,,,1928,,,07 RENTALS - WALKUP APARTMENTS,SOUNDVIEW,1121 FTELEY AVENUE,07 RENTALS - WALKUP APARTMENTS
us-nyc,United States,New York,USD,254563.0,297.2896,2025-05-06,nyc_dof_rolling_sales,297.2896,,,,1928,,,07 RENTALS - WALKUP APARTMENTS,SOUNDVIEW,1119 FTELEY AVENUE,07 RENTALS - WALKUP APARTMENTS
us-nyc,United States,New York,USD,860000.0,304.72184,2025-06-27,nyc_dof_rolling_sales,304.72184,,,,1928,,,07 RENTALS - WALKUP APARTMENTS,SOUNDVIEW,1111 FTELEY AVENUE,07 RENTALS - WALKUP APARTMENTS
us-nyc,United States,New York,USD,1100000.0,345.320451,2025-10-22,nyc_dof_rolling_sales,345.320451,,,,1924,,,07 RENTALS - WALKUP APARTMENTS,SOUNDVIEW,1171 LELAND AVENUE,07 RENTALS - WALKUP APARTMENTS
us-nyc,United States,New York,USD,995200.0,345.320451,2025-10-22,nyc_dof_rolling_sales,345.320451,,,,1924,,,07 RENTALS - WALKUP APARTMENTS,SOUNDVIEW,1169 LELAND AVENUE,07 RENTALS - WALKUP APARTMENTS
us-nyc,United States,New York,USD,1345000.0,308.530863,2025-03-11,nyc_dof_rolling_sales,308.530863,,,,1926,,,07 RENTALS - WALKUP APARTMENTS,SOUNDVIEW,1143 WHITE PLAINS ROAD,07 RENTALS - WALKUP APARTMENTS
us-nyc,United States,New York,USD,1300000.0,331.106292,2025-06-30,nyc_dof_rolling_sales,331.106292,,,,1927,,,07 RENTALS - WALKUP APARTMENTS,SOUNDVIEW,1212 COMMONWEALTH AVENUE,07 RENTALS - WALKUP APARTMENTS
us-nyc,United States,New York,USD,990000.0,315.8702,2025-05-22,nyc_dof_rolling_sales,315.8702,,,,1926,,,07 RENTALS - WALKUP APARTMENTS,SOUNDVIEW,1215 BRONX RIVER AVENUE,07 RENTALS - WALKUP APARTMENTS
us-nyc,United States,New York,USD,970000.0,1244.9002,2025-11-12,nyc_dof_rolling_sales,1244.9002,,,,1913,,,07 RENTALS - WALKUP APARTMENTS,SOUNDVIEW,1227 WHEELER AVENUE,07 RENTALS - WALKUP APARTMENTS
us-nyc,United States,New York,USD,900000.0,451.50858,2025-07-30,nyc_dof_rolling_sales,451.50858,,,,1926,,,07 RENTALS - WALKUP APARTMENTS,SOUNDVIEW,1264 MANOR AVENUE,07 RENTALS - WALKUP APARTMENTS
us-nyc,United States,New York,USD,995000.0,308.530863,2025-03-19,nyc_dof_rolling_sales,308.530863,,,,1927,,,07 RENTALS - WALKUP APARTMENTS,SOUNDVIEW,1260 STRATFORD AVENUE,07 RENTALS - WALKUP APARTMENTS
us-nyc,United States,New York,USD,1050000.0,308.530863,2025-07-02,nyc_dof_rolling_sales,308.530863,,,,1927,,,07 RENTALS - WALKUP APARTMENTS,SOUNDVIEW,1251 MORRISON AVENUE,07 RENTALS - WALKUP APARTMENTS
us-nyc,United States,New York,USD,799000.0,304.350228,2025-08-19,nyc_dof_rolling_sales,304.350228,,,,1925,,,07 RENTALS - WALKUP APARTMENTS,SOUNDVIEW,1667 EAST 172 STREET,07 RENTALS - WALKUP APARTMENTS
us-nyc,United States,New York,USD,925000.0,260.1284,2025-10-22,nyc_dof_rolling_sales,260.1284,,,,1926,,,07 RENTALS - WALKUP APARTMENTS,SOUNDVIEW,1335 CROES AVENUE,07 RENTALS - WALKUP APARTMENTS
us-nyc,United States,New York,USD,1125000.0,526.76001,2025-12-12,nyc_dof_rolling_sales,526.76001,,,,1928,,,07 RENTALS - WALKUP APARTMENTS,SOUNDVIEW,1423 NOBLE AVENUE,07 RENTALS - WALKUP APARTMENTS
us-nyc,United States,New York,USD,54500000.0,16337.085453,2025-05-09,nyc_dof_rolling_sales,16337.085453,,,,1968,,,08 RENTALS - ELEVATOR APARTMENTS,SOUNDVIEW,880 THIERIOT AVENUE,08 RENTALS - ELEVATOR APARTMENTS
us-nyc,United States,New York,USD,54500000.0,16355.944762,2025-05-09,nyc_dof_rolling_sales,16355.944762,,,,1968,,,08 RENTALS - ELEVATOR APARTMENTS,SOUNDVIEW,820 THIERIOT AVENUE,08 RENTALS - ELEVATOR APARTMENTS
us-nyc,United States,New York,USD,17870982.0,20127.43495,2025-11-20,nyc_dof_rolling_sales,20127.43495,,,,1966,,,08 RENTALS - ELEVATOR APARTMENTS,SOUNDVIEW,950 UNDERHILL AVENUE,08 RENTALS - ELEVATOR APARTMENTS
us-nyc,United States,New York,USD,7500000.0,8361.27,2025-06-24,nyc_dof_rolling_sales,8361.27,,,,1929,,,08 RENTALS - ELEVATOR APARTMENTS,SOUNDVIEW,1154 WARD AVENUE,08 RENTALS - ELEVATOR APARTMENTS
us-nyc,United States,New York,USD,275800.0,nan,2025-11-14,nyc_dof_rolling_sales,nan,,,,2021,,,09 COOPS - WALKUP APARTMENTS,SOUNDVIEW,"1727 LACOMBE AVENUE, 2B",09 COOPS - WALKUP APARTMENTS
us-nyc,United States,New York,USD,275800.0,nan,2025-10-23,nyc_dof_rolling_sales,nan,,,,2021,,,09 COOPS - WALKUP APARTMENTS,SOUNDVIEW,"1731 LACOMBE AVENUE, 2A",09 COOPS - WALKUP APARTMENTS
us-nyc,United States,New York,USD,275800.0,nan,2025-10-23,nyc_dof_rolling_sales,nan,,,,2021,,,09 COOPS - WALKUP APARTMENTS,SOUNDVIEW,"1731 LACOMBE AVENUE, 2B",09 COOPS - WALKUP APARTMENTS
us-nyc,United States,New York,USD,243000.0,nan,2025-09-18,nyc_dof_rolling_sales,nan,,,,2021,,,09 COOPS - WALKUP APARTMENTS,SOUNDVIEW,"1735 LACOMBE AVENUE, 2B",09 COOPS - WALKUP APARTMENTS
us-nyc,United States,New York,USD,243000.0,nan,2025-12-01,nyc_dof_rolling_sales,nan,,,,2021,,,09 COOPS - WALKUP APARTMENTS,SOUNDVIEW,"1735 LACOMBE AVENUE, 3B",09 COOPS - WALKUP APARTMENTS
us-nyc,United States,New York,USD,223700.0,nan,2025-11-06,nyc_dof_rolling_sales,nan,,,,2021,,,09 COOPS - WALKUP APARTMENTS,SOUNDVIEW,"359 BRONX RIVER AVENUE, 4B",09 COOPS - WALKUP APARTMENTS
us-nyc,United States,New York,USD,25000.0,nan,2025-06-12,nyc_dof_rolling_sales,nan,,,,1928,,,09 COOPS - WALKUP APARTMENTS,SOUNDVIEW,"1036 MANOR AVENUE, 8E",09 COOPS - WALKUP APARTMENTS
us-nyc,United States,New York,USD,100000.0,nan,2025-03-19,nyc_dof_rolling_sales,nan,,,,1927,,,09 COOPS - WALKUP APARTMENTS,SOUNDVIEW,"1160 COLGATE AVENUE, 1D",09 COOPS - WALKUP APARTMENTS
us-nyc,United States,New York,USD,275000.0,nan,2025-10-30,nyc_dof_rolling_sales,nan,,,,1962,,,10 COOPS - ELEVATOR APARTMENTS,SOUNDVIEW,"875 MORRISON AVENUE, 15A",10 COOPS - ELEVATOR APARTMENTS
us-nyc,United States,New York,USD,375000.0,nan,2025-04-23,nyc_dof_rolling_sales,nan,,,,1962,,,10 COOPS - ELEVATOR APARTMENTS,SOUNDVIEW,"875 MORRISON AVENUE, 3C",10 COOPS - ELEVATOR APARTMENTS
us-nyc,United States,New York,USD,249000.0,nan,2025-02-12,nyc_dof_rolling_sales,nan,,,,1962,,,10 COOPS - ELEVATOR APARTMENTS,SOUNDVIEW,"875 MORRISON AVENUE, 3M",10 COOPS - ELEVATOR APARTMENTS
us-nyc,United States,New York,USD,375000.0,nan,2025-05-22,nyc_dof_rolling_sales,nan,,,,1962,,,10 COOPS - ELEVATOR APARTMENTS,SOUNDVIEW,"875 MORRISON AVENUE, 7K",10 COOPS - ELEVATOR APARTMENTS
us-nyc,United States,New York,USD,365000.0,nan,2025-12-17,nyc_dof_rolling_sales,nan,,,,1962,,,10 COOPS - ELEVATOR APARTMENTS,SOUNDVIEW,"875 MORRISON AVENUE, 8K",10 COOPS - ELEVATOR APARTMENTS
us-nyc,United States,New York,USD,365000.0,nan,2025-06-20,nyc_dof_rolling_sales,nan,,,,1962,,,10 COOPS - ELEVATOR APARTMENTS,SOUNDVIEW,"875 MORRISON AVENUE, 9L",10 COOPS - ELEVATOR APARTMENTS
us-nyc,United States,New York,USD,265000.0,nan,2025-04-22,nyc_dof_rolling_sales,nan,,,,1962,,,10 COOPS - ELEVATOR APARTMENTS,SOUNDVIEW,"825 MORRISON AVENUE, 10M",10 COOPS - ELEVATOR APARTMENTS
us-nyc,United States,New York,USD,365000.0,nan,2025-02-12,nyc_dof_rolling_sales,nan,,,,1962,,,10 COOPS - ELEVATOR APARTMENTS,SOUNDVIEW,"825 MORRISON AVENUE, 13F",10 COOPS - ELEVATOR APARTMENTS
us-nyc,United States,New York,USD,365000.0,nan,2025-01-30,nyc_dof_rolling_sales,nan,,,,1962,,,10 COOPS - ELEVATOR APARTMENTS,SOUNDVIEW,"825 MORRISON AVENUE, 8C",10 COOPS - ELEVATOR APARTMENTS
us-nyc,United States,New York,USD,265000.0,nan,2025-05-30,nyc_dof_rolling_sales,nan,,,,1962,,,10 COOPS - ELEVATOR APARTMENTS,SOUNDVIEW,"820 BOYNTON AVENUE, 14A",10 COOPS - ELEVATOR APARTMENTS
us-nyc,United States,New York,USD,275000.0,nan,2025-08-27,nyc_dof_rolling_sales,nan,,,,1962,,,10 COOPS - ELEVATOR APARTMENTS,SOUNDVIEW,"820 BOYNTON AVENUE, 7A",10 COOPS - ELEVATOR APARTMENTS
us-nyc,United States,New York,USD,365000.0,nan,2025-02-13,nyc_dof_rolling_sales,nan,,,,1962,,,10 COOPS - ELEVATOR APARTMENTS,SOUNDVIEW,"880 BOYNTON AVENUE, 12C",10 COOPS - ELEVATOR APARTMENTS
us-nyc,United States,New York,USD,370000.0,nan,2025-12-08,nyc_dof_rolling_sales,nan,,,,1962,,,10 COOPS - ELEVATOR APARTMENTS,SOUNDVIEW,"880 BOYNTON AVENUE, 8F",10 COOPS - ELEVATOR APARTMENTS
us-nyc,United States,New York,USD,375000.0,nan,2025-10-23,nyc_dof_rolling_sales,nan,,,,1962,,,10 COOPS - ELEVATOR APARTMENTS,SOUNDVIEW,"880 BOYNTON AVENUE, 9C",10 COOPS - ELEVATOR APARTMENTS
us-nyc,United States,New York,USD,495000.0,nan,2025-01-13,nyc_dof_rolling_sales,nan,,,,1989,,,12 CONDOS - WALKUP APARTMENTS,SOUNDVIEW,"323 ADMIRAL LANE, 1323B",12 CONDOS - WALKUP APARTMENTS
us-nyc,United States,New York,USD,8300000.0,3241.199864,2025-12-17,nyc_dof_rolling_sales,3241.199864,,,,1959,,,29 COMMERCIAL GARAGES,SOUNDVIEW,935 BRONX RIVER AVENUE,29 COMMERCIAL GARAGES
us-nyc,United States,New York,USD,6950000.0,812.90125,2025-11-19,nyc_dof_rolling_sales,812.90125,,,,1976,,,30 WAREHOUSES,SOUNDVIEW,1120-1128 CLOSE AVE,30 WAREHOUSES
us-nyc,United States,New York,USD,6950000.0,812.90125,2025-11-19,nyc_dof_rolling_sales,812.90125,,,,1976,,,30 WAREHOUSES,SOUNDVIEW,1130 CLOSE AVENUE,30 WAREHOUSES
us-nyc,United States,New York,USD,820000.0,187.478254,2025-10-15,nyc_dof_rolling_sales,187.478254,,,,1930,,,01 ONE FAMILY DWELLINGS,THROGS NECK,2921 GREENE PLACE,01 ONE FAMILY DWELLINGS
us-nyc,United States,New York,USD,627000.0,120.7739,2025-09-19,nyc_dof_rolling_sales,120.7739,,,,1920,,,01 ONE FAMILY DWELLINGS,THROGS NECK,3065 BARKLEY AVENUE,01 ONE FAMILY DWELLINGS
us-nyc,United States,New York,USD,10.0,138.982888,2025-08-07,nyc_dof_rolling_sales,138.982888,,,,1920,,,01 ONE FAMILY DWELLINGS,THROGS NECK,961 EDISON AVENUE,01 ONE FAMILY DWELLINGS
us-nyc,United States,New York,USD,357100.0,55.7418,2025-06-12,nyc_dof_rolling_sales,55.7418,,,,1930,,,01 ONE FAMILY DWELLINGS,THROGS NECK,2924 SCOTT PLACE,01 ONE FAMILY DWELLINGS
us-nyc,United States,New York,USD,635000.0,144.92867999999999,2025-10-20,nyc_dof_rolling_sales,144.92867999999999,,,,1930,,,01 ONE FAMILY DWELLINGS,THROGS NECK,2916 SULLIVAN PLACE,01 ONE FAMILY DWELLINGS
us-nyc,United States,New York,USD,530000.0,117.05778,2025-09-29,nyc_dof_rolling_sales,117.05778,,,,1950,,,01 ONE FAMILY DWELLINGS,THROGS NECK,2928 SULLIVAN PLACE,01 ONE FAMILY DWELLINGS
us-nyc,United States,New York,USD,650000.0,116.500362,2025-10-03,nyc_dof_rolling_sales,116.500362,,,,1930,,,01 ONE FAMILY DWELLINGS,THROGS NECK,829 LOGAN AVENUE,01 ONE FAMILY DWELLINGS
us-nyc,United States,New York,USD,720000.0,79.89658,2025-01-24,nyc_dof_rolling_sales,79.89658,,,,1920,,,01 ONE FAMILY DWELLINGS,THROGS NECK,830 HOLLYWOOD AVENUE,01 ONE FAMILY DWELLINGS
us-nyc,United States,New York,USD,665000.0,150.50286,2025-01-23,nyc_dof_rolling_sales,150.50286,,,,1920,,,01 ONE FAMILY DWELLINGS,THROGS NECK,713 EDISON AVENUE,01 ONE FAMILY DWELLINGS
us-nyc,United States,New York,USD,600000.0,103.308136,2025-06-04,nyc_dof_rolling_sales,103.308136,,,,1930,,,01 ONE FAMILY DWELLINGS,THROGS NECK,740 LOGAN AVE,01 ONE FAMILY DWELLINGS
us-nyc,United States,New York,USD,649000.0,150.409957,2025-11-14,nyc_dof_rolling_sales,150.409957,,,,1960,,,01 ONE FAMILY DWELLINGS,THROGS NECK,731 HOLLYWOOD AVENUE,01 ONE FAMILY DWELLINGS
us-nyc,United States,New York,USD,671650.0,164.809922,2025-07-17,nyc_dof_rolling_sales,164.809922,,,,1960,,,01 ONE FAMILY DWELLINGS,THROGS NECK,729 HOLLYWOOD AVENUE,01 ONE FAMILY DWELLINGS
us-nyc,United States,New York,USD,505000.0,77.666908,2025-08-27,nyc_dof_rolling_sales,77.666908,,,,1935,,,01 ONE FAMILY DWELLINGS,THROGS NECK,2912 SCHLEY AVENUE,01 ONE FAMILY DWELLINGS
us-nyc,United States,New York,USD,610000.0,77.666908,2025-08-01,nyc_dof_rolling_sales,77.666908,,,,1935,,,01 ONE FAMILY DWELLINGS,THROGS NECK,2918 SCHLEY AVENUE,01 ONE FAMILY DWELLINGS
us-nyc,United States,New York,USD,455000.0,66.332742,2025-03-31,nyc_dof_rolling_sales,66.332742,,,,1935,,,01 ONE FAMILY DWELLINGS,THROGS NECK,515 EDISON AVENUE,01 ONE FAMILY DWELLINGS
us-nyc,United States,New York,USD,535000.0,145.486098,2025-07-30,nyc_dof_rolling_sales,145.486098,,,,1935,,,01 ONE FAMILY DWELLINGS,THROGS NECK,560 LOGAN AVE,01 ONE FAMILY DWELLINGS
us-nyc,United States,New York,USD,640000.0,170.105393,2025-01-23,nyc_dof_rolling_sales,170.105393,,,,1960,,,01 ONE FAMILY DWELLINGS,THROGS NECK,529 HOLLYWOOD,01 ONE FAMILY DWELLINGS
us-nyc,United States,New York,USD,665000.0,113.713272,2025-05-16,nyc_dof_rolling_sales,113.713272,,,,1950,,,01 ONE FAMILY DWELLINGS,THROGS NECK,3995 E TREMONT AVE,01 ONE FAMILY DWELLINGS
us-nyc,United States,New York,USD,415000.0,113.713272,2025-01-09,nyc_dof_rolling_sales,113.713272,,,,1950,,,01 ONE FAMILY DWELLINGS,THROGS NECK,3995 EAST TREMONT AVENUE,01 ONE FAMILY DWELLINGS
us-nyc,United States,New York,USD,620000.0,150.50286,2025-03-17,nyc_dof_rolling_sales,150.50286,,,,1960,,,01 ONE FAMILY DWELLINGS,THROGS NECK,217 THROGGS NECK BLVD,01 ONE FAMILY DWELLINGS
us-nyc,United States,New York,USD,640000.0,134.244835,2025-02-03,nyc_dof_rolling_sales,134.244835,,,,1960,,,01 ONE FAMILY DWELLINGS,THROGS NECK,2924 LAWTON AVENUE,01 ONE FAMILY DWELLINGS
us-nyc,United States,New York,USD,285000.0,nan,2025-04-21,nyc_dof_rolling_sales,nan,,,,1921,,,01 ONE FAMILY DWELLINGS,THROGS NECK,"70 BALSAM PLACE, 70",01 ONE FAMILY DWELLINGS
us-nyc,United States,New York,USD,351000.0,96.61912,2025-11-14,nyc_dof_rolling_sales,96.61912,,,,1925,,,01 ONE FAMILY DWELLINGS,THROGS NECK,556 ELLSWORTH AVE,01 ONE FAMILY DWELLINGS
us-nyc,United States,New York,USD,500000.0,nan,2025-08-07,nyc_dof_rolling_sales,nan,,,,1925,,,01 ONE FAMILY DWELLINGS,THROGS NECK,"105E EDGEWATER PARK, 105E",01 ONE FAMILY DWELLINGS
us-nyc,United States,New York,USD,685000.0,156.355749,2025-04-22,nyc_dof_rolling_sales,156.355749,,,,1960,,,01 ONE FAMILY DWELLINGS,THROGS NECK,207 KEARNEY AVENUE,01 ONE FAMILY DWELLINGS
us-nyc,United States,New York,USD,625000.0,156.355749,2025-10-22,nyc_dof_rolling_sales,156.355749,,,,1960,,,01 ONE FAMILY DWELLINGS,THROGS NECK,195 KEARNEY AVE,01 ONE FAMILY DWELLINGS
us-nyc,United States,New York,USD,510000.0,89.18688,2025-07-31,nyc_dof_rolling_sales,89.18688,,,,1901,,,01 ONE FAMILY DWELLINGS,THROGS NECK,204 THROGS NECK BLVD,01 ONE FAMILY DWELLINGS
us-nyc,United States,New York,USD,655000.0,156.355749,2025-01-03,nyc_dof_rolling_sales,156.355749,,,,1960,,,01 ONE FAMILY DWELLINGS,THROGS NECK,197 KEARNEY AVE,01 ONE FAMILY DWELLINGS
us-nyc,United States,New York,USD,493000.0,93.646224,2025-09-11,nyc_dof_rolling_sales,93.646224,,,,1950,,,01 ONE FAMILY DWELLINGS,THROGS NECK,3034 HARDING AVENUE,01 ONE FAMILY DWELLINGS
us-nyc,United States,New York,USD,612000.0,124.861632,2025-07-29,nyc_dof_rolling_sales,124.861632,,,,1950,,,01 ONE FAMILY DWELLINGS,THROGS NECK,3038 HARDING AVENUE,01 ONE FAMILY DWELLINGS
us-nyc,United States,New York,USD,525000.0,93.646224,2025-06-13,nyc_dof_rolling_sales,93.646224,,,,1950,,,01 ONE FAMILY DWELLINGS,THROGS NECK,3042 HARDING AVENUE,01 ONE FAMILY DWELLINGS
us-nyc,United States,New York,USD,425000.0,nan,2025-01-03,nyc_dof_rolling_sales,nan,,,,1921,,,01 ONE FAMILY DWELLINGS,THROGS NECK,"13 MAGNOLIA PLACE, 13",01 ONE FAMILY DWELLINGS
us-nyc,United States,New York,USD,500000.0,nan,2025-04-17,nyc_dof_rolling_sales,nan,,,,1921,,,01 ONE FAMILY DWELLINGS,THROGS NECK,"26 INDIAN TRAIL, 26",01 ONE FAMILY DWELLINGS
us-nyc,United States,New York,USD,375000.0,nan,2025-11-04,nyc_dof_rolling_sales,nan,,,,1921,,,01 ONE FAMILY DWELLINGS,THROGS NECK,"3 ACORN PLACE, 3",01 ONE FAMILY DWELLINGS
us-nyc,United States,New York,USD,640000.0,nan,2025-09-16,nyc_dof_rolling_sales,nan,,,,1921,,,01 ONE FAMILY DWELLINGS,THROGS NECK,"32 SUNSET TRAIL, 32",01 ONE FAMILY DWELLINGS
us-nyc,United States,New York,USD,360000.0,nan,2025-10-02,nyc_dof_rolling_sales,nan,,,,1921,,,01 ONE FAMILY DWELLINGS,THROGS NECK,"39 CHAFFEE AVENUE, 39",01 ONE FAMILY DWELLINGS
us-nyc,United States,New York,USD,767777.0,nan,2025-02-04,nyc_dof_rolling_sales,nan,,,,1921,,,01 ONE FAMILY DWELLINGS,THROGS NECK,"66 INDIAN TRAIL, 66",01 ONE FAMILY DWELLINGS
us-nyc,United States,New York,USD,560000.0,nan,2025-10-22,nyc_dof_rolling_sales,nan,,,,1921,,,01 ONE FAMILY DWELLINGS,THROGS NECK,"72 INDIAN TRAIL, 72",01 ONE FAMILY DWELLINGS
us-nyc,United States,New York,USD,113800.0,nan,2025-05-19,nyc_dof_rolling_sales,nan,,,,1921,,,01 ONE FAMILY DWELLINGS,THROGS NECK,"2 HOLLY PLACE, 2",01 ONE FAMILY DWELLINGS
us-nyc,United States,New York,USD,360000.0,nan,2025-08-29,nyc_dof_rolling_sales,nan,,,,1921,,,01 ONE FAMILY DWELLINGS,THROGS NECK,"25 HOLLY PLACE, 25",01 ONE FAMILY DWELLINGS
us-nyc,United States,New York,USD,395850.0,nan,2025-11-06,nyc_dof_rolling_sales,nan,,,,1921,,,01 ONE FAMILY DWELLINGS,THROGS NECK,"30 POPLAR AVENUE, 30",01 ONE FAMILY DWELLINGS
us-nyc,United States,New York,USD,500000.0,nan,2025-09-05,nyc_dof_rolling_sales,nan,,,,1921,,,01 ONE FAMILY DWELLINGS,THROGS NECK,"6 FERN PLACE, 6",01 ONE FAMILY DWELLINGS
us-nyc,United States,New York,USD,500000.0,nan,2025-05-15,nyc_dof_rolling_sales,nan,,,,1920,,,01 ONE FAMILY DWELLINGS,THROGS NECK,"46D EDGEWATER PARK, 46D",01 ONE FAMILY DWELLINGS
us-nyc,United States,New York,USD,480000.0,nan,2025-10-24,nyc_dof_rolling_sales,nan,,,,1915,,,01 ONE FAMILY DWELLINGS,THROGS NECK,"25D EDGEWATER PARK, 25D",01 ONE FAMILY DWELLINGS
us-nyc,United States,New York,USD,240000.0,nan,2025-05-29,nyc_dof_rolling_sales,nan,,,,1920,,,01 ONE FAMILY DWELLINGS,THROGS NECK,"76A EDGEWATER PARK, 76A",01 ONE FAMILY DWELLINGS
us-nyc,United States,New York,USD,210000.0,nan,2025-07-10,nyc_dof_rolling_sales,nan,,,,1915,,,01 ONE FAMILY DWELLINGS,THROGS NECK,"99B EDGEWATER PARK, 220B",01 ONE FAMILY DWELLINGS
us-nyc,United States,New York,USD,299000.0,nan,2025-08-11,nyc_dof_rolling_sales,nan,,,,1920,,,01 ONE FAMILY DWELLINGS,THROGS NECK,"61B EDGEWATER PARK, 61B",01 ONE FAMILY DWELLINGS
us-nyc,United States,New York,USD,530000.0,nan,2025-10-02,nyc_dof_rolling_sales,nan,,,,1920,,,01 ONE FAMILY DWELLINGS,THROGS NECK,"61B EDGEWATER PARK, 6C",01 ONE FAMILY DWELLINGS
us-nyc,United States,New York,USD,353000.0,nan,2025-02-13,nyc_dof_rolling_sales,nan,,,,1925,,,01 ONE FAMILY DWELLINGS,THROGS NECK,"34C EDGEWATER PARK, 34",01 ONE FAMILY DWELLINGS
us-nyc,United States,New York,USD,320000.0,nan,2025-10-21,nyc_dof_rolling_sales,nan,,,,1930,,,01 ONE FAMILY DWELLINGS,THROGS NECK,"56 1/2 A EDGEWATER PARK, 561/2",01 ONE FAMILY DWELLINGS
us-nyc,United States,New York,USD,475000.0,nan,2025-08-26,nyc_dof_rolling_sales,nan,,,,1925,,,01 ONE FAMILY DWELLINGS,THROGS NECK,"35A EDGEWATER PARK, 35A",01 ONE FAMILY DWELLINGS
us-nyc,United States,New York,USD,285000.0,nan,2025-10-27,nyc_dof_rolling_sales,nan,,,,1935,,,01 ONE FAMILY DWELLINGS,THROGS NECK,"33 ALDEN PARK, 33",01 ONE FAMILY DWELLINGS
us-nyc,United States,New York,USD,665000.0,167.039594,2025-05-14,nyc_dof_rolling_sales,167.039594,,,,1960,,,01 ONE FAMILY DWELLINGS,THROGS NECK,3102 WISSMAN AVENUE,01 ONE FAMILY DWELLINGS
us-nyc,United States,New York,USD,675000.0,88.629462,2025-07-08,nyc_dof_rolling_sales,88.629462,,,,1925,,,01 ONE FAMILY DWELLINGS,THROGS NECK,249 BLAIR AVENUE,01 ONE FAMILY DWELLINGS
us-nyc,United States,New York,USD,720000.0,115.942944,2025-03-13,nyc_dof_rolling_sales,115.942944,,,,1955,,,01 ONE FAMILY DWELLINGS,THROGS NECK,340 PENNYFIELD AVENUE,01 ONE FAMILY DWELLINGS
us-nyc,United States,New York,USD,400000.0,97.362344,2025-02-05,nyc_dof_rolling_sales,97.362344,,,,1940,,,01 ONE FAMILY DWELLINGS,THROGS NECK,3216 GLENNON PLACE,01 ONE FAMILY DWELLINGS
us-nyc,United States,New York,USD,1180000.0,281.49609,2025-10-23,nyc_dof_rolling_sales,281.49609,,,,1994,,,01 ONE FAMILY DWELLINGS,THROGS NECK,3218 GLENNON PLACE,01 ONE FAMILY DWELLINGS
us-nyc,United States,New York,USD,585000.0,140.840948,2025-01-30,nyc_dof_rolling_sales,140.840948,,,,1945,,,01 ONE FAMILY DWELLINGS,THROGS NECK,3258 GLENNON PLACE,01 ONE FAMILY DWELLINGS
us-nyc,United States,New York,USD,1170000.0,127.091304,2025-01-13,nyc_dof_rolling_sales,127.091304,,,,1925,,,01 ONE FAMILY DWELLINGS,THROGS NECK,3263 GIEGERICH PLACE,01 ONE FAMILY DWELLINGS
us-nyc,United States,New York,USD,1180000.0,287.627688,2025-01-23,nyc_dof_rolling_sales,287.627688,,,,1960,,,01 ONE FAMILY DWELLINGS,THROGS NECK,3196 TIERNEY PLACE,01 ONE FAMILY DWELLINGS
us-nyc,United States,New York,USD,525000.0,106.466838,2025-08-01,nyc_dof_rolling_sales,106.466838,,,,1920,,,01 ONE FAMILY DWELLINGS,THROGS NECK,1 SCHUYLER TERRACE,01 ONE FAMILY DWELLINGS
us-nyc,United States,New York,USD,533375.0,190.636956,2025-06-24,nyc_dof_rolling_sales,190.636956,,,,1925,,,01 ONE FAMILY DWELLINGS,THROGS NECK,3098 DARE PLACE,01 ONE FAMILY DWELLINGS
us-nyc,United States,New York,USD,1900000.0,190.636956,2025-02-18,nyc_dof_rolling_sales,190.636956,,,,1925,,,01 ONE FAMILY DWELLINGS,THROGS NECK,3098 DARE PLACE,01 ONE FAMILY DWELLINGS
us-nyc,United States,New York,USD,490000.0,116.12875,2025-12-01,nyc_dof_rolling_sales,116.12875,,,,1920,,,01 ONE FAMILY DWELLINGS,THROGS NECK,3079 FERN PLACE,01 ONE FAMILY DWELLINGS
us-nyc,United States,New York,USD,545000.0,70.884989,2025-07-31,nyc_dof_rolling_sales,70.884989,,,,1955,,,01 ONE FAMILY DWELLINGS,THROGS NECK,2 SCHUYLER TERRACE,01 ONE FAMILY DWELLINGS
us-nyc,United States,New York,USD,450000.0,90.487522,2025-11-24,nyc_dof_rolling_sales,90.487522,,,,1923,,,01 ONE FAMILY DWELLINGS,THROGS NECK,15 SCHUYLER TERRACE,01 ONE FAMILY DWELLINGS
us-nyc,United States,New York,USD,422940.0,53.233419,2025-07-10,nyc_dof_rolling_sales,53.233419,,,,1951,,,01 ONE FAMILY DWELLINGS,THROGS NECK,6 SCHUYLER TERRACE,01 ONE FAMILY DWELLINGS
us-nyc,United States,New York,USD,200000.0,45.243761,2025-07-31,nyc_dof_rolling_sales,45.243761,,,,1951,,,01 ONE FAMILY DWELLINGS,THROGS NECK,8 SCHUYLER TERRACE,01 ONE FAMILY DWELLINGS
us-nyc,United States,New York,USD,825000.0,113.713272,2025-06-05,nyc_dof_rolling_sales,113.713272,,,,1930,,,01 ONE FAMILY DWELLINGS,THROGS NECK,1045 CALHOUN AVENUE,01 ONE FAMILY DWELLINGS
us-nyc,United States,New York,USD,725000.0,163.695086,2025-06-11,nyc_dof_rolling_sales,163.695086,,,,1960,,,01 ONE FAMILY DWELLINGS,THROGS NECK,1026 SWINTON AVENUE,01 ONE FAMILY DWELLINGS
us-nyc,United States,New York,USD,735000.0,163.695086,2025-07-30,nyc_dof_rolling_sales,163.695086,,,,1960,,,01 ONE FAMILY DWELLINGS,THROGS NECK,1028 SWINTON AVENUE,01 ONE FAMILY DWELLINGS
us-nyc,United States,New York,USD,870000.0,180.603432,2025-10-08,nyc_dof_rolling_sales,180.603432,,,,1935,,,01 ONE FAMILY DWELLINGS,THROGS NECK,1032 SWINTON AVENUE,01 ONE FAMILY DWELLINGS
us-nyc,United States,New York,USD,750000.0,180.04601399999999,2025-01-14,nyc_dof_rolling_sales,180.04601399999999,,,,1955,,,01 ONE FAMILY DWELLINGS,THROGS NECK,1009 SWINTON AVE,01 ONE FAMILY DWELLINGS
us-nyc,United States,New York,USD,770000.0,88.629462,2025-02-28,nyc_dof_rolling_sales,88.629462,,,,1950,,,01 ONE FAMILY DWELLINGS,THROGS NECK,946 BRINSMADE AVENUE,01 ONE FAMILY DWELLINGS
us-nyc,United States,New York,USD,739000.0,180.603432,2025-11-20,nyc_dof_rolling_sales,180.603432,,,,1955,,,01 ONE FAMILY DWELLINGS,THROGS NECK,1009 BRINSMADE AVENUE,01 ONE FAMILY DWELLINGS
us-nyc,United States,New York,USD,783000.0,189.52212,2025-10-03,nyc_dof_rolling_sales,189.52212,,,,1945,,,01 ONE FAMILY DWELLINGS,THROGS NECK,1004 BALCOM AVENUE,01 ONE FAMILY DWELLINGS
us-nyc,United States,New York,USD,515000.0,167.597012,2025-02-11,nyc_dof_rolling_sales,167.597012,,,,1955,,,01 ONE FAMILY DWELLINGS,THROGS NECK,2839 PHILIP AVE,01 ONE FAMILY DWELLINGS
us-nyc,United States,New York,USD,745000.0,167.597012,2025-07-01,nyc_dof_rolling_sales,167.597012,,,,1955,,,01 ONE FAMILY DWELLINGS,THROGS NECK,2839 PHILIP AVENUE,01 ONE FAMILY DWELLINGS
us-nyc,United States,New York,USD,880000.0,185.806,2025-01-17,nyc_dof_rolling_sales,185.806,,,,1999,,,01 ONE FAMILY DWELLINGS,THROGS NECK,757 CALHOUN AVENUE,01 ONE FAMILY DWELLINGS
us-nyc,United States,New York,USD,566500.0,89.18688,2025-11-21,nyc_dof_rolling_sales,89.18688,,,,1940,,,01 ONE FAMILY DWELLINGS,THROGS NECK,2808 PHILIP AVENUE,01 ONE FAMILY DWELLINGS
us-nyc,United States,New York,USD,695000.0,150.50286,2025-06-17,nyc_dof_rolling_sales,150.50286,,,,1945,,,01 ONE FAMILY DWELLINGS,THROGS NECK,2775 EAST 177 STREET,01 ONE FAMILY DWELLINGS
us-nyc,United States,New York,USD,680000.0,110.368764,2025-06-09,nyc_dof_rolling_sales,110.368764,,,,1955,,,01 ONE FAMILY DWELLINGS,THROGS NECK,2862 ROOSEVELT AVENUE,01 ONE FAMILY DWELLINGS
us-nyc,United States,New York,USD,805000.0,167.2254,2025-01-24,nyc_dof_rolling_sales,167.2254,,,,1925,,,01 ONE FAMILY DWELLINGS,THROGS NECK,641 REVERE AVE,01 ONE FAMILY DWELLINGS
us-nyc,United States,New York,USD,750000.0,171.684744,2025-05-28,nyc_dof_rolling_sales,171.684744,,,,1965,,,01 ONE FAMILY DWELLINGS,THROGS NECK,2868 DEWEY AVENUE,01 ONE FAMILY DWELLINGS
us-nyc,United States,New York,USD,730000.0,124.118408,2025-11-12,nyc_dof_rolling_sales,124.118408,,,,1920,,,01 ONE FAMILY DWELLINGS,THROGS NECK,329 REVERE AVENUE,01 ONE FAMILY DWELLINGS
us-nyc,United States,New York,USD,370000.0,157.377682,2025-05-28,nyc_dof_rolling_sales,157.377682,,,,1920,,,01 ONE FAMILY DWELLINGS,THROGS NECK,338 CALHOUN AVENUE,01 ONE FAMILY DWELLINGS
us-nyc,United States,New York,USD,650000.0,118.822937,2025-08-12,nyc_dof_rolling_sales,118.822937,,,,1925,,,01 ONE FAMILY DWELLINGS,THROGS NECK,419 QUINCY AVE,01 ONE FAMILY DWELLINGS
us-nyc,United States,New York,USD,450000.0,125.41905,2025-07-29,nyc_dof_rolling_sales,125.41905,,,,1960,,,01 ONE FAMILY DWELLINGS,THROGS NECK,352 SWINTON AVENUE,01 ONE FAMILY DWELLINGS
us-nyc,United States,New York,USD,740000.0,125.41905,2025-12-24,nyc_dof_rolling_sales,125.41905,,,,1960,,,01 ONE FAMILY DWELLINGS,THROGS NECK,352 SWINTON AVENUE,01 ONE FAMILY DWELLINGS
us-nyc,United States,New York,USD,10.0,142.14159,2025-01-04,nyc_dof_rolling_sales,142.14159,,,,1925,,,01 ONE FAMILY DWELLINGS,THROGS NECK,323 SWINTON AVENUE,01 ONE FAMILY DWELLINGS
us-nyc,United States,New York,USD,730000.0,105.166196,2025-01-30,nyc_dof_rolling_sales,105.166196,,,,1955,,,01 ONE FAMILY DWELLINGS,THROGS NECK,2751 MILES AVENUE,01 ONE FAMILY DWELLINGS
us-nyc,United States,New York,USD,745000.0,147.158352,2025-12-05,nyc_dof_rolling_sales,147.158352,,,,1955,,,01 ONE FAMILY DWELLINGS,THROGS NECK,166 REVERE AVENUE,01 ONE FAMILY DWELLINGS
us-nyc,United States,New York,USD,699000.0,160.536384,2025-07-25,nyc_dof_rolling_sales,160.536384,,,,1955,,,01 ONE FAMILY DWELLINGS,THROGS NECK,150 CALHOUN AVENUE,01 ONE FAMILY DWELLINGS
us-nyc,United States,New York,USD,750000.0,170.569908,2025-06-09,nyc_dof_rolling_sales,170.569908,,,,1950,,,01 ONE FAMILY DWELLINGS,THROGS NECK,285 CALHOUN AVENUE,01 ONE FAMILY DWELLINGS
us-nyc,United States,New York,USD,415000.0,176.5157,2025-03-13,nyc_dof_rolling_sales,176.5157,,,,1925,,,01 ONE FAMILY DWELLINGS,THROGS NECK,234 QUINCY AVENUE,01 ONE FAMILY DWELLINGS
us-nyc,United States,New York,USD,850000.0,176.5157,2025-09-18,nyc_dof_rolling_sales,176.5157,,,,1925,,,01 ONE FAMILY DWELLINGS,THROGS NECK,234 QUINCY AVENUE,01 ONE FAMILY DWELLINGS
us-nyc,United States,New York,USD,630000.0,151.989308,2025-04-09,nyc_dof_rolling_sales,151.989308,,,,1955,,,01 ONE FAMILY DWELLINGS,THROGS NECK,267 QUINCY AVENUE,01 ONE FAMILY DWELLINGS
us-nyc,United States,New York,USD,735000.0,195.09629999999999,2025-10-30,nyc_dof_rolling_sales,195.09629999999999,,,,1940,,,01 ONE FAMILY DWELLINGS,THROGS NECK,235 QUINCY AVENUE,01 ONE FAMILY DWELLINGS
us-nyc,United States,New York,USD,500000.0,151.710599,2025-03-13,nyc_dof_rolling_sales,151.710599,,,,1960,,,01 ONE FAMILY DWELLINGS,THROGS NECK,2819 SCHURZ AVENUE,01 ONE FAMILY DWELLINGS
us-nyc,United States,New York,USD,825000.0,151.710599,2025-11-24,nyc_dof_rolling_sales,151.710599,,,,1960,,,01 ONE FAMILY DWELLINGS,THROGS NECK,2819 SCHURZ AVENUE,01 ONE FAMILY DWELLINGS
us-nyc,United States,New York,USD,705000.0,100.33524,2025-09-08,nyc_dof_rolling_sales,100.33524,,,,1955,,,01 ONE FAMILY DWELLINGS,THROGS NECK,253 SWINTON AVENUE,01 ONE FAMILY DWELLINGS
us-nyc,United States,New York,USD,445000.0,100.33524,2025-08-22,nyc_dof_rolling_sales,100.33524,,,,1955,,,01 ONE FAMILY DWELLINGS,THROGS NECK,252 BRINSMADE AVENUE,01 ONE FAMILY DWELLINGS
us-nyc,United States,New York,USD,460000.0,89.18688,2025-08-12,nyc_dof_rolling_sales,89.18688,,,,1950,,,01 ONE FAMILY DWELLINGS,THROGS NECK,284 BRINSMADE AVENUE,01 ONE FAMILY DWELLINGS
us-nyc,United States,New York,USD,694000.0,167.039594,2025-10-20,nyc_dof_rolling_sales,167.039594,,,,1960,,,01 ONE FAMILY DWELLINGS,THROGS NECK,230 HUNTINGTON AVENUE,01 ONE FAMILY DWELLINGS
us-nyc,United States,New York,USD,685000.0,113.713272,2025-01-31,nyc_dof_rolling_sales,113.713272,,,,1955,,,01 ONE FAMILY DWELLINGS,THROGS NECK,199 BRINSMADE AVENUE,01 ONE FAMILY DWELLINGS
us-nyc,United States,New York,USD,590000.0,113.713272,2025-05-19,nyc_dof_rolling_sales,113.713272,,,,1955,,,01 ONE FAMILY DWELLINGS,THROGS NECK,2767 SCHURZ AVENUE,01 ONE FAMILY DWELLINGS
us-nyc,United States,New York,USD,322500.0,113.713272,2025-01-13,nyc_dof_rolling_sales,113.713272,,,,1955,,,01 ONE FAMILY DWELLINGS,THROGS NECK,2757 SCHURZ AVENUE,01 ONE FAMILY DWELLINGS
us-nyc,United States,New York,USD,380000.0,156.355749,2025-07-28,nyc_dof_rolling_sales,156.355749,,,,1960,,,01 ONE FAMILY DWELLINGS,THROGS NECK,278 BALCOM AVENUE,01 ONE FAMILY DWELLINGS
us-nyc,United States,New York,USD,654255.0,170.569908,2025-07-23,nyc_dof_rolling_sales,170.569908,,,,1960,,,01 ONE FAMILY DWELLINGS,THROGS NECK,279 HUNTINGTON AVENUE,01 ONE FAMILY DWELLINGS
us-nyc,United States,New York,USD,560000.0,142.977717,2025-03-05,nyc_dof_rolling_sales,142.977717,,,,1960,,,01 ONE FAMILY DWELLINGS,THROGS NECK,259 BALCOM AVENUE,01 ONE FAMILY DWELLINGS
us-nyc,United States,New York,USD,675000.0,117.522295,2025-06-24,nyc_dof_rolling_sales,117.522295,,,,1930,,,01 ONE FAMILY DWELLINGS,THROGS NECK,271 DAVIS AVENUE,01 ONE FAMILY DWELLINGS
us-nyc,United States,New York,USD,620000.0,168.433139,2025-09-17,nyc_dof_rolling_sales,168.433139,,,,1960,,,01 ONE FAMILY DWELLINGS,THROGS NECK,237 DAVIS AVENUE,01 ONE FAMILY DWELLINGS
us-nyc,United States,New York,USD,719100.0,153.104144,2025-05-23,nyc_dof_rolling_sales,153.104144,,,,1940,,,01 ONE FAMILY DWELLINGS,THROGS NECK,276 EMERSON AVENUE,01 ONE FAMILY DWELLINGS
us-nyc,United States,New York,USD,850000.0,197.697584,2025-12-10,nyc_dof_rolling_sales,197.697584,,,,1925,,,01 ONE FAMILY DWELLINGS,THROGS NECK,210 BUTTRICK AVENUE,01 ONE FAMILY DWELLINGS
us-nyc,United States,New York,USD,999999.0,290.600584,2025-08-04,nyc_dof_rolling_sales,290.600584,,,,1973,,,01 ONE FAMILY DWELLINGS,THROGS NECK,2590 SCHURZ AVE,01 ONE FAMILY DWELLINGS
us-nyc,United States,New York,USD,1200000.0,104.422972,2025-01-16,nyc_dof_rolling_sales,104.422972,,,,1925,,,01 ONE FAMILY DWELLINGS,THROGS NECK,515 BRUSH AVENUE,01 ONE FAMILY DWELLINGS
us-nyc,United States,New York,USD,875000.0,237.645874,2025-12-04,nyc_dof_rolling_sales,237.645874,,,,1920,,,02 TWO FAMILY DWELLINGS,THROGS NECK,3021 BARKLEY AVENUE,02 TWO FAMILY DWELLINGS
us-nyc,United States,New York,USD,1080000.0,193.23824,2025-07-11,nyc_dof_rolling_sales,193.23824,,,,1920,,,02 TWO FAMILY DWELLINGS,THROGS NECK,1036 HOLLYWOOD AVENUE,02 TWO FAMILY DWELLINGS
us-nyc,United States,New York,USD,445000.0,134.151932,2025-01-28,nyc_dof_rolling_sales,134.151932,,,,1930,,,02 TWO FAMILY DWELLINGS,THROGS NECK,843 LOGAN AVENUE,02 TWO FAMILY DWELLINGS
us-nyc,United States,New York,USD,847000.0,167.68991499999998,2025-10-21,nyc_dof_rolling_sales,167.68991499999998,,,,1935,,,02 TWO FAMILY DWELLINGS,THROGS NECK,854 LOGAN AVENUE,02 TWO FAMILY DWELLINGS
us-nyc,United States,New York,USD,225000.0,361.950088,2025-01-24,nyc_dof_rolling_sales,361.950088,,,,1925,,,02 TWO FAMILY DWELLINGS,THROGS NECK,3669 EAST TREMONT AVENUE,02 TWO FAMILY DWELLINGS
us-nyc,United States,New York,USD,780000.0,171.684744,2025-01-03,nyc_dof_rolling_sales,171.684744,,,,1930,,,02 TWO FAMILY DWELLINGS,THROGS NECK,750 EDISON AVE,02 TWO FAMILY DWELLINGS
us-nyc,United States,New York,USD,1055000.0,222.409782,2025-09-30,nyc_dof_rolling_sales,222.409782,,,,1930,,,02 TWO FAMILY DWELLINGS,THROGS NECK,751 LOGAN AVENUE,02 TWO FAMILY DWELLINGS
us-nyc,United States,New York,USD,810000.0,152.36092,2025-07-24,nyc_dof_rolling_sales,152.36092,,,,1960,,,02 TWO FAMILY DWELLINGS,THROGS NECK,3011 RANDALL AVENUE,02 TWO FAMILY DWELLINGS
us-nyc,United States,New York,USD,728000.0,170.94152,2025-11-10,nyc_dof_rolling_sales,170.94152,,,,1960,,,02 TWO FAMILY DWELLINGS,THROGS NECK,724 HOLLYWOOD AVE,02 TWO FAMILY DWELLINGS
us-nyc,United States,New York,USD,685000.0,138.239664,2025-11-24,nyc_dof_rolling_sales,138.239664,,,,1920,,,02 TWO FAMILY DWELLINGS,THROGS NECK,2965 SCHLEY AVENUE,02 TWO FAMILY DWELLINGS
us-nyc,United States,New York,USD,975000.0,255.111638,2025-01-22,nyc_dof_rolling_sales,255.111638,,,,1960,,,02 TWO FAMILY DWELLINGS,THROGS NECK,649 HOLLYWOOD AVENUE,02 TWO FAMILY DWELLINGS
us-nyc,United States,New York,USD,725000.0,209.867877,2025-06-11,nyc_dof_rolling_sales,209.867877,,,,1950,,,02 TWO FAMILY DWELLINGS,THROGS NECK,518 LOGAN AVENUE,02 TWO FAMILY DWELLINGS
us-nyc,United States,New York,USD,665900.0,183.94794,2025-05-20,nyc_dof_rolling_sales,183.94794,,,,1960,,,02 TWO FAMILY DWELLINGS,THROGS NECK,513 HOLLYWOOD AVENUE,02 TWO FAMILY DWELLINGS
us-nyc,United States,New York,USD,999999.0,255.48325,2025-11-14,nyc_dof_rolling_sales,255.48325,,,,1960,,,02 TWO FAMILY DWELLINGS,THROGS NECK,525 HOLLYWOOD,02 TWO FAMILY DWELLINGS
us-nyc,United States,New York,USD,550000.0,177.630536,2025-11-06,nyc_dof_rolling_sales,177.630536,,,,1955,,,02 TWO FAMILY DWELLINGS,THROGS NECK,4175 EAST TREMONT AVENUE,02 TWO FAMILY DWELLINGS
us-nyc,United States,New York,USD,880000.0,148.6448,2025-07-31,nyc_dof_rolling_sales,148.6448,,,,1930,,,02 TWO FAMILY DWELLINGS,THROGS NECK,2958 MILES AVENUE,02 TWO FAMILY DWELLINGS
us-nyc,United States,New York,USD,950000.0,148.6448,2025-02-27,nyc_dof_rolling_sales,148.6448,,,,1930,,,02 TWO FAMILY DWELLINGS,THROGS NECK,255 HOLLYWOOD AVENUE,02 TWO FAMILY DWELLINGS
us-nyc,United States,New York,USD,100000.0,148.6448,2025-03-31,nyc_dof_rolling_sales,148.6448,,,,1925,,,02 TWO FAMILY DWELLINGS,THROGS NECK,256 LOGAN AVENUE,02 TWO FAMILY DWELLINGS
us-nyc,United States,New York,USD,250000.0,148.6448,2025-03-31,nyc_dof_rolling_sales,148.6448,,,,1925,,,02 TWO FAMILY DWELLINGS,THROGS NECK,258 LOGAN AVENUE,02 TWO FAMILY DWELLINGS
us-nyc,United States,New York,USD,750000.0,148.6448,2025-01-08,nyc_dof_rolling_sales,148.6448,,,,1925,,,02 TWO FAMILY DWELLINGS,THROGS NECK,288 HOLLYWOOD AVE,02 TWO FAMILY DWELLINGS
us-nyc,United States,New York,USD,760000.0,148.6448,2025-07-10,nyc_dof_rolling_sales,148.6448,,,,1925,,,02 TWO FAMILY DWELLINGS,THROGS NECK,292 HOLLYWOOD AVENUE,02 TWO FAMILY DWELLINGS
us-nyc,United States,New York,USD,600000.0,127.741625,2025-03-20,nyc_dof_rolling_sales,127.741625,,,,1935,,,02 TWO FAMILY DWELLINGS,THROGS NECK,545 VINCENT AVENUE,02 TWO FAMILY DWELLINGS
us-nyc,United States,New York,USD,1055000.0,270.719342,2025-11-24,nyc_dof_rolling_sales,270.719342,,,,1960,,,02 TWO FAMILY DWELLINGS,THROGS NECK,259 KEARNEY AVE,02 TWO FAMILY DWELLINGS
us-nyc,United States,New York,USD,10.0,175.307961,2025-10-14,nyc_dof_rolling_sales,175.307961,,,,1960,,,02 TWO FAMILY DWELLINGS,THROGS NECK,3112 WISSMAN AVENUE,02 TWO FAMILY DWELLINGS
us-nyc,United States,New York,USD,650000.0,185.620194,2025-12-05,nyc_dof_rolling_sales,185.620194,,,,1960,,,02 TWO FAMILY DWELLINGS,THROGS NECK,256 REYNOLDS AVE,02 TWO FAMILY DWELLINGS
us-nyc,United States,New York,USD,1245000.0,315.591491,2025-02-28,nyc_dof_rolling_sales,315.591491,,,,2003,,,02 TWO FAMILY DWELLINGS,THROGS NECK,3175 WISSMAN AVENUE,02 TWO FAMILY DWELLINGS
us-nyc,United States,New York,USD,1100000.0,320.329544,2025-06-12,nyc_dof_rolling_sales,320.329544,,,,1970,,,02 TWO FAMILY DWELLINGS,THROGS NECK,3107 HARDING AVENUE,02 TWO FAMILY DWELLINGS
us-nyc,United States,New York,USD,1250000.0,495.451699,2025-11-24,nyc_dof_rolling_sales,495.451699,,,,2000,,,02 TWO FAMILY DWELLINGS,THROGS NECK,3176 TIERNEY PL,02 TWO FAMILY DWELLINGS
us-nyc,United States,New York,USD,10.0,191.38018,2025-11-19,nyc_dof_rolling_sales,191.38018,,,,1925,,,02 TWO FAMILY DWELLINGS,THROGS NECK,3087 ALAN PLACE,02 TWO FAMILY DWELLINGS
us-nyc,United States,New York,USD,1900000.0,171.684744,2025-02-18,nyc_dof_rolling_sales,171.684744,,,,2007,,,02 TWO FAMILY DWELLINGS,THROGS NECK,3094 DARE,02 TWO FAMILY DWELLINGS
us-nyc,United States,New York,USD,533375.0,171.684744,2025-06-24,nyc_dof_rolling_sales,171.684744,,,,2007,,,02 TWO FAMILY DWELLINGS,THROGS NECK,3094 DARE PLACE,02 TWO FAMILY DWELLINGS
us-nyc,United States,New York,USD,533375.0,147.158352,2025-06-24,nyc_dof_rolling_sales,147.158352,,,,2007,,,02 TWO FAMILY DWELLINGS,THROGS NECK,3095 CASLER PLACE,02 TWO FAMILY DWELLINGS
us-nyc,United States,New York,USD,1900000.0,147.158352,2025-02-18,nyc_dof_rolling_sales,147.158352,,,,2007,,,02 TWO FAMILY DWELLINGS,THROGS NECK,3095 CASLER PLACE,02 TWO FAMILY DWELLINGS
us-nyc,United States,New York,USD,533375.0,171.684744,2025-06-24,nyc_dof_rolling_sales,171.684744,,,,2007,,,02 TWO FAMILY DWELLINGS,THROGS NECK,3093 CASLER,02 TWO FAMILY DWELLINGS
us-nyc,United States,New York,USD,1900000.0,171.684744,2025-02-18,nyc_dof_rolling_sales,171.684744,,,,2007,,,02 TWO FAMILY DWELLINGS,THROGS NECK,3093 CASLER PLACE,02 TWO FAMILY DWELLINGS
us-nyc,United States,New York,USD,875000.0,120.216482,2025-04-01,nyc_dof_rolling_sales,120.216482,,,,1920,,,02 TWO FAMILY DWELLINGS,THROGS NECK,1030 REVERE AVENUE,02 TWO FAMILY DWELLINGS
us-nyc,United States,New York,USD,880000.0,190.636956,2025-09-10,nyc_dof_rolling_sales,190.636956,,,,1930,,,02 TWO FAMILY DWELLINGS,THROGS NECK,1020 CALHOUN AVENUE,02 TWO FAMILY DWELLINGS
us-nyc,United States,New York,USD,825000.0,211.354325,2025-04-23,nyc_dof_rolling_sales,211.354325,,,,1945,,,02 TWO FAMILY DWELLINGS,THROGS NECK,2890 LAFAYETTE AVENUE,02 TWO FAMILY DWELLINGS
us-nyc,United States,New York,USD,10.0,173.171192,2025-10-02,nyc_dof_rolling_sales,173.171192,,,,1910,,,02 TWO FAMILY DWELLINGS,THROGS NECK,728 REVERE AVENUE,02 TWO FAMILY DWELLINGS
us-nyc,United States,New York,USD,888000.0,148.6448,2025-05-06,nyc_dof_rolling_sales,148.6448,,,,1935,,,02 TWO FAMILY DWELLINGS,THROGS NECK,716 CALHOUN AVENUE,02 TWO FAMILY DWELLINGS
us-nyc,United States,New York,USD,605000.0,152.918338,2025-08-06,nyc_dof_rolling_sales,152.918338,,,,1950,,,02 TWO FAMILY DWELLINGS,THROGS NECK,756 CALHOUN AVENUE,02 TWO FAMILY DWELLINGS
us-nyc,United States,New York,USD,675000.0,152.453823,2025-12-09,nyc_dof_rolling_sales,152.453823,,,,1950,,,02 TWO FAMILY DWELLINGS,THROGS NECK,2864 PHILIP AVENUE,02 TWO FAMILY DWELLINGS
us-nyc,United States,New York,USD,667800.0,156.07704,2025-01-13,nyc_dof_rolling_sales,156.07704,,,,1955,,,02 TWO FAMILY DWELLINGS,THROGS NECK,863 CALHOUN AVENUE,02 TWO FAMILY DWELLINGS
us-nyc,United States,New York,USD,965000.0,189.429217,2025-07-29,nyc_dof_rolling_sales,189.429217,,,,1950,,,02 TWO FAMILY DWELLINGS,THROGS NECK,830 QUINCY,02 TWO FAMILY DWELLINGS
us-nyc,United States,New York,USD,717500.0,138.146761,2025-01-31,nyc_dof_rolling_sales,138.146761,,,,1955,,,02 TWO FAMILY DWELLINGS,THROGS NECK,2828 PHILIP AVE,02 TWO FAMILY DWELLINGS
us-nyc,United States,New York,USD,750000.0,165.36734,2025-10-02,nyc_dof_rolling_sales,165.36734,,,,1930,,,02 TWO FAMILY DWELLINGS,THROGS NECK,755 CALHOUN AVENUE,02 TWO FAMILY DWELLINGS
us-nyc,United States,New York,USD,440000.0,148.6448,2025-03-04,nyc_dof_rolling_sales,148.6448,,,,1935,,,02 TWO FAMILY DWELLINGS,THROGS NECK,718 QUINCY AVENUE,02 TWO FAMILY DWELLINGS
us-nyc,United States,New York,USD,988000.0,148.6448,2025-07-01,nyc_dof_rolling_sales,148.6448,,,,1930,,,02 TWO FAMILY DWELLINGS,THROGS NECK,731 QUINCY AVENUE,02 TWO FAMILY DWELLINGS
us-nyc,United States,New York,USD,790500.0,189.243411,2025-02-21,nyc_dof_rolling_sales,189.243411,,,,1955,,,02 TWO FAMILY DWELLINGS,THROGS NECK,807 SWINTON AVENUE,02 TWO FAMILY DWELLINGS
us-nyc,United States,New York,USD,660000.0,148.6448,2025-08-20,nyc_dof_rolling_sales,148.6448,,,,1925,,,02 TWO FAMILY DWELLINGS,THROGS NECK,2886 RANDALL AVE,02 TWO FAMILY DWELLINGS
us-nyc,United States,New York,USD,562074.0,182.275686,2025-01-30,nyc_dof_rolling_sales,182.275686,,,,1925,,,02 TWO FAMILY DWELLINGS,THROGS NECK,2878 SAMPSON AVENUE,02 TWO FAMILY DWELLINGS
us-nyc,United States,New York,USD,675000.0,182.275686,2025-07-01,nyc_dof_rolling_sales,182.275686,,,,1925,,,02 TWO FAMILY DWELLINGS,THROGS NECK,2878 SAMPSON AVENUE,02 TWO FAMILY DWELLINGS
us-nyc,United States,New York,USD,721000.0,142.420299,2025-09-16,nyc_dof_rolling_sales,142.420299,,,,1945,,,02 TWO FAMILY DWELLINGS,THROGS NECK,429 REVERE AVENUE,02 TWO FAMILY DWELLINGS
us-nyc,United States,New York,USD,1298269.0,222.409782,2025-01-09,nyc_dof_rolling_sales,222.409782,,,,2023,,,02 TWO FAMILY DWELLINGS,THROGS NECK,455 QUINCY AVENUE,02 TWO FAMILY DWELLINGS
us-nyc,United States,New York,USD,860000.0,145.300292,2025-03-20,nyc_dof_rolling_sales,145.300292,,,,2007,,,02 TWO FAMILY DWELLINGS,THROGS NECK,443 QUINCY AVENUE,02 TWO FAMILY DWELLINGS
us-nyc,United States,New York,USD,850000.0,315.8702,2025-06-12,nyc_dof_rolling_sales,315.8702,,,,1965,,,02 TWO FAMILY DWELLINGS,THROGS NECK,2805 SAMPSON AVENUE,02 TWO FAMILY DWELLINGS
us-nyc,United States,New York,USD,768500.0,315.8702,2025-06-12,nyc_dof_rolling_sales,315.8702,,,,1965,,,02 TWO FAMILY DWELLINGS,THROGS NECK,2803 SAMPSON AVENUE,02 TWO FAMILY DWELLINGS
us-nyc,United States,New York,USD,1050000.0,274.06385,2025-06-09,nyc_dof_rolling_sales,274.06385,,,,1965,,,02 TWO FAMILY DWELLINGS,THROGS NECK,458 SWINTON AVENUE,02 TWO FAMILY DWELLINGS
us-nyc,United States,New York,USD,415000.0,99.313307,2025-01-10,nyc_dof_rolling_sales,99.313307,,,,1925,,,02 TWO FAMILY DWELLINGS,THROGS NECK,336 BRINSMADE AVENUE,02 TWO FAMILY DWELLINGS
us-nyc,United States,New York,USD,1045000.0,222.223976,2025-03-21,nyc_dof_rolling_sales,222.223976,,,,2000,,,02 TWO FAMILY DWELLINGS,THROGS NECK,328 HUNTINGTON AVENUE,02 TWO FAMILY DWELLINGS
us-nyc,United States,New York,USD,789700.0,212.562064,2025-04-08,nyc_dof_rolling_sales,212.562064,,,,2000,,,02 TWO FAMILY DWELLINGS,THROGS NECK,351 HUNTINGTON AVENUE,02 TWO FAMILY DWELLINGS
us-nyc,United States,New York,USD,800000.0,190.636956,2025-02-03,nyc_dof_rolling_sales,190.636956,,,,1960,,,02 TWO FAMILY DWELLINGS,THROGS NECK,2745 MILES AVENUE,02 TWO FAMILY DWELLINGS
us-nyc,United States,New York,USD,10.0,222.223976,2025-10-31,nyc_dof_rolling_sales,222.223976,,,,2000,,,02 TWO FAMILY DWELLINGS,THROGS NECK,346 BALCOM AVENUE,02 TWO FAMILY DWELLINGS
us-nyc,United States,New York,USD,10.0,178.37376,2025-05-15,nyc_dof_rolling_sales,178.37376,,,,1930,,,02 TWO FAMILY DWELLINGS,THROGS NECK,271 REVERE AVENUE,02 TWO FAMILY DWELLINGS
us-nyc,United States,New York,USD,765000.0,148.6448,2025-02-27,nyc_dof_rolling_sales,148.6448,,,,1930,,,02 TWO FAMILY DWELLINGS,THROGS NECK,2869 LAWTON AVENUE,02 TWO FAMILY DWELLINGS
us-nyc,United States,New York,USD,1100000.0,243.870375,2025-11-17,nyc_dof_rolling_sales,243.870375,,,,2023,,,02 TWO FAMILY DWELLINGS,THROGS NECK,151 REVERE AVENUE,02 TWO FAMILY DWELLINGS
us-nyc,United States,New York,USD,950000.0,252.60325699999999,2025-10-30,nyc_dof_rolling_sales,252.60325699999999,,,,2023,,,02 TWO FAMILY DWELLINGS,THROGS NECK,2863 SCHURZ AVENUE,02 TWO FAMILY DWELLINGS
us-nyc,United States,New York,USD,885000.0,180.603432,2025-09-11,nyc_dof_rolling_sales,180.603432,,,,1960,,,02 TWO FAMILY DWELLINGS,THROGS NECK,2812 HARDING AVENUE,02 TWO FAMILY DWELLINGS
us-nyc,United States,New York,USD,723000.0,165.553146,2025-06-16,nyc_dof_rolling_sales,165.553146,,,,1955,,,02 TWO FAMILY DWELLINGS,THROGS NECK,233 SWINTON AVENUE,02 TWO FAMILY DWELLINGS
us-nyc,United States,New York,USD,650000.0,263.658714,2025-11-06,nyc_dof_rolling_sales,263.658714,,,,1950,,,02 TWO FAMILY DWELLINGS,THROGS NECK,191 SWINTON AVE,02 TWO FAMILY DWELLINGS
us-nyc,United States,New York,USD,605000.0,215.720766,2025-11-06,nyc_dof_rolling_sales,215.720766,,,,1950,,,02 TWO FAMILY DWELLINGS,THROGS NECK,189 SWINTON AVE,02 TWO FAMILY DWELLINGS
us-nyc,United States,New York,USD,570220.0,185.620194,2025-04-11,nyc_dof_rolling_sales,185.620194,,,,1960,,,02 TWO FAMILY DWELLINGS,THROGS NECK,238 HUNTINGTON AVENUE,02 TWO FAMILY DWELLINGS
us-nyc,United States,New York,USD,690000.0,170.569908,2025-07-16,nyc_dof_rolling_sales,170.569908,,,,1960,,,02 TWO FAMILY DWELLINGS,THROGS NECK,281 HUNTINGTON AVE,02 TWO FAMILY DWELLINGS
us-nyc,United States,New York,USD,1049000.0,238.946516,2025-04-25,nyc_dof_rolling_sales,238.946516,,,,1960,,,02 TWO FAMILY DWELLINGS,THROGS NECK,193 HUNTINGTON AVE,02 TWO FAMILY DWELLINGS
us-nyc,United States,New York,USD,430000.0,205.780145,2025-04-02,nyc_dof_rolling_sales,205.780145,,,,1950,,,02 TWO FAMILY DWELLINGS,THROGS NECK,260 GRAFF AVE,02 TWO FAMILY DWELLINGS
us-nyc,United States,New York,USD,960000.0,211.81884,2025-08-07,nyc_dof_rolling_sales,211.81884,,,,1955,,,02 TWO FAMILY DWELLINGS,THROGS NECK,254 ROBINSON AVENUE,02 TWO FAMILY DWELLINGS
us-nyc,United States,New York,USD,980000.0,270.719342,2025-07-22,nyc_dof_rolling_sales,270.719342,,,,1997,,,02 TWO FAMILY DWELLINGS,THROGS NECK,270 ROBINSON AVENUE,02 TWO FAMILY DWELLINGS
us-nyc,United States,New York,USD,950000.0,267.096125,2025-02-26,nyc_dof_rolling_sales,267.096125,,,,1999,,,02 TWO FAMILY DWELLINGS,THROGS NECK,258 HOSMER AVENUE,02 TWO FAMILY DWELLINGS
us-nyc,United States,New York,USD,920000.0,234.11556,2025-07-17,nyc_dof_rolling_sales,234.11556,,,,1965,,,02 TWO FAMILY DWELLINGS,THROGS NECK,253 ROBINSON AVENUE,02 TWO FAMILY DWELLINGS
us-nyc,United States,New York,USD,950000.0,183.94794,2025-09-11,nyc_dof_rolling_sales,183.94794,,,,2008,,,02 TWO FAMILY DWELLINGS,THROGS NECK,239 HOSMER AVENUE,02 TWO FAMILY DWELLINGS
us-nyc,United States,New York,USD,1165000.0,343.7411,2025-02-12,nyc_dof_rolling_sales,343.7411,,,,1988,,,03 THREE FAMILY DWELLINGS,THROGS NECK,185 THROGS NECK BLVD,03 THREE FAMILY DWELLINGS
us-nyc,United States,New York,USD,780000.0,230.120731,2025-09-16,nyc_dof_rolling_sales,230.120731,,,,1960,,,03 THREE FAMILY DWELLINGS,THROGS NECK,248 KEARNEY AVENUE,03 THREE FAMILY DWELLINGS
us-nyc,United States,New York,USD,905000.0,230.120731,2025-10-28,nyc_dof_rolling_sales,230.120731,,,,1960,,,03 THREE FAMILY DWELLINGS,THROGS NECK,250 KEARNEY AVE,03 THREE FAMILY DWELLINGS
us-nyc,United States,New York,USD,976500.0,271.27676,2025-04-01,nyc_dof_rolling_sales,271.27676,,,,1965,,,03 THREE FAMILY DWELLINGS,THROGS NECK,3944 EAST TREMONT AVENUE,03 THREE FAMILY DWELLINGS
us-nyc,United States,New York,USD,800000.0,235.509105,2025-01-29,nyc_dof_rolling_sales,235.509105,,,,1988,,,03 THREE FAMILY DWELLINGS,THROGS NECK,379 HUNTINGTON AVENUE,03 THREE FAMILY DWELLINGS
us-nyc,United States,New York,USD,995000.0,204.3866,2025-12-09,nyc_dof_rolling_sales,204.3866,,,,1925,,,03 THREE FAMILY DWELLINGS,THROGS NECK,2708 SCHURZ AVENUE,03 THREE FAMILY DWELLINGS
us-nyc,United States,New York,USD,370000.0,nan,2025-04-07,nyc_dof_rolling_sales,nan,,,,1982,,,04 TAX CLASS 1 CONDOS,THROGS NECK,"530 ELLSWORTH AVENUE, A1",04 TAX CLASS 1 CONDOS
us-nyc,United States,New York,USD,370000.0,nan,2025-01-29,nyc_dof_rolling_sales,nan,,,,2002,,,04 TAX CLASS 1 CONDOS,THROGS NECK,"1 PATRICIA LANE, 101",04 TAX CLASS 1 CONDOS
us-nyc,United States,New York,USD,407000.0,nan,2025-05-07,nyc_dof_rolling_sales,nan,,,,2002,,,04 TAX CLASS 1 CONDOS,THROGS NECK,"1 PATRICIA LANE, 309",04 TAX CLASS 1 CONDOS
us-nyc,United States,New York,USD,757871.0,nan,2025-11-21,nyc_dof_rolling_sales,nan,,,,2002,,,04 TAX CLASS 1 CONDOS,THROGS NECK,"1 PATRICIA LANE, 401",04 TAX CLASS 1 CONDOS
us-nyc,United States,New York,USD,510000.0,nan,2025-06-20,nyc_dof_rolling_sales,nan,,,,2002,,,04 TAX CLASS 1 CONDOS,THROGS NECK,"1 PATRICIA LANE, 403",04 TAX CLASS 1 CONDOS
us-nyc,United States,New York,USD,555000.0,nan,2025-05-20,nyc_dof_rolling_sales,nan,,,,2002,,,04 TAX CLASS 1 CONDOS,THROGS NECK,"1 PATRICIA LANE, 409",04 TAX CLASS 1 CONDOS
us-nyc,United States,New York,USD,10.0,nan,2025-02-22,nyc_dof_rolling_sales,nan,,,,,,,04 TAX CLASS 1 CONDOS,THROGS NECK,"268 BUTTRICK AVENUE, J3",04 TAX CLASS 1 CONDOS
us-nyc,United States,New York,USD,420000.0,nan,2025-01-23,nyc_dof_rolling_sales,nan,,,,1996,,,04 TAX CLASS 1 CONDOS,THROGS NECK,"273 BUTTRICK AVENUE, CC3",04 TAX CLASS 1 CONDOS
us-nyc,United States,New York,USD,320000.0,nan,2025-07-28,nyc_dof_rolling_sales,nan,,,,1996,,,04 TAX CLASS 1 CONDOS,THROGS NECK,"277 BUTTRICK AVENUE, CCC1",04 TAX CLASS 1 CONDOS
us-nyc,United States,New York,USD,422250.0,nan,2025-11-03,nyc_dof_rolling_sales,nan,,,,1995,,,04 TAX CLASS 1 CONDOS,THROGS NECK,"200 DAVIS AVENUE, 1C",04 TAX CLASS 1 CONDOS
us-nyc,United States,New York,USD,410000.0,nan,2025-08-19,nyc_dof_rolling_sales,nan,,,,1995,,,04 TAX CLASS 1 CONDOS,THROGS NECK,"200 DAVIS AVENUE, 3C",04 TAX CLASS 1 CONDOS
us-nyc,United States,New York,USD,420000.0,nan,2025-03-07,nyc_dof_rolling_sales,nan,,,,1995,,,04 TAX CLASS 1 CONDOS,THROGS NECK,"201 BUTTRICK AVE, 6D",04 TAX CLASS 1 CONDOS
us-nyc,United States,New York,USD,428000.0,nan,2025-11-04,nyc_dof_rolling_sales,nan,,,,1995,,,04 TAX CLASS 1 CONDOS,THROGS NECK,"201 BUTTRICK AVE, 12D",04 TAX CLASS 1 CONDOS
us-nyc,United States,New York,USD,510000.0,nan,2025-08-04,nyc_dof_rolling_sales,nan,,,,2006,,,04 TAX CLASS 1 CONDOS,THROGS NECK,"2 ANGELAS PLACE, 2B",04 TAX CLASS 1 CONDOS
us-nyc,United States,New York,USD,2700000.0,2508.381,2025-10-16,nyc_dof_rolling_sales,2508.381,,,,1930,,,07 RENTALS - WALKUP APARTMENTS,THROGS NECK,1075 EDISON AVENUE,07 RENTALS - WALKUP APARTMENTS
us-nyc,United States,New York,USD,1315000.0,315.8702,2025-01-15,nyc_dof_rolling_sales,315.8702,,,,1930,,,07 RENTALS - WALKUP APARTMENTS,THROGS NECK,2925 OTIS AVENUE,07 RENTALS - WALKUP APARTMENTS
us-nyc,United States,New York,USD,1500000.0,334.4508,2025-06-04,nyc_dof_rolling_sales,334.4508,,,,1930,,,07 RENTALS - WALKUP APARTMENTS,THROGS NECK,743 HOLLYWOOD AVENUE,07 RENTALS - WALKUP APARTMENTS
us-nyc,United States,New York,USD,1000.0,422.337038,2025-10-25,nyc_dof_rolling_sales,422.337038,,,,1987,,,07 RENTALS - WALKUP APARTMENTS,THROGS NECK,541 EDISON AVENUE,07 RENTALS - WALKUP APARTMENTS
us-nyc,United States,New York,USD,510000.0,nan,2025-03-31,nyc_dof_rolling_sales,nan,,,,1998,,,12 CONDOS - WALKUP APARTMENTS,THROGS NECK,"6 PENNYFIELD AVENUE, 6-2",12 CONDOS - WALKUP APARTMENTS
us-nyc,United States,New York,USD,575000.0,nan,2025-07-10,nyc_dof_rolling_sales,nan,,,,2000,,,12 CONDOS - WALKUP APARTMENTS,THROGS NECK,"24 PENNYFIELD AVENUE, 1C",12 CONDOS - WALKUP APARTMENTS
us-nyc,United States,New York,USD,2100000.0,652.6435749999999,2025-11-19,nyc_dof_rolling_sales,652.6435749999999,,,,1991,,,14 RENTALS - 4-10 UNIT,THROGS NECK,520 ELLSWORTH AVENUE,14 RENTALS - 4-10 UNIT
us-nyc,United States,New York,USD,390000.0,nan,2025-07-03,nyc_dof_rolling_sales,nan,,,,1989,,,15 CONDOS - 2-10 UNIT RESIDENTIAL,THROGS NECK,"563 ELLSWORTH AVENUE, 7",15 CONDOS - 2-10 UNIT RESIDENTIAL
us-nyc,United States,New York,USD,439999.0,77.666908,2025-09-03,nyc_dof_rolling_sales,77.666908,,,,1953,,,21 OFFICE BUILDINGS,THROGS NECK,3926 EAST TREMONT AVENUE,21 OFFICE BUILDINGS
us-nyc,United States,New York,USD,1550000.0,313.08311,2025-02-14,nyc_dof_rolling_sales,313.08311,,,,1925,,,22 STORE BUILDINGS,THROGS NECK,3439 E TREMONT AVENUE,22 STORE BUILDINGS
us-nyc,United States,New York,USD,750000.0,257.991631,2025-03-06,nyc_dof_rolling_sales,257.991631,,,,1925,,,22 STORE BUILDINGS,THROGS NECK,3513 EAST TREMONT AVENUE,22 STORE BUILDINGS
us-nyc,United States,New York,USD,1850000.0,1449.2868,2025-10-15,nyc_dof_rolling_sales,1449.2868,,,,1926,,,22 STORE BUILDINGS,THROGS NECK,3432 EAST TREMONT AVENUE,22 STORE BUILDINGS
us-nyc,United States,New York,USD,8500000.0,2762.2848989999998,2025-04-25,nyc_dof_rolling_sales,2762.2848989999998,,,,1960,,,33 EDUCATIONAL FACILITIES,THROGS NECK,2780 SCHURZ AVENUE,33 EDUCATIONAL FACILITIES
us-nyc,United States,New York,USD,310000.0,nan,2025-09-03,nyc_dof_rolling_sales,nan,,,,1961,,,10 COOPS - ELEVATOR APARTMENTS,VAN CORTLANDT PARK,"6035 BROADWAY, 6N",10 COOPS - ELEVATOR APARTMENTS
us-nyc,United States,New York,USD,275000.0,nan,2025-08-18,nyc_dof_rolling_sales,nan,,,,1961,,,10 COOPS - ELEVATOR APARTMENTS,VAN CORTLANDT PARK,"6035 BROADWAY, 8B",10 COOPS - ELEVATOR APARTMENTS
us-nyc,United States,New York,USD,650000.0,150.131248,2025-12-19,nyc_dof_rolling_sales,150.131248,,,,1931,,,01 ONE FAMILY DWELLINGS,WAKEFIELD,4253 BYRON AVENUE,01 ONE FAMILY DWELLINGS
us-nyc,United States,New York,USD,615000.0,112.970048,2025-02-06,nyc_dof_rolling_sales,112.970048,,,,1930,,,01 ONE FAMILY DWELLINGS,WAKEFIELD,4157 GUNTHER AVENUE,01 ONE FAMILY DWELLINGS
us-nyc,United States,New York,USD,1473500.0,295.059928,2025-06-13,nyc_dof_rolling_sales,295.059928,,,,1930,,,01 ONE FAMILY DWELLINGS,WAKEFIELD,4239 DIGNEY AVENUE,01 ONE FAMILY DWELLINGS
us-nyc,United States,New York,USD,720000.0,130.0642,2025-09-03,nyc_dof_rolling_sales,130.0642,,,,1930,,,01 ONE FAMILY DWELLINGS,WAKEFIELD,4223 BOYD AVENUE,01 ONE FAMILY DWELLINGS
us-nyc,United States,New York,USD,470000.0,130.0642,2025-08-21,nyc_dof_rolling_sales,130.0642,,,,1945,,,01 ONE FAMILY DWELLINGS,WAKEFIELD,4126 GUNTHER AVE,01 ONE FAMILY DWELLINGS
us-nyc,United States,New York,USD,695000.0,130.0642,2025-11-14,nyc_dof_rolling_sales,130.0642,,,,1945,,,01 ONE FAMILY DWELLINGS,WAKEFIELD,4126 GUNTHER AVENUE,01 ONE FAMILY DWELLINGS
us-nyc,United States,New York,USD,576500.0,112.226824,2025-01-15,nyc_dof_rolling_sales,112.226824,,,,1920,,,01 ONE FAMILY DWELLINGS,WAKEFIELD,4230 GUNTHER AVENUE,01 ONE FAMILY DWELLINGS
us-nyc,United States,New York,USD,645000.0,121.145512,2025-05-22,nyc_dof_rolling_sales,121.145512,,,,1930,,,01 ONE FAMILY DWELLINGS,WAKEFIELD,1805 BUSSING AVENUE,01 ONE FAMILY DWELLINGS
us-nyc,United States,New York,USD,740000.0,113.713272,2025-06-23,nyc_dof_rolling_sales,113.713272,,,,1960,,,01 ONE FAMILY DWELLINGS,WAKEFIELD,4175 BAYCHESTER AVE,01 ONE FAMILY DWELLINGS
us-nyc,United States,New York,USD,435000.0,113.713272,2025-02-27,nyc_dof_rolling_sales,113.713272,,,,1960,,,01 ONE FAMILY DWELLINGS,WAKEFIELD,4175 BAYCHESTER AVENUE,01 ONE FAMILY DWELLINGS
us-nyc,United States,New York,USD,635000.0,93.83203,2025-11-25,nyc_dof_rolling_sales,93.83203,,,,1945,,,01 ONE FAMILY DWELLINGS,WAKEFIELD,4242 ELY AVENUE,01 ONE FAMILY DWELLINGS
us-nyc,United States,New York,USD,450000.0,160.907996,2025-04-10,nyc_dof_rolling_sales,160.907996,,,,1960,,,01 ONE FAMILY DWELLINGS,WAKEFIELD,4160 BAYCHESTER AVENUE,01 ONE FAMILY DWELLINGS
us-nyc,United States,New York,USD,636000.0,175.58667,2025-10-28,nyc_dof_rolling_sales,175.58667,,,,1960,,,01 ONE FAMILY DWELLINGS,WAKEFIELD,4170 BAYCHESTER AVENUE,01 ONE FAMILY DWELLINGS
us-nyc,United States,New York,USD,575000.0,175.58667,2025-07-02,nyc_dof_rolling_sales,175.58667,,,,1960,,,01 ONE FAMILY DWELLINGS,WAKEFIELD,4178 BAYCHESTER AVE,01 ONE FAMILY DWELLINGS
us-nyc,United States,New York,USD,675000.0,92.159776,2025-02-21,nyc_dof_rolling_sales,92.159776,,,,1960,,,01 ONE FAMILY DWELLINGS,WAKEFIELD,4219A DEREIMER AVENUE,01 ONE FAMILY DWELLINGS
us-nyc,United States,New York,USD,260500.0,122.260348,2025-01-18,nyc_dof_rolling_sales,122.260348,,,,1950,,,01 ONE FAMILY DWELLINGS,WAKEFIELD,4211 WILDER AVENUE,01 ONE FAMILY DWELLINGS
us-nyc,United States,New York,USD,640000.0,117.05778,2025-09-22,nyc_dof_rolling_sales,117.05778,,,,1950,,,01 ONE FAMILY DWELLINGS,WAKEFIELD,4216 MURDOCK AVENUE,01 ONE FAMILY DWELLINGS
us-nyc,United States,New York,USD,450000.0,168.433139,2025-01-15,nyc_dof_rolling_sales,168.433139,,,,1960,,,01 ONE FAMILY DWELLINGS,WAKEFIELD,742 EAST 237 STREET,01 ONE FAMILY DWELLINGS
us-nyc,United States,New York,USD,600000.0,217.39302,2025-06-26,nyc_dof_rolling_sales,217.39302,,,,1965,,,01 ONE FAMILY DWELLINGS,WAKEFIELD,764 EAST 237 STREET,01 ONE FAMILY DWELLINGS
us-nyc,United States,New York,USD,617500.0,191.844695,2025-07-30,nyc_dof_rolling_sales,191.844695,,,,1965,,,01 ONE FAMILY DWELLINGS,WAKEFIELD,4348 BARNES AVENUE,01 ONE FAMILY DWELLINGS
us-nyc,United States,New York,USD,515000.0,117.336489,2025-09-18,nyc_dof_rolling_sales,117.336489,,,,1925,,,01 ONE FAMILY DWELLINGS,WAKEFIELD,4326 BOYD AVENUE,01 ONE FAMILY DWELLINGS
us-nyc,United States,New York,USD,665000.0,155.426719,2025-07-16,nyc_dof_rolling_sales,155.426719,,,,1958,,,01 ONE FAMILY DWELLINGS,WAKEFIELD,1901 PITMAN AVENUE,01 ONE FAMILY DWELLINGS
us-nyc,United States,New York,USD,795000.0,223.89623,2025-10-24,nyc_dof_rolling_sales,223.89623,,,,1925,,,01 ONE FAMILY DWELLINGS,WAKEFIELD,4316 ELY AVENUE,01 ONE FAMILY DWELLINGS
us-nyc,United States,New York,USD,525000.0,120.402288,2025-09-23,nyc_dof_rolling_sales,120.402288,,,,1935,,,01 ONE FAMILY DWELLINGS,WAKEFIELD,4309 EDSON AVENUE,01 ONE FAMILY DWELLINGS
us-nyc,United States,New York,USD,452000.0,120.030676,2025-09-22,nyc_dof_rolling_sales,120.030676,,,,1930,,,01 ONE FAMILY DWELLINGS,WAKEFIELD,4365 DE REIMER AVE.,01 ONE FAMILY DWELLINGS
us-nyc,United States,New York,USD,680000.0,107.024256,2025-01-31,nyc_dof_rolling_sales,107.024256,,,,1930,,,01 ONE FAMILY DWELLINGS,WAKEFIELD,4329 DE REIMER AVENUE,01 ONE FAMILY DWELLINGS
us-nyc,United States,New York,USD,560000.0,107.024256,2025-09-19,nyc_dof_rolling_sales,107.024256,,,,1940,,,01 ONE FAMILY DWELLINGS,WAKEFIELD,4374 DEREIMER AVENUE,01 ONE FAMILY DWELLINGS
us-nyc,United States,New York,USD,420000.0,133.408708,2025-04-02,nyc_dof_rolling_sales,133.408708,,,,1920,,,01 ONE FAMILY DWELLINGS,WAKEFIELD,4434 CARPENTER AVENUE,01 ONE FAMILY DWELLINGS
us-nyc,United States,New York,USD,785000.0,133.408708,2025-12-04,nyc_dof_rolling_sales,133.408708,,,,1920,,,01 ONE FAMILY DWELLINGS,WAKEFIELD,4434 CARPENTER AVENUE,01 ONE FAMILY DWELLINGS
us-nyc,United States,New York,USD,665000.0,209.310459,2025-11-07,nyc_dof_rolling_sales,209.310459,,,,1920,,,01 ONE FAMILY DWELLINGS,WAKEFIELD,4431 MATILDA AVENUE,01 ONE FAMILY DWELLINGS
us-nyc,United States,New York,USD,605000.0,165.553146,2025-09-03,nyc_dof_rolling_sales,165.553146,,,,1945,,,01 ONE FAMILY DWELLINGS,WAKEFIELD,4635 MATILDA AVENUE,01 ONE FAMILY DWELLINGS
us-nyc,United States,New York,USD,499999.0,107.024256,2025-12-15,nyc_dof_rolling_sales,107.024256,,,,1925,,,01 ONE FAMILY DWELLINGS,WAKEFIELD,4419 EDSON AVENUE,01 ONE FAMILY DWELLINGS
us-nyc,United States,New York,USD,470000.0,107.024256,2025-06-20,nyc_dof_rolling_sales,107.024256,,,,1925,,,01 ONE FAMILY DWELLINGS,WAKEFIELD,4411 EDSON AVENUE,01 ONE FAMILY DWELLINGS
us-nyc,United States,New York,USD,635000.0,142.14159,2025-07-07,nyc_dof_rolling_sales,142.14159,,,,1960,,,01 ONE FAMILY DWELLINGS,WAKEFIELD,4417 BAYCHESTER AVENUE,01 ONE FAMILY DWELLINGS
us-nyc,United States,New York,USD,500000.0,147.62286699999999,2025-05-14,nyc_dof_rolling_sales,147.62286699999999,,,,1930,,,01 ONE FAMILY DWELLINGS,WAKEFIELD,4409 MUNDY,01 ONE FAMILY DWELLINGS
us-nyc,United States,New York,USD,612000.0,138.797082,2025-12-02,nyc_dof_rolling_sales,138.797082,,,,1960,,,01 ONE FAMILY DWELLINGS,WAKEFIELD,4735 CARPENTER AVENUE,01 ONE FAMILY DWELLINGS
us-nyc,United States,New York,USD,10.0,170.569908,2025-06-09,nyc_dof_rolling_sales,170.569908,,,,1960,,,01 ONE FAMILY DWELLINGS,WAKEFIELD,4787 BARNES,01 ONE FAMILY DWELLINGS
us-nyc,United States,New York,USD,625000.0,154.683495,2025-05-15,nyc_dof_rolling_sales,154.683495,,,,1945,,,01 ONE FAMILY DWELLINGS,WAKEFIELD,4831 WILDER AVENUE,01 ONE FAMILY DWELLINGS
us-nyc,United States,New York,USD,1287000.0,120.495191,2025-04-03,nyc_dof_rolling_sales,120.495191,,,,1930,,,01 ONE FAMILY DWELLINGS,WAKEFIELD,4523 MURDOCK AVENUE,01 ONE FAMILY DWELLINGS
us-nyc,United States,New York,USD,1200000.0,221.480752,2025-08-28,nyc_dof_rolling_sales,221.480752,,,,1920,,,01 ONE FAMILY DWELLINGS,WAKEFIELD,4528 MURDOCK AVENUE,01 ONE FAMILY DWELLINGS
us-nyc,United States,New York,USD,555000.0,127.834528,2025-01-21,nyc_dof_rolling_sales,127.834528,,,,1920,,,01 ONE FAMILY DWELLINGS,WAKEFIELD,4510 HILL AVENUE,01 ONE FAMILY DWELLINGS
us-nyc,United States,New York,USD,375000.0,153.104144,2025-02-27,nyc_dof_rolling_sales,153.104144,,,,1965,,,01 ONE FAMILY DWELLINGS,WAKEFIELD,4642 MURDOCK AVENUE,01 ONE FAMILY DWELLINGS
us-nyc,United States,New York,USD,500.0,181.16085,2025-01-16,nyc_dof_rolling_sales,181.16085,,,,1925,,,02 TWO FAMILY DWELLINGS,WAKEFIELD,630 EAST 234 STREET,02 TWO FAMILY DWELLINGS
us-nyc,United States,New York,USD,500.0,181.16085,2025-02-04,nyc_dof_rolling_sales,181.16085,,,,1925,,,02 TWO FAMILY DWELLINGS,WAKEFIELD,630 EAST 234 STREET,02 TWO FAMILY DWELLINGS
us-nyc,United States,New York,USD,500.0,181.16085,2025-03-14,nyc_dof_rolling_sales,181.16085,,,,1925,,,02 TWO FAMILY DWELLINGS,WAKEFIELD,630 EAST 234 STREET,02 TWO FAMILY DWELLINGS
us-nyc,United States,New York,USD,500.0,181.16085,2025-07-15,nyc_dof_rolling_sales,181.16085,,,,1925,,,02 TWO FAMILY DWELLINGS,WAKEFIELD,630 EAST 234 STREET,02 TWO FAMILY DWELLINGS
us-nyc,United States,New York,USD,600.0,181.16085,2025-06-18,nyc_dof_rolling_sales,181.16085,,,,1925,,,02 TWO FAMILY DWELLINGS,WAKEFIELD,630 EAST 234 STREET,02 TWO FAMILY DWELLINGS
us-nyc,United States,New York,USD,600.0,181.16085,2025-07-11,nyc_dof_rolling_sales,181.16085,,,,1925,,,02 TWO FAMILY DWELLINGS,WAKEFIELD,630 EAST 234 STREET,02 TWO FAMILY DWELLINGS
us-nyc,United States,New York,USD,600.0,181.16085,2025-07-30,nyc_dof_rolling_sales,181.16085,,,,1925,,,02 TWO FAMILY DWELLINGS,WAKEFIELD,630 EAST 234 STREET,02 TWO FAMILY DWELLINGS
us-nyc,United States,New York,USD,1500.0,181.16085,2025-01-01,nyc_dof_rolling_sales,181.16085,,,,1925,,,02 TWO FAMILY DWELLINGS,WAKEFIELD,630 EAST 234 STREET,02 TWO FAMILY DWELLINGS
us-nyc,United States,New York,USD,495000.0,207.638205,2025-07-10,nyc_dof_rolling_sales,207.638205,,,,1925,,,02 TWO FAMILY DWELLINGS,WAKEFIELD,1741 BUSSING AVENUE,02 TWO FAMILY DWELLINGS
us-nyc,United States,New York,USD,950000.0,175.58667,2025-02-13,nyc_dof_rolling_sales,175.58667,,,,1965,,,02 TWO FAMILY DWELLINGS,WAKEFIELD,4136 WICKHAM AVENUE,02 TWO FAMILY DWELLINGS
us-nyc,United States,New York,USD,930000.0,175.58667,2025-09-04,nyc_dof_rolling_sales,175.58667,,,,1965,,,02 TWO FAMILY DWELLINGS,WAKEFIELD,4152 WICKHAM AVENUE,02 TWO FAMILY DWELLINGS
us-nyc,United States,New York,USD,750000.0,143.07062,2025-01-22,nyc_dof_rolling_sales,143.07062,,,,1955,,,02 TWO FAMILY DWELLINGS,WAKEFIELD,4147 ELY AVENUE,02 TWO FAMILY DWELLINGS
us-nyc,United States,New York,USD,566000.0,149.202218,2025-06-04,nyc_dof_rolling_sales,149.202218,,,,1955,,,02 TWO FAMILY DWELLINGS,WAKEFIELD,4143 ELY AVENUE,02 TWO FAMILY DWELLINGS
us-nyc,United States,New York,USD,550000.0,145.671904,2025-03-11,nyc_dof_rolling_sales,145.671904,,,,1920,,,02 TWO FAMILY DWELLINGS,WAKEFIELD,4236 GUNTHER AVENUE,02 TWO FAMILY DWELLINGS
us-nyc,United States,New York,USD,525000.0,111.4836,2025-02-03,nyc_dof_rolling_sales,111.4836,,,,1920,,,02 TWO FAMILY DWELLINGS,WAKEFIELD,4216 WICKHAM AVENUE,02 TWO FAMILY DWELLINGS
us-nyc,United States,New York,USD,628300.0,132.386775,2025-01-16,nyc_dof_rolling_sales,132.386775,,,,1950,,,02 TWO FAMILY DWELLINGS,WAKEFIELD,4152 ELY AVENUE,02 TWO FAMILY DWELLINGS
us-nyc,United States,New York,USD,975000.0,229.377507,2025-10-23,nyc_dof_rolling_sales,229.377507,,,,1920,,,02 TWO FAMILY DWELLINGS,WAKEFIELD,4149 EDSON AVENUE,02 TWO FAMILY DWELLINGS
us-nyc,United States,New York,USD,535000.0,160.907996,2025-12-08,nyc_dof_rolling_sales,160.907996,,,,1960,,,02 TWO FAMILY DWELLINGS,WAKEFIELD,4158 BAYCHESTER AVENUE,02 TWO FAMILY DWELLINGS
us-nyc,United States,New York,USD,915000.0,341.139816,2025-12-01,nyc_dof_rolling_sales,341.139816,,,,1940,,,02 TWO FAMILY DWELLINGS,WAKEFIELD,4150 DE REIMER AVENUE,02 TWO FAMILY DWELLINGS
us-nyc,United States,New York,USD,720000.0,186.642127,2025-07-30,nyc_dof_rolling_sales,186.642127,,,,1940,,,02 TWO FAMILY DWELLINGS,WAKEFIELD,4167 WILDER AVENUE,02 TWO FAMILY DWELLINGS
us-nyc,United States,New York,USD,760000.0,178.466663,2025-08-07,nyc_dof_rolling_sales,178.466663,,,,1955,,,02 TWO FAMILY DWELLINGS,WAKEFIELD,4228 MURDOCK AVENUE,02 TWO FAMILY DWELLINGS
us-nyc,United States,New York,USD,699600.0,160.536384,2025-05-20,nyc_dof_rolling_sales,160.536384,,,,1965,,,02 TWO FAMILY DWELLINGS,WAKEFIELD,4217 SETON AVENUE,02 TWO FAMILY DWELLINGS
us-nyc,United States,New York,USD,959000.0,293.852189,2025-12-30,nyc_dof_rolling_sales,293.852189,,,,1930,,,02 TWO FAMILY DWELLINGS,WAKEFIELD,4212 MONTICELLO AVENUE,02 TWO FAMILY DWELLINGS
us-nyc,United States,New York,USD,800000.0,180.789238,2025-09-17,nyc_dof_rolling_sales,180.789238,,,,1955,,,02 TWO FAMILY DWELLINGS,WAKEFIELD,4252 MONTICELLO AVE,02 TWO FAMILY DWELLINGS
us-nyc,United States,New York,USD,600768.0,196.211136,2025-03-13,nyc_dof_rolling_sales,196.211136,,,,1925,,,02 TWO FAMILY DWELLINGS,WAKEFIELD,4351 FURMAN AVENUE,02 TWO FAMILY DWELLINGS
us-nyc,United States,New York,USD,850000.0,301.00572,2025-04-18,nyc_dof_rolling_sales,301.00572,,,,1925,,,02 TWO FAMILY DWELLINGS,WAKEFIELD,4339 BYRON AVENUE,02 TWO FAMILY DWELLINGS
us-nyc,United States,New York,USD,870000.0,256.505183,2025-10-17,nyc_dof_rolling_sales,256.505183,,,,1960,,,02 TWO FAMILY DWELLINGS,WAKEFIELD,740 NEREID AVENUE,02 TWO FAMILY DWELLINGS
us-nyc,United States,New York,USD,715000.0,384.339711,2025-01-28,nyc_dof_rolling_sales,384.339711,,,,1910,,,02 TWO FAMILY DWELLINGS,WAKEFIELD,4323 BOYD AVENUE,02 TWO FAMILY DWELLINGS
us-nyc,United States,New York,USD,995000.0,231.142664,2025-02-18,nyc_dof_rolling_sales,231.142664,,,,1915,,,02 TWO FAMILY DWELLINGS,WAKEFIELD,4361 WICKHAM AVENUE,02 TWO FAMILY DWELLINGS
us-nyc,United States,New York,USD,675000.0,141.398366,2025-04-15,nyc_dof_rolling_sales,141.398366,,,,1930,,,02 TWO FAMILY DWELLINGS,WAKEFIELD,4351 DE REIMER AVENUE,02 TWO FAMILY DWELLINGS
us-nyc,United States,New York,USD,350000.0,130.714521,2025-09-10,nyc_dof_rolling_sales,130.714521,,,,1945,,,02 TWO FAMILY DWELLINGS,WAKEFIELD,4340 DE REIMER,02 TWO FAMILY DWELLINGS
us-nyc,United States,New York,USD,950000.0,241.733606,2025-10-28,nyc_dof_rolling_sales,241.733606,,,,1940,,,02 TWO FAMILY DWELLINGS,WAKEFIELD,4420 MATILDA AVE,02 TWO FAMILY DWELLINGS
us-nyc,United States,New York,USD,10.0,312.711498,2025-09-08,nyc_dof_rolling_sales,312.711498,,,,1950,,,02 TWO FAMILY DWELLINGS,WAKEFIELD,659 NEREID AVENUE,02 TWO FAMILY DWELLINGS
us-nyc,United States,New York,USD,1000.0,191.008568,2025-08-27,nyc_dof_rolling_sales,191.008568,,,,1925,,,02 TWO FAMILY DWELLINGS,WAKEFIELD,4437 FURMAN AVENUE,02 TWO FAMILY DWELLINGS
us-nyc,United States,New York,USD,620000.0,149.016412,2025-10-01,nyc_dof_rolling_sales,149.016412,,,,1950,,,02 TWO FAMILY DWELLINGS,WAKEFIELD,4469 BARNES AVENUE,02 TWO FAMILY DWELLINGS
us-nyc,United States,New York,USD,699000.0,114.27069,2025-04-04,nyc_dof_rolling_sales,114.27069,,,,1955,,,02 TWO FAMILY DWELLINGS,WAKEFIELD,4465 BARNES,02 TWO FAMILY DWELLINGS
us-nyc,United States,New York,USD,735000.0,141.398366,2025-01-31,nyc_dof_rolling_sales,141.398366,,,,1950,,,02 TWO FAMILY DWELLINGS,WAKEFIELD,4572 BRONX BOULEVARD,02 TWO FAMILY DWELLINGS
us-nyc,United States,New York,USD,750000.0,141.398366,2025-06-05,nyc_dof_rolling_sales,141.398366,,,,1950,,,02 TWO FAMILY DWELLINGS,WAKEFIELD,4578 BRONX BOULEVARD,02 TWO FAMILY DWELLINGS
us-nyc,United States,New York,USD,860000.0,284.28318,2025-07-11,nyc_dof_rolling_sales,284.28318,,,,1965,,,02 TWO FAMILY DWELLINGS,WAKEFIELD,4615 BRONX BLVD.,02 TWO FAMILY DWELLINGS
us-nyc,United States,New York,USD,759200.0,156.448652,2025-09-29,nyc_dof_rolling_sales,156.448652,,,,1925,,,02 TWO FAMILY DWELLINGS,WAKEFIELD,4614 CARPENTER AVENUE,02 TWO FAMILY DWELLINGS
us-nyc,United States,New York,USD,735000.0,131.92226,2025-03-12,nyc_dof_rolling_sales,131.92226,,,,1910,,,02 TWO FAMILY DWELLINGS,WAKEFIELD,4560 MATILDA AVENUE,02 TWO FAMILY DWELLINGS
us-nyc,United States,New York,USD,325000.0,290.228972,2025-03-14,nyc_dof_rolling_sales,290.228972,,,,1915,,,02 TWO FAMILY DWELLINGS,WAKEFIELD,4626 RICHARDSON AVENUE,02 TWO FAMILY DWELLINGS
us-nyc,United States,New York,USD,885000.0,167.2254,2025-05-28,nyc_dof_rolling_sales,167.2254,,,,1915,,,02 TWO FAMILY DWELLINGS,WAKEFIELD,687 EAST 240 ST,02 TWO FAMILY DWELLINGS
us-nyc,United States,New York,USD,999000.0,124.118408,2025-09-30,nyc_dof_rolling_sales,124.118408,,,,1905,,,02 TWO FAMILY DWELLINGS,WAKEFIELD,4575 FURMAN AVE,02 TWO FAMILY DWELLINGS
us-nyc,United States,New York,USD,500000.0,124.118408,2025-07-08,nyc_dof_rolling_sales,124.118408,,,,1905,,,02 TWO FAMILY DWELLINGS,WAKEFIELD,4575 FURMAN AVENUE,02 TWO FAMILY DWELLINGS
us-nyc,United States,New York,USD,625000.0,140.469336,2025-02-19,nyc_dof_rolling_sales,140.469336,,,,1899,,,02 TWO FAMILY DWELLINGS,WAKEFIELD,4621 FURMAN AVENUE,02 TWO FAMILY DWELLINGS
us-nyc,United States,New York,USD,880000.0,277.036746,2025-03-17,nyc_dof_rolling_sales,277.036746,,,,1950,,,02 TWO FAMILY DWELLINGS,WAKEFIELD,1821 NEREID AVENUE,02 TWO FAMILY DWELLINGS
us-nyc,United States,New York,USD,750000.0,287.9993,2025-02-25,nyc_dof_rolling_sales,287.9993,,,,1965,,,02 TWO FAMILY DWELLINGS,WAKEFIELD,657 EAST 241ST STREET,02 TWO FAMILY DWELLINGS
us-nyc,United States,New York,USD,925000.0,204.014988,2025-07-17,nyc_dof_rolling_sales,204.014988,,,,1925,,,02 TWO FAMILY DWELLINGS,WAKEFIELD,675 EAST 241ST STREET,02 TWO FAMILY DWELLINGS
us-nyc,United States,New York,USD,332500.0,132.386775,2025-04-28,nyc_dof_rolling_sales,132.386775,,,,1925,,,02 TWO FAMILY DWELLINGS,WAKEFIELD,837 PENFIELD STREET,02 TWO FAMILY DWELLINGS
us-nyc,United States,New York,USD,625000.0,118.91584,2025-04-10,nyc_dof_rolling_sales,118.91584,,,,1925,,,02 TWO FAMILY DWELLINGS,WAKEFIELD,912 CRANFORD AVE,02 TWO FAMILY DWELLINGS
us-nyc,United States,New York,USD,250000.0,118.91584,2025-03-31,nyc_dof_rolling_sales,118.91584,,,,1920,,,02 TWO FAMILY DWELLINGS,WAKEFIELD,4519 SETON AVENUE,02 TWO FAMILY DWELLINGS
us-nyc,United States,New York,USD,790500.0,317.72826,2025-06-20,nyc_dof_rolling_sales,317.72826,,,,2006,,,03 THREE FAMILY DWELLINGS,WAKEFIELD,663 EAST 234,03 THREE FAMILY DWELLINGS
us-nyc,United States,New York,USD,550000.0,376.25715,2025-08-12,nyc_dof_rolling_sales,376.25715,,,,1958,,,03 THREE FAMILY DWELLINGS,WAKEFIELD,4225 BARNES AVENUE,03 THREE FAMILY DWELLINGS
us-nyc,United States,New York,USD,830000.0,289.207039,2025-06-30,nyc_dof_rolling_sales,289.207039,,,,1938,,,03 THREE FAMILY DWELLINGS,WAKEFIELD,4216 BARNES AVENUE,03 THREE FAMILY DWELLINGS
us-nyc,United States,New York,USD,1110000.0,315.8702,2025-03-18,nyc_dof_rolling_sales,315.8702,,,,1970,,,03 THREE FAMILY DWELLINGS,WAKEFIELD,1814 BUSSING AVE,03 THREE FAMILY DWELLINGS
us-nyc,United States,New York,USD,900000.0,240.24715799999998,2025-02-26,nyc_dof_rolling_sales,240.24715799999998,,,,1920,,,03 THREE FAMILY DWELLINGS,WAKEFIELD,4128 WICKHAM AVENUE,03 THREE FAMILY DWELLINGS
us-nyc,United States,New York,USD,935000.0,295.988958,2025-03-21,nyc_dof_rolling_sales,295.988958,,,,1935,,,03 THREE FAMILY DWELLINGS,WAKEFIELD,4218 EDSON AVENUE,03 THREE FAMILY DWELLINGS
us-nyc,United States,New York,USD,1100000.0,350.05850399999997,2025-09-29,nyc_dof_rolling_sales,350.05850399999997,,,,2006,,,03 THREE FAMILY DWELLINGS,WAKEFIELD,4172 DE REIMER AVENUE,03 THREE FAMILY DWELLINGS
us-nyc,United States,New York,USD,870000.0,306.5799,2025-06-26,nyc_dof_rolling_sales,306.5799,,,,1925,,,03 THREE FAMILY DWELLINGS,WAKEFIELD,633 EAST 236 STREET,03 THREE FAMILY DWELLINGS
us-nyc,United States,New York,USD,615000.0,321.908895,2025-12-08,nyc_dof_rolling_sales,321.908895,,,,1925,,,03 THREE FAMILY DWELLINGS,WAKEFIELD,4346 CARPENTER AVENUE,03 THREE FAMILY DWELLINGS
us-nyc,United States,New York,USD,680000.0,256.41228,2025-10-22,nyc_dof_rolling_sales,256.41228,,,,1935,,,03 THREE FAMILY DWELLINGS,WAKEFIELD,4315 MURDOCK AVENUE,03 THREE FAMILY DWELLINGS
us-nyc,United States,New York,USD,10.0,295.059928,2025-02-10,nyc_dof_rolling_sales,295.059928,,,,1993,,,03 THREE FAMILY DWELLINGS,WAKEFIELD,4501 BRONX BOULEVARD,03 THREE FAMILY DWELLINGS
us-nyc,United States,New York,USD,886243.0,241.5478,2025-11-11,nyc_dof_rolling_sales,241.5478,,,,1989,,,03 THREE FAMILY DWELLINGS,WAKEFIELD,4600 BRONX BOULEVARD,03 THREE FAMILY DWELLINGS
us-nyc,United States,New York,USD,900000.0,289.85735999999997,2025-10-10,nyc_dof_rolling_sales,289.85735999999997,,,,1915,,,03 THREE FAMILY DWELLINGS,WAKEFIELD,4412 MURDOCK AVENUE,03 THREE FAMILY DWELLINGS
us-nyc,United States,New York,USD,873000.0,246.19295,2025-10-23,nyc_dof_rolling_sales,246.19295,,,,1950,,,03 THREE FAMILY DWELLINGS,WAKEFIELD,4415 MUNDY LANE,03 THREE FAMILY DWELLINGS
us-nyc,United States,New York,USD,660000.0,255.854862,2025-06-16,nyc_dof_rolling_sales,255.854862,,,,1925,,,03 THREE FAMILY DWELLINGS,WAKEFIELD,637 EAST 241 STREET,03 THREE FAMILY DWELLINGS
us-nyc,United States,New York,USD,800000.0,242.755539,2025-02-05,nyc_dof_rolling_sales,242.755539,,,,1915,,,03 THREE FAMILY DWELLINGS,WAKEFIELD,4752 MATILDA AVENUE,03 THREE FAMILY DWELLINGS
us-nyc,United States,New York,USD,848000.0,329.99145599999997,2025-09-23,nyc_dof_rolling_sales,329.99145599999997,,,,1930,,,07 RENTALS - WALKUP APARTMENTS,WAKEFIELD,687 EAST 234 STREET,07 RENTALS - WALKUP APARTMENTS
us-nyc,United States,New York,USD,1100000.0,286.977367,2025-11-13,nyc_dof_rolling_sales,286.977367,,,,1960,,,07 RENTALS - WALKUP APARTMENTS,WAKEFIELD,4104 DIGNEY AVENUE,07 RENTALS - WALKUP APARTMENTS
us-nyc,United States,New York,USD,980000.0,254.182608,2025-05-06,nyc_dof_rolling_sales,254.182608,,,,1931,,,07 RENTALS - WALKUP APARTMENTS,WAKEFIELD,4308 RICHARDSON AVE,07 RENTALS - WALKUP APARTMENTS
us-nyc,United States,New York,USD,3425000.0,3199.57932,2025-05-16,nyc_dof_rolling_sales,3199.57932,,,,1928,,,07 RENTALS - WALKUP APARTMENTS,WAKEFIELD,4305 FURMAN AVENUE,07 RENTALS - WALKUP APARTMENTS
us-nyc,United States,New York,USD,1125000.0,499.353625,2025-04-09,nyc_dof_rolling_sales,499.353625,,,,1927,,,07 RENTALS - WALKUP APARTMENTS,WAKEFIELD,4433 CARPENTER AVE,07 RENTALS - WALKUP APARTMENTS
us-nyc,United States,New York,USD,2106810.0,1138.99078,2025-11-04,nyc_dof_rolling_sales,1138.99078,,,,1910,,,07 RENTALS - WALKUP APARTMENTS,WAKEFIELD,4639 WHITE PLAINS ROAD,07 RENTALS - WALKUP APARTMENTS
us-nyc,United States,New York,USD,1225000.0,312.15408,2025-11-26,nyc_dof_rolling_sales,312.15408,,,,1931,,,07 RENTALS - WALKUP APARTMENTS,WAKEFIELD,807 EAST 242ND STREET,07 RENTALS - WALKUP APARTMENTS
us-nyc,United States,New York,USD,1300000.0,334.4508,2025-07-15,nyc_dof_rolling_sales,334.4508,,,,1931,,,14 RENTALS - 4-10 UNIT,WAKEFIELD,646 EAST 241 STREET,14 RENTALS - 4-10 UNIT
us-nyc,United States,New York,USD,1598630.0,278.709,2025-08-11,nyc_dof_rolling_sales,278.709,,,,1931,,,14 RENTALS - 4-10 UNIT,WAKEFIELD,4562 WHITE PLAINS ROAD,14 RENTALS - 4-10 UNIT
us-nyc,United States,New York,USD,350000.0,286.14124,2025-12-15,nyc_dof_rolling_sales,286.14124,,,,1931,,,21 OFFICE BUILDINGS,WAKEFIELD,1810 NEREID AVENUE,21 OFFICE BUILDINGS
us-nyc,United States,New York,USD,360000.0,176.887312,2025-09-04,nyc_dof_rolling_sales,176.887312,,,,1899,,,21 OFFICE BUILDINGS,WAKEFIELD,4634 WHITE PLAINS ROAD,21 OFFICE BUILDINGS
us-nyc,United States,New York,USD,2500000.0,421.408008,2025-12-10,nyc_dof_rolling_sales,421.408008,,,,1951,,,29 COMMERCIAL GARAGES,WAKEFIELD,4344 BRONX BOULEVARD,29 COMMERCIAL GARAGES
us-nyc,United States,New York,USD,600000.0,115.664235,2025-04-24,nyc_dof_rolling_sales,115.664235,,,,1958,,,29 COMMERCIAL GARAGES,WAKEFIELD,4515 BYRON AVE,29 COMMERCIAL GARAGES
us-nyc,United States,New York,USD,651000.0,139.3545,2025-03-20,nyc_dof_rolling_sales,139.3545,,,,1930,,,29 COMMERCIAL GARAGES,WAKEFIELD,4617-19 FURMAN AVENUE,29 COMMERCIAL GARAGES
us-nyc,United States,New York,USD,535000.0,155.798331,2025-08-11,nyc_dof_rolling_sales,155.798331,,,,1950,,,01 ONE FAMILY DWELLINGS,WESTCHESTER,2117 ELLIS AVENUE,01 ONE FAMILY DWELLINGS
us-nyc,United States,New York,USD,10.0,110.368764,2025-06-11,nyc_dof_rolling_sales,110.368764,,,,1950,,,01 ONE FAMILY DWELLINGS,WESTCHESTER,1147 HAVEMEYER AVENUE,01 ONE FAMILY DWELLINGS
us-nyc,United States,New York,USD,700000.0,169.08346,2025-03-19,nyc_dof_rolling_sales,169.08346,,,,1925,,,01 ONE FAMILY DWELLINGS,WESTCHESTER,2242 GLEASON AVENUE,01 ONE FAMILY DWELLINGS
us-nyc,United States,New York,USD,770000.0,127.370013,2025-09-25,nyc_dof_rolling_sales,127.370013,,,,1940,,,01 ONE FAMILY DWELLINGS,WESTCHESTER,2209 ELLIS AVENUE,01 ONE FAMILY DWELLINGS
us-nyc,United States,New York,USD,335000.0,118.91584,2025-08-06,nyc_dof_rolling_sales,118.91584,,,,1940,,,01 ONE FAMILY DWELLINGS,WESTCHESTER,2348 HAVILAND AVENUE,01 ONE FAMILY DWELLINGS
us-nyc,United States,New York,USD,10.0,114.642302,2025-03-20,nyc_dof_rolling_sales,114.642302,,,,1915,,,01 ONE FAMILY DWELLINGS,WESTCHESTER,2311 ELLIS AVE,01 ONE FAMILY DWELLINGS
us-nyc,United States,New York,USD,400000.0,117.05778,2025-12-08,nyc_dof_rolling_sales,117.05778,,,,1960,,,01 ONE FAMILY DWELLINGS,WESTCHESTER,2307 ELLIS AVENUE,01 ONE FAMILY DWELLINGS
us-nyc,United States,New York,USD,298730.0,137.682246,2025-12-15,nyc_dof_rolling_sales,137.682246,,,,1910,,,01 ONE FAMILY DWELLINGS,WESTCHESTER,2411 SAINT RAYMOND AVENUE,01 ONE FAMILY DWELLINGS
us-nyc,United States,New York,USD,688800.0,180.603432,2025-05-22,nyc_dof_rolling_sales,180.603432,,,,1961,,,01 ONE FAMILY DWELLINGS,WESTCHESTER,1651 HUBBELL STREET,01 ONE FAMILY DWELLINGS
us-nyc,United States,New York,USD,480000.0,129.506782,2025-10-20,nyc_dof_rolling_sales,129.506782,,,,1930,,,01 ONE FAMILY DWELLINGS,WESTCHESTER,1625 OVERING STREET,01 ONE FAMILY DWELLINGS
us-nyc,United States,New York,USD,871100.0,238.017486,2025-07-24,nyc_dof_rolling_sales,238.017486,,,,1920,,,01 ONE FAMILY DWELLINGS,WESTCHESTER,1612 OVERING STREET,01 ONE FAMILY DWELLINGS
us-nyc,United States,New York,USD,660000.0,140.097724,2025-08-12,nyc_dof_rolling_sales,140.097724,,,,1899,,,01 ONE FAMILY DWELLINGS,WESTCHESTER,1543 LURTING AVENUE,01 ONE FAMILY DWELLINGS
us-nyc,United States,New York,USD,480000.0,172.520871,2025-09-26,nyc_dof_rolling_sales,172.520871,,,,1901,,,01 ONE FAMILY DWELLINGS,WESTCHESTER,1538 SILVER STREET,01 ONE FAMILY DWELLINGS
us-nyc,United States,New York,USD,565000.0,172.520871,2025-12-03,nyc_dof_rolling_sales,172.520871,,,,1901,,,01 ONE FAMILY DWELLINGS,WESTCHESTER,1538 SILVER STREET,01 ONE FAMILY DWELLINGS
us-nyc,United States,New York,USD,595000.0,127.091304,2025-03-24,nyc_dof_rolling_sales,127.091304,,,,1901,,,01 ONE FAMILY DWELLINGS,WESTCHESTER,1516 ROSELLE STREET,01 ONE FAMILY DWELLINGS
us-nyc,United States,New York,USD,500000.0,176.5157,2025-03-07,nyc_dof_rolling_sales,176.5157,,,,1930,,,01 ONE FAMILY DWELLINGS,WESTCHESTER,1612 POPLAR STREET,01 ONE FAMILY DWELLINGS
us-nyc,United States,New York,USD,630000.0,176.5157,2025-04-10,nyc_dof_rolling_sales,176.5157,,,,1930,,,01 ONE FAMILY DWELLINGS,WESTCHESTER,1612 POPLAR STREET,01 ONE FAMILY DWELLINGS
us-nyc,United States,New York,USD,955000.0,254.55422,2025-04-09,nyc_dof_rolling_sales,254.55422,,,,1930,,,02 TWO FAMILY DWELLINGS,WESTCHESTER,2163 POWELL AVENUE,02 TWO FAMILY DWELLINGS
us-nyc,United States,New York,USD,590000.0,292.64445,2025-07-10,nyc_dof_rolling_sales,292.64445,,,,1920,,,02 TWO FAMILY DWELLINGS,WESTCHESTER,2140 ELLIS AVENUE,02 TWO FAMILY DWELLINGS
us-nyc,United States,New York,USD,100.0,200.67048,2025-03-24,nyc_dof_rolling_sales,200.67048,,,,1920,,,02 TWO FAMILY DWELLINGS,WESTCHESTER,2147 ELLIS AVENUE,02 TWO FAMILY DWELLINGS
us-nyc,United States,New York,USD,755000.0,200.67048,2025-05-28,nyc_dof_rolling_sales,200.67048,,,,1920,,,02 TWO FAMILY DWELLINGS,WESTCHESTER,2147 ELLIS AVENUE,02 TWO FAMILY DWELLINGS
us-nyc,United States,New York,USD,1231133.0,307.973445,2025-11-13,nyc_dof_rolling_sales,307.973445,,,,2024,,,02 TWO FAMILY DWELLINGS,WESTCHESTER,2131 NEWBOLD AVENUE,02 TWO FAMILY DWELLINGS
us-nyc,United States,New York,USD,1025000.0,334.4508,2025-06-10,nyc_dof_rolling_sales,334.4508,,,,1925,,,02 TWO FAMILY DWELLINGS,WESTCHESTER,1238 CASTLE HILL AVE,02 TWO FAMILY DWELLINGS
us-nyc,United States,New York,USD,1200000.0,247.12198,2025-11-05,nyc_dof_rolling_sales,247.12198,,,,1940,,,02 TWO FAMILY DWELLINGS,WESTCHESTER,2226 NEWBOLD AVENUE,02 TWO FAMILY DWELLINGS
us-nyc,United States,New York,USD,650000.0,163.880892,2025-01-23,nyc_dof_rolling_sales,163.880892,,,,1905,,,02 TWO FAMILY DWELLINGS,WESTCHESTER,2326 POWELL AVENUE,02 TWO FAMILY DWELLINGS
us-nyc,United States,New York,USD,600000.0,196.95436,2025-10-29,nyc_dof_rolling_sales,196.95436,,,,1930,,,02 TWO FAMILY DWELLINGS,WESTCHESTER,1170 HAVEMEYER AVENUE,02 TWO FAMILY DWELLINGS
us-nyc,United States,New York,USD,10.0,256.598086,2025-05-07,nyc_dof_rolling_sales,256.598086,,,,1930,,,02 TWO FAMILY DWELLINGS,WESTCHESTER,2321 POWELL AVE,02 TWO FAMILY DWELLINGS
us-nyc,United States,New York,USD,1055000.0,202.52854,2025-11-12,nyc_dof_rolling_sales,202.52854,,,,1965,,,02 TWO FAMILY DWELLINGS,WESTCHESTER,2328 ELLIS AVENUE,02 TWO FAMILY DWELLINGS
us-nyc,United States,New York,USD,999500.0,232.2575,2025-02-12,nyc_dof_rolling_sales,232.2575,,,,1910,,,02 TWO FAMILY DWELLINGS,WESTCHESTER,2347 NEWBOLD AVENUE,02 TWO FAMILY DWELLINGS
us-nyc,United States,New York,USD,1030000.0,175.58667,2025-04-11,nyc_dof_rolling_sales,175.58667,,,,1910,,,02 TWO FAMILY DWELLINGS,WESTCHESTER,1313 HERSCHELL STREET,02 TWO FAMILY DWELLINGS
us-nyc,United States,New York,USD,999999.0,254.92583199999999,2025-11-06,nyc_dof_rolling_sales,254.92583199999999,,,,1925,,,02 TWO FAMILY DWELLINGS,WESTCHESTER,1335 HERSCHELL STREET,02 TWO FAMILY DWELLINGS
us-nyc,United States,New York,USD,356250.0,147.065449,2025-12-10,nyc_dof_rolling_sales,147.065449,,,,1910,,,02 TWO FAMILY DWELLINGS,WESTCHESTER,2407 BUTLER PLACE,02 TWO FAMILY DWELLINGS
us-nyc,United States,New York,USD,825000.0,279.080612,2025-01-06,nyc_dof_rolling_sales,279.080612,,,,1910,,,02 TWO FAMILY DWELLINGS,WESTCHESTER,1431 GLOVER STREET,02 TWO FAMILY DWELLINGS
us-nyc,United States,New York,USD,725000.0,300.448302,2025-09-26,nyc_dof_rolling_sales,300.448302,,,,1926,,,02 TWO FAMILY DWELLINGS,WESTCHESTER,2361 WESTCHESTER AVE,02 TWO FAMILY DWELLINGS
us-nyc,United States,New York,USD,840000.0,184.133746,2025-02-24,nyc_dof_rolling_sales,184.133746,,,,1901,,,02 TWO FAMILY DWELLINGS,WESTCHESTER,1499 ZEREGA AVENUE,02 TWO FAMILY DWELLINGS
us-nyc,United States,New York,USD,960000.0,206.24466,2025-07-31,nyc_dof_rolling_sales,206.24466,,,,1910,,,02 TWO FAMILY DWELLINGS,WESTCHESTER,2423 FRISBY AVENUE,02 TWO FAMILY DWELLINGS
us-nyc,United States,New York,USD,1199000.0,202.52854,2025-03-07,nyc_dof_rolling_sales,202.52854,,,,1920,,,02 TWO FAMILY DWELLINGS,WESTCHESTER,2465 GLEBE AVENUE,02 TWO FAMILY DWELLINGS
us-nyc,United States,New York,USD,999999.0,194.910494,2025-11-25,nyc_dof_rolling_sales,194.910494,,,,1915,,,02 TWO FAMILY DWELLINGS,WESTCHESTER,2518 ST RAYMOND AVENUE,02 TWO FAMILY DWELLINGS
us-nyc,United States,New York,USD,290000.0,190.45115,2025-04-09,nyc_dof_rolling_sales,190.45115,,,,1910,,,02 TWO FAMILY DWELLINGS,WESTCHESTER,1707 ZEREGA AVENUE,02 TWO FAMILY DWELLINGS
us-nyc,United States,New York,USD,750000.0,194.16727,2025-09-16,nyc_dof_rolling_sales,194.16727,,,,1920,,,02 TWO FAMILY DWELLINGS,WESTCHESTER,1624 SEDDON STREET,02 TWO FAMILY DWELLINGS
us-nyc,United States,New York,USD,368387.0,148.6448,2025-05-22,nyc_dof_rolling_sales,148.6448,,,,1920,,,02 TWO FAMILY DWELLINGS,WESTCHESTER,2413 BUCK STREET,02 TWO FAMILY DWELLINGS
us-nyc,United States,New York,USD,850000.0,275.364492,2025-01-28,nyc_dof_rolling_sales,275.364492,,,,1910,,,02 TWO FAMILY DWELLINGS,WESTCHESTER,1626 ST PETERS AVENUE,02 TWO FAMILY DWELLINGS
us-nyc,United States,New York,USD,950000.0,325.532112,2025-08-06,nyc_dof_rolling_sales,325.532112,,,,1910,,,02 TWO FAMILY DWELLINGS,WESTCHESTER,2510 MACLAY AVENUE,02 TWO FAMILY DWELLINGS
us-nyc,United States,New York,USD,10.0,327.761784,2025-04-17,nyc_dof_rolling_sales,327.761784,,,,1910,,,02 TWO FAMILY DWELLINGS,WESTCHESTER,2512 MACLAY AVENUE,02 TWO FAMILY DWELLINGS
us-nyc,United States,New York,USD,990000.0,300.819914,2025-07-07,nyc_dof_rolling_sales,300.819914,,,,1910,,,02 TWO FAMILY DWELLINGS,WESTCHESTER,1720 ST PETERS AVENUE,02 TWO FAMILY DWELLINGS
us-nyc,United States,New York,USD,980000.0,227.426544,2025-07-03,nyc_dof_rolling_sales,227.426544,,,,1920,,,02 TWO FAMILY DWELLINGS,WESTCHESTER,1622 OVERING STREET,02 TWO FAMILY DWELLINGS
us-nyc,United States,New York,USD,629000.0,124.861632,2025-04-16,nyc_dof_rolling_sales,124.861632,,,,1901,,,02 TWO FAMILY DWELLINGS,WESTCHESTER,2519 POPLAR STREET,02 TWO FAMILY DWELLINGS
us-nyc,United States,New York,USD,950000.0,227.426544,2025-09-08,nyc_dof_rolling_sales,227.426544,,,,1935,,,03 THREE FAMILY DWELLINGS,WESTCHESTER,2332 GLEASON AVENUE,03 THREE FAMILY DWELLINGS
us-nyc,United States,New York,USD,424643.0,328.87662,2025-06-16,nyc_dof_rolling_sales,328.87662,,,,2004,,,03 THREE FAMILY DWELLINGS,WESTCHESTER,2475 TRATMAN AVENUE,03 THREE FAMILY DWELLINGS
us-nyc,United States,New York,USD,424643.0,328.87662,2025-06-17,nyc_dof_rolling_sales,328.87662,,,,2004,,,03 THREE FAMILY DWELLINGS,WESTCHESTER,2475 TRATMAN AVENUE,03 THREE FAMILY DWELLINGS
us-nyc,United States,New York,USD,1200000.0,219.25108,2025-05-23,nyc_dof_rolling_sales,219.25108,,,,1920,,,03 THREE FAMILY DWELLINGS,WESTCHESTER,2427 GLEBE AVENUE,03 THREE FAMILY DWELLINGS
us-nyc,United States,New York,USD,1290000.0,325.996627,2025-10-20,nyc_dof_rolling_sales,325.996627,,,,2006,,,03 THREE FAMILY DWELLINGS,WESTCHESTER,2527B FRISBY AVE,03 THREE FAMILY DWELLINGS
us-nyc,United States,New York,USD,999000.0,333.243061,2025-06-24,nyc_dof_rolling_sales,333.243061,,,,1915,,,03 THREE FAMILY DWELLINGS,WESTCHESTER,2450 EAST TREMONT AVENUE,03 THREE FAMILY DWELLINGS
us-nyc,United States,New York,USD,900000.0,224.267842,2025-10-28,nyc_dof_rolling_sales,224.267842,,,,1925,,,07 RENTALS - WALKUP APARTMENTS,WESTCHESTER,1532 OVERING ST,07 RENTALS - WALKUP APARTMENTS
us-nyc,United States,New York,USD,1450000.0,1721.957105,2025-07-18,nyc_dof_rolling_sales,1721.957105,,,,1957,,,07 RENTALS - WALKUP APARTMENTS,WESTCHESTER,1625 BENSON STREET,07 RENTALS - WALKUP APARTMENTS
us-nyc,United States,New York,USD,9706000.0,8608.949398,2025-04-29,nyc_dof_rolling_sales,8608.949398,,,,1930,,,08 RENTALS - ELEVATOR APARTMENTS,WESTCHESTER,1265 OLMSTEAD AVE,08 RENTALS - ELEVATOR APARTMENTS
us-nyc,United States,New York,USD,13294000.0,11710.794762,2025-04-29,nyc_dof_rolling_sales,11710.794762,,,,1928,,,08 RENTALS - ELEVATOR APARTMENTS,WESTCHESTER,1266 OLMSTEAD AVENUE,08 RENTALS - ELEVATOR APARTMENTS
us-nyc,United States,New York,USD,7500000.0,7246.434,2025-08-01,nyc_dof_rolling_sales,7246.434,,,,1936,,,08 RENTALS - ELEVATOR APARTMENTS,WESTCHESTER,1776 CASTLE HILL AVENUE,08 RENTALS - ELEVATOR APARTMENTS
us-nyc,United States,New York,USD,150000.0,nan,2025-05-07,nyc_dof_rolling_sales,nan,,,,1926,,,09 COOPS - WALKUP APARTMENTS,WESTCHESTER,"1506 OVERING STREET, 4C",09 COOPS - WALKUP APARTMENTS
us-nyc,United States,New York,USD,1555000.0,321.908895,2025-06-09,nyc_dof_rolling_sales,321.908895,,,,1915,,,14 RENTALS - 4-10 UNIT,WESTCHESTER,2446 EAST TREMONT AVENUE,14 RENTALS - 4-10 UNIT
us-nyc,United States,New York,USD,15900000.0,1047.94584,2025-06-05,nyc_dof_rolling_sales,1047.94584,,,,1999,,,21 OFFICE BUILDINGS,WESTCHESTER,1529 WILLIAMSBRIDGE ROAD,21 OFFICE BUILDINGS
us-nyc,United States,New York,USD,952560.0,209.03175,2025-04-08,nyc_dof_rolling_sales,209.03175,,,,1901,,,21 OFFICE BUILDINGS,WESTCHESTER,1418 WILLIAMSBRIDGE ROAD,21 OFFICE BUILDINGS
us-nyc,United States,New York,USD,721175.0,243.777472,2025-12-09,nyc_dof_rolling_sales,243.777472,,,,1955,,,21 OFFICE BUILDINGS,WESTCHESTER,1526 WILLIAMSBRIDGE ROAD,21 OFFICE BUILDINGS
us-nyc,United States,New York,USD,2800000.0,905.80425,2025-09-11,nyc_dof_rolling_sales,905.80425,,,,1938,,,21 OFFICE BUILDINGS,WESTCHESTER,1428 BLONDELL AVENUE,21 OFFICE BUILDINGS
us-nyc,United States,New York,USD,2500000.0,407.658364,2025-12-18,nyc_dof_rolling_sales,407.658364,,,,1924,,,22 STORE BUILDINGS,WESTCHESTER,2301 WESTCHESTER AVENUE,22 STORE BUILDINGS
us-nyc,United States,New York,USD,925000.0,115.19972,2025-10-17,nyc_dof_rolling_sales,115.19972,,,,1927,,,22 STORE BUILDINGS,WESTCHESTER,2591 WESTCHESTER AVENUE,22 STORE BUILDINGS
us-nyc,United States,New York,USD,16000000.0,1833.812317,2025-07-29,nyc_dof_rolling_sales,1833.812317,,,,1965,,,29 COMMERCIAL GARAGES,WESTCHESTER,1133 ZEREGA AVENUE,29 COMMERCIAL GARAGES
us-nyc,United States,New York,USD,5500000.0,1412.1256,2025-07-07,nyc_dof_rolling_sales,1412.1256,,,,1961,,,29 COMMERCIAL GARAGES,WESTCHESTER,2472 BUTLER PLACE,29 COMMERCIAL GARAGES
us-nyc,United States,New York,USD,3251728.0,83.6127,2025-09-23,nyc_dof_rolling_sales,83.6127,,,,1910,,,29 COMMERCIAL GARAGES,WESTCHESTER,1631 ZEREGA AVENUE,29 COMMERCIAL GARAGES
us-nyc,United States,New York,USD,16000000.0,994.619518,2025-07-29,nyc_dof_rolling_sales,994.619518,,,,1976,,,29 COMMERCIAL GARAGES,WESTCHESTER,2543 EAST TREMONT AVENUE,29 COMMERCIAL GARAGES
us-nyc,United States,New York,USD,2500000.0,464.515,2025-07-02,nyc_dof_rolling_sales,464.515,,,,2005,,,29 COMMERCIAL GARAGES,WESTCHESTER,1460 BLONDELL AVENUE,29 COMMERCIAL GARAGES
us-nyc,United States,New York,USD,4200000.0,1270.355622,2025-07-10,nyc_dof_rolling_sales,1270.355622,,,,1956,,,32 HOSPITAL AND HEALTH FACILITIES,WESTCHESTER,1615 EASTCHESTER ROAD,32 HOSPITAL AND HEALTH FACILITIES
us-nyc,United States,New York,USD,3251728.0,104.05136,2025-09-23,nyc_dof_rolling_sales,104.05136,,,,1928,,,33 EDUCATIONAL FACILITIES,WESTCHESTER,1659 ZEREGA AVENUE,33 EDUCATIONAL FACILITIES
us-nyc,United States,New York,USD,5248272.0,1349.694784,2025-09-23,nyc_dof_rolling_sales,1349.694784,,,,1928,,,33 EDUCATIONAL FACILITIES,WESTCHESTER,1651 ZEREGA AVENUE,33 EDUCATIONAL FACILITIES
us-nyc,United States,New York,USD,15900000.0,1950.963,2025-06-05,nyc_dof_rolling_sales,1950.963,,,,1999,,,33 EDUCATIONAL FACILITIES,WESTCHESTER,1539 WILLIAMSBRIDGE ROAD,33 EDUCATIONAL FACILITIES
us-nyc,United States,New York,USD,609000.0,107.58167399999999,2025-08-18,nyc_dof_rolling_sales,107.58167399999999,,,,1920,,,01 ONE FAMILY DWELLINGS,WILLIAMSBRIDGE,3780 WILLETT AVE,01 ONE FAMILY DWELLINGS
us-nyc,United States,New York,USD,1225000.0,138.889985,2025-06-04,nyc_dof_rolling_sales,138.889985,,,,1935,,,01 ONE FAMILY DWELLINGS,WILLIAMSBRIDGE,754 EAST 211TH STREET,01 ONE FAMILY DWELLINGS
us-nyc,United States,New York,USD,662280.0,144.464165,2025-10-07,nyc_dof_rolling_sales,144.464165,,,,1915,,,01 ONE FAMILY DWELLINGS,WILLIAMSBRIDGE,740 EAST 218 STREET,01 ONE FAMILY DWELLINGS
us-nyc,United States,New York,USD,1.0,138.797082,2025-08-11,nyc_dof_rolling_sales,138.797082,,,,1920,,,01 ONE FAMILY DWELLINGS,WILLIAMSBRIDGE,840 E 215 STREET,01 ONE FAMILY DWELLINGS
us-nyc,United States,New York,USD,580000.0,157.00607,2025-05-20,nyc_dof_rolling_sales,157.00607,,,,1950,,,01 ONE FAMILY DWELLINGS,WILLIAMSBRIDGE,839 E 220TH STREET,01 ONE FAMILY DWELLINGS
us-nyc,United States,New York,USD,300000.0,133.78032,2025-08-27,nyc_dof_rolling_sales,133.78032,,,,1901,,,01 ONE FAMILY DWELLINGS,WILLIAMSBRIDGE,940 EAST 212TH STREET,01 ONE FAMILY DWELLINGS
us-nyc,United States,New York,USD,475000.0,126.719692,2025-01-08,nyc_dof_rolling_sales,126.719692,,,,1945,,,01 ONE FAMILY DWELLINGS,WILLIAMSBRIDGE,941 EAST 215 STREET,01 ONE FAMILY DWELLINGS
us-nyc,United States,New York,USD,804418.0,161.093802,2025-08-26,nyc_dof_rolling_sales,161.093802,,,,1950,,,01 ONE FAMILY DWELLINGS,WILLIAMSBRIDGE,3801 PAULDING AVENUE,01 ONE FAMILY DWELLINGS
us-nyc,United States,New York,USD,170000.0,106.652644,2025-05-02,nyc_dof_rolling_sales,106.652644,,,,1935,,,01 ONE FAMILY DWELLINGS,WILLIAMSBRIDGE,944 EAST 221 STREET,01 ONE FAMILY DWELLINGS
us-nyc,United States,New York,USD,700000.0,150.50286,2025-07-01,nyc_dof_rolling_sales,150.50286,,,,1945,,,01 ONE FAMILY DWELLINGS,WILLIAMSBRIDGE,1029 E. 213TH STREET,01 ONE FAMILY DWELLINGS
us-nyc,United States,New York,USD,470000.0,150.50286,2025-01-15,nyc_dof_rolling_sales,150.50286,,,,1945,,,01 ONE FAMILY DWELLINGS,WILLIAMSBRIDGE,1029 EAST 213 STREET,01 ONE FAMILY DWELLINGS
us-nyc,United States,New York,USD,10000.0,183.94794,2025-06-30,nyc_dof_rolling_sales,183.94794,,,,1945,,,01 ONE FAMILY DWELLINGS,WILLIAMSBRIDGE,1050 EAST 214 STREET,01 ONE FAMILY DWELLINGS
us-nyc,United States,New York,USD,630000.0,170.94152,2025-08-08,nyc_dof_rolling_sales,170.94152,,,,1950,,,01 ONE FAMILY DWELLINGS,WILLIAMSBRIDGE,1050 216 STREET,01 ONE FAMILY DWELLINGS
us-nyc,United States,New York,USD,550000.0,120.402288,2025-03-07,nyc_dof_rolling_sales,120.402288,,,,1955,,,01 ONE FAMILY DWELLINGS,WILLIAMSBRIDGE,1047 EAST 218 STREET,01 ONE FAMILY DWELLINGS
us-nyc,United States,New York,USD,465629.0,165.553146,2025-04-04,nyc_dof_rolling_sales,165.553146,,,,1955,,,01 ONE FAMILY DWELLINGS,WILLIAMSBRIDGE,1037 EAST 219 STREET,01 ONE FAMILY DWELLINGS
us-nyc,United States,New York,USD,560000.0,165.553146,2025-07-03,nyc_dof_rolling_sales,165.553146,,,,1955,,,01 ONE FAMILY DWELLINGS,WILLIAMSBRIDGE,3807 LACONIA AVENUE,01 ONE FAMILY DWELLINGS
us-nyc,United States,New York,USD,700000.0,165.553146,2025-08-04,nyc_dof_rolling_sales,165.553146,,,,1955,,,01 ONE FAMILY DWELLINGS,WILLIAMSBRIDGE,1049 EAST 219 STREET,01 ONE FAMILY DWELLINGS
us-nyc,United States,New York,USD,425000.0,151.989308,2025-08-05,nyc_dof_rolling_sales,151.989308,,,,1925,,,01 ONE FAMILY DWELLINGS,WILLIAMSBRIDGE,650 223RD STREET,01 ONE FAMILY DWELLINGS
us-nyc,United States,New York,USD,700000.0,169.08346,2025-11-07,nyc_dof_rolling_sales,169.08346,,,,1960,,,01 ONE FAMILY DWELLINGS,WILLIAMSBRIDGE,3978 CARPENTER AVE,01 ONE FAMILY DWELLINGS
us-nyc,United States,New York,USD,430000.0,155.519622,2025-08-29,nyc_dof_rolling_sales,155.519622,,,,1920,,,01 ONE FAMILY DWELLINGS,WILLIAMSBRIDGE,661 EAST 228 STREET,01 ONE FAMILY DWELLINGS
us-nyc,United States,New York,USD,575000.0,167.968624,2025-05-15,nyc_dof_rolling_sales,167.968624,,,,1910,,,01 ONE FAMILY DWELLINGS,WILLIAMSBRIDGE,662 EAST 231 STREET,01 ONE FAMILY DWELLINGS
us-nyc,United States,New York,USD,760000.0,138.982888,2025-03-24,nyc_dof_rolling_sales,138.982888,,,,1925,,,01 ONE FAMILY DWELLINGS,WILLIAMSBRIDGE,765 EAST 224 STREET,01 ONE FAMILY DWELLINGS
us-nyc,United States,New York,USD,425000.0,171.684744,2025-06-30,nyc_dof_rolling_sales,171.684744,,,,1901,,,01 ONE FAMILY DWELLINGS,WILLIAMSBRIDGE,744 EAST 227 STREET,01 ONE FAMILY DWELLINGS
us-nyc,United States,New York,USD,152100.0,117.05778,2025-02-14,nyc_dof_rolling_sales,117.05778,,,,1955,,,01 ONE FAMILY DWELLINGS,WILLIAMSBRIDGE,725 EAST 230TH STREET,01 ONE FAMILY DWELLINGS
us-nyc,United States,New York,USD,600000.0,164.43831,2025-09-24,nyc_dof_rolling_sales,164.43831,,,,1925,,,01 ONE FAMILY DWELLINGS,WILLIAMSBRIDGE,722 EAST 231 STREET,01 ONE FAMILY DWELLINGS
us-nyc,United States,New York,USD,1000.0,157.00607,2025-06-30,nyc_dof_rolling_sales,157.00607,,,,1955,,,01 ONE FAMILY DWELLINGS,WILLIAMSBRIDGE,832 E 223RD STREET,01 ONE FAMILY DWELLINGS
us-nyc,United States,New York,USD,475000.0,180.603432,2025-10-09,nyc_dof_rolling_sales,180.603432,,,,1945,,,01 ONE FAMILY DWELLINGS,WILLIAMSBRIDGE,836 EAST 229 STREET,01 ONE FAMILY DWELLINGS
us-nyc,United States,New York,USD,515000.0,150.50286,2025-01-16,nyc_dof_rolling_sales,150.50286,,,,1940,,,01 ONE FAMILY DWELLINGS,WILLIAMSBRIDGE,827 EAST 228 STREET,01 ONE FAMILY DWELLINGS
us-nyc,United States,New York,USD,555000.0,137.960955,2025-09-26,nyc_dof_rolling_sales,137.960955,,,,1955,,,01 ONE FAMILY DWELLINGS,WILLIAMSBRIDGE,4069 PAULDING AVENUE,01 ONE FAMILY DWELLINGS
us-nyc,United States,New York,USD,698000.0,147.158352,2025-08-04,nyc_dof_rolling_sales,147.158352,,,,1955,,,01 ONE FAMILY DWELLINGS,WILLIAMSBRIDGE,967 E. 228TH STREET,01 ONE FAMILY DWELLINGS
us-nyc,United States,New York,USD,700000.0,176.794409,2025-04-29,nyc_dof_rolling_sales,176.794409,,,,1940,,,01 ONE FAMILY DWELLINGS,WILLIAMSBRIDGE,948 EAST 230TH STREET,01 ONE FAMILY DWELLINGS
us-nyc,United States,New York,USD,240000.0,172.056356,2025-06-27,nyc_dof_rolling_sales,172.056356,,,,1955,,,01 ONE FAMILY DWELLINGS,WILLIAMSBRIDGE,904 EAST 232 STREET,01 ONE FAMILY DWELLINGS
us-nyc,United States,New York,USD,550000.0,185.806,2025-03-22,nyc_dof_rolling_sales,185.806,,,,1928,,,01 ONE FAMILY DWELLINGS,WILLIAMSBRIDGE,1034 EAST 226 STREET,01 ONE FAMILY DWELLINGS
us-nyc,United States,New York,USD,680000.0,124.861632,2025-01-07,nyc_dof_rolling_sales,124.861632,,,,1925,,,01 ONE FAMILY DWELLINGS,WILLIAMSBRIDGE,1015 EAST 227 STREET,01 ONE FAMILY DWELLINGS
us-nyc,United States,New York,USD,645000.0,128.856461,2025-01-17,nyc_dof_rolling_sales,128.856461,,,,1925,,,01 ONE FAMILY DWELLINGS,WILLIAMSBRIDGE,1013 EAST 227 STREET,01 ONE FAMILY DWELLINGS
us-nyc,United States,New York,USD,599000.0,120.216482,2025-05-06,nyc_dof_rolling_sales,120.216482,,,,1935,,,01 ONE FAMILY DWELLINGS,WILLIAMSBRIDGE,4024 PAULDING AVENUE,01 ONE FAMILY DWELLINGS
us-nyc,United States,New York,USD,475000.0,129.320976,2025-03-31,nyc_dof_rolling_sales,129.320976,,,,1935,,,01 ONE FAMILY DWELLINGS,WILLIAMSBRIDGE,1018 E. 229TH STREET,01 ONE FAMILY DWELLINGS
us-nyc,United States,New York,USD,1.0,96.990732,2025-08-23,nyc_dof_rolling_sales,96.990732,,,,1935,,,01 ONE FAMILY DWELLINGS,WILLIAMSBRIDGE,1050 EAST 229 STREET,01 ONE FAMILY DWELLINGS
us-nyc,United States,New York,USD,10.0,129.320976,2025-05-06,nyc_dof_rolling_sales,129.320976,,,,1950,,,01 ONE FAMILY DWELLINGS,WILLIAMSBRIDGE,1021A EAST 229TH STREET,01 ONE FAMILY DWELLINGS
us-nyc,United States,New York,USD,545000.0,110.368764,2025-01-16,nyc_dof_rolling_sales,110.368764,,,,1950,,,01 ONE FAMILY DWELLINGS,WILLIAMSBRIDGE,1043 EAST 230 STREET,01 ONE FAMILY DWELLINGS
us-nyc,United States,New York,USD,795000.0,85.284954,2025-07-21,nyc_dof_rolling_sales,85.284954,,,,1935,,,01 ONE FAMILY DWELLINGS,WILLIAMSBRIDGE,1029 EAST 230TH STREET,01 ONE FAMILY DWELLINGS
us-nyc,United States,New York,USD,440000.0,101.078464,2025-01-29,nyc_dof_rolling_sales,101.078464,,,,1925,,,01 ONE FAMILY DWELLINGS,WILLIAMSBRIDGE,4163 LACONIA AVENUE,01 ONE FAMILY DWELLINGS
us-nyc,United States,New York,USD,699500.0,101.078464,2025-09-29,nyc_dof_rolling_sales,101.078464,,,,1925,,,01 ONE FAMILY DWELLINGS,WILLIAMSBRIDGE,4163 LACONIA AVENUE,01 ONE FAMILY DWELLINGS
us-nyc,United States,New York,USD,350000.0,117.05778,2025-03-26,nyc_dof_rolling_sales,117.05778,,,,1945,,,01 ONE FAMILY DWELLINGS,WILLIAMSBRIDGE,4027 GUNTHER AVENUE,01 ONE FAMILY DWELLINGS
us-nyc,United States,New York,USD,750000.0,117.05778,2025-10-17,nyc_dof_rolling_sales,117.05778,,,,1945,,,01 ONE FAMILY DWELLINGS,WILLIAMSBRIDGE,4027 GUNTHER AVENUE,01 ONE FAMILY DWELLINGS
us-nyc,United States,New York,USD,775000.0,297.475406,2025-07-02,nyc_dof_rolling_sales,297.475406,,,,1968,,,02 TWO FAMILY DWELLINGS,WILLIAMSBRIDGE,3652 OLINVILLE AVE,02 TWO FAMILY DWELLINGS
us-nyc,United States,New York,USD,645000.0,270.905148,2025-08-08,nyc_dof_rolling_sales,270.905148,,,,1920,,,02 TWO FAMILY DWELLINGS,WILLIAMSBRIDGE,648 EAST 219TH STREET,02 TWO FAMILY DWELLINGS
us-nyc,United States,New York,USD,830000.0,350.801728,2025-07-22,nyc_dof_rolling_sales,350.801728,,,,1915,,,02 TWO FAMILY DWELLINGS,WILLIAMSBRIDGE,3737 WHITE PLAINS ROAD,02 TWO FAMILY DWELLINGS
us-nyc,United States,New York,USD,900000.0,232.2575,2025-08-08,nyc_dof_rolling_sales,232.2575,,,,1955,,,02 TWO FAMILY DWELLINGS,WILLIAMSBRIDGE,710 EAST 213TH STREET,02 TWO FAMILY DWELLINGS
us-nyc,United States,New York,USD,1040000.0,289.85735999999997,2025-04-29,nyc_dof_rolling_sales,289.85735999999997,,,,1975,,,02 TWO FAMILY DWELLINGS,WILLIAMSBRIDGE,709 EAST 213 STREET,02 TWO FAMILY DWELLINGS
us-nyc,United States,New York,USD,850000.0,267.746446,2025-07-23,nyc_dof_rolling_sales,267.746446,,,,1915,,,02 TWO FAMILY DWELLINGS,WILLIAMSBRIDGE,747 EAST 215 STREET,02 TWO FAMILY DWELLINGS
us-nyc,United States,New York,USD,330000.0,213.305288,2025-09-11,nyc_dof_rolling_sales,213.305288,,,,1920,,,02 TWO FAMILY DWELLINGS,WILLIAMSBRIDGE,746 EAST 217TH STREET,02 TWO FAMILY DWELLINGS
us-nyc,United States,New York,USD,533500.0,200.205965,2025-04-04,nyc_dof_rolling_sales,200.205965,,,,1950,,,02 TWO FAMILY DWELLINGS,WILLIAMSBRIDGE,3745 BARNES AVENUE,02 TWO FAMILY DWELLINGS
us-nyc,United States,New York,USD,980000.0,200.205965,2025-08-15,nyc_dof_rolling_sales,200.205965,,,,1950,,,02 TWO FAMILY DWELLINGS,WILLIAMSBRIDGE,3739 BARNES AVENUE,02 TWO FAMILY DWELLINGS
us-nyc,United States,New York,USD,610000.0,281.681896,2025-05-30,nyc_dof_rolling_sales,281.681896,,,,1960,,,02 TWO FAMILY DWELLINGS,WILLIAMSBRIDGE,738 E 222ND ST,02 TWO FAMILY DWELLINGS
us-nyc,United States,New York,USD,1080000.0,281.681896,2025-11-13,nyc_dof_rolling_sales,281.681896,,,,1960,,,02 TWO FAMILY DWELLINGS,WILLIAMSBRIDGE,738 EAST 222 STREET,02 TWO FAMILY DWELLINGS
us-nyc,United States,New York,USD,507000.0,186.73503,2025-02-12,nyc_dof_rolling_sales,186.73503,,,,1925,,,02 TWO FAMILY DWELLINGS,WILLIAMSBRIDGE,3668 BARNES AVENUE,02 TWO FAMILY DWELLINGS
us-nyc,United States,New York,USD,765000.0,329.99145599999997,2025-09-17,nyc_dof_rolling_sales,329.99145599999997,,,,1899,,,02 TWO FAMILY DWELLINGS,WILLIAMSBRIDGE,3670 BARNES AVENUE,02 TWO FAMILY DWELLINGS
us-nyc,United States,New York,USD,885000.0,197.41887499999999,2025-07-22,nyc_dof_rolling_sales,197.41887499999999,,,,1950,,,02 TWO FAMILY DWELLINGS,WILLIAMSBRIDGE,872 EAST 216 STREET,02 TWO FAMILY DWELLINGS
us-nyc,United States,New York,USD,725000.0,232.2575,2025-10-22,nyc_dof_rolling_sales,232.2575,,,,1950,,,02 TWO FAMILY DWELLINGS,WILLIAMSBRIDGE,841 EAST 216 STREET,02 TWO FAMILY DWELLINGS
us-nyc,United States,New York,USD,955000.0,330.73468,2025-07-01,nyc_dof_rolling_sales,330.73468,,,,1925,,,02 TWO FAMILY DWELLINGS,WILLIAMSBRIDGE,862 EAST 217TH STREET,02 TWO FAMILY DWELLINGS
us-nyc,United States,New York,USD,550000.0,238.574904,2025-05-21,nyc_dof_rolling_sales,238.574904,,,,1910,,,02 TWO FAMILY DWELLINGS,WILLIAMSBRIDGE,835 EAST 217TH STREET,02 TWO FAMILY DWELLINGS
us-nyc,United States,New York,USD,980000.0,220.18010999999998,2025-01-30,nyc_dof_rolling_sales,220.18010999999998,,,,1930,,,02 TWO FAMILY DWELLINGS,WILLIAMSBRIDGE,847 EAST 221 STREET,02 TWO FAMILY DWELLINGS
us-nyc,United States,New York,USD,765000.0,208.195623,2025-10-07,nyc_dof_rolling_sales,208.195623,,,,1920,,,02 TWO FAMILY DWELLINGS,WILLIAMSBRIDGE,943 EAST 213 STREET,02 TWO FAMILY DWELLINGS
us-nyc,United States,New York,USD,800000.0,267.56064,2025-06-24,nyc_dof_rolling_sales,267.56064,,,,1970,,,02 TWO FAMILY DWELLINGS,WILLIAMSBRIDGE,932 EAST 214 STREET,02 TWO FAMILY DWELLINGS
us-nyc,United States,New York,USD,787500.0,237.738777,2025-03-17,nyc_dof_rolling_sales,237.738777,,,,1920,,,02 TWO FAMILY DWELLINGS,WILLIAMSBRIDGE,929 E 213TH,02 TWO FAMILY DWELLINGS
us-nyc,United States,New York,USD,1.0,287.906397,2025-05-03,nyc_dof_rolling_sales,287.906397,,,,1960,,,02 TWO FAMILY DWELLINGS,WILLIAMSBRIDGE,956 EAST 215 STREET,02 TWO FAMILY DWELLINGS
us-nyc,United States,New York,USD,10.0,215.53496,2025-03-12,nyc_dof_rolling_sales,215.53496,,,,1910,,,02 TWO FAMILY DWELLINGS,WILLIAMSBRIDGE,920 EAST 216TH STREET,02 TWO FAMILY DWELLINGS
us-nyc,United States,New York,USD,10.0,207.359496,2025-03-12,nyc_dof_rolling_sales,207.359496,,,,1901,,,02 TWO FAMILY DWELLINGS,WILLIAMSBRIDGE,929 EAST 216TH STREET,02 TWO FAMILY DWELLINGS
us-nyc,United States,New York,USD,800000.0,197.41887499999999,2025-09-29,nyc_dof_rolling_sales,197.41887499999999,,,,1950,,,02 TWO FAMILY DWELLINGS,WILLIAMSBRIDGE,904 EAST 218 STREET,02 TWO FAMILY DWELLINGS
us-nyc,United States,New York,USD,999999.0,254.647123,2025-03-27,nyc_dof_rolling_sales,254.647123,,,,2015,,,02 TWO FAMILY DWELLINGS,WILLIAMSBRIDGE,3733 PAULDING AVE,02 TWO FAMILY DWELLINGS
us-nyc,United States,New York,USD,600000.0,187.478254,2025-03-05,nyc_dof_rolling_sales,187.478254,,,,1950,,,02 TWO FAMILY DWELLINGS,WILLIAMSBRIDGE,3766 BRONXWOOD AVE,02 TWO FAMILY DWELLINGS
us-nyc,United States,New York,USD,678800.0,108.139092,2025-04-21,nyc_dof_rolling_sales,108.139092,,,,1935,,,02 TWO FAMILY DWELLINGS,WILLIAMSBRIDGE,922 E 221ST STREET,02 TWO FAMILY DWELLINGS
us-nyc,United States,New York,USD,399000.0,123.375184,2025-06-13,nyc_dof_rolling_sales,123.375184,,,,1935,,,02 TWO FAMILY DWELLINGS,WILLIAMSBRIDGE,962 EAST 221ST STREET,02 TWO FAMILY DWELLINGS
us-nyc,United States,New York,USD,945000.0,214.977542,2025-02-28,nyc_dof_rolling_sales,214.977542,,,,2004,,,02 TWO FAMILY DWELLINGS,WILLIAMSBRIDGE,1032 EAST 212 STREET,02 TWO FAMILY DWELLINGS
us-nyc,United States,New York,USD,935000.0,178.37376,2025-01-28,nyc_dof_rolling_sales,178.37376,,,,1960,,,02 TWO FAMILY DWELLINGS,WILLIAMSBRIDGE,1014 EAST 213 STREET,02 TWO FAMILY DWELLINGS
us-nyc,United States,New York,USD,800000.0,178.37376,2025-05-28,nyc_dof_rolling_sales,178.37376,,,,1960,,,02 TWO FAMILY DWELLINGS,WILLIAMSBRIDGE,1026 EAST 213TH STREET,02 TWO FAMILY DWELLINGS
us-nyc,United States,New York,USD,515717.0,173.356998,2025-07-08,nyc_dof_rolling_sales,173.356998,,,,1899,,,02 TWO FAMILY DWELLINGS,WILLIAMSBRIDGE,1035 EAST 214 STREET,02 TWO FAMILY DWELLINGS
us-nyc,United States,New York,USD,650000.0,195.653718,2025-09-12,nyc_dof_rolling_sales,195.653718,,,,2005,,,02 TWO FAMILY DWELLINGS,WILLIAMSBRIDGE,1056 EAST 215TH STREET,02 TWO FAMILY DWELLINGS
us-nyc,United States,New York,USD,950000.0,188.964702,2025-05-30,nyc_dof_rolling_sales,188.964702,,,,1945,,,02 TWO FAMILY DWELLINGS,WILLIAMSBRIDGE,1031 EAST 215 STREET,02 TWO FAMILY DWELLINGS
us-nyc,United States,New York,USD,585000.0,127.091304,2025-08-21,nyc_dof_rolling_sales,127.091304,,,,1901,,,02 TWO FAMILY DWELLINGS,WILLIAMSBRIDGE,1011 EAST 216TH STREET,02 TWO FAMILY DWELLINGS
us-nyc,United States,New York,USD,750000.0,198.81242,2025-02-06,nyc_dof_rolling_sales,198.81242,,,,1955,,,02 TWO FAMILY DWELLINGS,WILLIAMSBRIDGE,1049 217TH STREET,02 TWO FAMILY DWELLINGS
us-nyc,United States,New York,USD,850000.0,197.41887499999999,2025-04-11,nyc_dof_rolling_sales,197.41887499999999,,,,1955,,,02 TWO FAMILY DWELLINGS,WILLIAMSBRIDGE,1027 EAST 218 STREET,02 TWO FAMILY DWELLINGS
us-nyc,United States,New York,USD,820000.0,197.41887499999999,2025-03-12,nyc_dof_rolling_sales,197.41887499999999,,,,1955,,,02 TWO FAMILY DWELLINGS,WILLIAMSBRIDGE,1017 EAST 218TH STREET,02 TWO FAMILY DWELLINGS
us-nyc,United States,New York,USD,350000.0,335.565636,2025-06-12,nyc_dof_rolling_sales,335.565636,,,,1930,,,02 TWO FAMILY DWELLINGS,WILLIAMSBRIDGE,3943 CARPENTER AVENUE,02 TWO FAMILY DWELLINGS
us-nyc,United States,New York,USD,425880.0,134.523544,2025-03-18,nyc_dof_rolling_sales,134.523544,,,,1925,,,02 TWO FAMILY DWELLINGS,WILLIAMSBRIDGE,622 EAST 223 STREET,02 TWO FAMILY DWELLINGS
us-nyc,United States,New York,USD,960000.0,173.542804,2025-10-30,nyc_dof_rolling_sales,173.542804,,,,1910,,,02 TWO FAMILY DWELLINGS,WILLIAMSBRIDGE,648 EAST 224 STREET,02 TWO FAMILY DWELLINGS
us-nyc,United States,New York,USD,820000.0,217.39302,2025-01-15,nyc_dof_rolling_sales,217.39302,,,,1910,,,02 TWO FAMILY DWELLINGS,WILLIAMSBRIDGE,671 EAST 224TH STREET,02 TWO FAMILY DWELLINGS
us-nyc,United States,New York,USD,655000.0,218.136244,2025-05-01,nyc_dof_rolling_sales,218.136244,,,,1899,,,02 TWO FAMILY DWELLINGS,WILLIAMSBRIDGE,646 EAST 228TH STREE,02 TWO FAMILY DWELLINGS
us-nyc,United States,New York,USD,1090000.0,229.934925,2025-11-26,nyc_dof_rolling_sales,229.934925,,,,1901,,,02 TWO FAMILY DWELLINGS,WILLIAMSBRIDGE,630 EAST 230TH STREET,02 TWO FAMILY DWELLINGS
us-nyc,United States,New York,USD,875500.0,184.319552,2025-07-31,nyc_dof_rolling_sales,184.319552,,,,,,,02 TWO FAMILY DWELLINGS,WILLIAMSBRIDGE,753 E 222ND STREET,02 TWO FAMILY DWELLINGS
us-nyc,United States,New York,USD,815000.0,173.821513,2025-03-31,nyc_dof_rolling_sales,173.821513,,,,2007,,,02 TWO FAMILY DWELLINGS,WILLIAMSBRIDGE,737 EAST 222 STREET,02 TWO FAMILY DWELLINGS
us-nyc,United States,New York,USD,790000.0,204.3866,2025-07-17,nyc_dof_rolling_sales,204.3866,,,,1925,,,02 TWO FAMILY DWELLINGS,WILLIAMSBRIDGE,771 EAST 223 STREET,02 TWO FAMILY DWELLINGS
us-nyc,United States,New York,USD,494600.0,242.012315,2025-04-10,nyc_dof_rolling_sales,242.012315,,,,2006,,,02 TWO FAMILY DWELLINGS,WILLIAMSBRIDGE,729 EAST 223RD STREET,02 TWO FAMILY DWELLINGS
us-nyc,United States,New York,USD,957445.0,211.81884,2025-09-26,nyc_dof_rolling_sales,211.81884,,,,1925,,,02 TWO FAMILY DWELLINGS,WILLIAMSBRIDGE,746 EAST 224 ST,02 TWO FAMILY DWELLINGS
us-nyc,United States,New York,USD,550000.0,153.847368,2025-08-25,nyc_dof_rolling_sales,153.847368,,,,1901,,,02 TWO FAMILY DWELLINGS,WILLIAMSBRIDGE,741 EAST 227 STREET,02 TWO FAMILY DWELLINGS
us-nyc,United States,New York,USD,10.0,174.65764,2025-05-14,nyc_dof_rolling_sales,174.65764,,,,1950,,,02 TWO FAMILY DWELLINGS,WILLIAMSBRIDGE,737 EAST 228TH STREET,02 TWO FAMILY DWELLINGS
us-nyc,United States,New York,USD,10.0,164.624116,2025-05-20,nyc_dof_rolling_sales,164.624116,,,,1910,,,02 TWO FAMILY DWELLINGS,WILLIAMSBRIDGE,744 EAST 229 STREET,02 TWO FAMILY DWELLINGS
us-nyc,United States,New York,USD,505000.0,183.94794,2025-01-30,nyc_dof_rolling_sales,183.94794,,,,1955,,,02 TWO FAMILY DWELLINGS,WILLIAMSBRIDGE,723 EAST 230 STREET,02 TWO FAMILY DWELLINGS
us-nyc,United States,New York,USD,850000.0,167.2254,2025-12-08,nyc_dof_rolling_sales,167.2254,,,,1930,,,02 TWO FAMILY DWELLINGS,WILLIAMSBRIDGE,720 EAST 231 STREET,02 TWO FAMILY DWELLINGS
us-nyc,United States,New York,USD,10.0,130.435812,2025-10-31,nyc_dof_rolling_sales,130.435812,,,,1955,,,02 TWO FAMILY DWELLINGS,WILLIAMSBRIDGE,764 EAST 231 STREET,02 TWO FAMILY DWELLINGS
us-nyc,United States,New York,USD,257500.0,192.959531,2025-06-10,nyc_dof_rolling_sales,192.959531,,,,1925,,,02 TWO FAMILY DWELLINGS,WILLIAMSBRIDGE,869 EAST 224TH STREET,02 TWO FAMILY DWELLINGS
us-nyc,United States,New York,USD,505000.0,155.705428,2025-05-21,nyc_dof_rolling_sales,155.705428,,,,1920,,,02 TWO FAMILY DWELLINGS,WILLIAMSBRIDGE,810 EAST 227 STREET,02 TWO FAMILY DWELLINGS
us-nyc,United States,New York,USD,495000.0,206.616272,2025-05-29,nyc_dof_rolling_sales,206.616272,,,,1910,,,02 TWO FAMILY DWELLINGS,WILLIAMSBRIDGE,822 EAST 229 STREET,02 TWO FAMILY DWELLINGS
us-nyc,United States,New York,USD,725000.0,113.713272,2025-02-14,nyc_dof_rolling_sales,113.713272,,,,1915,,,02 TWO FAMILY DWELLINGS,WILLIAMSBRIDGE,829 EAST 229TH STREET,02 TWO FAMILY DWELLINGS
us-nyc,United States,New York,USD,687940.0,150.874472,2025-11-17,nyc_dof_rolling_sales,150.874472,,,,1965,,,02 TWO FAMILY DWELLINGS,WILLIAMSBRIDGE,850 EAST 231ST,02 TWO FAMILY DWELLINGS
us-nyc,United States,New York,USD,820000.0,226.68332,2025-04-10,nyc_dof_rolling_sales,226.68332,,,,1925,,,02 TWO FAMILY DWELLINGS,WILLIAMSBRIDGE,943 EAST 223 STREET,02 TWO FAMILY DWELLINGS
us-nyc,United States,New York,USD,814000.0,157.00607,2025-09-04,nyc_dof_rolling_sales,157.00607,,,,1960,,,02 TWO FAMILY DWELLINGS,WILLIAMSBRIDGE,932 EAST 225TH STREET,02 TWO FAMILY DWELLINGS
us-nyc,United States,New York,USD,735000.0,169.455072,2025-08-11,nyc_dof_rolling_sales,169.455072,,,,1950,,,02 TWO FAMILY DWELLINGS,WILLIAMSBRIDGE,927 EAST 227 STREET,02 TWO FAMILY DWELLINGS
us-nyc,United States,New York,USD,850000.0,253.62519,2025-12-19,nyc_dof_rolling_sales,253.62519,,,,1960,,,02 TWO FAMILY DWELLINGS,WILLIAMSBRIDGE,947 EAST 229 STREET,02 TWO FAMILY DWELLINGS
us-nyc,United States,New York,USD,359000.0,103.12233,2025-08-05,nyc_dof_rolling_sales,103.12233,,,,1925,,,02 TWO FAMILY DWELLINGS,WILLIAMSBRIDGE,957 EAST 231 STREET,02 TWO FAMILY DWELLINGS
us-nyc,United States,New York,USD,850000.0,197.41887499999999,2025-01-06,nyc_dof_rolling_sales,197.41887499999999,,,,1955,,,02 TWO FAMILY DWELLINGS,WILLIAMSBRIDGE,1027 EAST 222 STREET,02 TWO FAMILY DWELLINGS
us-nyc,United States,New York,USD,825000.0,197.41887499999999,2025-07-15,nyc_dof_rolling_sales,197.41887499999999,,,,1955,,,02 TWO FAMILY DWELLINGS,WILLIAMSBRIDGE,1019 EAST 222ND STREET,02 TWO FAMILY DWELLINGS
us-nyc,United States,New York,USD,999999.0,197.41887499999999,2025-07-07,nyc_dof_rolling_sales,197.41887499999999,,,,1960,,,02 TWO FAMILY DWELLINGS,WILLIAMSBRIDGE,1047 E 223RD ST,02 TWO FAMILY DWELLINGS
us-nyc,United States,New York,USD,560000.0,197.41887499999999,2025-03-21,nyc_dof_rolling_sales,197.41887499999999,,,,1960,,,02 TWO FAMILY DWELLINGS,WILLIAMSBRIDGE,1047 EAST 223 STREET,02 TWO FAMILY DWELLINGS
us-nyc,United States,New York,USD,857142.0,201.227898,2025-01-14,nyc_dof_rolling_sales,201.227898,,,,1993,,,02 TWO FAMILY DWELLINGS,WILLIAMSBRIDGE,1023 EAST 224TH STREET,02 TWO FAMILY DWELLINGS
us-nyc,United States,New York,USD,687319.0,237.83168,2025-07-25,nyc_dof_rolling_sales,237.83168,,,,1955,,,02 TWO FAMILY DWELLINGS,WILLIAMSBRIDGE,1060 EAST 228 STREET,02 TWO FAMILY DWELLINGS
us-nyc,United States,New York,USD,430500.0,142.14159,2025-08-13,nyc_dof_rolling_sales,142.14159,,,,1935,,,02 TWO FAMILY DWELLINGS,WILLIAMSBRIDGE,1045 EAST 228TH STREET,02 TWO FAMILY DWELLINGS
us-nyc,United States,New York,USD,475000.0,156.07704,2025-01-16,nyc_dof_rolling_sales,156.07704,,,,1965,,,02 TWO FAMILY DWELLINGS,WILLIAMSBRIDGE,1040 EAST 233 STREET,02 TWO FAMILY DWELLINGS
us-nyc,United States,New York,USD,915000.0,156.07704,2025-05-22,nyc_dof_rolling_sales,156.07704,,,,1965,,,02 TWO FAMILY DWELLINGS,WILLIAMSBRIDGE,1040 EAST 233 STREET,02 TWO FAMILY DWELLINGS
us-nyc,United States,New York,USD,610000.0,198.440808,2025-02-12,nyc_dof_rolling_sales,198.440808,,,,1910,,,02 TWO FAMILY DWELLINGS,WILLIAMSBRIDGE,4015 GUNTHER AVENUE,02 TWO FAMILY DWELLINGS
us-nyc,United States,New York,USD,900000.0,301.00572,2025-05-05,nyc_dof_rolling_sales,301.00572,,,,1935,,,03 THREE FAMILY DWELLINGS,WILLIAMSBRIDGE,3535 WILLETT AVENUE,03 THREE FAMILY DWELLINGS
us-nyc,United States,New York,USD,1007000.0,262.543878,2025-05-14,nyc_dof_rolling_sales,262.543878,,,,1910,,,03 THREE FAMILY DWELLINGS,WILLIAMSBRIDGE,3641 OLINVILLE AVE,03 THREE FAMILY DWELLINGS
us-nyc,United States,New York,USD,985000.0,351.266243,2025-09-11,nyc_dof_rolling_sales,351.266243,,,,2002,,,03 THREE FAMILY DWELLINGS,WILLIAMSBRIDGE,3754 WILLETT AVENUE,03 THREE FAMILY DWELLINGS
us-nyc,United States,New York,USD,975000.0,472.969173,2025-06-17,nyc_dof_rolling_sales,472.969173,,,,1965,,,03 THREE FAMILY DWELLINGS,WILLIAMSBRIDGE,3854 CARPENTER AVENUE,03 THREE FAMILY DWELLINGS
us-nyc,United States,New York,USD,1015000.0,285.769628,2025-06-24,nyc_dof_rolling_sales,285.769628,,,,1960,,,03 THREE FAMILY DWELLINGS,WILLIAMSBRIDGE,3562 CARLISLE PL,03 THREE FAMILY DWELLINGS
us-nyc,United States,New York,USD,995000.0,241.640703,2025-03-25,nyc_dof_rolling_sales,241.640703,,,,2005,,,03 THREE FAMILY DWELLINGS,WILLIAMSBRIDGE,723 EAST 216TH STREET,03 THREE FAMILY DWELLINGS
us-nyc,United States,New York,USD,793217.0,234.11556,2025-03-03,nyc_dof_rolling_sales,234.11556,,,,1920,,,03 THREE FAMILY DWELLINGS,WILLIAMSBRIDGE,815 EAST 213 STREET,03 THREE FAMILY DWELLINGS
us-nyc,United States,New York,USD,1485000.0,369.289425,2025-02-21,nyc_dof_rolling_sales,369.289425,,,,2009,,,03 THREE FAMILY DWELLINGS,WILLIAMSBRIDGE,834 E. 214TH ST.,03 THREE FAMILY DWELLINGS
us-nyc,United States,New York,USD,800000.0,286.234143,2025-07-23,nyc_dof_rolling_sales,286.234143,,,,2007,,,03 THREE FAMILY DWELLINGS,WILLIAMSBRIDGE,3756 BARNES AVENUE,03 THREE FAMILY DWELLINGS
us-nyc,United States,New York,USD,760688.0,349.779795,2025-09-30,nyc_dof_rolling_sales,349.779795,,,,2007,,,03 THREE FAMILY DWELLINGS,WILLIAMSBRIDGE,823 EAST 218TH STREET,03 THREE FAMILY DWELLINGS
us-nyc,United States,New York,USD,1265000.0,338.631435,2025-05-13,nyc_dof_rolling_sales,338.631435,,,,2004,,,03 THREE FAMILY DWELLINGS,WILLIAMSBRIDGE,850 EAST 221 STREET,03 THREE FAMILY DWELLINGS
us-nyc,United States,New York,USD,1250000.0,283.261247,2025-11-26,nyc_dof_rolling_sales,283.261247,,,,1925,,,03 THREE FAMILY DWELLINGS,WILLIAMSBRIDGE,3620 PAULDING AVENUE,03 THREE FAMILY DWELLINGS
us-nyc,United States,New York,USD,910000.0,321.815992,2025-05-08,nyc_dof_rolling_sales,321.815992,,,,1988,,,03 THREE FAMILY DWELLINGS,WILLIAMSBRIDGE,1043 EAST 215 STREET,03 THREE FAMILY DWELLINGS
us-nyc,United States,New York,USD,825000.0,255.29744399999998,2025-04-30,nyc_dof_rolling_sales,255.29744399999998,,,,1910,,,03 THREE FAMILY DWELLINGS,WILLIAMSBRIDGE,1021 EAST 215 STREET,03 THREE FAMILY DWELLINGS
us-nyc,United States,New York,USD,672983.0,179.674402,2025-11-19,nyc_dof_rolling_sales,179.674402,,,,1915,,,03 THREE FAMILY DWELLINGS,WILLIAMSBRIDGE,1019 EAST 217 STREET,03 THREE FAMILY DWELLINGS
us-nyc,United States,New York,USD,700000.0,224.453648,2025-10-16,nyc_dof_rolling_sales,224.453648,,,,1910,,,03 THREE FAMILY DWELLINGS,WILLIAMSBRIDGE,679 EAST 223 STREET,03 THREE FAMILY DWELLINGS
us-nyc,United States,New York,USD,975000.0,301.00572,2025-03-28,nyc_dof_rolling_sales,301.00572,,,,2006,,,03 THREE FAMILY DWELLINGS,WILLIAMSBRIDGE,675 EAST 231 STREET,03 THREE FAMILY DWELLINGS
us-nyc,United States,New York,USD,1120000.0,275.364492,2025-10-20,nyc_dof_rolling_sales,275.364492,,,,2003,,,03 THREE FAMILY DWELLINGS,WILLIAMSBRIDGE,768 EAST 230 STREET,03 THREE FAMILY DWELLINGS
us-nyc,United States,New York,USD,675000.0,213.6769,2025-05-20,nyc_dof_rolling_sales,213.6769,,,,1931,,,03 THREE FAMILY DWELLINGS,WILLIAMSBRIDGE,4113 BARNES AVENUE,03 THREE FAMILY DWELLINGS
us-nyc,United States,New York,USD,830000.0,341.88304,2025-04-08,nyc_dof_rolling_sales,341.88304,,,,1920,,,03 THREE FAMILY DWELLINGS,WILLIAMSBRIDGE,718 E 232ND ST,03 THREE FAMILY DWELLINGS
us-nyc,United States,New York,USD,1150000.0,292.64445,2025-08-18,nyc_dof_rolling_sales,292.64445,,,,1999,,,03 THREE FAMILY DWELLINGS,WILLIAMSBRIDGE,813 EAST 225TH STREET,03 THREE FAMILY DWELLINGS
us-nyc,United States,New York,USD,980000.0,342.626264,2025-03-31,nyc_dof_rolling_sales,342.626264,,,,1901,,,03 THREE FAMILY DWELLINGS,WILLIAMSBRIDGE,829 EAST 226TH STREET,03 THREE FAMILY DWELLINGS
us-nyc,United States,New York,USD,795000.0,274.06385,2025-02-21,nyc_dof_rolling_sales,274.06385,,,,1960,,,03 THREE FAMILY DWELLINGS,WILLIAMSBRIDGE,844 EAST 227TH STREET,03 THREE FAMILY DWELLINGS
us-nyc,United States,New York,USD,999000.0,216.649796,2025-07-01,nyc_dof_rolling_sales,216.649796,,,,1930,,,03 THREE FAMILY DWELLINGS,WILLIAMSBRIDGE,830 EAST 230 STREET,03 THREE FAMILY DWELLINGS
us-nyc,United States,New York,USD,650000.0,337.23789,2025-11-24,nyc_dof_rolling_sales,337.23789,,,,1925,,,03 THREE FAMILY DWELLINGS,WILLIAMSBRIDGE,961 EAST 224 STREET,03 THREE FAMILY DWELLINGS
us-nyc,United States,New York,USD,825000.0,226.68332,2025-04-30,nyc_dof_rolling_sales,226.68332,,,,1920,,,03 THREE FAMILY DWELLINGS,WILLIAMSBRIDGE,923 EAST 225 STREET,03 THREE FAMILY DWELLINGS
us-nyc,United States,New York,USD,1040000.0,201.227898,2025-10-31,nyc_dof_rolling_sales,201.227898,,,,1930,,,03 THREE FAMILY DWELLINGS,WILLIAMSBRIDGE,949 EAST 232 STREET,03 THREE FAMILY DWELLINGS
us-nyc,United States,New York,USD,456000.0,214.048512,2025-08-15,nyc_dof_rolling_sales,214.048512,,,,1940,,,03 THREE FAMILY DWELLINGS,WILLIAMSBRIDGE,1024 EAST 226 STREET,03 THREE FAMILY DWELLINGS
us-nyc,United States,New York,USD,910000.0,246.19295,2025-01-13,nyc_dof_rolling_sales,246.19295,,,,1975,,,03 THREE FAMILY DWELLINGS,WILLIAMSBRIDGE,1010 EAST 233 STREET,03 THREE FAMILY DWELLINGS
us-nyc,United States,New York,USD,2284000.0,551.379305,2025-03-26,nyc_dof_rolling_sales,551.379305,,,,1931,,,07 RENTALS - WALKUP APARTMENTS,WILLIAMSBRIDGE,644 EAST 219TH STREET,07 RENTALS - WALKUP APARTMENTS
us-nyc,United States,New York,USD,1295000.0,1211.826732,2025-11-13,nyc_dof_rolling_sales,1211.826732,,,,1907,,,07 RENTALS - WALKUP APARTMENTS,WILLIAMSBRIDGE,719 E 213TH STREET,07 RENTALS - WALKUP APARTMENTS
us-nyc,United States,New York,USD,1615000.0,462.842746,2025-02-21,nyc_dof_rolling_sales,462.842746,,,,1915,,,07 RENTALS - WALKUP APARTMENTS,WILLIAMSBRIDGE,836 E. 214TH ST,07 RENTALS - WALKUP APARTMENTS
us-nyc,United States,New York,USD,6976.0,764.59169,2025-04-30,nyc_dof_rolling_sales,764.59169,,,,1928,,,07 RENTALS - WALKUP APARTMENTS,WILLIAMSBRIDGE,827 EAST 218 STREET,07 RENTALS - WALKUP APARTMENTS
us-nyc,United States,New York,USD,2200000.0,450.115035,2025-03-28,nyc_dof_rolling_sales,450.115035,,,,1928,,,07 RENTALS - WALKUP APARTMENTS,WILLIAMSBRIDGE,3816 BARNES AVENUE,07 RENTALS - WALKUP APARTMENTS
us-nyc,United States,New York,USD,1200000.0,285.676725,2025-05-15,nyc_dof_rolling_sales,285.676725,,,,1926,,,07 RENTALS - WALKUP APARTMENTS,WILLIAMSBRIDGE,645 E. 222ND STREET,07 RENTALS - WALKUP APARTMENTS
us-nyc,United States,New York,USD,1200000.0,304.72184,2025-06-09,nyc_dof_rolling_sales,304.72184,,,,1929,,,07 RENTALS - WALKUP APARTMENTS,WILLIAMSBRIDGE,636 EAST 223 STREET,07 RENTALS - WALKUP APARTMENTS
us-nyc,United States,New York,USD,3498128.0,3947.44847,2025-03-27,nyc_dof_rolling_sales,3947.44847,,,,1928,,,07 RENTALS - WALKUP APARTMENTS,WILLIAMSBRIDGE,4002-4004 CARPENTER AVENUE,07 RENTALS - WALKUP APARTMENTS
us-nyc,United States,New York,USD,3741536.0,3970.67422,2025-03-27,nyc_dof_rolling_sales,3970.67422,,,,1928,,,07 RENTALS - WALKUP APARTMENTS,WILLIAMSBRIDGE,4014-4016 CARPENTER AVE,07 RENTALS - WALKUP APARTMENTS
us-nyc,United States,New York,USD,3811081.0,5021.221344,2025-03-27,nyc_dof_rolling_sales,5021.221344,,,,1929,,,07 RENTALS - WALKUP APARTMENTS,WILLIAMSBRIDGE,4128-4130 CARPENTER AVE,07 RENTALS - WALKUP APARTMENTS
us-nyc,United States,New York,USD,3665036.0,4949.314422,2025-03-27,nyc_dof_rolling_sales,4949.314422,,,,1929,,,07 RENTALS - WALKUP APARTMENTS,WILLIAMSBRIDGE,4138-4140 CARPENTER AVE,07 RENTALS - WALKUP APARTMENTS
us-nyc,United States,New York,USD,700000.0,487.74075,2025-08-15,nyc_dof_rolling_sales,487.74075,,,,1931,,,07 RENTALS - WALKUP APARTMENTS,WILLIAMSBRIDGE,683 EAST 231 STREET,07 RENTALS - WALKUP APARTMENTS
us-nyc,United States,New York,USD,475000.0,506.414253,2025-11-13,nyc_dof_rolling_sales,506.414253,,,,1931,,,07 RENTALS - WALKUP APARTMENTS,WILLIAMSBRIDGE,3940 BARNES AVENUE,07 RENTALS - WALKUP APARTMENTS
us-nyc,United States,New York,USD,1002446.0,506.414253,2025-07-30,nyc_dof_rolling_sales,506.414253,,,,1931,,,07 RENTALS - WALKUP APARTMENTS,WILLIAMSBRIDGE,3942 BARNES AVENUE,07 RENTALS - WALKUP APARTMENTS
us-nyc,United States,New York,USD,1460000.0,961.54605,2025-06-12,nyc_dof_rolling_sales,961.54605,,,,1930,,,07 RENTALS - WALKUP APARTMENTS,WILLIAMSBRIDGE,840 EAST 226 STREET,07 RENTALS - WALKUP APARTMENTS
us-nyc,United States,New York,USD,1050000.0,209.03175,2025-09-22,nyc_dof_rolling_sales,209.03175,,,,1931,,,07 RENTALS - WALKUP APARTMENTS,WILLIAMSBRIDGE,4021 PAULDING AVENUE,07 RENTALS - WALKUP APARTMENTS
us-nyc,United States,New York,USD,630000.0,522.579375,2025-11-13,nyc_dof_rolling_sales,522.579375,,,,1931,,,07 RENTALS - WALKUP APARTMENTS,WILLIAMSBRIDGE,4006 PAULDING AVENUE,07 RENTALS - WALKUP APARTMENTS
us-nyc,United States,New York,USD,630000.0,348.38625,2025-11-13,nyc_dof_rolling_sales,348.38625,,,,1931,,,07 RENTALS - WALKUP APARTMENTS,WILLIAMSBRIDGE,4008 PAULDING AVENUE,07 RENTALS - WALKUP APARTMENTS
us-nyc,United States,New York,USD,3484219.0,5002.269132,2025-03-27,nyc_dof_rolling_sales,5002.269132,,,,1929,,,08 RENTALS - ELEVATOR APARTMENTS,WILLIAMSBRIDGE,3830 BRONX BLVD,08 RENTALS - ELEVATOR APARTMENTS
us-nyc,United States,New York,USD,4325750.0,4457.207231,2025-05-16,nyc_dof_rolling_sales,4457.207231,,,,1933,,,08 RENTALS - ELEVATOR APARTMENTS,WILLIAMSBRIDGE,3920 BRONX BOULEVARD,08 RENTALS - ELEVATOR APARTMENTS
us-nyc,United States,New York,USD,4703620.0,4754.77554,2025-05-16,nyc_dof_rolling_sales,4754.77554,,,,1940,,,08 RENTALS - ELEVATOR APARTMENTS,WILLIAMSBRIDGE,655 EAST 230 STREET,08 RENTALS - ELEVATOR APARTMENTS
us-nyc,United States,New York,USD,180000.0,nan,2025-10-20,nyc_dof_rolling_sales,nan,,,,1962,,,10 COOPS - ELEVATOR APARTMENTS,WILLIAMSBRIDGE,"3531 BRONXWOOD AVENUE, STJ",10 COOPS - ELEVATOR APARTMENTS
us-nyc,United States,New York,USD,105000.0,nan,2025-03-12,nyc_dof_rolling_sales,nan,,,,1962,,,10 COOPS - ELEVATOR APARTMENTS,WILLIAMSBRIDGE,"814B TILDEN STREET, STC",10 COOPS - ELEVATOR APARTMENTS
us-nyc,United States,New York,USD,134000.0,nan,2025-01-16,nyc_dof_rolling_sales,nan,,,,1962,,,10 COOPS - ELEVATOR APARTMENTS,WILLIAMSBRIDGE,"836 TILDEN STREET, 6D",10 COOPS - ELEVATOR APARTMENTS
us-nyc,United States,New York,USD,190000.0,nan,2025-07-18,nyc_dof_rolling_sales,nan,,,,1957,,,10 COOPS - ELEVATOR APARTMENTS,WILLIAMSBRIDGE,"730 EAST 232ND STREET, 1F",10 COOPS - ELEVATOR APARTMENTS
us-nyc,United States,New York,USD,150000.0,nan,2025-06-18,nyc_dof_rolling_sales,nan,,,,1957,,,10 COOPS - ELEVATOR APARTMENTS,WILLIAMSBRIDGE,"730 EAST 232ND, 1C",10 COOPS - ELEVATOR APARTMENTS
us-nyc,United States,New York,USD,775000.0,323.766955,2025-09-05,nyc_dof_rolling_sales,323.766955,,,,1925,,,14 RENTALS - 4-10 UNIT,WILLIAMSBRIDGE,3927 BARNES AVENUE,14 RENTALS - 4-10 UNIT
us-nyc,United States,New York,USD,3720000.0,534.19225,2025-07-22,nyc_dof_rolling_sales,534.19225,,,,1927,,,22 STORE BUILDINGS,WILLIAMSBRIDGE,3743 WHITE PLAINS ROAD,22 STORE BUILDINGS
us-nyc,United States,New York,USD,8000000.0,929.03,2025-09-11,nyc_dof_rolling_sales,929.03,,,,1929,,,22 STORE BUILDINGS,WILLIAMSBRIDGE,3500 WHITE PLAINS ROAD,22 STORE BUILDINGS
us-nyc,United States,New York,USD,3000000.0,512.638754,2025-07-15,nyc_dof_rolling_sales,512.638754,,,,1925,,,22 STORE BUILDINGS,WILLIAMSBRIDGE,3600 WHITE PLAINS ROAD,22 STORE BUILDINGS
us-nyc,United States,New York,USD,879000.0,239.68974,2025-02-25,nyc_dof_rolling_sales,239.68974,,,,1930,,,22 STORE BUILDINGS,WILLIAMSBRIDGE,3975 WHITE PLAINS ROAD,22 STORE BUILDINGS
us-nyc,United States,New York,USD,1795000.0,575.9986,2025-01-28,nyc_dof_rolling_sales,575.9986,,,,1961,,,22 STORE BUILDINGS,WILLIAMSBRIDGE,4077 WHITE PLAINS ROAD,22 STORE BUILDINGS
us-nyc,United States,New York,USD,3100000.0,751.399464,2025-09-11,nyc_dof_rolling_sales,751.399464,,,,1930,,,22 STORE BUILDINGS,WILLIAMSBRIDGE,4189 WHITE PLAINS ROAD,22 STORE BUILDINGS
us-nyc,United States,New York,USD,1650000.0,560.20509,2025-07-22,nyc_dof_rolling_sales,560.20509,,,,1927,,,27 FACTORIES,WILLIAMSBRIDGE,3741 WHITE PLAINS ROAD,27 FACTORIES
us-nyc,United States,New York,USD,760000.0,133.78032,2025-07-28,nyc_dof_rolling_sales,133.78032,,,,1925,,,01 ONE FAMILY DWELLINGS,WOODLAWN,81 EAST 235 STREET,01 ONE FAMILY DWELLINGS
us-nyc,United States,New York,USD,660000.0,182.647298,2025-11-24,nyc_dof_rolling_sales,182.647298,,,,1925,,,01 ONE FAMILY DWELLINGS,WOODLAWN,120 EAST 236 STREET,01 ONE FAMILY DWELLINGS
us-nyc,United States,New York,USD,710000.0,174.100222,2025-05-23,nyc_dof_rolling_sales,174.100222,,,,1920,,,01 ONE FAMILY DWELLINGS,WOODLAWN,130 EAST 236TH STREET,01 ONE FAMILY DWELLINGS
us-nyc,United States,New York,USD,725000.0,195.09629999999999,2025-11-04,nyc_dof_rolling_sales,195.09629999999999,,,,1925,,,01 ONE FAMILY DWELLINGS,WOODLAWN,133 EAST 238 STREET,01 ONE FAMILY DWELLINGS
us-nyc,United States,New York,USD,800000.0,195.09629999999999,2025-09-12,nyc_dof_rolling_sales,195.09629999999999,,,,1925,,,01 ONE FAMILY DWELLINGS,WOODLAWN,131 EAST 238 STREET,01 ONE FAMILY DWELLINGS
us-nyc,United States,New York,USD,680000.0,121.424221,2025-10-28,nyc_dof_rolling_sales,121.424221,,,,1901,,,01 ONE FAMILY DWELLINGS,WOODLAWN,4208 KEPLER AVENUE,01 ONE FAMILY DWELLINGS
us-nyc,United States,New York,USD,650000.0,115.385526,2025-12-16,nyc_dof_rolling_sales,115.385526,,,,1915,,,01 ONE FAMILY DWELLINGS,WOODLAWN,242 EAST 237 STREET,01 ONE FAMILY DWELLINGS
us-nyc,United States,New York,USD,550000.0,211.81884,2025-02-06,nyc_dof_rolling_sales,211.81884,,,,1915,,,01 ONE FAMILY DWELLINGS,WOODLAWN,4337 KATONAH AVENUE,01 ONE FAMILY DWELLINGS
us-nyc,United States,New York,USD,418000.0,160.350578,2025-11-19,nyc_dof_rolling_sales,160.350578,,,,1925,,,01 ONE FAMILY DWELLINGS,WOODLAWN,219 EAST 238 STREET,01 ONE FAMILY DWELLINGS
us-nyc,United States,New York,USD,680000.0,196.396942,2025-10-30,nyc_dof_rolling_sales,196.396942,,,,1915,,,01 ONE FAMILY DWELLINGS,WOODLAWN,4428 VAN CORTLANDT PARK E,01 ONE FAMILY DWELLINGS
us-nyc,United States,New York,USD,700000.0,203.178861,2025-10-15,nyc_dof_rolling_sales,203.178861,,,,1925,,,01 ONE FAMILY DWELLINGS,WOODLAWN,364 EAST 235TH STREET,01 ONE FAMILY DWELLINGS
us-nyc,United States,New York,USD,750000.0,129.320976,2025-02-21,nyc_dof_rolling_sales,129.320976,,,,1910,,,01 ONE FAMILY DWELLINGS,WOODLAWN,341 EAST 235 STREET,01 ONE FAMILY DWELLINGS
us-nyc,United States,New York,USD,625000.0,89.930104,2025-10-10,nyc_dof_rolling_sales,89.930104,,,,1901,,,01 ONE FAMILY DWELLINGS,WOODLAWN,323 EAST 235 STREET,01 ONE FAMILY DWELLINGS
us-nyc,United States,New York,USD,675000.0,162.58025,2025-01-16,nyc_dof_rolling_sales,162.58025,,,,1920,,,01 ONE FAMILY DWELLINGS,WOODLAWN,319 EAST 235TH STREET,01 ONE FAMILY DWELLINGS
us-nyc,United States,New York,USD,679000.0,133.873223,2025-10-30,nyc_dof_rolling_sales,133.873223,,,,1901,,,01 ONE FAMILY DWELLINGS,WOODLAWN,324 EAST 239 STREET,01 ONE FAMILY DWELLINGS
us-nyc,United States,New York,USD,725000.0,172.70667699999998,2025-01-13,nyc_dof_rolling_sales,172.70667699999998,,,,1920,,,01 ONE FAMILY DWELLINGS,WOODLAWN,345 EAST 239TH STREET,01 ONE FAMILY DWELLINGS
us-nyc,United States,New York,USD,638875.0,140.469336,2025-01-24,nyc_dof_rolling_sales,140.469336,,,,1901,,,01 ONE FAMILY DWELLINGS,WOODLAWN,325 EAST239TH STREET,01 ONE FAMILY DWELLINGS
us-nyc,United States,New York,USD,746700.0,144.371262,2025-09-17,nyc_dof_rolling_sales,144.371262,,,,1920,,,01 ONE FAMILY DWELLINGS,WOODLAWN,4374 KATONAH AVENUE,01 ONE FAMILY DWELLINGS
us-nyc,United States,New York,USD,690000.0,187.292448,2025-07-29,nyc_dof_rolling_sales,187.292448,,,,1920,,,01 ONE FAMILY DWELLINGS,WOODLAWN,327 EAST 241 STREET,01 ONE FAMILY DWELLINGS
us-nyc,United States,New York,USD,650000.0,159.421548,2025-09-19,nyc_dof_rolling_sales,159.421548,,,,1920,,,01 ONE FAMILY DWELLINGS,WOODLAWN,4448 VAN CORTLANDT PARK E,01 ONE FAMILY DWELLINGS
us-nyc,United States,New York,USD,625000.0,127.091304,2025-10-07,nyc_dof_rolling_sales,127.091304,,,,1920,,,01 ONE FAMILY DWELLINGS,WOODLAWN,4323 VIREO AVENUE,01 ONE FAMILY DWELLINGS
us-nyc,United States,New York,USD,10.0,161.929929,2025-06-02,nyc_dof_rolling_sales,161.929929,,,,1910,,,01 ONE FAMILY DWELLINGS,WOODLAWN,425 EAST 238TH STREET,01 ONE FAMILY DWELLINGS
us-nyc,United States,New York,USD,1.0,143.07062,2025-04-12,nyc_dof_rolling_sales,143.07062,,,,1910,,,01 ONE FAMILY DWELLINGS,WOODLAWN,508 EAST 235TH STREET,01 ONE FAMILY DWELLINGS
us-nyc,United States,New York,USD,950000.0,153.28995,2025-09-15,nyc_dof_rolling_sales,153.28995,,,,1915,,,01 ONE FAMILY DWELLINGS,WOODLAWN,4296 VIREO AVENUE,01 ONE FAMILY DWELLINGS
us-nyc,United States,New York,USD,830000.0,240.804576,2025-02-13,nyc_dof_rolling_sales,240.804576,,,,1925,,,02 TWO FAMILY DWELLINGS,WOODLAWN,4295 NAPIER AVENUE,02 TWO FAMILY DWELLINGS
us-nyc,United States,New York,USD,800000.0,197.697584,2025-04-07,nyc_dof_rolling_sales,197.697584,,,,1915,,,02 TWO FAMILY DWELLINGS,WOODLAWN,70 EAST 236 STREET,02 TWO FAMILY DWELLINGS
us-nyc,United States,New York,USD,838000.0,219.715595,2025-10-20,nyc_dof_rolling_sales,219.715595,,,,1965,,,02 TWO FAMILY DWELLINGS,WOODLAWN,78 EAST 236 STREET,02 TWO FAMILY DWELLINGS
us-nyc,United States,New York,USD,760000.0,199.555644,2025-10-15,nyc_dof_rolling_sales,199.555644,,,,1909,,,02 TWO FAMILY DWELLINGS,WOODLAWN,243 EAST 234 STREET,02 TWO FAMILY DWELLINGS
us-nyc,United States,New York,USD,865000.0,199.555644,2025-06-02,nyc_dof_rolling_sales,199.555644,,,,1901,,,02 TWO FAMILY DWELLINGS,WOODLAWN,241 EAST 234 STREET,02 TWO FAMILY DWELLINGS
us-nyc,United States,New York,USD,982000.0,224.082036,2025-11-13,nyc_dof_rolling_sales,224.082036,,,,1901,,,02 TWO FAMILY DWELLINGS,WOODLAWN,251 EAST 235 STREET,02 TWO FAMILY DWELLINGS
us-nyc,United States,New York,USD,696432.0,179.30279,2025-06-20,nyc_dof_rolling_sales,179.30279,,,,1920,,,02 TWO FAMILY DWELLINGS,WOODLAWN,215 EAST 237 STREET,02 TWO FAMILY DWELLINGS
us-nyc,United States,New York,USD,825000.0,181.439559,2025-04-10,nyc_dof_rolling_sales,181.439559,,,,1931,,,02 TWO FAMILY DWELLINGS,WOODLAWN,4470 VAN CORTLANDT PARK E,02 TWO FAMILY DWELLINGS
us-nyc,United States,New York,USD,825000.0,181.439559,2025-05-16,nyc_dof_rolling_sales,181.439559,,,,1931,,,02 TWO FAMILY DWELLINGS,WOODLAWN,4470 VAN CORTLANDT PARK EAST,02 TWO FAMILY DWELLINGS
us-nyc,United States,New York,USD,880000.0,287.720591,2025-09-05,nyc_dof_rolling_sales,287.720591,,,,1940,,,02 TWO FAMILY DWELLINGS,WOODLAWN,332 EAST 240 STREET,02 TWO FAMILY DWELLINGS
us-nyc,United States,New York,USD,835000.0,227.61235,2025-03-11,nyc_dof_rolling_sales,227.61235,,,,1970,,,02 TWO FAMILY DWELLINGS,WOODLAWN,315 E 239TH STREET,02 TWO FAMILY DWELLINGS
us-nyc,United States,New York,USD,767000.0,159.235742,2025-07-02,nyc_dof_rolling_sales,159.235742,,,,1920,,,02 TWO FAMILY DWELLINGS,WOODLAWN,408 EAST 240TH STREET,02 TWO FAMILY DWELLINGS
us-nyc,United States,New York,USD,1240000.0,328.133396,2025-11-13,nyc_dof_rolling_sales,328.133396,,,,1925,,,03 THREE FAMILY DWELLINGS,WOODLAWN,4279 ONEIDA AVENUE,03 THREE FAMILY DWELLINGS
us-nyc,United States,New York,USD,1055000.0,448.256975,2025-10-07,nyc_dof_rolling_sales,448.256975,,,,1925,,,03 THREE FAMILY DWELLINGS,WOODLAWN,147 EAST 236TH STREET,03 THREE FAMILY DWELLINGS
us-nyc,United States,New York,USD,650000.0,289.85735999999997,2025-02-25,nyc_dof_rolling_sales,289.85735999999997,,,,1915,,,03 THREE FAMILY DWELLINGS,WOODLAWN,261 EAST 236 STREET,03 THREE FAMILY DWELLINGS
us-nyc,United States,New York,USD,580000.0,210.88981,2025-05-15,nyc_dof_rolling_sales,210.88981,,,,1915,,,03 THREE FAMILY DWELLINGS,WOODLAWN,4339 KATONAH AVENUE,03 THREE FAMILY DWELLINGS
us-nyc,United States,New York,USD,1025000.0,408.308685,2025-07-02,nyc_dof_rolling_sales,408.308685,,,,1915,,,03 THREE FAMILY DWELLINGS,WOODLAWN,234 EAST 240 STREET,03 THREE FAMILY DWELLINGS
us-nyc,United States,New York,USD,675000.0,310.760535,2025-06-25,nyc_dof_rolling_sales,310.760535,,,,1935,,,03 THREE FAMILY DWELLINGS,WOODLAWN,370 EAST 235,03 THREE FAMILY DWELLINGS
us-nyc,United States,New York,USD,10.0,517.283904,2025-06-02,nyc_dof_rolling_sales,517.283904,,,,1975,,,03 THREE FAMILY DWELLINGS,WOODLAWN,424 EAST 238TH STREET,03 THREE FAMILY DWELLINGS
us-nyc,United States,New York,USD,857500.0,183.94794,2025-01-22,nyc_dof_rolling_sales,183.94794,,,,1910,,,07 RENTALS - WALKUP APARTMENTS,WOODLAWN,60 EAST 235TH ST,07 RENTALS - WALKUP APARTMENTS
us-nyc,United States,New York,USD,180000.0,nan,2025-10-21,nyc_dof_rolling_sales,nan,,,,1958,,,10 COOPS - ELEVATOR APARTMENTS,WOODLAWN,"4320 VAN CORTLANDT PARK E, 1E",10 COOPS - ELEVATOR APARTMENTS
us-nyc,United States,New York,USD,210000.0,nan,2025-08-07,nyc_dof_rolling_sales,nan,,,,1958,,,10 COOPS - ELEVATOR APARTMENTS,WOODLAWN,"4320 VAN CORTLANDT PARK EAST, 3E",10 COOPS - ELEVATOR APARTMENTS
us-nyc,United States,New York,USD,130000.0,nan,2025-01-21,nyc_dof_rolling_sales,nan,,,,1958,,,10 COOPS - ELEVATOR APARTMENTS,WOODLAWN,"4320 VAN CORTLANDT PARK EAST, 4B",10 COOPS - ELEVATOR APARTMENTS
us-nyc,United States,New York,USD,180000.0,nan,2025-01-15,nyc_dof_rolling_sales,nan,,,,1958,,,10 COOPS - ELEVATOR APARTMENTS,WOODLAWN,"4320 VAN CORTLANDT PARK EAST, 4E",10 COOPS - ELEVATOR APARTMENTS
us-nyc,United States,New York,USD,228000.0,nan,2025-08-19,nyc_dof_rolling_sales,nan,,,,1958,,,10 COOPS - ELEVATOR APARTMENTS,WOODLAWN,"4320 VAN CORTLANDT PARK EAST, 4N",10 COOPS - ELEVATOR APARTMENTS
us-nyc,United States,New York,USD,135000.0,nan,2025-06-11,nyc_dof_rolling_sales,nan,,,,1958,,,10 COOPS - ELEVATOR APARTMENTS,WOODLAWN,"4320 VAN CORTLANDT PARK EAST, 6G",10 COOPS - ELEVATOR APARTMENTS
us-nyc,United States,New York,USD,260000.0,nan,2025-02-28,nyc_dof_rolling_sales,nan,,,,1958,,,10 COOPS - ELEVATOR APARTMENTS,WOODLAWN,"4320 VAN CORTLANDT PARK EAST, R",10 COOPS - ELEVATOR APARTMENTS
us-nyc,United States,New York,USD,137000.0,nan,2025-05-14,nyc_dof_rolling_sales,nan,,,,1954,,,10 COOPS - ELEVATOR APARTMENTS,WOODLAWN,"205 EAST 238TH STREET, 1D",10 COOPS - ELEVATOR APARTMENTS
us-nyc,United States,New York,USD,270000.0,nan,2025-04-21,nyc_dof_rolling_sales,nan,,,,1955,,,10 COOPS - ELEVATOR APARTMENTS,WOODLAWN,"4265 WEBSTER AVENUE, 4-G",10 COOPS - ELEVATOR APARTMENTS
us-nyc,United States,New York,USD,227500.0,nan,2025-03-21,nyc_dof_rolling_sales,nan,,,,1955,,,10 COOPS - ELEVATOR APARTMENTS,WOODLAWN,"4265 WEBSTER AVENUE, 4D",10 COOPS - ELEVATOR APARTMENTS
us-nyc,United States,New York,USD,264000.0,nan,2025-09-18,nyc_dof_rolling_sales,nan,,,,1955,,,10 COOPS - ELEVATOR APARTMENTS,WOODLAWN,"4265 WEBSTER AVENUE, 6A",10 COOPS - ELEVATOR APARTMENTS
us-nyc,United States,New York,USD,140000.0,nan,2025-09-18,nyc_dof_rolling_sales,nan,,,,1958,,,10 COOPS - ELEVATOR APARTMENTS,WOODLAWN,"4380 VIREO AVE, L15",10 COOPS - ELEVATOR APARTMENTS
us-nyc,United States,New York,USD,150000.0,nan,2025-08-12,nyc_dof_rolling_sales,nan,,,,1958,,,10 COOPS - ELEVATOR APARTMENTS,WOODLAWN,"4380 VIREO AVENUE, 1D",10 COOPS - ELEVATOR APARTMENTS
us-nyc,United States,New York,USD,207500.0,nan,2025-01-22,nyc_dof_rolling_sales,nan,,,,1958,,,10 COOPS - ELEVATOR APARTMENTS,WOODLAWN,"4380 VIREO AVENUE, 1G",10 COOPS - ELEVATOR APARTMENTS
us-nyc,United States,New York,USD,245000.0,nan,2025-03-31,nyc_dof_rolling_sales,nan,,,,1958,,,10 COOPS - ELEVATOR APARTMENTS,WOODLAWN,"4380 VIREO AVENUE, 1S",10 COOPS - ELEVATOR APARTMENTS
us-nyc,United States,New York,USD,173000.0,nan,2025-05-19,nyc_dof_rolling_sales,nan,,,,1958,,,10 COOPS - ELEVATOR APARTMENTS,WOODLAWN,"4380 VIREO AVENUE, 4A",10 COOPS - ELEVATOR APARTMENTS
us-nyc,United States,New York,USD,140000.0,nan,2025-12-03,nyc_dof_rolling_sales,nan,,,,1958,,,10 COOPS - ELEVATOR APARTMENTS,WOODLAWN,"4380 VIREO AVENUE, 5D",10 COOPS - ELEVATOR APARTMENTS
us-nyc,United States,New York,USD,150000.0,nan,2025-06-23,nyc_dof_rolling_sales,nan,,,,1958,,,10 COOPS - ELEVATOR APARTMENTS,WOODLAWN,"4380 VIREO AVENUE, 6D",10 COOPS - ELEVATOR APARTMENTS
us-nyc,United States,New York,USD,190000.0,nan,2025-01-22,nyc_dof_rolling_sales,nan,,,,1958,,,10 COOPS - ELEVATOR APARTMENTS,WOODLAWN,"4380 VIREO AVENUE, 6J",10 COOPS - ELEVATOR APARTMENTS
us-nyc,United States,New York,USD,130000.0,nan,2025-06-05,nyc_dof_rolling_sales,nan,,,,1958,,,10 COOPS - ELEVATOR APARTMENTS,WOODLAWN,"4380 VIREO AVENUE, 6R",10 COOPS - ELEVATOR APARTMENTS
us-nyc,United States,New York,USD,299000.0,nan,2025-07-01,nyc_dof_rolling_sales,nan,,,,1958,,,10 COOPS - ELEVATOR APARTMENTS,WOODLAWN,"4380 VIREO AVENUE, 6S",10 COOPS - ELEVATOR APARTMENTS
us-nyc,United States,New York,USD,265000.0,nan,2025-11-07,nyc_dof_rolling_sales,nan,,,,1958,,,10 COOPS - ELEVATOR APARTMENTS,WOODLAWN,"4315 WEBSTER AVENUE, 5F",10 COOPS - ELEVATOR APARTMENTS
us-nyc,United States,New York,USD,160000.0,nan,2025-11-26,nyc_dof_rolling_sales,nan,,,,1957,,,10 COOPS - ELEVATOR APARTMENTS,WOODLAWN,"4295 WEBSTER AVENUE, 2L",10 COOPS - ELEVATOR APARTMENTS
us-nyc,United States,New York,USD,160000.0,nan,2025-12-02,nyc_dof_rolling_sales,nan,,,,1957,,,10 COOPS - ELEVATOR APARTMENTS,WOODLAWN,"4295 WEBSTER AVENUE, 5J",10 COOPS - ELEVATOR APARTMENTS
us-nyc,United States,New York,USD,185000.0,nan,2025-03-17,nyc_dof_rolling_sales,nan,,,,1957,,,10 COOPS - ELEVATOR APARTMENTS,WOODLAWN,"4295 WEBSTER AVENUE, 6L",10 COOPS - ELEVATOR APARTMENTS
us-nyc,United States,New York,USD,999950.0,260.592915,2025-01-16,nyc_dof_rolling_sales,260.592915,,,,1931,,,22 STORE BUILDINGS,WOODLAWN,517 EAST 233RD STREET,22 STORE BUILDINGS
us-nyc,United States,New York,USD,1000000.0,666.671928,2025-10-31,nyc_dof_rolling_sales,666.671928,,,,1985,,,38 ASYLUMS AND HOMES,WOODLAWN,225 EAST 234 STREET,38 ASYLUMS AND HOMES
